ISO-10303-21;
HEADER;
FILE_DESCRIPTION(('Open CASCADE Model'),'2;1');
FILE_NAME('Open CASCADE Shape Model','2026-07-24T21:46:02',('Author'),(
    'Open CASCADE'),'Open CASCADE STEP processor 7.9','Open CASCADE 7.9'
  ,'Unknown');
FILE_SCHEMA(('AUTOMOTIVE_DESIGN { 1 0 10303 214 1 1 1 1 }'));
ENDSEC;
DATA;
#1 = APPLICATION_PROTOCOL_DEFINITION('international standard',
  'automotive_design',2000,#2);
#2 = APPLICATION_CONTEXT(
  'core data for automotive mechanical design processes');
#3 = SHAPE_DEFINITION_REPRESENTATION(#4,#10);
#4 = PRODUCT_DEFINITION_SHAPE('','',#5);
#5 = PRODUCT_DEFINITION('design','',#6,#9);
#6 = PRODUCT_DEFINITION_FORMATION('','',#7);
#7 = PRODUCT('Open CASCADE STEP translator 7.9 3',
  'Open CASCADE STEP translator 7.9 3','',(#8));
#8 = PRODUCT_CONTEXT('',#2,'mechanical');
#9 = PRODUCT_DEFINITION_CONTEXT('part definition',#2,'design');
#10 = SHAPE_REPRESENTATION('',(#11,#15,#19,#23,#27),#31);
#11 = AXIS2_PLACEMENT_3D('',#12,#13,#14);
#12 = CARTESIAN_POINT('',(0.,0.,0.));
#13 = DIRECTION('',(0.,0.,1.));
#14 = DIRECTION('',(1.,0.,-0.));
#15 = AXIS2_PLACEMENT_3D('',#16,#17,#18);
#16 = CARTESIAN_POINT('',(0.,0.,0.));
#17 = DIRECTION('',(0.,0.,1.));
#18 = DIRECTION('',(1.,0.,-0.));
#19 = AXIS2_PLACEMENT_3D('',#20,#21,#22);
#20 = CARTESIAN_POINT('',(0.,0.,0.));
#21 = DIRECTION('',(0.,0.,1.));
#22 = DIRECTION('',(1.,0.,-0.));
#23 = AXIS2_PLACEMENT_3D('',#24,#25,#26);
#24 = CARTESIAN_POINT('',(0.,0.,0.));
#25 = DIRECTION('',(0.,0.,1.));
#26 = DIRECTION('',(1.,0.,-0.));
#27 = AXIS2_PLACEMENT_3D('',#28,#29,#30);
#28 = CARTESIAN_POINT('',(0.,0.,0.));
#29 = DIRECTION('',(0.,0.,1.));
#30 = DIRECTION('',(1.,0.,-0.));
#31 = ( GEOMETRIC_REPRESENTATION_CONTEXT(3) 
GLOBAL_UNCERTAINTY_ASSIGNED_CONTEXT((#35)) GLOBAL_UNIT_ASSIGNED_CONTEXT(
(#32,#33,#34)) REPRESENTATION_CONTEXT('Context #1',
  '3D Context with UNIT and UNCERTAINTY') );
#32 = ( LENGTH_UNIT() NAMED_UNIT(*) SI_UNIT(.MILLI.,.METRE.) );
#33 = ( NAMED_UNIT(*) PLANE_ANGLE_UNIT() SI_UNIT($,.RADIAN.) );
#34 = ( NAMED_UNIT(*) SI_UNIT($,.STERADIAN.) SOLID_ANGLE_UNIT() );
#35 = UNCERTAINTY_MEASURE_WITH_UNIT(LENGTH_MEASURE(1.E-07),#32,
  'distance_accuracy_value','confusion accuracy');
#36 = PRODUCT_RELATED_PRODUCT_CATEGORY('part',$,(#7));
#37 = SHAPE_DEFINITION_REPRESENTATION(#38,#44);
#38 = PRODUCT_DEFINITION_SHAPE('','',#39);
#39 = PRODUCT_DEFINITION('design','',#40,#43);
#40 = PRODUCT_DEFINITION_FORMATION('','',#41);
#41 = PRODUCT('Open CASCADE STEP translator 7.9 3.1',
  'Open CASCADE STEP translator 7.9 3.1','',(#42));
#42 = PRODUCT_CONTEXT('',#2,'mechanical');
#43 = PRODUCT_DEFINITION_CONTEXT('part definition',#2,'design');
#44 = ADVANCED_BREP_SHAPE_REPRESENTATION('',(#11,#45),#1773);
#45 = MANIFOLD_SOLID_BREP('',#46);
#46 = CLOSED_SHELL('',(#47,#135,#450,#765,#820,#875,#930,#985,#1040,
    #1095,#1150,#1205,#1260,#1310,#1360,#1410,#1460,#1510,#1560,#1610,
    #1660,#1710,#1717,#1724,#1731,#1738,#1745,#1752,#1759,#1766));
#47 = ADVANCED_FACE('',(#48),#61,.T.);
#48 = FACE_BOUND('',#49,.T.);
#49 = EDGE_LOOP('',(#50,#84,#107,#134));
#50 = ORIENTED_EDGE('',*,*,#51,.T.);
#51 = EDGE_CURVE('',#52,#52,#54,.T.);
#52 = VERTEX_POINT('',#53);
#53 = CARTESIAN_POINT('',(180.,0.,0.));
#54 = SURFACE_CURVE('',#55,(#60,#72),.PCURVE_S1.);
#55 = CIRCLE('',#56,180.);
#56 = AXIS2_PLACEMENT_3D('',#57,#58,#59);
#57 = CARTESIAN_POINT('',(0.,0.,0.));
#58 = DIRECTION('',(0.,0.,1.));
#59 = DIRECTION('',(1.,0.,-0.));
#60 = PCURVE('',#61,#66);
#61 = CYLINDRICAL_SURFACE('',#62,180.);
#62 = AXIS2_PLACEMENT_3D('',#63,#64,#65);
#63 = CARTESIAN_POINT('',(0.,0.,0.));
#64 = DIRECTION('',(-0.,-0.,-1.));
#65 = DIRECTION('',(1.,0.,0.));
#66 = DEFINITIONAL_REPRESENTATION('',(#67),#71);
#67 = LINE('',#68,#69);
#68 = CARTESIAN_POINT('',(6.28318530718,0.));
#69 = VECTOR('',#70,1.);
#70 = DIRECTION('',(-1.,0.));
#71 = ( GEOMETRIC_REPRESENTATION_CONTEXT(2) 
PARAMETRIC_REPRESENTATION_CONTEXT() REPRESENTATION_CONTEXT('2D SPACE',''
  ) );
#72 = PCURVE('',#73,#78);
#73 = PLANE('',#74);
#74 = AXIS2_PLACEMENT_3D('',#75,#76,#77);
#75 = CARTESIAN_POINT('',(-1.555842995245E-14,4.313341813402E-16,0.));
#76 = DIRECTION('',(0.,0.,1.));
#77 = DIRECTION('',(1.,0.,-0.));
#78 = DEFINITIONAL_REPRESENTATION('',(#79),#83);
#79 = CIRCLE('',#80,180.);
#80 = AXIS2_PLACEMENT_2D('',#81,#82);
#81 = CARTESIAN_POINT('',(1.555842995245E-14,-4.313341813402E-16));
#82 = DIRECTION('',(1.,0.));
#83 = ( GEOMETRIC_REPRESENTATION_CONTEXT(2) 
PARAMETRIC_REPRESENTATION_CONTEXT() REPRESENTATION_CONTEXT('2D SPACE',''
  ) );
#84 = ORIENTED_EDGE('',*,*,#85,.T.);
#85 = EDGE_CURVE('',#52,#86,#88,.T.);
#86 = VERTEX_POINT('',#87);
#87 = CARTESIAN_POINT('',(180.,0.,30.));
#88 = SEAM_CURVE('',#89,(#93,#100),.PCURVE_S1.);
#89 = LINE('',#90,#91);
#90 = CARTESIAN_POINT('',(180.,0.,0.));
#91 = VECTOR('',#92,1.);
#92 = DIRECTION('',(0.,0.,1.));
#93 = PCURVE('',#61,#94);
#94 = DEFINITIONAL_REPRESENTATION('',(#95),#99);
#95 = LINE('',#96,#97);
#96 = CARTESIAN_POINT('',(-4.138911435803E-13,0.));
#97 = VECTOR('',#98,1.);
#98 = DIRECTION('',(-0.,-1.));
#99 = ( GEOMETRIC_REPRESENTATION_CONTEXT(2) 
PARAMETRIC_REPRESENTATION_CONTEXT() REPRESENTATION_CONTEXT('2D SPACE',''
  ) );
#100 = PCURVE('',#61,#101);
#101 = DEFINITIONAL_REPRESENTATION('',(#102),#106);
#102 = LINE('',#103,#104);
#103 = CARTESIAN_POINT('',(6.28318530718,0.));
#104 = VECTOR('',#105,1.);
#105 = DIRECTION('',(-0.,-1.));
#106 = ( GEOMETRIC_REPRESENTATION_CONTEXT(2) 
PARAMETRIC_REPRESENTATION_CONTEXT() REPRESENTATION_CONTEXT('2D SPACE',''
  ) );
#107 = ORIENTED_EDGE('',*,*,#108,.F.);
#108 = EDGE_CURVE('',#86,#86,#109,.T.);
#109 = SURFACE_CURVE('',#110,(#115,#122),.PCURVE_S1.);
#110 = CIRCLE('',#111,180.);
#111 = AXIS2_PLACEMENT_3D('',#112,#113,#114);
#112 = CARTESIAN_POINT('',(0.,0.,30.));
#113 = DIRECTION('',(0.,0.,1.));
#114 = DIRECTION('',(1.,0.,-0.));
#115 = PCURVE('',#61,#116);
#116 = DEFINITIONAL_REPRESENTATION('',(#117),#121);
#117 = LINE('',#118,#119);
#118 = CARTESIAN_POINT('',(6.28318530718,-30.));
#119 = VECTOR('',#120,1.);
#120 = DIRECTION('',(-1.,0.));
#121 = ( GEOMETRIC_REPRESENTATION_CONTEXT(2) 
PARAMETRIC_REPRESENTATION_CONTEXT() REPRESENTATION_CONTEXT('2D SPACE',''
  ) );
#122 = PCURVE('',#123,#128);
#123 = PLANE('',#124);
#124 = AXIS2_PLACEMENT_3D('',#125,#126,#127);
#125 = CARTESIAN_POINT('',(-1.555842995245E-14,4.313341813402E-16,30.));
#126 = DIRECTION('',(0.,0.,1.));
#127 = DIRECTION('',(1.,0.,-0.));
#128 = DEFINITIONAL_REPRESENTATION('',(#129),#133);
#129 = CIRCLE('',#130,180.);
#130 = AXIS2_PLACEMENT_2D('',#131,#132);
#131 = CARTESIAN_POINT('',(1.555842995245E-14,-4.313341813402E-16));
#132 = DIRECTION('',(1.,0.));
#133 = ( GEOMETRIC_REPRESENTATION_CONTEXT(2) 
PARAMETRIC_REPRESENTATION_CONTEXT() REPRESENTATION_CONTEXT('2D SPACE',''
  ) );
#134 = ORIENTED_EDGE('',*,*,#85,.F.);
#135 = ADVANCED_FACE('',(#136,#139,#174,#209,#244,#279,#314,#345,#380,
    #415),#73,.F.);
#136 = FACE_BOUND('',#137,.F.);
#137 = EDGE_LOOP('',(#138));
#138 = ORIENTED_EDGE('',*,*,#51,.T.);
#139 = FACE_BOUND('',#140,.F.);
#140 = EDGE_LOOP('',(#141));
#141 = ORIENTED_EDGE('',*,*,#142,.T.);
#142 = EDGE_CURVE('',#143,#143,#145,.T.);
#143 = VERTEX_POINT('',#144);
#144 = CARTESIAN_POINT('',(-101.,-92.,0.));
#145 = SURFACE_CURVE('',#146,(#151,#162),.PCURVE_S1.);
#146 = CIRCLE('',#147,9.);
#147 = AXIS2_PLACEMENT_3D('',#148,#149,#150);
#148 = CARTESIAN_POINT('',(-92.,-92.,0.));
#149 = DIRECTION('',(0.,0.,-1.));
#150 = DIRECTION('',(-1.,0.,0.));
#151 = PCURVE('',#73,#152);
#152 = DEFINITIONAL_REPRESENTATION('',(#153),#161);
#153 = ( BOUNDED_CURVE() B_SPLINE_CURVE(2,(#154,#155,#156,#157,#158,#159
,#160),.UNSPECIFIED.,.T.,.F.) B_SPLINE_CURVE_WITH_KNOTS((1,2,2,2,2,1),(
    -2.094395102393,0.,2.094395102393,4.188790204786,6.28318530718,
8.377580409573),.UNSPECIFIED.) CURVE() GEOMETRIC_REPRESENTATION_ITEM() 
RATIONAL_B_SPLINE_CURVE((1.,0.5,1.,0.5,1.,0.5,1.)) REPRESENTATION_ITEM(
  '') );
#154 = CARTESIAN_POINT('',(-101.,-92.));
#155 = CARTESIAN_POINT('',(-101.,-76.41154273188));
#156 = CARTESIAN_POINT('',(-87.5,-84.20577136594));
#157 = CARTESIAN_POINT('',(-74.,-92.));
#158 = CARTESIAN_POINT('',(-87.5,-99.79422863406));
#159 = CARTESIAN_POINT('',(-101.,-107.5884572681));
#160 = CARTESIAN_POINT('',(-101.,-92.));
#161 = ( GEOMETRIC_REPRESENTATION_CONTEXT(2) 
PARAMETRIC_REPRESENTATION_CONTEXT() REPRESENTATION_CONTEXT('2D SPACE',''
  ) );
#162 = PCURVE('',#163,#168);
#163 = CYLINDRICAL_SURFACE('',#164,9.);
#164 = AXIS2_PLACEMENT_3D('',#165,#166,#167);
#165 = CARTESIAN_POINT('',(-92.,-92.,30.));
#166 = DIRECTION('',(0.,0.,-1.));
#167 = DIRECTION('',(-1.,0.,0.));
#168 = DEFINITIONAL_REPRESENTATION('',(#169),#173);
#169 = LINE('',#170,#171);
#170 = CARTESIAN_POINT('',(0.,30.));
#171 = VECTOR('',#172,1.);
#172 = DIRECTION('',(1.,0.));
#173 = ( GEOMETRIC_REPRESENTATION_CONTEXT(2) 
PARAMETRIC_REPRESENTATION_CONTEXT() REPRESENTATION_CONTEXT('2D SPACE',''
  ) );
#174 = FACE_BOUND('',#175,.F.);
#175 = EDGE_LOOP('',(#176));
#176 = ORIENTED_EDGE('',*,*,#177,.T.);
#177 = EDGE_CURVE('',#178,#178,#180,.T.);
#178 = VERTEX_POINT('',#179);
#179 = CARTESIAN_POINT('',(-9.,-130.,0.));
#180 = SURFACE_CURVE('',#181,(#186,#197),.PCURVE_S1.);
#181 = CIRCLE('',#182,9.);
#182 = AXIS2_PLACEMENT_3D('',#183,#184,#185);
#183 = CARTESIAN_POINT('',(0.,-130.,0.));
#184 = DIRECTION('',(0.,0.,-1.));
#185 = DIRECTION('',(-1.,0.,0.));
#186 = PCURVE('',#73,#187);
#187 = DEFINITIONAL_REPRESENTATION('',(#188),#196);
#188 = ( BOUNDED_CURVE() B_SPLINE_CURVE(2,(#189,#190,#191,#192,#193,#194
,#195),.UNSPECIFIED.,.T.,.F.) B_SPLINE_CURVE_WITH_KNOTS((1,2,2,2,2,1),(
    -2.094395102393,0.,2.094395102393,4.188790204786,6.28318530718,
8.377580409573),.UNSPECIFIED.) CURVE() GEOMETRIC_REPRESENTATION_ITEM() 
RATIONAL_B_SPLINE_CURVE((1.,0.5,1.,0.5,1.,0.5,1.)) REPRESENTATION_ITEM(
  '') );
#189 = CARTESIAN_POINT('',(-9.,-130.));
#190 = CARTESIAN_POINT('',(-9.,-114.4115427318));
#191 = CARTESIAN_POINT('',(4.5,-122.2057713659));
#192 = CARTESIAN_POINT('',(18.,-130.));
#193 = CARTESIAN_POINT('',(4.5,-137.794228634));
#194 = CARTESIAN_POINT('',(-9.,-145.5884572681));
#195 = CARTESIAN_POINT('',(-9.,-130.));
#196 = ( GEOMETRIC_REPRESENTATION_CONTEXT(2) 
PARAMETRIC_REPRESENTATION_CONTEXT() REPRESENTATION_CONTEXT('2D SPACE',''
  ) );
#197 = PCURVE('',#198,#203);
#198 = CYLINDRICAL_SURFACE('',#199,9.);
#199 = AXIS2_PLACEMENT_3D('',#200,#201,#202);
#200 = CARTESIAN_POINT('',(0.,-130.,30.));
#201 = DIRECTION('',(0.,0.,-1.));
#202 = DIRECTION('',(-1.,0.,0.));
#203 = DEFINITIONAL_REPRESENTATION('',(#204),#208);
#204 = LINE('',#205,#206);
#205 = CARTESIAN_POINT('',(0.,30.));
#206 = VECTOR('',#207,1.);
#207 = DIRECTION('',(1.,0.));
#208 = ( GEOMETRIC_REPRESENTATION_CONTEXT(2) 
PARAMETRIC_REPRESENTATION_CONTEXT() REPRESENTATION_CONTEXT('2D SPACE',''
  ) );
#209 = FACE_BOUND('',#210,.F.);
#210 = EDGE_LOOP('',(#211));
#211 = ORIENTED_EDGE('',*,*,#212,.T.);
#212 = EDGE_CURVE('',#213,#213,#215,.T.);
#213 = VERTEX_POINT('',#214);
#214 = CARTESIAN_POINT('',(83.,-92.,0.));
#215 = SURFACE_CURVE('',#216,(#221,#232),.PCURVE_S1.);
#216 = CIRCLE('',#217,9.);
#217 = AXIS2_PLACEMENT_3D('',#218,#219,#220);
#218 = CARTESIAN_POINT('',(92.,-92.,0.));
#219 = DIRECTION('',(0.,0.,-1.));
#220 = DIRECTION('',(-1.,0.,0.));
#221 = PCURVE('',#73,#222);
#222 = DEFINITIONAL_REPRESENTATION('',(#223),#231);
#223 = ( BOUNDED_CURVE() B_SPLINE_CURVE(2,(#224,#225,#226,#227,#228,#229
,#230),.UNSPECIFIED.,.T.,.F.) B_SPLINE_CURVE_WITH_KNOTS((1,2,2,2,2,1),(
    -2.094395102393,0.,2.094395102393,4.188790204786,6.28318530718,
8.377580409573),.UNSPECIFIED.) CURVE() GEOMETRIC_REPRESENTATION_ITEM() 
RATIONAL_B_SPLINE_CURVE((1.,0.5,1.,0.5,1.,0.5,1.)) REPRESENTATION_ITEM(
  '') );
#224 = CARTESIAN_POINT('',(83.,-92.));
#225 = CARTESIAN_POINT('',(83.,-76.41154273188));
#226 = CARTESIAN_POINT('',(96.5,-84.20577136594));
#227 = CARTESIAN_POINT('',(110.,-92.));
#228 = CARTESIAN_POINT('',(96.5,-99.79422863406));
#229 = CARTESIAN_POINT('',(83.,-107.5884572681));
#230 = CARTESIAN_POINT('',(83.,-92.));
#231 = ( GEOMETRIC_REPRESENTATION_CONTEXT(2) 
PARAMETRIC_REPRESENTATION_CONTEXT() REPRESENTATION_CONTEXT('2D SPACE',''
  ) );
#232 = PCURVE('',#233,#238);
#233 = CYLINDRICAL_SURFACE('',#234,9.);
#234 = AXIS2_PLACEMENT_3D('',#235,#236,#237);
#235 = CARTESIAN_POINT('',(92.,-92.,30.));
#236 = DIRECTION('',(0.,0.,-1.));
#237 = DIRECTION('',(-1.,0.,0.));
#238 = DEFINITIONAL_REPRESENTATION('',(#239),#243);
#239 = LINE('',#240,#241);
#240 = CARTESIAN_POINT('',(0.,30.));
#241 = VECTOR('',#242,1.);
#242 = DIRECTION('',(1.,0.));
#243 = ( GEOMETRIC_REPRESENTATION_CONTEXT(2) 
PARAMETRIC_REPRESENTATION_CONTEXT() REPRESENTATION_CONTEXT('2D SPACE',''
  ) );
#244 = FACE_BOUND('',#245,.F.);
#245 = EDGE_LOOP('',(#246));
#246 = ORIENTED_EDGE('',*,*,#247,.T.);
#247 = EDGE_CURVE('',#248,#248,#250,.T.);
#248 = VERTEX_POINT('',#249);
#249 = CARTESIAN_POINT('',(-139.,-2.204364238465E-15,0.));
#250 = SURFACE_CURVE('',#251,(#256,#267),.PCURVE_S1.);
#251 = CIRCLE('',#252,9.);
#252 = AXIS2_PLACEMENT_3D('',#253,#254,#255);
#253 = CARTESIAN_POINT('',(-130.,0.,0.));
#254 = DIRECTION('',(0.,0.,-1.));
#255 = DIRECTION('',(-1.,0.,0.));
#256 = PCURVE('',#73,#257);
#257 = DEFINITIONAL_REPRESENTATION('',(#258),#266);
#258 = ( BOUNDED_CURVE() B_SPLINE_CURVE(2,(#259,#260,#261,#262,#263,#264
,#265),.UNSPECIFIED.,.T.,.F.) B_SPLINE_CURVE_WITH_KNOTS((1,2,2,2,2,1),(
    -2.094395102393,0.,2.094395102393,4.188790204786,6.28318530718,
8.377580409573),.UNSPECIFIED.) CURVE() GEOMETRIC_REPRESENTATION_ITEM() 
RATIONAL_B_SPLINE_CURVE((1.,0.5,1.,0.5,1.,0.5,1.)) REPRESENTATION_ITEM(
  '') );
#259 = CARTESIAN_POINT('',(-139.,-4.313341813402E-16));
#260 = CARTESIAN_POINT('',(-139.,15.58845726812));
#261 = CARTESIAN_POINT('',(-125.5,7.79422863406));
#262 = CARTESIAN_POINT('',(-112.,1.773030057125E-15));
#263 = CARTESIAN_POINT('',(-125.5,-7.79422863406));
#264 = CARTESIAN_POINT('',(-139.,-15.58845726812));
#265 = CARTESIAN_POINT('',(-139.,-4.313341813402E-16));
#266 = ( GEOMETRIC_REPRESENTATION_CONTEXT(2) 
PARAMETRIC_REPRESENTATION_CONTEXT() REPRESENTATION_CONTEXT('2D SPACE',''
  ) );
#267 = PCURVE('',#268,#273);
#268 = CYLINDRICAL_SURFACE('',#269,9.);
#269 = AXIS2_PLACEMENT_3D('',#270,#271,#272);
#270 = CARTESIAN_POINT('',(-130.,0.,30.));
#271 = DIRECTION('',(0.,0.,-1.));
#272 = DIRECTION('',(-1.,0.,0.));
#273 = DEFINITIONAL_REPRESENTATION('',(#274),#278);
#274 = LINE('',#275,#276);
#275 = CARTESIAN_POINT('',(0.,30.));
#276 = VECTOR('',#277,1.);
#277 = DIRECTION('',(1.,0.));
#278 = ( GEOMETRIC_REPRESENTATION_CONTEXT(2) 
PARAMETRIC_REPRESENTATION_CONTEXT() REPRESENTATION_CONTEXT('2D SPACE',''
  ) );
#279 = FACE_BOUND('',#280,.F.);
#280 = EDGE_LOOP('',(#281));
#281 = ORIENTED_EDGE('',*,*,#282,.T.);
#282 = EDGE_CURVE('',#283,#283,#285,.T.);
#283 = VERTEX_POINT('',#284);
#284 = CARTESIAN_POINT('',(-101.,92.,0.));
#285 = SURFACE_CURVE('',#286,(#291,#302),.PCURVE_S1.);
#286 = CIRCLE('',#287,9.);
#287 = AXIS2_PLACEMENT_3D('',#288,#289,#290);
#288 = CARTESIAN_POINT('',(-92.,92.,0.));
#289 = DIRECTION('',(0.,0.,-1.));
#290 = DIRECTION('',(-1.,0.,0.));
#291 = PCURVE('',#73,#292);
#292 = DEFINITIONAL_REPRESENTATION('',(#293),#301);
#293 = ( BOUNDED_CURVE() B_SPLINE_CURVE(2,(#294,#295,#296,#297,#298,#299
,#300),.UNSPECIFIED.,.T.,.F.) B_SPLINE_CURVE_WITH_KNOTS((1,2,2,2,2,1),(
    -2.094395102393,0.,2.094395102393,4.188790204786,6.28318530718,
8.377580409573),.UNSPECIFIED.) CURVE() GEOMETRIC_REPRESENTATION_ITEM() 
RATIONAL_B_SPLINE_CURVE((1.,0.5,1.,0.5,1.,0.5,1.)) REPRESENTATION_ITEM(
  '') );
#294 = CARTESIAN_POINT('',(-101.,92.));
#295 = CARTESIAN_POINT('',(-101.,107.58845726812));
#296 = CARTESIAN_POINT('',(-87.5,99.79422863406));
#297 = CARTESIAN_POINT('',(-74.,92.));
#298 = CARTESIAN_POINT('',(-87.5,84.20577136594));
#299 = CARTESIAN_POINT('',(-101.,76.41154273188));
#300 = CARTESIAN_POINT('',(-101.,92.));
#301 = ( GEOMETRIC_REPRESENTATION_CONTEXT(2) 
PARAMETRIC_REPRESENTATION_CONTEXT() REPRESENTATION_CONTEXT('2D SPACE',''
  ) );
#302 = PCURVE('',#303,#308);
#303 = CYLINDRICAL_SURFACE('',#304,9.);
#304 = AXIS2_PLACEMENT_3D('',#305,#306,#307);
#305 = CARTESIAN_POINT('',(-92.,92.,30.));
#306 = DIRECTION('',(0.,0.,-1.));
#307 = DIRECTION('',(-1.,0.,0.));
#308 = DEFINITIONAL_REPRESENTATION('',(#309),#313);
#309 = LINE('',#310,#311);
#310 = CARTESIAN_POINT('',(0.,30.));
#311 = VECTOR('',#312,1.);
#312 = DIRECTION('',(1.,0.));
#313 = ( GEOMETRIC_REPRESENTATION_CONTEXT(2) 
PARAMETRIC_REPRESENTATION_CONTEXT() REPRESENTATION_CONTEXT('2D SPACE',''
  ) );
#314 = FACE_BOUND('',#315,.F.);
#315 = EDGE_LOOP('',(#316));
#316 = ORIENTED_EDGE('',*,*,#317,.F.);
#317 = EDGE_CURVE('',#318,#318,#320,.T.);
#318 = VERTEX_POINT('',#319);
#319 = CARTESIAN_POINT('',(60.000000000001,2.526374171591E-15,0.));
#320 = SURFACE_CURVE('',#321,(#326,#333),.PCURVE_S1.);
#321 = CIRCLE('',#322,60.);
#322 = AXIS2_PLACEMENT_3D('',#323,#324,#325);
#323 = CARTESIAN_POINT('',(8.488617216547E-13,2.526374171591E-15,0.));
#324 = DIRECTION('',(0.,0.,1.));
#325 = DIRECTION('',(1.,0.,-0.));
#326 = PCURVE('',#73,#327);
#327 = DEFINITIONAL_REPRESENTATION('',(#328),#332);
#328 = CIRCLE('',#329,60.);
#329 = AXIS2_PLACEMENT_2D('',#330,#331);
#330 = CARTESIAN_POINT('',(8.644201516071E-13,2.095039990251E-15));
#331 = DIRECTION('',(1.,0.));
#332 = ( GEOMETRIC_REPRESENTATION_CONTEXT(2) 
PARAMETRIC_REPRESENTATION_CONTEXT() REPRESENTATION_CONTEXT('2D SPACE',''
  ) );
#333 = PCURVE('',#334,#339);
#334 = CYLINDRICAL_SURFACE('',#335,60.);
#335 = AXIS2_PLACEMENT_3D('',#336,#337,#338);
#336 = CARTESIAN_POINT('',(8.488617216547E-13,2.526374171591E-15,0.));
#337 = DIRECTION('',(-0.,-0.,-1.));
#338 = DIRECTION('',(1.,0.,0.));
#339 = DEFINITIONAL_REPRESENTATION('',(#340),#344);
#340 = LINE('',#341,#342);
#341 = CARTESIAN_POINT('',(6.28318530718,0.));
#342 = VECTOR('',#343,1.);
#343 = DIRECTION('',(-1.,0.));
#344 = ( GEOMETRIC_REPRESENTATION_CONTEXT(2) 
PARAMETRIC_REPRESENTATION_CONTEXT() REPRESENTATION_CONTEXT('2D SPACE',''
  ) );
#345 = FACE_BOUND('',#346,.F.);
#346 = EDGE_LOOP('',(#347));
#347 = ORIENTED_EDGE('',*,*,#348,.T.);
#348 = EDGE_CURVE('',#349,#349,#351,.T.);
#349 = VERTEX_POINT('',#350);
#350 = CARTESIAN_POINT('',(121.,-2.204364238465E-15,0.));
#351 = SURFACE_CURVE('',#352,(#357,#368),.PCURVE_S1.);
#352 = CIRCLE('',#353,9.);
#353 = AXIS2_PLACEMENT_3D('',#354,#355,#356);
#354 = CARTESIAN_POINT('',(130.,0.,0.));
#355 = DIRECTION('',(0.,0.,-1.));
#356 = DIRECTION('',(-1.,0.,0.));
#357 = PCURVE('',#73,#358);
#358 = DEFINITIONAL_REPRESENTATION('',(#359),#367);
#359 = ( BOUNDED_CURVE() B_SPLINE_CURVE(2,(#360,#361,#362,#363,#364,#365
,#366),.UNSPECIFIED.,.T.,.F.) B_SPLINE_CURVE_WITH_KNOTS((1,2,2,2,2,1),(
    -2.094395102393,0.,2.094395102393,4.188790204786,6.28318530718,
8.377580409573),.UNSPECIFIED.) CURVE() GEOMETRIC_REPRESENTATION_ITEM() 
RATIONAL_B_SPLINE_CURVE((1.,0.5,1.,0.5,1.,0.5,1.)) REPRESENTATION_ITEM(
  '') );
#360 = CARTESIAN_POINT('',(121.,-4.313341813402E-16));
#361 = CARTESIAN_POINT('',(121.,15.58845726812));
#362 = CARTESIAN_POINT('',(134.5,7.79422863406));
#363 = CARTESIAN_POINT('',(148.,1.773030057125E-15));
#364 = CARTESIAN_POINT('',(134.5,-7.79422863406));
#365 = CARTESIAN_POINT('',(121.,-15.58845726812));
#366 = CARTESIAN_POINT('',(121.,-4.313341813402E-16));
#367 = ( GEOMETRIC_REPRESENTATION_CONTEXT(2) 
PARAMETRIC_REPRESENTATION_CONTEXT() REPRESENTATION_CONTEXT('2D SPACE',''
  ) );
#368 = PCURVE('',#369,#374);
#369 = CYLINDRICAL_SURFACE('',#370,9.);
#370 = AXIS2_PLACEMENT_3D('',#371,#372,#373);
#371 = CARTESIAN_POINT('',(130.,0.,30.));
#372 = DIRECTION('',(0.,0.,-1.));
#373 = DIRECTION('',(-1.,0.,0.));
#374 = DEFINITIONAL_REPRESENTATION('',(#375),#379);
#375 = LINE('',#376,#377);
#376 = CARTESIAN_POINT('',(0.,30.));
#377 = VECTOR('',#378,1.);
#378 = DIRECTION('',(1.,0.));
#379 = ( GEOMETRIC_REPRESENTATION_CONTEXT(2) 
PARAMETRIC_REPRESENTATION_CONTEXT() REPRESENTATION_CONTEXT('2D SPACE',''
  ) );
#380 = FACE_BOUND('',#381,.F.);
#381 = EDGE_LOOP('',(#382));
#382 = ORIENTED_EDGE('',*,*,#383,.T.);
#383 = EDGE_CURVE('',#384,#384,#386,.T.);
#384 = VERTEX_POINT('',#385);
#385 = CARTESIAN_POINT('',(-9.,130.,0.));
#386 = SURFACE_CURVE('',#387,(#392,#403),.PCURVE_S1.);
#387 = CIRCLE('',#388,9.);
#388 = AXIS2_PLACEMENT_3D('',#389,#390,#391);
#389 = CARTESIAN_POINT('',(0.,130.,0.));
#390 = DIRECTION('',(0.,0.,-1.));
#391 = DIRECTION('',(-1.,0.,0.));
#392 = PCURVE('',#73,#393);
#393 = DEFINITIONAL_REPRESENTATION('',(#394),#402);
#394 = ( BOUNDED_CURVE() B_SPLINE_CURVE(2,(#395,#396,#397,#398,#399,#400
,#401),.UNSPECIFIED.,.T.,.F.) B_SPLINE_CURVE_WITH_KNOTS((1,2,2,2,2,1),(
    -2.094395102393,0.,2.094395102393,4.188790204786,6.28318530718,
8.377580409573),.UNSPECIFIED.) CURVE() GEOMETRIC_REPRESENTATION_ITEM() 
RATIONAL_B_SPLINE_CURVE((1.,0.5,1.,0.5,1.,0.5,1.)) REPRESENTATION_ITEM(
  '') );
#395 = CARTESIAN_POINT('',(-9.,130.));
#396 = CARTESIAN_POINT('',(-9.,145.58845726812));
#397 = CARTESIAN_POINT('',(4.5,137.79422863406));
#398 = CARTESIAN_POINT('',(18.,130.));
#399 = CARTESIAN_POINT('',(4.5,122.20577136594));
#400 = CARTESIAN_POINT('',(-9.,114.41154273188));
#401 = CARTESIAN_POINT('',(-9.,130.));
#402 = ( GEOMETRIC_REPRESENTATION_CONTEXT(2) 
PARAMETRIC_REPRESENTATION_CONTEXT() REPRESENTATION_CONTEXT('2D SPACE',''
  ) );
#403 = PCURVE('',#404,#409);
#404 = CYLINDRICAL_SURFACE('',#405,9.);
#405 = AXIS2_PLACEMENT_3D('',#406,#407,#408);
#406 = CARTESIAN_POINT('',(0.,130.,30.));
#407 = DIRECTION('',(0.,0.,-1.));
#408 = DIRECTION('',(-1.,0.,0.));
#409 = DEFINITIONAL_REPRESENTATION('',(#410),#414);
#410 = LINE('',#411,#412);
#411 = CARTESIAN_POINT('',(0.,30.));
#412 = VECTOR('',#413,1.);
#413 = DIRECTION('',(1.,0.));
#414 = ( GEOMETRIC_REPRESENTATION_CONTEXT(2) 
PARAMETRIC_REPRESENTATION_CONTEXT() REPRESENTATION_CONTEXT('2D SPACE',''
  ) );
#415 = FACE_BOUND('',#416,.F.);
#416 = EDGE_LOOP('',(#417));
#417 = ORIENTED_EDGE('',*,*,#418,.T.);
#418 = EDGE_CURVE('',#419,#419,#421,.T.);
#419 = VERTEX_POINT('',#420);
#420 = CARTESIAN_POINT('',(83.,92.,0.));
#421 = SURFACE_CURVE('',#422,(#427,#438),.PCURVE_S1.);
#422 = CIRCLE('',#423,9.);
#423 = AXIS2_PLACEMENT_3D('',#424,#425,#426);
#424 = CARTESIAN_POINT('',(92.,92.,0.));
#425 = DIRECTION('',(0.,0.,-1.));
#426 = DIRECTION('',(-1.,0.,0.));
#427 = PCURVE('',#73,#428);
#428 = DEFINITIONAL_REPRESENTATION('',(#429),#437);
#429 = ( BOUNDED_CURVE() B_SPLINE_CURVE(2,(#430,#431,#432,#433,#434,#435
,#436),.UNSPECIFIED.,.T.,.F.) B_SPLINE_CURVE_WITH_KNOTS((1,2,2,2,2,1),(
    -2.094395102393,0.,2.094395102393,4.188790204786,6.28318530718,
8.377580409573),.UNSPECIFIED.) CURVE() GEOMETRIC_REPRESENTATION_ITEM() 
RATIONAL_B_SPLINE_CURVE((1.,0.5,1.,0.5,1.,0.5,1.)) REPRESENTATION_ITEM(
  '') );
#430 = CARTESIAN_POINT('',(83.,92.));
#431 = CARTESIAN_POINT('',(83.,107.58845726812));
#432 = CARTESIAN_POINT('',(96.5,99.79422863406));
#433 = CARTESIAN_POINT('',(110.,92.));
#434 = CARTESIAN_POINT('',(96.5,84.20577136594));
#435 = CARTESIAN_POINT('',(83.,76.41154273188));
#436 = CARTESIAN_POINT('',(83.,92.));
#437 = ( GEOMETRIC_REPRESENTATION_CONTEXT(2) 
PARAMETRIC_REPRESENTATION_CONTEXT() REPRESENTATION_CONTEXT('2D SPACE',''
  ) );
#438 = PCURVE('',#439,#444);
#439 = CYLINDRICAL_SURFACE('',#440,9.);
#440 = AXIS2_PLACEMENT_3D('',#441,#442,#443);
#441 = CARTESIAN_POINT('',(92.,92.,30.));
#442 = DIRECTION('',(0.,0.,-1.));
#443 = DIRECTION('',(-1.,0.,0.));
#444 = DEFINITIONAL_REPRESENTATION('',(#445),#449);
#445 = LINE('',#446,#447);
#446 = CARTESIAN_POINT('',(0.,30.));
#447 = VECTOR('',#448,1.);
#448 = DIRECTION('',(1.,0.));
#449 = ( GEOMETRIC_REPRESENTATION_CONTEXT(2) 
PARAMETRIC_REPRESENTATION_CONTEXT() REPRESENTATION_CONTEXT('2D SPACE',''
  ) );
#450 = ADVANCED_FACE('',(#451,#454,#489,#524,#559,#594,#629,#660,#695,
    #730),#123,.T.);
#451 = FACE_BOUND('',#452,.T.);
#452 = EDGE_LOOP('',(#453));
#453 = ORIENTED_EDGE('',*,*,#108,.T.);
#454 = FACE_BOUND('',#455,.T.);
#455 = EDGE_LOOP('',(#456));
#456 = ORIENTED_EDGE('',*,*,#457,.T.);
#457 = EDGE_CURVE('',#458,#458,#460,.T.);
#458 = VERTEX_POINT('',#459);
#459 = CARTESIAN_POINT('',(-107.,-92.,30.));
#460 = SURFACE_CURVE('',#461,(#466,#477),.PCURVE_S1.);
#461 = CIRCLE('',#462,15.);
#462 = AXIS2_PLACEMENT_3D('',#463,#464,#465);
#463 = CARTESIAN_POINT('',(-92.,-92.,30.));
#464 = DIRECTION('',(0.,0.,-1.));
#465 = DIRECTION('',(-1.,0.,0.));
#466 = PCURVE('',#123,#467);
#467 = DEFINITIONAL_REPRESENTATION('',(#468),#476);
#468 = ( BOUNDED_CURVE() B_SPLINE_CURVE(2,(#469,#470,#471,#472,#473,#474
,#475),.UNSPECIFIED.,.T.,.F.) B_SPLINE_CURVE_WITH_KNOTS((1,2,2,2,2,1),(
    -2.094395102393,0.,2.094395102393,4.188790204786,6.28318530718,
8.377580409573),.UNSPECIFIED.) CURVE() GEOMETRIC_REPRESENTATION_ITEM() 
RATIONAL_B_SPLINE_CURVE((1.,0.5,1.,0.5,1.,0.5,1.)) REPRESENTATION_ITEM(
  '') );
#469 = CARTESIAN_POINT('',(-107.,-92.));
#470 = CARTESIAN_POINT('',(-107.,-66.01923788646));
#471 = CARTESIAN_POINT('',(-84.5,-79.00961894323));
#472 = CARTESIAN_POINT('',(-62.,-92.));
#473 = CARTESIAN_POINT('',(-84.5,-104.9903810567));
#474 = CARTESIAN_POINT('',(-107.,-117.9807621135));
#475 = CARTESIAN_POINT('',(-107.,-92.));
#476 = ( GEOMETRIC_REPRESENTATION_CONTEXT(2) 
PARAMETRIC_REPRESENTATION_CONTEXT() REPRESENTATION_CONTEXT('2D SPACE',''
  ) );
#477 = PCURVE('',#478,#483);
#478 = CYLINDRICAL_SURFACE('',#479,15.);
#479 = AXIS2_PLACEMENT_3D('',#480,#481,#482);
#480 = CARTESIAN_POINT('',(-92.,-92.,30.));
#481 = DIRECTION('',(0.,0.,-1.));
#482 = DIRECTION('',(-1.,0.,0.));
#483 = DEFINITIONAL_REPRESENTATION('',(#484),#488);
#484 = LINE('',#485,#486);
#485 = CARTESIAN_POINT('',(0.,0.));
#486 = VECTOR('',#487,1.);
#487 = DIRECTION('',(1.,0.));
#488 = ( GEOMETRIC_REPRESENTATION_CONTEXT(2) 
PARAMETRIC_REPRESENTATION_CONTEXT() REPRESENTATION_CONTEXT('2D SPACE',''
  ) );
#489 = FACE_BOUND('',#490,.T.);
#490 = EDGE_LOOP('',(#491));
#491 = ORIENTED_EDGE('',*,*,#492,.T.);
#492 = EDGE_CURVE('',#493,#493,#495,.T.);
#493 = VERTEX_POINT('',#494);
#494 = CARTESIAN_POINT('',(-15.,-130.,30.));
#495 = SURFACE_CURVE('',#496,(#501,#512),.PCURVE_S1.);
#496 = CIRCLE('',#497,15.);
#497 = AXIS2_PLACEMENT_3D('',#498,#499,#500);
#498 = CARTESIAN_POINT('',(0.,-130.,30.));
#499 = DIRECTION('',(0.,0.,-1.));
#500 = DIRECTION('',(-1.,0.,0.));
#501 = PCURVE('',#123,#502);
#502 = DEFINITIONAL_REPRESENTATION('',(#503),#511);
#503 = ( BOUNDED_CURVE() B_SPLINE_CURVE(2,(#504,#505,#506,#507,#508,#509
,#510),.UNSPECIFIED.,.T.,.F.) B_SPLINE_CURVE_WITH_KNOTS((1,2,2,2,2,1),(
    -2.094395102393,0.,2.094395102393,4.188790204786,6.28318530718,
8.377580409573),.UNSPECIFIED.) CURVE() GEOMETRIC_REPRESENTATION_ITEM() 
RATIONAL_B_SPLINE_CURVE((1.,0.5,1.,0.5,1.,0.5,1.)) REPRESENTATION_ITEM(
  '') );
#504 = CARTESIAN_POINT('',(-15.,-130.));
#505 = CARTESIAN_POINT('',(-15.,-104.0192378864));
#506 = CARTESIAN_POINT('',(7.5,-117.0096189432));
#507 = CARTESIAN_POINT('',(30.,-130.));
#508 = CARTESIAN_POINT('',(7.5,-142.9903810567));
#509 = CARTESIAN_POINT('',(-15.,-155.9807621135));
#510 = CARTESIAN_POINT('',(-15.,-130.));
#511 = ( GEOMETRIC_REPRESENTATION_CONTEXT(2) 
PARAMETRIC_REPRESENTATION_CONTEXT() REPRESENTATION_CONTEXT('2D SPACE',''
  ) );
#512 = PCURVE('',#513,#518);
#513 = CYLINDRICAL_SURFACE('',#514,15.);
#514 = AXIS2_PLACEMENT_3D('',#515,#516,#517);
#515 = CARTESIAN_POINT('',(0.,-130.,30.));
#516 = DIRECTION('',(0.,0.,-1.));
#517 = DIRECTION('',(-1.,0.,0.));
#518 = DEFINITIONAL_REPRESENTATION('',(#519),#523);
#519 = LINE('',#520,#521);
#520 = CARTESIAN_POINT('',(0.,0.));
#521 = VECTOR('',#522,1.);
#522 = DIRECTION('',(1.,0.));
#523 = ( GEOMETRIC_REPRESENTATION_CONTEXT(2) 
PARAMETRIC_REPRESENTATION_CONTEXT() REPRESENTATION_CONTEXT('2D SPACE',''
  ) );
#524 = FACE_BOUND('',#525,.T.);
#525 = EDGE_LOOP('',(#526));
#526 = ORIENTED_EDGE('',*,*,#527,.T.);
#527 = EDGE_CURVE('',#528,#528,#530,.T.);
#528 = VERTEX_POINT('',#529);
#529 = CARTESIAN_POINT('',(77.,-92.,30.));
#530 = SURFACE_CURVE('',#531,(#536,#547),.PCURVE_S1.);
#531 = CIRCLE('',#532,15.);
#532 = AXIS2_PLACEMENT_3D('',#533,#534,#535);
#533 = CARTESIAN_POINT('',(92.,-92.,30.));
#534 = DIRECTION('',(0.,0.,-1.));
#535 = DIRECTION('',(-1.,0.,0.));
#536 = PCURVE('',#123,#537);
#537 = DEFINITIONAL_REPRESENTATION('',(#538),#546);
#538 = ( BOUNDED_CURVE() B_SPLINE_CURVE(2,(#539,#540,#541,#542,#543,#544
,#545),.UNSPECIFIED.,.T.,.F.) B_SPLINE_CURVE_WITH_KNOTS((1,2,2,2,2,1),(
    -2.094395102393,0.,2.094395102393,4.188790204786,6.28318530718,
8.377580409573),.UNSPECIFIED.) CURVE() GEOMETRIC_REPRESENTATION_ITEM() 
RATIONAL_B_SPLINE_CURVE((1.,0.5,1.,0.5,1.,0.5,1.)) REPRESENTATION_ITEM(
  '') );
#539 = CARTESIAN_POINT('',(77.,-92.));
#540 = CARTESIAN_POINT('',(77.,-66.01923788646));
#541 = CARTESIAN_POINT('',(99.5,-79.00961894323));
#542 = CARTESIAN_POINT('',(122.,-92.));
#543 = CARTESIAN_POINT('',(99.5,-104.9903810567));
#544 = CARTESIAN_POINT('',(77.,-117.9807621135));
#545 = CARTESIAN_POINT('',(77.,-92.));
#546 = ( GEOMETRIC_REPRESENTATION_CONTEXT(2) 
PARAMETRIC_REPRESENTATION_CONTEXT() REPRESENTATION_CONTEXT('2D SPACE',''
  ) );
#547 = PCURVE('',#548,#553);
#548 = CYLINDRICAL_SURFACE('',#549,15.);
#549 = AXIS2_PLACEMENT_3D('',#550,#551,#552);
#550 = CARTESIAN_POINT('',(92.,-92.,30.));
#551 = DIRECTION('',(0.,0.,-1.));
#552 = DIRECTION('',(-1.,0.,0.));
#553 = DEFINITIONAL_REPRESENTATION('',(#554),#558);
#554 = LINE('',#555,#556);
#555 = CARTESIAN_POINT('',(0.,0.));
#556 = VECTOR('',#557,1.);
#557 = DIRECTION('',(1.,0.));
#558 = ( GEOMETRIC_REPRESENTATION_CONTEXT(2) 
PARAMETRIC_REPRESENTATION_CONTEXT() REPRESENTATION_CONTEXT('2D SPACE',''
  ) );
#559 = FACE_BOUND('',#560,.T.);
#560 = EDGE_LOOP('',(#561));
#561 = ORIENTED_EDGE('',*,*,#562,.T.);
#562 = EDGE_CURVE('',#563,#563,#565,.T.);
#563 = VERTEX_POINT('',#564);
#564 = CARTESIAN_POINT('',(-145.,-3.673940397442E-15,30.));
#565 = SURFACE_CURVE('',#566,(#571,#582),.PCURVE_S1.);
#566 = CIRCLE('',#567,15.);
#567 = AXIS2_PLACEMENT_3D('',#568,#569,#570);
#568 = CARTESIAN_POINT('',(-130.,0.,30.));
#569 = DIRECTION('',(0.,0.,-1.));
#570 = DIRECTION('',(-1.,0.,0.));
#571 = PCURVE('',#123,#572);
#572 = DEFINITIONAL_REPRESENTATION('',(#573),#581);
#573 = ( BOUNDED_CURVE() B_SPLINE_CURVE(2,(#574,#575,#576,#577,#578,#579
,#580),.UNSPECIFIED.,.T.,.F.) B_SPLINE_CURVE_WITH_KNOTS((1,2,2,2,2,1),(
    -2.094395102393,0.,2.094395102393,4.188790204786,6.28318530718,
8.377580409573),.UNSPECIFIED.) CURVE() GEOMETRIC_REPRESENTATION_ITEM() 
RATIONAL_B_SPLINE_CURVE((1.,0.5,1.,0.5,1.,0.5,1.)) REPRESENTATION_ITEM(
  '') );
#574 = CARTESIAN_POINT('',(-145.,-4.313341813402E-16));
#575 = CARTESIAN_POINT('',(-145.,25.980762113533));
#576 = CARTESIAN_POINT('',(-122.5,12.990381056767));
#577 = CARTESIAN_POINT('',(-100.,3.242606216102E-15));
#578 = CARTESIAN_POINT('',(-122.5,-12.99038105676));
#579 = CARTESIAN_POINT('',(-145.,-25.98076211353));
#580 = CARTESIAN_POINT('',(-145.,-4.313341813402E-16));
#581 = ( GEOMETRIC_REPRESENTATION_CONTEXT(2) 
PARAMETRIC_REPRESENTATION_CONTEXT() REPRESENTATION_CONTEXT('2D SPACE',''
  ) );
#582 = PCURVE('',#583,#588);
#583 = CYLINDRICAL_SURFACE('',#584,15.);
#584 = AXIS2_PLACEMENT_3D('',#585,#586,#587);
#585 = CARTESIAN_POINT('',(-130.,0.,30.));
#586 = DIRECTION('',(0.,0.,-1.));
#587 = DIRECTION('',(-1.,0.,0.));
#588 = DEFINITIONAL_REPRESENTATION('',(#589),#593);
#589 = LINE('',#590,#591);
#590 = CARTESIAN_POINT('',(0.,0.));
#591 = VECTOR('',#592,1.);
#592 = DIRECTION('',(1.,0.));
#593 = ( GEOMETRIC_REPRESENTATION_CONTEXT(2) 
PARAMETRIC_REPRESENTATION_CONTEXT() REPRESENTATION_CONTEXT('2D SPACE',''
  ) );
#594 = FACE_BOUND('',#595,.T.);
#595 = EDGE_LOOP('',(#596));
#596 = ORIENTED_EDGE('',*,*,#597,.T.);
#597 = EDGE_CURVE('',#598,#598,#600,.T.);
#598 = VERTEX_POINT('',#599);
#599 = CARTESIAN_POINT('',(-107.,92.,30.));
#600 = SURFACE_CURVE('',#601,(#606,#617),.PCURVE_S1.);
#601 = CIRCLE('',#602,15.);
#602 = AXIS2_PLACEMENT_3D('',#603,#604,#605);
#603 = CARTESIAN_POINT('',(-92.,92.,30.));
#604 = DIRECTION('',(0.,0.,-1.));
#605 = DIRECTION('',(-1.,0.,0.));
#606 = PCURVE('',#123,#607);
#607 = DEFINITIONAL_REPRESENTATION('',(#608),#616);
#608 = ( BOUNDED_CURVE() B_SPLINE_CURVE(2,(#609,#610,#611,#612,#613,#614
,#615),.UNSPECIFIED.,.T.,.F.) B_SPLINE_CURVE_WITH_KNOTS((1,2,2,2,2,1),(
    -2.094395102393,0.,2.094395102393,4.188790204786,6.28318530718,
8.377580409573),.UNSPECIFIED.) CURVE() GEOMETRIC_REPRESENTATION_ITEM() 
RATIONAL_B_SPLINE_CURVE((1.,0.5,1.,0.5,1.,0.5,1.)) REPRESENTATION_ITEM(
  '') );
#609 = CARTESIAN_POINT('',(-107.,92.));
#610 = CARTESIAN_POINT('',(-107.,117.98076211353));
#611 = CARTESIAN_POINT('',(-84.5,104.99038105676));
#612 = CARTESIAN_POINT('',(-62.,92.));
#613 = CARTESIAN_POINT('',(-84.5,79.009618943233));
#614 = CARTESIAN_POINT('',(-107.,66.019237886467));
#615 = CARTESIAN_POINT('',(-107.,92.));
#616 = ( GEOMETRIC_REPRESENTATION_CONTEXT(2) 
PARAMETRIC_REPRESENTATION_CONTEXT() REPRESENTATION_CONTEXT('2D SPACE',''
  ) );
#617 = PCURVE('',#618,#623);
#618 = CYLINDRICAL_SURFACE('',#619,15.);
#619 = AXIS2_PLACEMENT_3D('',#620,#621,#622);
#620 = CARTESIAN_POINT('',(-92.,92.,30.));
#621 = DIRECTION('',(0.,0.,-1.));
#622 = DIRECTION('',(-1.,0.,0.));
#623 = DEFINITIONAL_REPRESENTATION('',(#624),#628);
#624 = LINE('',#625,#626);
#625 = CARTESIAN_POINT('',(0.,0.));
#626 = VECTOR('',#627,1.);
#627 = DIRECTION('',(1.,0.));
#628 = ( GEOMETRIC_REPRESENTATION_CONTEXT(2) 
PARAMETRIC_REPRESENTATION_CONTEXT() REPRESENTATION_CONTEXT('2D SPACE',''
  ) );
#629 = FACE_BOUND('',#630,.T.);
#630 = EDGE_LOOP('',(#631));
#631 = ORIENTED_EDGE('',*,*,#632,.F.);
#632 = EDGE_CURVE('',#633,#633,#635,.T.);
#633 = VERTEX_POINT('',#634);
#634 = CARTESIAN_POINT('',(105.,0.,30.));
#635 = SURFACE_CURVE('',#636,(#641,#648),.PCURVE_S1.);
#636 = CIRCLE('',#637,105.);
#637 = AXIS2_PLACEMENT_3D('',#638,#639,#640);
#638 = CARTESIAN_POINT('',(0.,0.,30.));
#639 = DIRECTION('',(0.,0.,1.));
#640 = DIRECTION('',(1.,0.,-0.));
#641 = PCURVE('',#123,#642);
#642 = DEFINITIONAL_REPRESENTATION('',(#643),#647);
#643 = CIRCLE('',#644,105.);
#644 = AXIS2_PLACEMENT_2D('',#645,#646);
#645 = CARTESIAN_POINT('',(1.555842995245E-14,-4.313341813402E-16));
#646 = DIRECTION('',(1.,0.));
#647 = ( GEOMETRIC_REPRESENTATION_CONTEXT(2) 
PARAMETRIC_REPRESENTATION_CONTEXT() REPRESENTATION_CONTEXT('2D SPACE',''
  ) );
#648 = PCURVE('',#649,#654);
#649 = CYLINDRICAL_SURFACE('',#650,105.);
#650 = AXIS2_PLACEMENT_3D('',#651,#652,#653);
#651 = CARTESIAN_POINT('',(0.,0.,30.));
#652 = DIRECTION('',(-0.,-0.,-1.));
#653 = DIRECTION('',(1.,0.,0.));
#654 = DEFINITIONAL_REPRESENTATION('',(#655),#659);
#655 = LINE('',#656,#657);
#656 = CARTESIAN_POINT('',(6.28318530718,0.));
#657 = VECTOR('',#658,1.);
#658 = DIRECTION('',(-1.,0.));
#659 = ( GEOMETRIC_REPRESENTATION_CONTEXT(2) 
PARAMETRIC_REPRESENTATION_CONTEXT() REPRESENTATION_CONTEXT('2D SPACE',''
  ) );
#660 = FACE_BOUND('',#661,.T.);
#661 = EDGE_LOOP('',(#662));
#662 = ORIENTED_EDGE('',*,*,#663,.T.);
#663 = EDGE_CURVE('',#664,#664,#666,.T.);
#664 = VERTEX_POINT('',#665);
#665 = CARTESIAN_POINT('',(115.,-3.673940397442E-15,30.));
#666 = SURFACE_CURVE('',#667,(#672,#683),.PCURVE_S1.);
#667 = CIRCLE('',#668,15.);
#668 = AXIS2_PLACEMENT_3D('',#669,#670,#671);
#669 = CARTESIAN_POINT('',(130.,0.,30.));
#670 = DIRECTION('',(0.,0.,-1.));
#671 = DIRECTION('',(-1.,0.,0.));
#672 = PCURVE('',#123,#673);
#673 = DEFINITIONAL_REPRESENTATION('',(#674),#682);
#674 = ( BOUNDED_CURVE() B_SPLINE_CURVE(2,(#675,#676,#677,#678,#679,#680
,#681),.UNSPECIFIED.,.T.,.F.) B_SPLINE_CURVE_WITH_KNOTS((1,2,2,2,2,1),(
    -2.094395102393,0.,2.094395102393,4.188790204786,6.28318530718,
8.377580409573),.UNSPECIFIED.) CURVE() GEOMETRIC_REPRESENTATION_ITEM() 
RATIONAL_B_SPLINE_CURVE((1.,0.5,1.,0.5,1.,0.5,1.)) REPRESENTATION_ITEM(
  '') );
#675 = CARTESIAN_POINT('',(115.,-4.313341813402E-16));
#676 = CARTESIAN_POINT('',(115.,25.980762113533));
#677 = CARTESIAN_POINT('',(137.5,12.990381056767));
#678 = CARTESIAN_POINT('',(160.,3.242606216102E-15));
#679 = CARTESIAN_POINT('',(137.5,-12.99038105676));
#680 = CARTESIAN_POINT('',(115.,-25.98076211353));
#681 = CARTESIAN_POINT('',(115.,-4.313341813402E-16));
#682 = ( GEOMETRIC_REPRESENTATION_CONTEXT(2) 
PARAMETRIC_REPRESENTATION_CONTEXT() REPRESENTATION_CONTEXT('2D SPACE',''
  ) );
#683 = PCURVE('',#684,#689);
#684 = CYLINDRICAL_SURFACE('',#685,15.);
#685 = AXIS2_PLACEMENT_3D('',#686,#687,#688);
#686 = CARTESIAN_POINT('',(130.,0.,30.));
#687 = DIRECTION('',(0.,0.,-1.));
#688 = DIRECTION('',(-1.,0.,0.));
#689 = DEFINITIONAL_REPRESENTATION('',(#690),#694);
#690 = LINE('',#691,#692);
#691 = CARTESIAN_POINT('',(0.,0.));
#692 = VECTOR('',#693,1.);
#693 = DIRECTION('',(1.,0.));
#694 = ( GEOMETRIC_REPRESENTATION_CONTEXT(2) 
PARAMETRIC_REPRESENTATION_CONTEXT() REPRESENTATION_CONTEXT('2D SPACE',''
  ) );
#695 = FACE_BOUND('',#696,.T.);
#696 = EDGE_LOOP('',(#697));
#697 = ORIENTED_EDGE('',*,*,#698,.T.);
#698 = EDGE_CURVE('',#699,#699,#701,.T.);
#699 = VERTEX_POINT('',#700);
#700 = CARTESIAN_POINT('',(-15.,130.,30.));
#701 = SURFACE_CURVE('',#702,(#707,#718),.PCURVE_S1.);
#702 = CIRCLE('',#703,15.);
#703 = AXIS2_PLACEMENT_3D('',#704,#705,#706);
#704 = CARTESIAN_POINT('',(0.,130.,30.));
#705 = DIRECTION('',(0.,0.,-1.));
#706 = DIRECTION('',(-1.,0.,0.));
#707 = PCURVE('',#123,#708);
#708 = DEFINITIONAL_REPRESENTATION('',(#709),#717);
#709 = ( BOUNDED_CURVE() B_SPLINE_CURVE(2,(#710,#711,#712,#713,#714,#715
,#716),.UNSPECIFIED.,.T.,.F.) B_SPLINE_CURVE_WITH_KNOTS((1,2,2,2,2,1),(
    -2.094395102393,0.,2.094395102393,4.188790204786,6.28318530718,
8.377580409573),.UNSPECIFIED.) CURVE() GEOMETRIC_REPRESENTATION_ITEM() 
RATIONAL_B_SPLINE_CURVE((1.,0.5,1.,0.5,1.,0.5,1.)) REPRESENTATION_ITEM(
  '') );
#710 = CARTESIAN_POINT('',(-15.,130.));
#711 = CARTESIAN_POINT('',(-15.,155.98076211353));
#712 = CARTESIAN_POINT('',(7.5,142.99038105676));
#713 = CARTESIAN_POINT('',(30.,130.));
#714 = CARTESIAN_POINT('',(7.5,117.00961894323));
#715 = CARTESIAN_POINT('',(-15.,104.01923788646));
#716 = CARTESIAN_POINT('',(-15.,130.));
#717 = ( GEOMETRIC_REPRESENTATION_CONTEXT(2) 
PARAMETRIC_REPRESENTATION_CONTEXT() REPRESENTATION_CONTEXT('2D SPACE',''
  ) );
#718 = PCURVE('',#719,#724);
#719 = CYLINDRICAL_SURFACE('',#720,15.);
#720 = AXIS2_PLACEMENT_3D('',#721,#722,#723);
#721 = CARTESIAN_POINT('',(0.,130.,30.));
#722 = DIRECTION('',(0.,0.,-1.));
#723 = DIRECTION('',(-1.,0.,0.));
#724 = DEFINITIONAL_REPRESENTATION('',(#725),#729);
#725 = LINE('',#726,#727);
#726 = CARTESIAN_POINT('',(0.,0.));
#727 = VECTOR('',#728,1.);
#728 = DIRECTION('',(1.,0.));
#729 = ( GEOMETRIC_REPRESENTATION_CONTEXT(2) 
PARAMETRIC_REPRESENTATION_CONTEXT() REPRESENTATION_CONTEXT('2D SPACE',''
  ) );
#730 = FACE_BOUND('',#731,.T.);
#731 = EDGE_LOOP('',(#732));
#732 = ORIENTED_EDGE('',*,*,#733,.T.);
#733 = EDGE_CURVE('',#734,#734,#736,.T.);
#734 = VERTEX_POINT('',#735);
#735 = CARTESIAN_POINT('',(77.,92.,30.));
#736 = SURFACE_CURVE('',#737,(#742,#753),.PCURVE_S1.);
#737 = CIRCLE('',#738,15.);
#738 = AXIS2_PLACEMENT_3D('',#739,#740,#741);
#739 = CARTESIAN_POINT('',(92.,92.,30.));
#740 = DIRECTION('',(0.,0.,-1.));
#741 = DIRECTION('',(-1.,0.,0.));
#742 = PCURVE('',#123,#743);
#743 = DEFINITIONAL_REPRESENTATION('',(#744),#752);
#744 = ( BOUNDED_CURVE() B_SPLINE_CURVE(2,(#745,#746,#747,#748,#749,#750
,#751),.UNSPECIFIED.,.T.,.F.) B_SPLINE_CURVE_WITH_KNOTS((1,2,2,2,2,1),(
    -2.094395102393,0.,2.094395102393,4.188790204786,6.28318530718,
8.377580409573),.UNSPECIFIED.) CURVE() GEOMETRIC_REPRESENTATION_ITEM() 
RATIONAL_B_SPLINE_CURVE((1.,0.5,1.,0.5,1.,0.5,1.)) REPRESENTATION_ITEM(
  '') );
#745 = CARTESIAN_POINT('',(77.,92.));
#746 = CARTESIAN_POINT('',(77.,117.98076211353));
#747 = CARTESIAN_POINT('',(99.5,104.99038105676));
#748 = CARTESIAN_POINT('',(122.,92.));
#749 = CARTESIAN_POINT('',(99.5,79.009618943233));
#750 = CARTESIAN_POINT('',(77.,66.019237886467));
#751 = CARTESIAN_POINT('',(77.,92.));
#752 = ( GEOMETRIC_REPRESENTATION_CONTEXT(2) 
PARAMETRIC_REPRESENTATION_CONTEXT() REPRESENTATION_CONTEXT('2D SPACE',''
  ) );
#753 = PCURVE('',#754,#759);
#754 = CYLINDRICAL_SURFACE('',#755,15.);
#755 = AXIS2_PLACEMENT_3D('',#756,#757,#758);
#756 = CARTESIAN_POINT('',(92.,92.,30.));
#757 = DIRECTION('',(0.,0.,-1.));
#758 = DIRECTION('',(-1.,0.,0.));
#759 = DEFINITIONAL_REPRESENTATION('',(#760),#764);
#760 = LINE('',#761,#762);
#761 = CARTESIAN_POINT('',(0.,0.));
#762 = VECTOR('',#763,1.);
#763 = DIRECTION('',(1.,0.));
#764 = ( GEOMETRIC_REPRESENTATION_CONTEXT(2) 
PARAMETRIC_REPRESENTATION_CONTEXT() REPRESENTATION_CONTEXT('2D SPACE',''
  ) );
#765 = ADVANCED_FACE('',(#766),#163,.F.);
#766 = FACE_BOUND('',#767,.F.);
#767 = EDGE_LOOP('',(#768,#797,#818,#819));
#768 = ORIENTED_EDGE('',*,*,#769,.T.);
#769 = EDGE_CURVE('',#770,#770,#772,.T.);
#770 = VERTEX_POINT('',#771);
#771 = CARTESIAN_POINT('',(-101.,-92.,22.));
#772 = SURFACE_CURVE('',#773,(#778,#785),.PCURVE_S1.);
#773 = CIRCLE('',#774,9.);
#774 = AXIS2_PLACEMENT_3D('',#775,#776,#777);
#775 = CARTESIAN_POINT('',(-92.,-92.,22.));
#776 = DIRECTION('',(0.,0.,-1.));
#777 = DIRECTION('',(-1.,0.,0.));
#778 = PCURVE('',#163,#779);
#779 = DEFINITIONAL_REPRESENTATION('',(#780),#784);
#780 = LINE('',#781,#782);
#781 = CARTESIAN_POINT('',(0.,8.));
#782 = VECTOR('',#783,1.);
#783 = DIRECTION('',(1.,0.));
#784 = ( GEOMETRIC_REPRESENTATION_CONTEXT(2) 
PARAMETRIC_REPRESENTATION_CONTEXT() REPRESENTATION_CONTEXT('2D SPACE',''
  ) );
#785 = PCURVE('',#786,#791);
#786 = PLANE('',#787);
#787 = AXIS2_PLACEMENT_3D('',#788,#789,#790);
#788 = CARTESIAN_POINT('',(-92.,-92.,22.));
#789 = DIRECTION('',(0.,0.,-1.));
#790 = DIRECTION('',(-1.,0.,0.));
#791 = DEFINITIONAL_REPRESENTATION('',(#792),#796);
#792 = CIRCLE('',#793,9.);
#793 = AXIS2_PLACEMENT_2D('',#794,#795);
#794 = CARTESIAN_POINT('',(0.,0.));
#795 = DIRECTION('',(1.,0.));
#796 = ( GEOMETRIC_REPRESENTATION_CONTEXT(2) 
PARAMETRIC_REPRESENTATION_CONTEXT() REPRESENTATION_CONTEXT('2D SPACE',''
  ) );
#797 = ORIENTED_EDGE('',*,*,#798,.T.);
#798 = EDGE_CURVE('',#770,#143,#799,.T.);
#799 = SEAM_CURVE('',#800,(#804,#811),.PCURVE_S1.);
#800 = LINE('',#801,#802);
#801 = CARTESIAN_POINT('',(-101.,-92.,30.));
#802 = VECTOR('',#803,1.);
#803 = DIRECTION('',(0.,0.,-1.));
#804 = PCURVE('',#163,#805);
#805 = DEFINITIONAL_REPRESENTATION('',(#806),#810);
#806 = LINE('',#807,#808);
#807 = CARTESIAN_POINT('',(6.28318530718,0.));
#808 = VECTOR('',#809,1.);
#809 = DIRECTION('',(0.,1.));
#810 = ( GEOMETRIC_REPRESENTATION_CONTEXT(2) 
PARAMETRIC_REPRESENTATION_CONTEXT() REPRESENTATION_CONTEXT('2D SPACE',''
  ) );
#811 = PCURVE('',#163,#812);
#812 = DEFINITIONAL_REPRESENTATION('',(#813),#817);
#813 = LINE('',#814,#815);
#814 = CARTESIAN_POINT('',(4.138911435803E-13,0.));
#815 = VECTOR('',#816,1.);
#816 = DIRECTION('',(0.,1.));
#817 = ( GEOMETRIC_REPRESENTATION_CONTEXT(2) 
PARAMETRIC_REPRESENTATION_CONTEXT() REPRESENTATION_CONTEXT('2D SPACE',''
  ) );
#818 = ORIENTED_EDGE('',*,*,#142,.F.);
#819 = ORIENTED_EDGE('',*,*,#798,.F.);
#820 = ADVANCED_FACE('',(#821),#198,.F.);
#821 = FACE_BOUND('',#822,.F.);
#822 = EDGE_LOOP('',(#823,#852,#873,#874));
#823 = ORIENTED_EDGE('',*,*,#824,.T.);
#824 = EDGE_CURVE('',#825,#825,#827,.T.);
#825 = VERTEX_POINT('',#826);
#826 = CARTESIAN_POINT('',(-9.,-130.,22.));
#827 = SURFACE_CURVE('',#828,(#833,#840),.PCURVE_S1.);
#828 = CIRCLE('',#829,9.);
#829 = AXIS2_PLACEMENT_3D('',#830,#831,#832);
#830 = CARTESIAN_POINT('',(0.,-130.,22.));
#831 = DIRECTION('',(0.,0.,-1.));
#832 = DIRECTION('',(-1.,0.,0.));
#833 = PCURVE('',#198,#834);
#834 = DEFINITIONAL_REPRESENTATION('',(#835),#839);
#835 = LINE('',#836,#837);
#836 = CARTESIAN_POINT('',(0.,8.));
#837 = VECTOR('',#838,1.);
#838 = DIRECTION('',(1.,0.));
#839 = ( GEOMETRIC_REPRESENTATION_CONTEXT(2) 
PARAMETRIC_REPRESENTATION_CONTEXT() REPRESENTATION_CONTEXT('2D SPACE',''
  ) );
#840 = PCURVE('',#841,#846);
#841 = PLANE('',#842);
#842 = AXIS2_PLACEMENT_3D('',#843,#844,#845);
#843 = CARTESIAN_POINT('',(0.,-130.,22.));
#844 = DIRECTION('',(0.,0.,-1.));
#845 = DIRECTION('',(-1.,0.,0.));
#846 = DEFINITIONAL_REPRESENTATION('',(#847),#851);
#847 = CIRCLE('',#848,9.);
#848 = AXIS2_PLACEMENT_2D('',#849,#850);
#849 = CARTESIAN_POINT('',(0.,0.));
#850 = DIRECTION('',(1.,0.));
#851 = ( GEOMETRIC_REPRESENTATION_CONTEXT(2) 
PARAMETRIC_REPRESENTATION_CONTEXT() REPRESENTATION_CONTEXT('2D SPACE',''
  ) );
#852 = ORIENTED_EDGE('',*,*,#853,.T.);
#853 = EDGE_CURVE('',#825,#178,#854,.T.);
#854 = SEAM_CURVE('',#855,(#859,#866),.PCURVE_S1.);
#855 = LINE('',#856,#857);
#856 = CARTESIAN_POINT('',(-9.,-130.,30.));
#857 = VECTOR('',#858,1.);
#858 = DIRECTION('',(0.,0.,-1.));
#859 = PCURVE('',#198,#860);
#860 = DEFINITIONAL_REPRESENTATION('',(#861),#865);
#861 = LINE('',#862,#863);
#862 = CARTESIAN_POINT('',(6.28318530718,0.));
#863 = VECTOR('',#864,1.);
#864 = DIRECTION('',(0.,1.));
#865 = ( GEOMETRIC_REPRESENTATION_CONTEXT(2) 
PARAMETRIC_REPRESENTATION_CONTEXT() REPRESENTATION_CONTEXT('2D SPACE',''
  ) );
#866 = PCURVE('',#198,#867);
#867 = DEFINITIONAL_REPRESENTATION('',(#868),#872);
#868 = LINE('',#869,#870);
#869 = CARTESIAN_POINT('',(4.138911435803E-13,0.));
#870 = VECTOR('',#871,1.);
#871 = DIRECTION('',(0.,1.));
#872 = ( GEOMETRIC_REPRESENTATION_CONTEXT(2) 
PARAMETRIC_REPRESENTATION_CONTEXT() REPRESENTATION_CONTEXT('2D SPACE',''
  ) );
#873 = ORIENTED_EDGE('',*,*,#177,.F.);
#874 = ORIENTED_EDGE('',*,*,#853,.F.);
#875 = ADVANCED_FACE('',(#876),#233,.F.);
#876 = FACE_BOUND('',#877,.F.);
#877 = EDGE_LOOP('',(#878,#907,#928,#929));
#878 = ORIENTED_EDGE('',*,*,#879,.T.);
#879 = EDGE_CURVE('',#880,#880,#882,.T.);
#880 = VERTEX_POINT('',#881);
#881 = CARTESIAN_POINT('',(83.,-92.,22.));
#882 = SURFACE_CURVE('',#883,(#888,#895),.PCURVE_S1.);
#883 = CIRCLE('',#884,9.);
#884 = AXIS2_PLACEMENT_3D('',#885,#886,#887);
#885 = CARTESIAN_POINT('',(92.,-92.,22.));
#886 = DIRECTION('',(0.,0.,-1.));
#887 = DIRECTION('',(-1.,0.,0.));
#888 = PCURVE('',#233,#889);
#889 = DEFINITIONAL_REPRESENTATION('',(#890),#894);
#890 = LINE('',#891,#892);
#891 = CARTESIAN_POINT('',(0.,8.));
#892 = VECTOR('',#893,1.);
#893 = DIRECTION('',(1.,0.));
#894 = ( GEOMETRIC_REPRESENTATION_CONTEXT(2) 
PARAMETRIC_REPRESENTATION_CONTEXT() REPRESENTATION_CONTEXT('2D SPACE',''
  ) );
#895 = PCURVE('',#896,#901);
#896 = PLANE('',#897);
#897 = AXIS2_PLACEMENT_3D('',#898,#899,#900);
#898 = CARTESIAN_POINT('',(92.,-92.,22.));
#899 = DIRECTION('',(0.,0.,-1.));
#900 = DIRECTION('',(-1.,0.,0.));
#901 = DEFINITIONAL_REPRESENTATION('',(#902),#906);
#902 = CIRCLE('',#903,9.);
#903 = AXIS2_PLACEMENT_2D('',#904,#905);
#904 = CARTESIAN_POINT('',(0.,0.));
#905 = DIRECTION('',(1.,0.));
#906 = ( GEOMETRIC_REPRESENTATION_CONTEXT(2) 
PARAMETRIC_REPRESENTATION_CONTEXT() REPRESENTATION_CONTEXT('2D SPACE',''
  ) );
#907 = ORIENTED_EDGE('',*,*,#908,.T.);
#908 = EDGE_CURVE('',#880,#213,#909,.T.);
#909 = SEAM_CURVE('',#910,(#914,#921),.PCURVE_S1.);
#910 = LINE('',#911,#912);
#911 = CARTESIAN_POINT('',(83.,-92.,30.));
#912 = VECTOR('',#913,1.);
#913 = DIRECTION('',(0.,0.,-1.));
#914 = PCURVE('',#233,#915);
#915 = DEFINITIONAL_REPRESENTATION('',(#916),#920);
#916 = LINE('',#917,#918);
#917 = CARTESIAN_POINT('',(6.28318530718,0.));
#918 = VECTOR('',#919,1.);
#919 = DIRECTION('',(0.,1.));
#920 = ( GEOMETRIC_REPRESENTATION_CONTEXT(2) 
PARAMETRIC_REPRESENTATION_CONTEXT() REPRESENTATION_CONTEXT('2D SPACE',''
  ) );
#921 = PCURVE('',#233,#922);
#922 = DEFINITIONAL_REPRESENTATION('',(#923),#927);
#923 = LINE('',#924,#925);
#924 = CARTESIAN_POINT('',(4.138911435803E-13,0.));
#925 = VECTOR('',#926,1.);
#926 = DIRECTION('',(0.,1.));
#927 = ( GEOMETRIC_REPRESENTATION_CONTEXT(2) 
PARAMETRIC_REPRESENTATION_CONTEXT() REPRESENTATION_CONTEXT('2D SPACE',''
  ) );
#928 = ORIENTED_EDGE('',*,*,#212,.F.);
#929 = ORIENTED_EDGE('',*,*,#908,.F.);
#930 = ADVANCED_FACE('',(#931),#268,.F.);
#931 = FACE_BOUND('',#932,.F.);
#932 = EDGE_LOOP('',(#933,#962,#983,#984));
#933 = ORIENTED_EDGE('',*,*,#934,.T.);
#934 = EDGE_CURVE('',#935,#935,#937,.T.);
#935 = VERTEX_POINT('',#936);
#936 = CARTESIAN_POINT('',(-139.,-2.204364238465E-15,22.));
#937 = SURFACE_CURVE('',#938,(#943,#950),.PCURVE_S1.);
#938 = CIRCLE('',#939,9.);
#939 = AXIS2_PLACEMENT_3D('',#940,#941,#942);
#940 = CARTESIAN_POINT('',(-130.,0.,22.));
#941 = DIRECTION('',(0.,0.,-1.));
#942 = DIRECTION('',(-1.,0.,0.));
#943 = PCURVE('',#268,#944);
#944 = DEFINITIONAL_REPRESENTATION('',(#945),#949);
#945 = LINE('',#946,#947);
#946 = CARTESIAN_POINT('',(0.,8.));
#947 = VECTOR('',#948,1.);
#948 = DIRECTION('',(1.,0.));
#949 = ( GEOMETRIC_REPRESENTATION_CONTEXT(2) 
PARAMETRIC_REPRESENTATION_CONTEXT() REPRESENTATION_CONTEXT('2D SPACE',''
  ) );
#950 = PCURVE('',#951,#956);
#951 = PLANE('',#952);
#952 = AXIS2_PLACEMENT_3D('',#953,#954,#955);
#953 = CARTESIAN_POINT('',(-130.,0.,22.));
#954 = DIRECTION('',(0.,0.,-1.));
#955 = DIRECTION('',(-1.,0.,0.));
#956 = DEFINITIONAL_REPRESENTATION('',(#957),#961);
#957 = CIRCLE('',#958,9.);
#958 = AXIS2_PLACEMENT_2D('',#959,#960);
#959 = CARTESIAN_POINT('',(0.,0.));
#960 = DIRECTION('',(1.,0.));
#961 = ( GEOMETRIC_REPRESENTATION_CONTEXT(2) 
PARAMETRIC_REPRESENTATION_CONTEXT() REPRESENTATION_CONTEXT('2D SPACE',''
  ) );
#962 = ORIENTED_EDGE('',*,*,#963,.T.);
#963 = EDGE_CURVE('',#935,#248,#964,.T.);
#964 = SEAM_CURVE('',#965,(#969,#976),.PCURVE_S1.);
#965 = LINE('',#966,#967);
#966 = CARTESIAN_POINT('',(-139.,-2.204364238465E-15,30.));
#967 = VECTOR('',#968,1.);
#968 = DIRECTION('',(0.,0.,-1.));
#969 = PCURVE('',#268,#970);
#970 = DEFINITIONAL_REPRESENTATION('',(#971),#975);
#971 = LINE('',#972,#973);
#972 = CARTESIAN_POINT('',(6.28318530718,0.));
#973 = VECTOR('',#974,1.);
#974 = DIRECTION('',(0.,1.));
#975 = ( GEOMETRIC_REPRESENTATION_CONTEXT(2) 
PARAMETRIC_REPRESENTATION_CONTEXT() REPRESENTATION_CONTEXT('2D SPACE',''
  ) );
#976 = PCURVE('',#268,#977);
#977 = DEFINITIONAL_REPRESENTATION('',(#978),#982);
#978 = LINE('',#979,#980);
#979 = CARTESIAN_POINT('',(4.138911435803E-13,0.));
#980 = VECTOR('',#981,1.);
#981 = DIRECTION('',(0.,1.));
#982 = ( GEOMETRIC_REPRESENTATION_CONTEXT(2) 
PARAMETRIC_REPRESENTATION_CONTEXT() REPRESENTATION_CONTEXT('2D SPACE',''
  ) );
#983 = ORIENTED_EDGE('',*,*,#247,.F.);
#984 = ORIENTED_EDGE('',*,*,#963,.F.);
#985 = ADVANCED_FACE('',(#986),#303,.F.);
#986 = FACE_BOUND('',#987,.F.);
#987 = EDGE_LOOP('',(#988,#1017,#1038,#1039));
#988 = ORIENTED_EDGE('',*,*,#989,.T.);
#989 = EDGE_CURVE('',#990,#990,#992,.T.);
#990 = VERTEX_POINT('',#991);
#991 = CARTESIAN_POINT('',(-101.,92.,22.));
#992 = SURFACE_CURVE('',#993,(#998,#1005),.PCURVE_S1.);
#993 = CIRCLE('',#994,9.);
#994 = AXIS2_PLACEMENT_3D('',#995,#996,#997);
#995 = CARTESIAN_POINT('',(-92.,92.,22.));
#996 = DIRECTION('',(0.,0.,-1.));
#997 = DIRECTION('',(-1.,0.,0.));
#998 = PCURVE('',#303,#999);
#999 = DEFINITIONAL_REPRESENTATION('',(#1000),#1004);
#1000 = LINE('',#1001,#1002);
#1001 = CARTESIAN_POINT('',(0.,8.));
#1002 = VECTOR('',#1003,1.);
#1003 = DIRECTION('',(1.,0.));
#1004 = ( GEOMETRIC_REPRESENTATION_CONTEXT(2) 
PARAMETRIC_REPRESENTATION_CONTEXT() REPRESENTATION_CONTEXT('2D SPACE',''
  ) );
#1005 = PCURVE('',#1006,#1011);
#1006 = PLANE('',#1007);
#1007 = AXIS2_PLACEMENT_3D('',#1008,#1009,#1010);
#1008 = CARTESIAN_POINT('',(-92.,92.,22.));
#1009 = DIRECTION('',(0.,0.,-1.));
#1010 = DIRECTION('',(-1.,0.,0.));
#1011 = DEFINITIONAL_REPRESENTATION('',(#1012),#1016);
#1012 = CIRCLE('',#1013,9.);
#1013 = AXIS2_PLACEMENT_2D('',#1014,#1015);
#1014 = CARTESIAN_POINT('',(0.,0.));
#1015 = DIRECTION('',(1.,0.));
#1016 = ( GEOMETRIC_REPRESENTATION_CONTEXT(2) 
PARAMETRIC_REPRESENTATION_CONTEXT() REPRESENTATION_CONTEXT('2D SPACE',''
  ) );
#1017 = ORIENTED_EDGE('',*,*,#1018,.T.);
#1018 = EDGE_CURVE('',#990,#283,#1019,.T.);
#1019 = SEAM_CURVE('',#1020,(#1024,#1031),.PCURVE_S1.);
#1020 = LINE('',#1021,#1022);
#1021 = CARTESIAN_POINT('',(-101.,92.,30.));
#1022 = VECTOR('',#1023,1.);
#1023 = DIRECTION('',(0.,0.,-1.));
#1024 = PCURVE('',#303,#1025);
#1025 = DEFINITIONAL_REPRESENTATION('',(#1026),#1030);
#1026 = LINE('',#1027,#1028);
#1027 = CARTESIAN_POINT('',(6.28318530718,0.));
#1028 = VECTOR('',#1029,1.);
#1029 = DIRECTION('',(0.,1.));
#1030 = ( GEOMETRIC_REPRESENTATION_CONTEXT(2) 
PARAMETRIC_REPRESENTATION_CONTEXT() REPRESENTATION_CONTEXT('2D SPACE',''
  ) );
#1031 = PCURVE('',#303,#1032);
#1032 = DEFINITIONAL_REPRESENTATION('',(#1033),#1037);
#1033 = LINE('',#1034,#1035);
#1034 = CARTESIAN_POINT('',(4.138911435803E-13,0.));
#1035 = VECTOR('',#1036,1.);
#1036 = DIRECTION('',(0.,1.));
#1037 = ( GEOMETRIC_REPRESENTATION_CONTEXT(2) 
PARAMETRIC_REPRESENTATION_CONTEXT() REPRESENTATION_CONTEXT('2D SPACE',''
  ) );
#1038 = ORIENTED_EDGE('',*,*,#282,.F.);
#1039 = ORIENTED_EDGE('',*,*,#1018,.F.);
#1040 = ADVANCED_FACE('',(#1041),#334,.F.);
#1041 = FACE_BOUND('',#1042,.F.);
#1042 = EDGE_LOOP('',(#1043,#1066,#1093,#1094));
#1043 = ORIENTED_EDGE('',*,*,#1044,.T.);
#1044 = EDGE_CURVE('',#318,#1045,#1047,.T.);
#1045 = VERTEX_POINT('',#1046);
#1046 = CARTESIAN_POINT('',(60.,6.496390726949E-15,48.));
#1047 = SEAM_CURVE('',#1048,(#1052,#1059),.PCURVE_S1.);
#1048 = LINE('',#1049,#1050);
#1049 = CARTESIAN_POINT('',(60.000000000001,2.526374171591E-15,0.));
#1050 = VECTOR('',#1051,1.);
#1051 = DIRECTION('',(-7.401486830834E-15,8.270867823663E-17,1.));
#1052 = PCURVE('',#334,#1053);
#1053 = DEFINITIONAL_REPRESENTATION('',(#1054),#1058);
#1054 = LINE('',#1055,#1056);
#1055 = CARTESIAN_POINT('',(-4.138911435803E-13,0.));
#1056 = VECTOR('',#1057,1.);
#1057 = DIRECTION('',(-0.,-1.));
#1058 = ( GEOMETRIC_REPRESENTATION_CONTEXT(2) 
PARAMETRIC_REPRESENTATION_CONTEXT() REPRESENTATION_CONTEXT('2D SPACE',''
  ) );
#1059 = PCURVE('',#334,#1060);
#1060 = DEFINITIONAL_REPRESENTATION('',(#1061),#1065);
#1061 = LINE('',#1062,#1063);
#1062 = CARTESIAN_POINT('',(6.28318530718,0.));
#1063 = VECTOR('',#1064,1.);
#1064 = DIRECTION('',(-0.,-1.));
#1065 = ( GEOMETRIC_REPRESENTATION_CONTEXT(2) 
PARAMETRIC_REPRESENTATION_CONTEXT() REPRESENTATION_CONTEXT('2D SPACE',''
  ) );
#1066 = ORIENTED_EDGE('',*,*,#1067,.F.);
#1067 = EDGE_CURVE('',#1045,#1045,#1068,.T.);
#1068 = SURFACE_CURVE('',#1069,(#1074,#1081),.PCURVE_S1.);
#1069 = CIRCLE('',#1070,60.);
#1070 = AXIS2_PLACEMENT_3D('',#1071,#1072,#1073);
#1071 = CARTESIAN_POINT('',(4.937256952482E-13,6.496390726949E-15,48.));
#1072 = DIRECTION('',(0.,0.,1.));
#1073 = DIRECTION('',(1.,0.,-0.));
#1074 = PCURVE('',#334,#1075);
#1075 = DEFINITIONAL_REPRESENTATION('',(#1076),#1080);
#1076 = LINE('',#1077,#1078);
#1077 = CARTESIAN_POINT('',(6.28318530718,-48.));
#1078 = VECTOR('',#1079,1.);
#1079 = DIRECTION('',(-1.,0.));
#1080 = ( GEOMETRIC_REPRESENTATION_CONTEXT(2) 
PARAMETRIC_REPRESENTATION_CONTEXT() REPRESENTATION_CONTEXT('2D SPACE',''
  ) );
#1081 = PCURVE('',#1082,#1087);
#1082 = PLANE('',#1083);
#1083 = AXIS2_PLACEMENT_3D('',#1084,#1085,#1086);
#1084 = CARTESIAN_POINT('',(-1.000184782657E-14,-4.286263797016E-15,48.)
  );
#1085 = DIRECTION('',(0.,0.,1.));
#1086 = DIRECTION('',(1.,0.,-0.));
#1087 = DEFINITIONAL_REPRESENTATION('',(#1088),#1092);
#1088 = CIRCLE('',#1089,60.);
#1089 = AXIS2_PLACEMENT_2D('',#1090,#1091);
#1090 = CARTESIAN_POINT('',(5.037275430748E-13,1.078265452396E-14));
#1091 = DIRECTION('',(1.,0.));
#1092 = ( GEOMETRIC_REPRESENTATION_CONTEXT(2) 
PARAMETRIC_REPRESENTATION_CONTEXT() REPRESENTATION_CONTEXT('2D SPACE',''
  ) );
#1093 = ORIENTED_EDGE('',*,*,#1044,.F.);
#1094 = ORIENTED_EDGE('',*,*,#317,.T.);
#1095 = ADVANCED_FACE('',(#1096),#369,.F.);
#1096 = FACE_BOUND('',#1097,.F.);
#1097 = EDGE_LOOP('',(#1098,#1127,#1148,#1149));
#1098 = ORIENTED_EDGE('',*,*,#1099,.T.);
#1099 = EDGE_CURVE('',#1100,#1100,#1102,.T.);
#1100 = VERTEX_POINT('',#1101);
#1101 = CARTESIAN_POINT('',(121.,-2.204364238465E-15,22.));
#1102 = SURFACE_CURVE('',#1103,(#1108,#1115),.PCURVE_S1.);
#1103 = CIRCLE('',#1104,9.);
#1104 = AXIS2_PLACEMENT_3D('',#1105,#1106,#1107);
#1105 = CARTESIAN_POINT('',(130.,0.,22.));
#1106 = DIRECTION('',(0.,0.,-1.));
#1107 = DIRECTION('',(-1.,0.,0.));
#1108 = PCURVE('',#369,#1109);
#1109 = DEFINITIONAL_REPRESENTATION('',(#1110),#1114);
#1110 = LINE('',#1111,#1112);
#1111 = CARTESIAN_POINT('',(0.,8.));
#1112 = VECTOR('',#1113,1.);
#1113 = DIRECTION('',(1.,0.));
#1114 = ( GEOMETRIC_REPRESENTATION_CONTEXT(2) 
PARAMETRIC_REPRESENTATION_CONTEXT() REPRESENTATION_CONTEXT('2D SPACE',''
  ) );
#1115 = PCURVE('',#1116,#1121);
#1116 = PLANE('',#1117);
#1117 = AXIS2_PLACEMENT_3D('',#1118,#1119,#1120);
#1118 = CARTESIAN_POINT('',(130.,0.,22.));
#1119 = DIRECTION('',(0.,0.,-1.));
#1120 = DIRECTION('',(-1.,0.,0.));
#1121 = DEFINITIONAL_REPRESENTATION('',(#1122),#1126);
#1122 = CIRCLE('',#1123,9.);
#1123 = AXIS2_PLACEMENT_2D('',#1124,#1125);
#1124 = CARTESIAN_POINT('',(0.,0.));
#1125 = DIRECTION('',(1.,0.));
#1126 = ( GEOMETRIC_REPRESENTATION_CONTEXT(2) 
PARAMETRIC_REPRESENTATION_CONTEXT() REPRESENTATION_CONTEXT('2D SPACE',''
  ) );
#1127 = ORIENTED_EDGE('',*,*,#1128,.T.);
#1128 = EDGE_CURVE('',#1100,#349,#1129,.T.);
#1129 = SEAM_CURVE('',#1130,(#1134,#1141),.PCURVE_S1.);
#1130 = LINE('',#1131,#1132);
#1131 = CARTESIAN_POINT('',(121.,-2.204364238465E-15,30.));
#1132 = VECTOR('',#1133,1.);
#1133 = DIRECTION('',(0.,0.,-1.));
#1134 = PCURVE('',#369,#1135);
#1135 = DEFINITIONAL_REPRESENTATION('',(#1136),#1140);
#1136 = LINE('',#1137,#1138);
#1137 = CARTESIAN_POINT('',(6.28318530718,0.));
#1138 = VECTOR('',#1139,1.);
#1139 = DIRECTION('',(0.,1.));
#1140 = ( GEOMETRIC_REPRESENTATION_CONTEXT(2) 
PARAMETRIC_REPRESENTATION_CONTEXT() REPRESENTATION_CONTEXT('2D SPACE',''
  ) );
#1141 = PCURVE('',#369,#1142);
#1142 = DEFINITIONAL_REPRESENTATION('',(#1143),#1147);
#1143 = LINE('',#1144,#1145);
#1144 = CARTESIAN_POINT('',(4.138911435803E-13,0.));
#1145 = VECTOR('',#1146,1.);
#1146 = DIRECTION('',(0.,1.));
#1147 = ( GEOMETRIC_REPRESENTATION_CONTEXT(2) 
PARAMETRIC_REPRESENTATION_CONTEXT() REPRESENTATION_CONTEXT('2D SPACE',''
  ) );
#1148 = ORIENTED_EDGE('',*,*,#348,.F.);
#1149 = ORIENTED_EDGE('',*,*,#1128,.F.);
#1150 = ADVANCED_FACE('',(#1151),#404,.F.);
#1151 = FACE_BOUND('',#1152,.F.);
#1152 = EDGE_LOOP('',(#1153,#1182,#1203,#1204));
#1153 = ORIENTED_EDGE('',*,*,#1154,.T.);
#1154 = EDGE_CURVE('',#1155,#1155,#1157,.T.);
#1155 = VERTEX_POINT('',#1156);
#1156 = CARTESIAN_POINT('',(-9.,130.,22.));
#1157 = SURFACE_CURVE('',#1158,(#1163,#1170),.PCURVE_S1.);
#1158 = CIRCLE('',#1159,9.);
#1159 = AXIS2_PLACEMENT_3D('',#1160,#1161,#1162);
#1160 = CARTESIAN_POINT('',(0.,130.,22.));
#1161 = DIRECTION('',(0.,0.,-1.));
#1162 = DIRECTION('',(-1.,0.,0.));
#1163 = PCURVE('',#404,#1164);
#1164 = DEFINITIONAL_REPRESENTATION('',(#1165),#1169);
#1165 = LINE('',#1166,#1167);
#1166 = CARTESIAN_POINT('',(0.,8.));
#1167 = VECTOR('',#1168,1.);
#1168 = DIRECTION('',(1.,0.));
#1169 = ( GEOMETRIC_REPRESENTATION_CONTEXT(2) 
PARAMETRIC_REPRESENTATION_CONTEXT() REPRESENTATION_CONTEXT('2D SPACE',''
  ) );
#1170 = PCURVE('',#1171,#1176);
#1171 = PLANE('',#1172);
#1172 = AXIS2_PLACEMENT_3D('',#1173,#1174,#1175);
#1173 = CARTESIAN_POINT('',(0.,130.,22.));
#1174 = DIRECTION('',(0.,0.,-1.));
#1175 = DIRECTION('',(-1.,0.,0.));
#1176 = DEFINITIONAL_REPRESENTATION('',(#1177),#1181);
#1177 = CIRCLE('',#1178,9.);
#1178 = AXIS2_PLACEMENT_2D('',#1179,#1180);
#1179 = CARTESIAN_POINT('',(0.,0.));
#1180 = DIRECTION('',(1.,0.));
#1181 = ( GEOMETRIC_REPRESENTATION_CONTEXT(2) 
PARAMETRIC_REPRESENTATION_CONTEXT() REPRESENTATION_CONTEXT('2D SPACE',''
  ) );
#1182 = ORIENTED_EDGE('',*,*,#1183,.T.);
#1183 = EDGE_CURVE('',#1155,#384,#1184,.T.);
#1184 = SEAM_CURVE('',#1185,(#1189,#1196),.PCURVE_S1.);
#1185 = LINE('',#1186,#1187);
#1186 = CARTESIAN_POINT('',(-9.,130.,30.));
#1187 = VECTOR('',#1188,1.);
#1188 = DIRECTION('',(0.,0.,-1.));
#1189 = PCURVE('',#404,#1190);
#1190 = DEFINITIONAL_REPRESENTATION('',(#1191),#1195);
#1191 = LINE('',#1192,#1193);
#1192 = CARTESIAN_POINT('',(6.28318530718,0.));
#1193 = VECTOR('',#1194,1.);
#1194 = DIRECTION('',(0.,1.));
#1195 = ( GEOMETRIC_REPRESENTATION_CONTEXT(2) 
PARAMETRIC_REPRESENTATION_CONTEXT() REPRESENTATION_CONTEXT('2D SPACE',''
  ) );
#1196 = PCURVE('',#404,#1197);
#1197 = DEFINITIONAL_REPRESENTATION('',(#1198),#1202);
#1198 = LINE('',#1199,#1200);
#1199 = CARTESIAN_POINT('',(4.138911435803E-13,0.));
#1200 = VECTOR('',#1201,1.);
#1201 = DIRECTION('',(0.,1.));
#1202 = ( GEOMETRIC_REPRESENTATION_CONTEXT(2) 
PARAMETRIC_REPRESENTATION_CONTEXT() REPRESENTATION_CONTEXT('2D SPACE',''
  ) );
#1203 = ORIENTED_EDGE('',*,*,#383,.F.);
#1204 = ORIENTED_EDGE('',*,*,#1183,.F.);
#1205 = ADVANCED_FACE('',(#1206),#439,.F.);
#1206 = FACE_BOUND('',#1207,.F.);
#1207 = EDGE_LOOP('',(#1208,#1237,#1258,#1259));
#1208 = ORIENTED_EDGE('',*,*,#1209,.T.);
#1209 = EDGE_CURVE('',#1210,#1210,#1212,.T.);
#1210 = VERTEX_POINT('',#1211);
#1211 = CARTESIAN_POINT('',(83.,92.,22.));
#1212 = SURFACE_CURVE('',#1213,(#1218,#1225),.PCURVE_S1.);
#1213 = CIRCLE('',#1214,9.);
#1214 = AXIS2_PLACEMENT_3D('',#1215,#1216,#1217);
#1215 = CARTESIAN_POINT('',(92.,92.,22.));
#1216 = DIRECTION('',(0.,0.,-1.));
#1217 = DIRECTION('',(-1.,0.,0.));
#1218 = PCURVE('',#439,#1219);
#1219 = DEFINITIONAL_REPRESENTATION('',(#1220),#1224);
#1220 = LINE('',#1221,#1222);
#1221 = CARTESIAN_POINT('',(0.,8.));
#1222 = VECTOR('',#1223,1.);
#1223 = DIRECTION('',(1.,0.));
#1224 = ( GEOMETRIC_REPRESENTATION_CONTEXT(2) 
PARAMETRIC_REPRESENTATION_CONTEXT() REPRESENTATION_CONTEXT('2D SPACE',''
  ) );
#1225 = PCURVE('',#1226,#1231);
#1226 = PLANE('',#1227);
#1227 = AXIS2_PLACEMENT_3D('',#1228,#1229,#1230);
#1228 = CARTESIAN_POINT('',(92.,92.,22.));
#1229 = DIRECTION('',(0.,0.,-1.));
#1230 = DIRECTION('',(-1.,0.,0.));
#1231 = DEFINITIONAL_REPRESENTATION('',(#1232),#1236);
#1232 = CIRCLE('',#1233,9.);
#1233 = AXIS2_PLACEMENT_2D('',#1234,#1235);
#1234 = CARTESIAN_POINT('',(0.,0.));
#1235 = DIRECTION('',(1.,0.));
#1236 = ( GEOMETRIC_REPRESENTATION_CONTEXT(2) 
PARAMETRIC_REPRESENTATION_CONTEXT() REPRESENTATION_CONTEXT('2D SPACE',''
  ) );
#1237 = ORIENTED_EDGE('',*,*,#1238,.T.);
#1238 = EDGE_CURVE('',#1210,#419,#1239,.T.);
#1239 = SEAM_CURVE('',#1240,(#1244,#1251),.PCURVE_S1.);
#1240 = LINE('',#1241,#1242);
#1241 = CARTESIAN_POINT('',(83.,92.,30.));
#1242 = VECTOR('',#1243,1.);
#1243 = DIRECTION('',(0.,0.,-1.));
#1244 = PCURVE('',#439,#1245);
#1245 = DEFINITIONAL_REPRESENTATION('',(#1246),#1250);
#1246 = LINE('',#1247,#1248);
#1247 = CARTESIAN_POINT('',(6.28318530718,0.));
#1248 = VECTOR('',#1249,1.);
#1249 = DIRECTION('',(0.,1.));
#1250 = ( GEOMETRIC_REPRESENTATION_CONTEXT(2) 
PARAMETRIC_REPRESENTATION_CONTEXT() REPRESENTATION_CONTEXT('2D SPACE',''
  ) );
#1251 = PCURVE('',#439,#1252);
#1252 = DEFINITIONAL_REPRESENTATION('',(#1253),#1257);
#1253 = LINE('',#1254,#1255);
#1254 = CARTESIAN_POINT('',(4.138911435803E-13,0.));
#1255 = VECTOR('',#1256,1.);
#1256 = DIRECTION('',(0.,1.));
#1257 = ( GEOMETRIC_REPRESENTATION_CONTEXT(2) 
PARAMETRIC_REPRESENTATION_CONTEXT() REPRESENTATION_CONTEXT('2D SPACE',''
  ) );
#1258 = ORIENTED_EDGE('',*,*,#418,.F.);
#1259 = ORIENTED_EDGE('',*,*,#1238,.F.);
#1260 = ADVANCED_FACE('',(#1261),#478,.F.);
#1261 = FACE_BOUND('',#1262,.F.);
#1262 = EDGE_LOOP('',(#1263,#1287,#1308,#1309));
#1263 = ORIENTED_EDGE('',*,*,#1264,.F.);
#1264 = EDGE_CURVE('',#1265,#1265,#1267,.T.);
#1265 = VERTEX_POINT('',#1266);
#1266 = CARTESIAN_POINT('',(-107.,-92.,22.));
#1267 = SURFACE_CURVE('',#1268,(#1273,#1280),.PCURVE_S1.);
#1268 = CIRCLE('',#1269,15.);
#1269 = AXIS2_PLACEMENT_3D('',#1270,#1271,#1272);
#1270 = CARTESIAN_POINT('',(-92.,-92.,22.));
#1271 = DIRECTION('',(0.,0.,-1.));
#1272 = DIRECTION('',(-1.,0.,0.));
#1273 = PCURVE('',#478,#1274);
#1274 = DEFINITIONAL_REPRESENTATION('',(#1275),#1279);
#1275 = LINE('',#1276,#1277);
#1276 = CARTESIAN_POINT('',(0.,8.));
#1277 = VECTOR('',#1278,1.);
#1278 = DIRECTION('',(1.,0.));
#1279 = ( GEOMETRIC_REPRESENTATION_CONTEXT(2) 
PARAMETRIC_REPRESENTATION_CONTEXT() REPRESENTATION_CONTEXT('2D SPACE',''
  ) );
#1280 = PCURVE('',#786,#1281);
#1281 = DEFINITIONAL_REPRESENTATION('',(#1282),#1286);
#1282 = CIRCLE('',#1283,15.);
#1283 = AXIS2_PLACEMENT_2D('',#1284,#1285);
#1284 = CARTESIAN_POINT('',(0.,0.));
#1285 = DIRECTION('',(1.,0.));
#1286 = ( GEOMETRIC_REPRESENTATION_CONTEXT(2) 
PARAMETRIC_REPRESENTATION_CONTEXT() REPRESENTATION_CONTEXT('2D SPACE',''
  ) );
#1287 = ORIENTED_EDGE('',*,*,#1288,.F.);
#1288 = EDGE_CURVE('',#458,#1265,#1289,.T.);
#1289 = SEAM_CURVE('',#1290,(#1294,#1301),.PCURVE_S1.);
#1290 = LINE('',#1291,#1292);
#1291 = CARTESIAN_POINT('',(-107.,-92.,30.));
#1292 = VECTOR('',#1293,1.);
#1293 = DIRECTION('',(0.,0.,-1.));
#1294 = PCURVE('',#478,#1295);
#1295 = DEFINITIONAL_REPRESENTATION('',(#1296),#1300);
#1296 = LINE('',#1297,#1298);
#1297 = CARTESIAN_POINT('',(0.,-0.));
#1298 = VECTOR('',#1299,1.);
#1299 = DIRECTION('',(0.,1.));
#1300 = ( GEOMETRIC_REPRESENTATION_CONTEXT(2) 
PARAMETRIC_REPRESENTATION_CONTEXT() REPRESENTATION_CONTEXT('2D SPACE',''
  ) );
#1301 = PCURVE('',#478,#1302);
#1302 = DEFINITIONAL_REPRESENTATION('',(#1303),#1307);
#1303 = LINE('',#1304,#1305);
#1304 = CARTESIAN_POINT('',(6.28318530718,-0.));
#1305 = VECTOR('',#1306,1.);
#1306 = DIRECTION('',(0.,1.));
#1307 = ( GEOMETRIC_REPRESENTATION_CONTEXT(2) 
PARAMETRIC_REPRESENTATION_CONTEXT() REPRESENTATION_CONTEXT('2D SPACE',''
  ) );
#1308 = ORIENTED_EDGE('',*,*,#457,.T.);
#1309 = ORIENTED_EDGE('',*,*,#1288,.T.);
#1310 = ADVANCED_FACE('',(#1311),#513,.F.);
#1311 = FACE_BOUND('',#1312,.F.);
#1312 = EDGE_LOOP('',(#1313,#1337,#1358,#1359));
#1313 = ORIENTED_EDGE('',*,*,#1314,.F.);
#1314 = EDGE_CURVE('',#1315,#1315,#1317,.T.);
#1315 = VERTEX_POINT('',#1316);
#1316 = CARTESIAN_POINT('',(-15.,-130.,22.));
#1317 = SURFACE_CURVE('',#1318,(#1323,#1330),.PCURVE_S1.);
#1318 = CIRCLE('',#1319,15.);
#1319 = AXIS2_PLACEMENT_3D('',#1320,#1321,#1322);
#1320 = CARTESIAN_POINT('',(0.,-130.,22.));
#1321 = DIRECTION('',(0.,0.,-1.));
#1322 = DIRECTION('',(-1.,0.,0.));
#1323 = PCURVE('',#513,#1324);
#1324 = DEFINITIONAL_REPRESENTATION('',(#1325),#1329);
#1325 = LINE('',#1326,#1327);
#1326 = CARTESIAN_POINT('',(0.,8.));
#1327 = VECTOR('',#1328,1.);
#1328 = DIRECTION('',(1.,0.));
#1329 = ( GEOMETRIC_REPRESENTATION_CONTEXT(2) 
PARAMETRIC_REPRESENTATION_CONTEXT() REPRESENTATION_CONTEXT('2D SPACE',''
  ) );
#1330 = PCURVE('',#841,#1331);
#1331 = DEFINITIONAL_REPRESENTATION('',(#1332),#1336);
#1332 = CIRCLE('',#1333,15.);
#1333 = AXIS2_PLACEMENT_2D('',#1334,#1335);
#1334 = CARTESIAN_POINT('',(0.,0.));
#1335 = DIRECTION('',(1.,0.));
#1336 = ( GEOMETRIC_REPRESENTATION_CONTEXT(2) 
PARAMETRIC_REPRESENTATION_CONTEXT() REPRESENTATION_CONTEXT('2D SPACE',''
  ) );
#1337 = ORIENTED_EDGE('',*,*,#1338,.F.);
#1338 = EDGE_CURVE('',#493,#1315,#1339,.T.);
#1339 = SEAM_CURVE('',#1340,(#1344,#1351),.PCURVE_S1.);
#1340 = LINE('',#1341,#1342);
#1341 = CARTESIAN_POINT('',(-15.,-130.,30.));
#1342 = VECTOR('',#1343,1.);
#1343 = DIRECTION('',(0.,0.,-1.));
#1344 = PCURVE('',#513,#1345);
#1345 = DEFINITIONAL_REPRESENTATION('',(#1346),#1350);
#1346 = LINE('',#1347,#1348);
#1347 = CARTESIAN_POINT('',(0.,-0.));
#1348 = VECTOR('',#1349,1.);
#1349 = DIRECTION('',(0.,1.));
#1350 = ( GEOMETRIC_REPRESENTATION_CONTEXT(2) 
PARAMETRIC_REPRESENTATION_CONTEXT() REPRESENTATION_CONTEXT('2D SPACE',''
  ) );
#1351 = PCURVE('',#513,#1352);
#1352 = DEFINITIONAL_REPRESENTATION('',(#1353),#1357);
#1353 = LINE('',#1354,#1355);
#1354 = CARTESIAN_POINT('',(6.28318530718,-0.));
#1355 = VECTOR('',#1356,1.);
#1356 = DIRECTION('',(0.,1.));
#1357 = ( GEOMETRIC_REPRESENTATION_CONTEXT(2) 
PARAMETRIC_REPRESENTATION_CONTEXT() REPRESENTATION_CONTEXT('2D SPACE',''
  ) );
#1358 = ORIENTED_EDGE('',*,*,#492,.T.);
#1359 = ORIENTED_EDGE('',*,*,#1338,.T.);
#1360 = ADVANCED_FACE('',(#1361),#548,.F.);
#1361 = FACE_BOUND('',#1362,.F.);
#1362 = EDGE_LOOP('',(#1363,#1387,#1408,#1409));
#1363 = ORIENTED_EDGE('',*,*,#1364,.F.);
#1364 = EDGE_CURVE('',#1365,#1365,#1367,.T.);
#1365 = VERTEX_POINT('',#1366);
#1366 = CARTESIAN_POINT('',(77.,-92.,22.));
#1367 = SURFACE_CURVE('',#1368,(#1373,#1380),.PCURVE_S1.);
#1368 = CIRCLE('',#1369,15.);
#1369 = AXIS2_PLACEMENT_3D('',#1370,#1371,#1372);
#1370 = CARTESIAN_POINT('',(92.,-92.,22.));
#1371 = DIRECTION('',(0.,0.,-1.));
#1372 = DIRECTION('',(-1.,0.,0.));
#1373 = PCURVE('',#548,#1374);
#1374 = DEFINITIONAL_REPRESENTATION('',(#1375),#1379);
#1375 = LINE('',#1376,#1377);
#1376 = CARTESIAN_POINT('',(0.,8.));
#1377 = VECTOR('',#1378,1.);
#1378 = DIRECTION('',(1.,0.));
#1379 = ( GEOMETRIC_REPRESENTATION_CONTEXT(2) 
PARAMETRIC_REPRESENTATION_CONTEXT() REPRESENTATION_CONTEXT('2D SPACE',''
  ) );
#1380 = PCURVE('',#896,#1381);
#1381 = DEFINITIONAL_REPRESENTATION('',(#1382),#1386);
#1382 = CIRCLE('',#1383,15.);
#1383 = AXIS2_PLACEMENT_2D('',#1384,#1385);
#1384 = CARTESIAN_POINT('',(0.,0.));
#1385 = DIRECTION('',(1.,0.));
#1386 = ( GEOMETRIC_REPRESENTATION_CONTEXT(2) 
PARAMETRIC_REPRESENTATION_CONTEXT() REPRESENTATION_CONTEXT('2D SPACE',''
  ) );
#1387 = ORIENTED_EDGE('',*,*,#1388,.F.);
#1388 = EDGE_CURVE('',#528,#1365,#1389,.T.);
#1389 = SEAM_CURVE('',#1390,(#1394,#1401),.PCURVE_S1.);
#1390 = LINE('',#1391,#1392);
#1391 = CARTESIAN_POINT('',(77.,-92.,30.));
#1392 = VECTOR('',#1393,1.);
#1393 = DIRECTION('',(0.,0.,-1.));
#1394 = PCURVE('',#548,#1395);
#1395 = DEFINITIONAL_REPRESENTATION('',(#1396),#1400);
#1396 = LINE('',#1397,#1398);
#1397 = CARTESIAN_POINT('',(0.,-0.));
#1398 = VECTOR('',#1399,1.);
#1399 = DIRECTION('',(0.,1.));
#1400 = ( GEOMETRIC_REPRESENTATION_CONTEXT(2) 
PARAMETRIC_REPRESENTATION_CONTEXT() REPRESENTATION_CONTEXT('2D SPACE',''
  ) );
#1401 = PCURVE('',#548,#1402);
#1402 = DEFINITIONAL_REPRESENTATION('',(#1403),#1407);
#1403 = LINE('',#1404,#1405);
#1404 = CARTESIAN_POINT('',(6.28318530718,-0.));
#1405 = VECTOR('',#1406,1.);
#1406 = DIRECTION('',(0.,1.));
#1407 = ( GEOMETRIC_REPRESENTATION_CONTEXT(2) 
PARAMETRIC_REPRESENTATION_CONTEXT() REPRESENTATION_CONTEXT('2D SPACE',''
  ) );
#1408 = ORIENTED_EDGE('',*,*,#527,.T.);
#1409 = ORIENTED_EDGE('',*,*,#1388,.T.);
#1410 = ADVANCED_FACE('',(#1411),#583,.F.);
#1411 = FACE_BOUND('',#1412,.F.);
#1412 = EDGE_LOOP('',(#1413,#1437,#1458,#1459));
#1413 = ORIENTED_EDGE('',*,*,#1414,.F.);
#1414 = EDGE_CURVE('',#1415,#1415,#1417,.T.);
#1415 = VERTEX_POINT('',#1416);
#1416 = CARTESIAN_POINT('',(-145.,-3.673940397442E-15,22.));
#1417 = SURFACE_CURVE('',#1418,(#1423,#1430),.PCURVE_S1.);
#1418 = CIRCLE('',#1419,15.);
#1419 = AXIS2_PLACEMENT_3D('',#1420,#1421,#1422);
#1420 = CARTESIAN_POINT('',(-130.,0.,22.));
#1421 = DIRECTION('',(0.,0.,-1.));
#1422 = DIRECTION('',(-1.,0.,0.));
#1423 = PCURVE('',#583,#1424);
#1424 = DEFINITIONAL_REPRESENTATION('',(#1425),#1429);
#1425 = LINE('',#1426,#1427);
#1426 = CARTESIAN_POINT('',(0.,8.));
#1427 = VECTOR('',#1428,1.);
#1428 = DIRECTION('',(1.,0.));
#1429 = ( GEOMETRIC_REPRESENTATION_CONTEXT(2) 
PARAMETRIC_REPRESENTATION_CONTEXT() REPRESENTATION_CONTEXT('2D SPACE',''
  ) );
#1430 = PCURVE('',#951,#1431);
#1431 = DEFINITIONAL_REPRESENTATION('',(#1432),#1436);
#1432 = CIRCLE('',#1433,15.);
#1433 = AXIS2_PLACEMENT_2D('',#1434,#1435);
#1434 = CARTESIAN_POINT('',(0.,0.));
#1435 = DIRECTION('',(1.,0.));
#1436 = ( GEOMETRIC_REPRESENTATION_CONTEXT(2) 
PARAMETRIC_REPRESENTATION_CONTEXT() REPRESENTATION_CONTEXT('2D SPACE',''
  ) );
#1437 = ORIENTED_EDGE('',*,*,#1438,.F.);
#1438 = EDGE_CURVE('',#563,#1415,#1439,.T.);
#1439 = SEAM_CURVE('',#1440,(#1444,#1451),.PCURVE_S1.);
#1440 = LINE('',#1441,#1442);
#1441 = CARTESIAN_POINT('',(-145.,-3.673940397442E-15,30.));
#1442 = VECTOR('',#1443,1.);
#1443 = DIRECTION('',(0.,0.,-1.));
#1444 = PCURVE('',#583,#1445);
#1445 = DEFINITIONAL_REPRESENTATION('',(#1446),#1450);
#1446 = LINE('',#1447,#1448);
#1447 = CARTESIAN_POINT('',(0.,-0.));
#1448 = VECTOR('',#1449,1.);
#1449 = DIRECTION('',(0.,1.));
#1450 = ( GEOMETRIC_REPRESENTATION_CONTEXT(2) 
PARAMETRIC_REPRESENTATION_CONTEXT() REPRESENTATION_CONTEXT('2D SPACE',''
  ) );
#1451 = PCURVE('',#583,#1452);
#1452 = DEFINITIONAL_REPRESENTATION('',(#1453),#1457);
#1453 = LINE('',#1454,#1455);
#1454 = CARTESIAN_POINT('',(6.28318530718,-0.));
#1455 = VECTOR('',#1456,1.);
#1456 = DIRECTION('',(0.,1.));
#1457 = ( GEOMETRIC_REPRESENTATION_CONTEXT(2) 
PARAMETRIC_REPRESENTATION_CONTEXT() REPRESENTATION_CONTEXT('2D SPACE',''
  ) );
#1458 = ORIENTED_EDGE('',*,*,#562,.T.);
#1459 = ORIENTED_EDGE('',*,*,#1438,.T.);
#1460 = ADVANCED_FACE('',(#1461),#618,.F.);
#1461 = FACE_BOUND('',#1462,.F.);
#1462 = EDGE_LOOP('',(#1463,#1487,#1508,#1509));
#1463 = ORIENTED_EDGE('',*,*,#1464,.F.);
#1464 = EDGE_CURVE('',#1465,#1465,#1467,.T.);
#1465 = VERTEX_POINT('',#1466);
#1466 = CARTESIAN_POINT('',(-107.,92.,22.));
#1467 = SURFACE_CURVE('',#1468,(#1473,#1480),.PCURVE_S1.);
#1468 = CIRCLE('',#1469,15.);
#1469 = AXIS2_PLACEMENT_3D('',#1470,#1471,#1472);
#1470 = CARTESIAN_POINT('',(-92.,92.,22.));
#1471 = DIRECTION('',(0.,0.,-1.));
#1472 = DIRECTION('',(-1.,0.,0.));
#1473 = PCURVE('',#618,#1474);
#1474 = DEFINITIONAL_REPRESENTATION('',(#1475),#1479);
#1475 = LINE('',#1476,#1477);
#1476 = CARTESIAN_POINT('',(0.,8.));
#1477 = VECTOR('',#1478,1.);
#1478 = DIRECTION('',(1.,0.));
#1479 = ( GEOMETRIC_REPRESENTATION_CONTEXT(2) 
PARAMETRIC_REPRESENTATION_CONTEXT() REPRESENTATION_CONTEXT('2D SPACE',''
  ) );
#1480 = PCURVE('',#1006,#1481);
#1481 = DEFINITIONAL_REPRESENTATION('',(#1482),#1486);
#1482 = CIRCLE('',#1483,15.);
#1483 = AXIS2_PLACEMENT_2D('',#1484,#1485);
#1484 = CARTESIAN_POINT('',(0.,0.));
#1485 = DIRECTION('',(1.,0.));
#1486 = ( GEOMETRIC_REPRESENTATION_CONTEXT(2) 
PARAMETRIC_REPRESENTATION_CONTEXT() REPRESENTATION_CONTEXT('2D SPACE',''
  ) );
#1487 = ORIENTED_EDGE('',*,*,#1488,.F.);
#1488 = EDGE_CURVE('',#598,#1465,#1489,.T.);
#1489 = SEAM_CURVE('',#1490,(#1494,#1501),.PCURVE_S1.);
#1490 = LINE('',#1491,#1492);
#1491 = CARTESIAN_POINT('',(-107.,92.,30.));
#1492 = VECTOR('',#1493,1.);
#1493 = DIRECTION('',(0.,0.,-1.));
#1494 = PCURVE('',#618,#1495);
#1495 = DEFINITIONAL_REPRESENTATION('',(#1496),#1500);
#1496 = LINE('',#1497,#1498);
#1497 = CARTESIAN_POINT('',(0.,-0.));
#1498 = VECTOR('',#1499,1.);
#1499 = DIRECTION('',(0.,1.));
#1500 = ( GEOMETRIC_REPRESENTATION_CONTEXT(2) 
PARAMETRIC_REPRESENTATION_CONTEXT() REPRESENTATION_CONTEXT('2D SPACE',''
  ) );
#1501 = PCURVE('',#618,#1502);
#1502 = DEFINITIONAL_REPRESENTATION('',(#1503),#1507);
#1503 = LINE('',#1504,#1505);
#1504 = CARTESIAN_POINT('',(6.28318530718,-0.));
#1505 = VECTOR('',#1506,1.);
#1506 = DIRECTION('',(0.,1.));
#1507 = ( GEOMETRIC_REPRESENTATION_CONTEXT(2) 
PARAMETRIC_REPRESENTATION_CONTEXT() REPRESENTATION_CONTEXT('2D SPACE',''
  ) );
#1508 = ORIENTED_EDGE('',*,*,#597,.T.);
#1509 = ORIENTED_EDGE('',*,*,#1488,.T.);
#1510 = ADVANCED_FACE('',(#1511),#649,.T.);
#1511 = FACE_BOUND('',#1512,.T.);
#1512 = EDGE_LOOP('',(#1513,#1514,#1537,#1559));
#1513 = ORIENTED_EDGE('',*,*,#632,.T.);
#1514 = ORIENTED_EDGE('',*,*,#1515,.T.);
#1515 = EDGE_CURVE('',#633,#1516,#1518,.T.);
#1516 = VERTEX_POINT('',#1517);
#1517 = CARTESIAN_POINT('',(105.,0.,48.));
#1518 = SEAM_CURVE('',#1519,(#1523,#1530),.PCURVE_S1.);
#1519 = LINE('',#1520,#1521);
#1520 = CARTESIAN_POINT('',(105.,0.,30.));
#1521 = VECTOR('',#1522,1.);
#1522 = DIRECTION('',(0.,0.,1.));
#1523 = PCURVE('',#649,#1524);
#1524 = DEFINITIONAL_REPRESENTATION('',(#1525),#1529);
#1525 = LINE('',#1526,#1527);
#1526 = CARTESIAN_POINT('',(-4.138911435803E-13,0.));
#1527 = VECTOR('',#1528,1.);
#1528 = DIRECTION('',(-0.,-1.));
#1529 = ( GEOMETRIC_REPRESENTATION_CONTEXT(2) 
PARAMETRIC_REPRESENTATION_CONTEXT() REPRESENTATION_CONTEXT('2D SPACE',''
  ) );
#1530 = PCURVE('',#649,#1531);
#1531 = DEFINITIONAL_REPRESENTATION('',(#1532),#1536);
#1532 = LINE('',#1533,#1534);
#1533 = CARTESIAN_POINT('',(6.28318530718,0.));
#1534 = VECTOR('',#1535,1.);
#1535 = DIRECTION('',(-0.,-1.));
#1536 = ( GEOMETRIC_REPRESENTATION_CONTEXT(2) 
PARAMETRIC_REPRESENTATION_CONTEXT() REPRESENTATION_CONTEXT('2D SPACE',''
  ) );
#1537 = ORIENTED_EDGE('',*,*,#1538,.F.);
#1538 = EDGE_CURVE('',#1516,#1516,#1539,.T.);
#1539 = SURFACE_CURVE('',#1540,(#1545,#1552),.PCURVE_S1.);
#1540 = CIRCLE('',#1541,105.);
#1541 = AXIS2_PLACEMENT_3D('',#1542,#1543,#1544);
#1542 = CARTESIAN_POINT('',(0.,0.,48.));
#1543 = DIRECTION('',(0.,0.,1.));
#1544 = DIRECTION('',(1.,0.,-0.));
#1545 = PCURVE('',#649,#1546);
#1546 = DEFINITIONAL_REPRESENTATION('',(#1547),#1551);
#1547 = LINE('',#1548,#1549);
#1548 = CARTESIAN_POINT('',(6.28318530718,-18.));
#1549 = VECTOR('',#1550,1.);
#1550 = DIRECTION('',(-1.,0.));
#1551 = ( GEOMETRIC_REPRESENTATION_CONTEXT(2) 
PARAMETRIC_REPRESENTATION_CONTEXT() REPRESENTATION_CONTEXT('2D SPACE',''
  ) );
#1552 = PCURVE('',#1082,#1553);
#1553 = DEFINITIONAL_REPRESENTATION('',(#1554),#1558);
#1554 = CIRCLE('',#1555,105.);
#1555 = AXIS2_PLACEMENT_2D('',#1556,#1557);
#1556 = CARTESIAN_POINT('',(1.000184782657E-14,4.286263797016E-15));
#1557 = DIRECTION('',(1.,0.));
#1558 = ( GEOMETRIC_REPRESENTATION_CONTEXT(2) 
PARAMETRIC_REPRESENTATION_CONTEXT() REPRESENTATION_CONTEXT('2D SPACE',''
  ) );
#1559 = ORIENTED_EDGE('',*,*,#1515,.F.);
#1560 = ADVANCED_FACE('',(#1561),#684,.F.);
#1561 = FACE_BOUND('',#1562,.F.);
#1562 = EDGE_LOOP('',(#1563,#1587,#1608,#1609));
#1563 = ORIENTED_EDGE('',*,*,#1564,.F.);
#1564 = EDGE_CURVE('',#1565,#1565,#1567,.T.);
#1565 = VERTEX_POINT('',#1566);
#1566 = CARTESIAN_POINT('',(115.,-3.673940397442E-15,22.));
#1567 = SURFACE_CURVE('',#1568,(#1573,#1580),.PCURVE_S1.);
#1568 = CIRCLE('',#1569,15.);
#1569 = AXIS2_PLACEMENT_3D('',#1570,#1571,#1572);
#1570 = CARTESIAN_POINT('',(130.,0.,22.));
#1571 = DIRECTION('',(0.,0.,-1.));
#1572 = DIRECTION('',(-1.,0.,0.));
#1573 = PCURVE('',#684,#1574);
#1574 = DEFINITIONAL_REPRESENTATION('',(#1575),#1579);
#1575 = LINE('',#1576,#1577);
#1576 = CARTESIAN_POINT('',(0.,8.));
#1577 = VECTOR('',#1578,1.);
#1578 = DIRECTION('',(1.,0.));
#1579 = ( GEOMETRIC_REPRESENTATION_CONTEXT(2) 
PARAMETRIC_REPRESENTATION_CONTEXT() REPRESENTATION_CONTEXT('2D SPACE',''
  ) );
#1580 = PCURVE('',#1116,#1581);
#1581 = DEFINITIONAL_REPRESENTATION('',(#1582),#1586);
#1582 = CIRCLE('',#1583,15.);
#1583 = AXIS2_PLACEMENT_2D('',#1584,#1585);
#1584 = CARTESIAN_POINT('',(0.,0.));
#1585 = DIRECTION('',(1.,0.));
#1586 = ( GEOMETRIC_REPRESENTATION_CONTEXT(2) 
PARAMETRIC_REPRESENTATION_CONTEXT() REPRESENTATION_CONTEXT('2D SPACE',''
  ) );
#1587 = ORIENTED_EDGE('',*,*,#1588,.F.);
#1588 = EDGE_CURVE('',#664,#1565,#1589,.T.);
#1589 = SEAM_CURVE('',#1590,(#1594,#1601),.PCURVE_S1.);
#1590 = LINE('',#1591,#1592);
#1591 = CARTESIAN_POINT('',(115.,-3.673940397442E-15,30.));
#1592 = VECTOR('',#1593,1.);
#1593 = DIRECTION('',(0.,0.,-1.));
#1594 = PCURVE('',#684,#1595);
#1595 = DEFINITIONAL_REPRESENTATION('',(#1596),#1600);
#1596 = LINE('',#1597,#1598);
#1597 = CARTESIAN_POINT('',(0.,-0.));
#1598 = VECTOR('',#1599,1.);
#1599 = DIRECTION('',(0.,1.));
#1600 = ( GEOMETRIC_REPRESENTATION_CONTEXT(2) 
PARAMETRIC_REPRESENTATION_CONTEXT() REPRESENTATION_CONTEXT('2D SPACE',''
  ) );
#1601 = PCURVE('',#684,#1602);
#1602 = DEFINITIONAL_REPRESENTATION('',(#1603),#1607);
#1603 = LINE('',#1604,#1605);
#1604 = CARTESIAN_POINT('',(6.28318530718,-0.));
#1605 = VECTOR('',#1606,1.);
#1606 = DIRECTION('',(0.,1.));
#1607 = ( GEOMETRIC_REPRESENTATION_CONTEXT(2) 
PARAMETRIC_REPRESENTATION_CONTEXT() REPRESENTATION_CONTEXT('2D SPACE',''
  ) );
#1608 = ORIENTED_EDGE('',*,*,#663,.T.);
#1609 = ORIENTED_EDGE('',*,*,#1588,.T.);
#1610 = ADVANCED_FACE('',(#1611),#719,.F.);
#1611 = FACE_BOUND('',#1612,.F.);
#1612 = EDGE_LOOP('',(#1613,#1637,#1658,#1659));
#1613 = ORIENTED_EDGE('',*,*,#1614,.F.);
#1614 = EDGE_CURVE('',#1615,#1615,#1617,.T.);
#1615 = VERTEX_POINT('',#1616);
#1616 = CARTESIAN_POINT('',(-15.,130.,22.));
#1617 = SURFACE_CURVE('',#1618,(#1623,#1630),.PCURVE_S1.);
#1618 = CIRCLE('',#1619,15.);
#1619 = AXIS2_PLACEMENT_3D('',#1620,#1621,#1622);
#1620 = CARTESIAN_POINT('',(0.,130.,22.));
#1621 = DIRECTION('',(0.,0.,-1.));
#1622 = DIRECTION('',(-1.,0.,0.));
#1623 = PCURVE('',#719,#1624);
#1624 = DEFINITIONAL_REPRESENTATION('',(#1625),#1629);
#1625 = LINE('',#1626,#1627);
#1626 = CARTESIAN_POINT('',(0.,8.));
#1627 = VECTOR('',#1628,1.);
#1628 = DIRECTION('',(1.,0.));
#1629 = ( GEOMETRIC_REPRESENTATION_CONTEXT(2) 
PARAMETRIC_REPRESENTATION_CONTEXT() REPRESENTATION_CONTEXT('2D SPACE',''
  ) );
#1630 = PCURVE('',#1171,#1631);
#1631 = DEFINITIONAL_REPRESENTATION('',(#1632),#1636);
#1632 = CIRCLE('',#1633,15.);
#1633 = AXIS2_PLACEMENT_2D('',#1634,#1635);
#1634 = CARTESIAN_POINT('',(0.,0.));
#1635 = DIRECTION('',(1.,0.));
#1636 = ( GEOMETRIC_REPRESENTATION_CONTEXT(2) 
PARAMETRIC_REPRESENTATION_CONTEXT() REPRESENTATION_CONTEXT('2D SPACE',''
  ) );
#1637 = ORIENTED_EDGE('',*,*,#1638,.F.);
#1638 = EDGE_CURVE('',#699,#1615,#1639,.T.);
#1639 = SEAM_CURVE('',#1640,(#1644,#1651),.PCURVE_S1.);
#1640 = LINE('',#1641,#1642);
#1641 = CARTESIAN_POINT('',(-15.,130.,30.));
#1642 = VECTOR('',#1643,1.);
#1643 = DIRECTION('',(0.,0.,-1.));
#1644 = PCURVE('',#719,#1645);
#1645 = DEFINITIONAL_REPRESENTATION('',(#1646),#1650);
#1646 = LINE('',#1647,#1648);
#1647 = CARTESIAN_POINT('',(0.,-0.));
#1648 = VECTOR('',#1649,1.);
#1649 = DIRECTION('',(0.,1.));
#1650 = ( GEOMETRIC_REPRESENTATION_CONTEXT(2) 
PARAMETRIC_REPRESENTATION_CONTEXT() REPRESENTATION_CONTEXT('2D SPACE',''
  ) );
#1651 = PCURVE('',#719,#1652);
#1652 = DEFINITIONAL_REPRESENTATION('',(#1653),#1657);
#1653 = LINE('',#1654,#1655);
#1654 = CARTESIAN_POINT('',(6.28318530718,-0.));
#1655 = VECTOR('',#1656,1.);
#1656 = DIRECTION('',(0.,1.));
#1657 = ( GEOMETRIC_REPRESENTATION_CONTEXT(2) 
PARAMETRIC_REPRESENTATION_CONTEXT() REPRESENTATION_CONTEXT('2D SPACE',''
  ) );
#1658 = ORIENTED_EDGE('',*,*,#698,.T.);
#1659 = ORIENTED_EDGE('',*,*,#1638,.T.);
#1660 = ADVANCED_FACE('',(#1661),#754,.F.);
#1661 = FACE_BOUND('',#1662,.F.);
#1662 = EDGE_LOOP('',(#1663,#1687,#1708,#1709));
#1663 = ORIENTED_EDGE('',*,*,#1664,.F.);
#1664 = EDGE_CURVE('',#1665,#1665,#1667,.T.);
#1665 = VERTEX_POINT('',#1666);
#1666 = CARTESIAN_POINT('',(77.,92.,22.));
#1667 = SURFACE_CURVE('',#1668,(#1673,#1680),.PCURVE_S1.);
#1668 = CIRCLE('',#1669,15.);
#1669 = AXIS2_PLACEMENT_3D('',#1670,#1671,#1672);
#1670 = CARTESIAN_POINT('',(92.,92.,22.));
#1671 = DIRECTION('',(0.,0.,-1.));
#1672 = DIRECTION('',(-1.,0.,0.));
#1673 = PCURVE('',#754,#1674);
#1674 = DEFINITIONAL_REPRESENTATION('',(#1675),#1679);
#1675 = LINE('',#1676,#1677);
#1676 = CARTESIAN_POINT('',(0.,8.));
#1677 = VECTOR('',#1678,1.);
#1678 = DIRECTION('',(1.,0.));
#1679 = ( GEOMETRIC_REPRESENTATION_CONTEXT(2) 
PARAMETRIC_REPRESENTATION_CONTEXT() REPRESENTATION_CONTEXT('2D SPACE',''
  ) );
#1680 = PCURVE('',#1226,#1681);
#1681 = DEFINITIONAL_REPRESENTATION('',(#1682),#1686);
#1682 = CIRCLE('',#1683,15.);
#1683 = AXIS2_PLACEMENT_2D('',#1684,#1685);
#1684 = CARTESIAN_POINT('',(0.,0.));
#1685 = DIRECTION('',(1.,0.));
#1686 = ( GEOMETRIC_REPRESENTATION_CONTEXT(2) 
PARAMETRIC_REPRESENTATION_CONTEXT() REPRESENTATION_CONTEXT('2D SPACE',''
  ) );
#1687 = ORIENTED_EDGE('',*,*,#1688,.F.);
#1688 = EDGE_CURVE('',#734,#1665,#1689,.T.);
#1689 = SEAM_CURVE('',#1690,(#1694,#1701),.PCURVE_S1.);
#1690 = LINE('',#1691,#1692);
#1691 = CARTESIAN_POINT('',(77.,92.,30.));
#1692 = VECTOR('',#1693,1.);
#1693 = DIRECTION('',(0.,0.,-1.));
#1694 = PCURVE('',#754,#1695);
#1695 = DEFINITIONAL_REPRESENTATION('',(#1696),#1700);
#1696 = LINE('',#1697,#1698);
#1697 = CARTESIAN_POINT('',(0.,-0.));
#1698 = VECTOR('',#1699,1.);
#1699 = DIRECTION('',(0.,1.));
#1700 = ( GEOMETRIC_REPRESENTATION_CONTEXT(2) 
PARAMETRIC_REPRESENTATION_CONTEXT() REPRESENTATION_CONTEXT('2D SPACE',''
  ) );
#1701 = PCURVE('',#754,#1702);
#1702 = DEFINITIONAL_REPRESENTATION('',(#1703),#1707);
#1703 = LINE('',#1704,#1705);
#1704 = CARTESIAN_POINT('',(6.28318530718,-0.));
#1705 = VECTOR('',#1706,1.);
#1706 = DIRECTION('',(0.,1.));
#1707 = ( GEOMETRIC_REPRESENTATION_CONTEXT(2) 
PARAMETRIC_REPRESENTATION_CONTEXT() REPRESENTATION_CONTEXT('2D SPACE',''
  ) );
#1708 = ORIENTED_EDGE('',*,*,#733,.T.);
#1709 = ORIENTED_EDGE('',*,*,#1688,.T.);
#1710 = ADVANCED_FACE('',(#1711,#1714),#786,.F.);
#1711 = FACE_BOUND('',#1712,.F.);
#1712 = EDGE_LOOP('',(#1713));
#1713 = ORIENTED_EDGE('',*,*,#1264,.T.);
#1714 = FACE_BOUND('',#1715,.F.);
#1715 = EDGE_LOOP('',(#1716));
#1716 = ORIENTED_EDGE('',*,*,#769,.F.);
#1717 = ADVANCED_FACE('',(#1718,#1721),#841,.F.);
#1718 = FACE_BOUND('',#1719,.F.);
#1719 = EDGE_LOOP('',(#1720));
#1720 = ORIENTED_EDGE('',*,*,#1314,.T.);
#1721 = FACE_BOUND('',#1722,.F.);
#1722 = EDGE_LOOP('',(#1723));
#1723 = ORIENTED_EDGE('',*,*,#824,.F.);
#1724 = ADVANCED_FACE('',(#1725,#1728),#896,.F.);
#1725 = FACE_BOUND('',#1726,.F.);
#1726 = EDGE_LOOP('',(#1727));
#1727 = ORIENTED_EDGE('',*,*,#1364,.T.);
#1728 = FACE_BOUND('',#1729,.F.);
#1729 = EDGE_LOOP('',(#1730));
#1730 = ORIENTED_EDGE('',*,*,#879,.F.);
#1731 = ADVANCED_FACE('',(#1732,#1735),#951,.F.);
#1732 = FACE_BOUND('',#1733,.F.);
#1733 = EDGE_LOOP('',(#1734));
#1734 = ORIENTED_EDGE('',*,*,#1414,.T.);
#1735 = FACE_BOUND('',#1736,.F.);
#1736 = EDGE_LOOP('',(#1737));
#1737 = ORIENTED_EDGE('',*,*,#934,.F.);
#1738 = ADVANCED_FACE('',(#1739,#1742),#1006,.F.);
#1739 = FACE_BOUND('',#1740,.F.);
#1740 = EDGE_LOOP('',(#1741));
#1741 = ORIENTED_EDGE('',*,*,#1464,.T.);
#1742 = FACE_BOUND('',#1743,.F.);
#1743 = EDGE_LOOP('',(#1744));
#1744 = ORIENTED_EDGE('',*,*,#989,.F.);
#1745 = ADVANCED_FACE('',(#1746,#1749),#1082,.T.);
#1746 = FACE_BOUND('',#1747,.T.);
#1747 = EDGE_LOOP('',(#1748));
#1748 = ORIENTED_EDGE('',*,*,#1538,.T.);
#1749 = FACE_BOUND('',#1750,.T.);
#1750 = EDGE_LOOP('',(#1751));
#1751 = ORIENTED_EDGE('',*,*,#1067,.F.);
#1752 = ADVANCED_FACE('',(#1753,#1756),#1116,.F.);
#1753 = FACE_BOUND('',#1754,.F.);
#1754 = EDGE_LOOP('',(#1755));
#1755 = ORIENTED_EDGE('',*,*,#1564,.T.);
#1756 = FACE_BOUND('',#1757,.F.);
#1757 = EDGE_LOOP('',(#1758));
#1758 = ORIENTED_EDGE('',*,*,#1099,.F.);
#1759 = ADVANCED_FACE('',(#1760,#1763),#1171,.F.);
#1760 = FACE_BOUND('',#1761,.F.);
#1761 = EDGE_LOOP('',(#1762));
#1762 = ORIENTED_EDGE('',*,*,#1614,.T.);
#1763 = FACE_BOUND('',#1764,.F.);
#1764 = EDGE_LOOP('',(#1765));
#1765 = ORIENTED_EDGE('',*,*,#1154,.F.);
#1766 = ADVANCED_FACE('',(#1767,#1770),#1226,.F.);
#1767 = FACE_BOUND('',#1768,.F.);
#1768 = EDGE_LOOP('',(#1769));
#1769 = ORIENTED_EDGE('',*,*,#1664,.T.);
#1770 = FACE_BOUND('',#1771,.F.);
#1771 = EDGE_LOOP('',(#1772));
#1772 = ORIENTED_EDGE('',*,*,#1209,.F.);
#1773 = ( GEOMETRIC_REPRESENTATION_CONTEXT(3) 
GLOBAL_UNCERTAINTY_ASSIGNED_CONTEXT((#1777)) 
GLOBAL_UNIT_ASSIGNED_CONTEXT((#1774,#1775,#1776)) REPRESENTATION_CONTEXT
('Context #1','3D Context with UNIT and UNCERTAINTY') );
#1774 = ( LENGTH_UNIT() NAMED_UNIT(*) SI_UNIT(.MILLI.,.METRE.) );
#1775 = ( NAMED_UNIT(*) PLANE_ANGLE_UNIT() SI_UNIT($,.RADIAN.) );
#1776 = ( NAMED_UNIT(*) SI_UNIT($,.STERADIAN.) SOLID_ANGLE_UNIT() );
#1777 = UNCERTAINTY_MEASURE_WITH_UNIT(LENGTH_MEASURE(1.E-07),#1774,
  'distance_accuracy_value','confusion accuracy');
#1778 = CONTEXT_DEPENDENT_SHAPE_REPRESENTATION(#1779,#1781);
#1779 = ( REPRESENTATION_RELATIONSHIP('','',#44,#10) 
REPRESENTATION_RELATIONSHIP_WITH_TRANSFORMATION(#1780) 
SHAPE_REPRESENTATION_RELATIONSHIP() );
#1780 = ITEM_DEFINED_TRANSFORMATION('','',#11,#15);
#1781 = PRODUCT_DEFINITION_SHAPE('Placement','Placement of an item',
  #1782);
#1782 = NEXT_ASSEMBLY_USAGE_OCCURRENCE('9','','',#5,#39,$);
#1783 = PRODUCT_RELATED_PRODUCT_CATEGORY('part',$,(#41));
#1784 = SHAPE_DEFINITION_REPRESENTATION(#1785,#1791);
#1785 = PRODUCT_DEFINITION_SHAPE('','',#1786);
#1786 = PRODUCT_DEFINITION('design','',#1787,#1790);
#1787 = PRODUCT_DEFINITION_FORMATION('','',#1788);
#1788 = PRODUCT('Open CASCADE STEP translator 7.9 3.2',
  'Open CASCADE STEP translator 7.9 3.2','',(#1789));
#1789 = PRODUCT_CONTEXT('',#2,'mechanical');
#1790 = PRODUCT_DEFINITION_CONTEXT('part definition',#2,'design');
#1791 = ADVANCED_BREP_SHAPE_REPRESENTATION('',(#11,#1792),#3430);
#1792 = MANIFOLD_SOLID_BREP('',#1793);
#1793 = CLOSED_SHELL('',(#1794,#1914,#2351,#2401,#2455,#2800,#2827,#2854
    ,#2881,#2908,#2915,#2970,#2997,#3024,#3051,#3078,#3105,#3160,#3237,
    #3314,#3344,#3374,#3402));
#1794 = ADVANCED_FACE('',(#1795),#1809,.F.);
#1795 = FACE_BOUND('',#1796,.F.);
#1796 = EDGE_LOOP('',(#1797,#1832,#1860,#1888));
#1797 = ORIENTED_EDGE('',*,*,#1798,.F.);
#1798 = EDGE_CURVE('',#1799,#1801,#1803,.T.);
#1799 = VERTEX_POINT('',#1800);
#1800 = CARTESIAN_POINT('',(180.,-43.,10.));
#1801 = VERTEX_POINT('',#1802);
#1802 = CARTESIAN_POINT('',(180.,43.,10.));
#1803 = SURFACE_CURVE('',#1804,(#1808,#1820),.PCURVE_S1.);
#1804 = LINE('',#1805,#1806);
#1805 = CARTESIAN_POINT('',(180.,-55.,10.));
#1806 = VECTOR('',#1807,1.);
#1807 = DIRECTION('',(0.,1.,0.));
#1808 = PCURVE('',#1809,#1814);
#1809 = PLANE('',#1810);
#1810 = AXIS2_PLACEMENT_3D('',#1811,#1812,#1813);
#1811 = CARTESIAN_POINT('',(180.,-55.,-10.));
#1812 = DIRECTION('',(1.,0.,0.));
#1813 = DIRECTION('',(0.,0.,1.));
#1814 = DEFINITIONAL_REPRESENTATION('',(#1815),#1819);
#1815 = LINE('',#1816,#1817);
#1816 = CARTESIAN_POINT('',(20.,0.));
#1817 = VECTOR('',#1818,1.);
#1818 = DIRECTION('',(0.,-1.));
#1819 = ( GEOMETRIC_REPRESENTATION_CONTEXT(2) 
PARAMETRIC_REPRESENTATION_CONTEXT() REPRESENTATION_CONTEXT('2D SPACE',''
  ) );
#1820 = PCURVE('',#1821,#1826);
#1821 = PLANE('',#1822);
#1822 = AXIS2_PLACEMENT_3D('',#1823,#1824,#1825);
#1823 = CARTESIAN_POINT('',(180.,-55.,10.));
#1824 = DIRECTION('',(0.,0.,1.));
#1825 = DIRECTION('',(1.,0.,-0.));
#1826 = DEFINITIONAL_REPRESENTATION('',(#1827),#1831);
#1827 = LINE('',#1828,#1829);
#1828 = CARTESIAN_POINT('',(0.,0.));
#1829 = VECTOR('',#1830,1.);
#1830 = DIRECTION('',(0.,1.));
#1831 = ( GEOMETRIC_REPRESENTATION_CONTEXT(2) 
PARAMETRIC_REPRESENTATION_CONTEXT() REPRESENTATION_CONTEXT('2D SPACE',''
  ) );
#1832 = ORIENTED_EDGE('',*,*,#1833,.F.);
#1833 = EDGE_CURVE('',#1834,#1799,#1836,.T.);
#1834 = VERTEX_POINT('',#1835);
#1835 = CARTESIAN_POINT('',(180.,-43.,-10.));
#1836 = SURFACE_CURVE('',#1837,(#1841,#1848),.PCURVE_S1.);
#1837 = LINE('',#1838,#1839);
#1838 = CARTESIAN_POINT('',(180.,-43.,-10.));
#1839 = VECTOR('',#1840,1.);
#1840 = DIRECTION('',(0.,0.,1.));
#1841 = PCURVE('',#1809,#1842);
#1842 = DEFINITIONAL_REPRESENTATION('',(#1843),#1847);
#1843 = LINE('',#1844,#1845);
#1844 = CARTESIAN_POINT('',(0.,-12.));
#1845 = VECTOR('',#1846,1.);
#1846 = DIRECTION('',(1.,0.));
#1847 = ( GEOMETRIC_REPRESENTATION_CONTEXT(2) 
PARAMETRIC_REPRESENTATION_CONTEXT() REPRESENTATION_CONTEXT('2D SPACE',''
  ) );
#1848 = PCURVE('',#1849,#1854);
#1849 = CYLINDRICAL_SURFACE('',#1850,12.);
#1850 = AXIS2_PLACEMENT_3D('',#1851,#1852,#1853);
#1851 = CARTESIAN_POINT('',(192.,-43.,-10.));
#1852 = DIRECTION('',(0.,0.,1.));
#1853 = DIRECTION('',(-1.,-0.,0.));
#1854 = DEFINITIONAL_REPRESENTATION('',(#1855),#1859);
#1855 = LINE('',#1856,#1857);
#1856 = CARTESIAN_POINT('',(0.,0.));
#1857 = VECTOR('',#1858,1.);
#1858 = DIRECTION('',(0.,1.));
#1859 = ( GEOMETRIC_REPRESENTATION_CONTEXT(2) 
PARAMETRIC_REPRESENTATION_CONTEXT() REPRESENTATION_CONTEXT('2D SPACE',''
  ) );
#1860 = ORIENTED_EDGE('',*,*,#1861,.T.);
#1861 = EDGE_CURVE('',#1834,#1862,#1864,.T.);
#1862 = VERTEX_POINT('',#1863);
#1863 = CARTESIAN_POINT('',(180.,43.,-10.));
#1864 = SURFACE_CURVE('',#1865,(#1869,#1876),.PCURVE_S1.);
#1865 = LINE('',#1866,#1867);
#1866 = CARTESIAN_POINT('',(180.,-55.,-10.));
#1867 = VECTOR('',#1868,1.);
#1868 = DIRECTION('',(0.,1.,0.));
#1869 = PCURVE('',#1809,#1870);
#1870 = DEFINITIONAL_REPRESENTATION('',(#1871),#1875);
#1871 = LINE('',#1872,#1873);
#1872 = CARTESIAN_POINT('',(0.,0.));
#1873 = VECTOR('',#1874,1.);
#1874 = DIRECTION('',(0.,-1.));
#1875 = ( GEOMETRIC_REPRESENTATION_CONTEXT(2) 
PARAMETRIC_REPRESENTATION_CONTEXT() REPRESENTATION_CONTEXT('2D SPACE',''
  ) );
#1876 = PCURVE('',#1877,#1882);
#1877 = PLANE('',#1878);
#1878 = AXIS2_PLACEMENT_3D('',#1879,#1880,#1881);
#1879 = CARTESIAN_POINT('',(180.,-55.,-10.));
#1880 = DIRECTION('',(0.,0.,1.));
#1881 = DIRECTION('',(1.,0.,-0.));
#1882 = DEFINITIONAL_REPRESENTATION('',(#1883),#1887);
#1883 = LINE('',#1884,#1885);
#1884 = CARTESIAN_POINT('',(0.,0.));
#1885 = VECTOR('',#1886,1.);
#1886 = DIRECTION('',(0.,1.));
#1887 = ( GEOMETRIC_REPRESENTATION_CONTEXT(2) 
PARAMETRIC_REPRESENTATION_CONTEXT() REPRESENTATION_CONTEXT('2D SPACE',''
  ) );
#1888 = ORIENTED_EDGE('',*,*,#1889,.T.);
#1889 = EDGE_CURVE('',#1862,#1801,#1890,.T.);
#1890 = SURFACE_CURVE('',#1891,(#1895,#1902),.PCURVE_S1.);
#1891 = LINE('',#1892,#1893);
#1892 = CARTESIAN_POINT('',(180.,43.,-10.));
#1893 = VECTOR('',#1894,1.);
#1894 = DIRECTION('',(0.,0.,1.));
#1895 = PCURVE('',#1809,#1896);
#1896 = DEFINITIONAL_REPRESENTATION('',(#1897),#1901);
#1897 = LINE('',#1898,#1899);
#1898 = CARTESIAN_POINT('',(0.,-98.));
#1899 = VECTOR('',#1900,1.);
#1900 = DIRECTION('',(1.,0.));
#1901 = ( GEOMETRIC_REPRESENTATION_CONTEXT(2) 
PARAMETRIC_REPRESENTATION_CONTEXT() REPRESENTATION_CONTEXT('2D SPACE',''
  ) );
#1902 = PCURVE('',#1903,#1908);
#1903 = CYLINDRICAL_SURFACE('',#1904,12.);
#1904 = AXIS2_PLACEMENT_3D('',#1905,#1906,#1907);
#1905 = CARTESIAN_POINT('',(192.,43.,-10.));
#1906 = DIRECTION('',(0.,0.,1.));
#1907 = DIRECTION('',(-1.,-0.,0.));
#1908 = DEFINITIONAL_REPRESENTATION('',(#1909),#1913);
#1909 = LINE('',#1910,#1911);
#1910 = CARTESIAN_POINT('',(6.28318530718,0.));
#1911 = VECTOR('',#1912,1.);
#1912 = DIRECTION('',(-0.,1.));
#1913 = ( GEOMETRIC_REPRESENTATION_CONTEXT(2) 
PARAMETRIC_REPRESENTATION_CONTEXT() REPRESENTATION_CONTEXT('2D SPACE',''
  ) );
#1914 = ADVANCED_FACE('',(#1915,#2114,#2145,#2180,#2215,#2250,#2285,
    #2320),#1821,.T.);
#1915 = FACE_BOUND('',#1916,.T.);
#1916 = EDGE_LOOP('',(#1917,#1918,#1942,#1970,#2003,#2031,#2060,#2088));
#1917 = ORIENTED_EDGE('',*,*,#1798,.F.);
#1918 = ORIENTED_EDGE('',*,*,#1919,.T.);
#1919 = EDGE_CURVE('',#1799,#1920,#1922,.T.);
#1920 = VERTEX_POINT('',#1921);
#1921 = CARTESIAN_POINT('',(192.,-55.,10.));
#1922 = SURFACE_CURVE('',#1923,(#1928,#1935),.PCURVE_S1.);
#1923 = CIRCLE('',#1924,12.);
#1924 = AXIS2_PLACEMENT_3D('',#1925,#1926,#1927);
#1925 = CARTESIAN_POINT('',(192.,-43.,10.));
#1926 = DIRECTION('',(0.,0.,1.));
#1927 = DIRECTION('',(0.,-1.,0.));
#1928 = PCURVE('',#1821,#1929);
#1929 = DEFINITIONAL_REPRESENTATION('',(#1930),#1934);
#1930 = CIRCLE('',#1931,12.);
#1931 = AXIS2_PLACEMENT_2D('',#1932,#1933);
#1932 = CARTESIAN_POINT('',(12.,12.));
#1933 = DIRECTION('',(0.,-1.));
#1934 = ( GEOMETRIC_REPRESENTATION_CONTEXT(2) 
PARAMETRIC_REPRESENTATION_CONTEXT() REPRESENTATION_CONTEXT('2D SPACE',''
  ) );
#1935 = PCURVE('',#1849,#1936);
#1936 = DEFINITIONAL_REPRESENTATION('',(#1937),#1941);
#1937 = LINE('',#1938,#1939);
#1938 = CARTESIAN_POINT('',(-4.712388980385,20.));
#1939 = VECTOR('',#1940,1.);
#1940 = DIRECTION('',(1.,0.));
#1941 = ( GEOMETRIC_REPRESENTATION_CONTEXT(2) 
PARAMETRIC_REPRESENTATION_CONTEXT() REPRESENTATION_CONTEXT('2D SPACE',''
  ) );
#1942 = ORIENTED_EDGE('',*,*,#1943,.T.);
#1943 = EDGE_CURVE('',#1920,#1944,#1946,.T.);
#1944 = VERTEX_POINT('',#1945);
#1945 = CARTESIAN_POINT('',(688.,-55.,10.));
#1946 = SURFACE_CURVE('',#1947,(#1951,#1958),.PCURVE_S1.);
#1947 = LINE('',#1948,#1949);
#1948 = CARTESIAN_POINT('',(180.,-55.,10.));
#1949 = VECTOR('',#1950,1.);
#1950 = DIRECTION('',(1.,0.,0.));
#1951 = PCURVE('',#1821,#1952);
#1952 = DEFINITIONAL_REPRESENTATION('',(#1953),#1957);
#1953 = LINE('',#1954,#1955);
#1954 = CARTESIAN_POINT('',(0.,0.));
#1955 = VECTOR('',#1956,1.);
#1956 = DIRECTION('',(1.,0.));
#1957 = ( GEOMETRIC_REPRESENTATION_CONTEXT(2) 
PARAMETRIC_REPRESENTATION_CONTEXT() REPRESENTATION_CONTEXT('2D SPACE',''
  ) );
#1958 = PCURVE('',#1959,#1964);
#1959 = PLANE('',#1960);
#1960 = AXIS2_PLACEMENT_3D('',#1961,#1962,#1963);
#1961 = CARTESIAN_POINT('',(180.,-55.,-10.));
#1962 = DIRECTION('',(0.,1.,0.));
#1963 = DIRECTION('',(0.,-0.,1.));
#1964 = DEFINITIONAL_REPRESENTATION('',(#1965),#1969);
#1965 = LINE('',#1966,#1967);
#1966 = CARTESIAN_POINT('',(20.,0.));
#1967 = VECTOR('',#1968,1.);
#1968 = DIRECTION('',(0.,1.));
#1969 = ( GEOMETRIC_REPRESENTATION_CONTEXT(2) 
PARAMETRIC_REPRESENTATION_CONTEXT() REPRESENTATION_CONTEXT('2D SPACE',''
  ) );
#1970 = ORIENTED_EDGE('',*,*,#1971,.F.);
#1971 = EDGE_CURVE('',#1972,#1944,#1974,.T.);
#1972 = VERTEX_POINT('',#1973);
#1973 = CARTESIAN_POINT('',(700.,-43.,10.));
#1974 = SURFACE_CURVE('',#1975,(#1980,#1991),.PCURVE_S1.);
#1975 = CIRCLE('',#1976,12.);
#1976 = AXIS2_PLACEMENT_3D('',#1977,#1978,#1979);
#1977 = CARTESIAN_POINT('',(688.,-43.,10.));
#1978 = DIRECTION('',(-0.,-0.,-1.));
#1979 = DIRECTION('',(0.,-1.,0.));
#1980 = PCURVE('',#1821,#1981);
#1981 = DEFINITIONAL_REPRESENTATION('',(#1982),#1990);
#1982 = ( BOUNDED_CURVE() B_SPLINE_CURVE(2,(#1983,#1984,#1985,#1986,
#1987,#1988,#1989),.UNSPECIFIED.,.T.,.F.) B_SPLINE_CURVE_WITH_KNOTS((1,2
    ,2,2,2,1),(-2.094395102393,0.,2.094395102393,4.188790204786,
6.28318530718,8.377580409573),.UNSPECIFIED.) CURVE() 
GEOMETRIC_REPRESENTATION_ITEM() RATIONAL_B_SPLINE_CURVE((1.,0.5,1.,0.5,
1.,0.5,1.)) REPRESENTATION_ITEM('') );
#1983 = CARTESIAN_POINT('',(508.,0.));
#1984 = CARTESIAN_POINT('',(487.21539030917,0.));
#1985 = CARTESIAN_POINT('',(497.60769515458,18.));
#1986 = CARTESIAN_POINT('',(508.,36.));
#1987 = CARTESIAN_POINT('',(518.39230484541,18.));
#1988 = CARTESIAN_POINT('',(528.78460969082,1.7763568394E-14));
#1989 = CARTESIAN_POINT('',(508.,0.));
#1990 = ( GEOMETRIC_REPRESENTATION_CONTEXT(2) 
PARAMETRIC_REPRESENTATION_CONTEXT() REPRESENTATION_CONTEXT('2D SPACE',''
  ) );
#1991 = PCURVE('',#1992,#1997);
#1992 = CYLINDRICAL_SURFACE('',#1993,12.);
#1993 = AXIS2_PLACEMENT_3D('',#1994,#1995,#1996);
#1994 = CARTESIAN_POINT('',(688.,-43.,-10.));
#1995 = DIRECTION('',(0.,0.,1.));
#1996 = DIRECTION('',(1.,0.,-0.));
#1997 = DEFINITIONAL_REPRESENTATION('',(#1998),#2002);
#1998 = LINE('',#1999,#2000);
#1999 = CARTESIAN_POINT('',(10.995574287565,20.));
#2000 = VECTOR('',#2001,1.);
#2001 = DIRECTION('',(-1.,0.));
#2002 = ( GEOMETRIC_REPRESENTATION_CONTEXT(2) 
PARAMETRIC_REPRESENTATION_CONTEXT() REPRESENTATION_CONTEXT('2D SPACE',''
  ) );
#2003 = ORIENTED_EDGE('',*,*,#2004,.T.);
#2004 = EDGE_CURVE('',#1972,#2005,#2007,.T.);
#2005 = VERTEX_POINT('',#2006);
#2006 = CARTESIAN_POINT('',(700.,43.,10.));
#2007 = SURFACE_CURVE('',#2008,(#2012,#2019),.PCURVE_S1.);
#2008 = LINE('',#2009,#2010);
#2009 = CARTESIAN_POINT('',(700.,-55.,10.));
#2010 = VECTOR('',#2011,1.);
#2011 = DIRECTION('',(0.,1.,0.));
#2012 = PCURVE('',#1821,#2013);
#2013 = DEFINITIONAL_REPRESENTATION('',(#2014),#2018);
#2014 = LINE('',#2015,#2016);
#2015 = CARTESIAN_POINT('',(520.,0.));
#2016 = VECTOR('',#2017,1.);
#2017 = DIRECTION('',(0.,1.));
#2018 = ( GEOMETRIC_REPRESENTATION_CONTEXT(2) 
PARAMETRIC_REPRESENTATION_CONTEXT() REPRESENTATION_CONTEXT('2D SPACE',''
  ) );
#2019 = PCURVE('',#2020,#2025);
#2020 = PLANE('',#2021);
#2021 = AXIS2_PLACEMENT_3D('',#2022,#2023,#2024);
#2022 = CARTESIAN_POINT('',(700.,-55.,-10.));
#2023 = DIRECTION('',(1.,0.,0.));
#2024 = DIRECTION('',(0.,0.,1.));
#2025 = DEFINITIONAL_REPRESENTATION('',(#2026),#2030);
#2026 = LINE('',#2027,#2028);
#2027 = CARTESIAN_POINT('',(20.,0.));
#2028 = VECTOR('',#2029,1.);
#2029 = DIRECTION('',(0.,-1.));
#2030 = ( GEOMETRIC_REPRESENTATION_CONTEXT(2) 
PARAMETRIC_REPRESENTATION_CONTEXT() REPRESENTATION_CONTEXT('2D SPACE',''
  ) );
#2031 = ORIENTED_EDGE('',*,*,#2032,.T.);
#2032 = EDGE_CURVE('',#2005,#2033,#2035,.T.);
#2033 = VERTEX_POINT('',#2034);
#2034 = CARTESIAN_POINT('',(688.,55.,10.));
#2035 = SURFACE_CURVE('',#2036,(#2041,#2048),.PCURVE_S1.);
#2036 = CIRCLE('',#2037,12.);
#2037 = AXIS2_PLACEMENT_3D('',#2038,#2039,#2040);
#2038 = CARTESIAN_POINT('',(688.,43.,10.));
#2039 = DIRECTION('',(0.,0.,1.));
#2040 = DIRECTION('',(0.,-1.,0.));
#2041 = PCURVE('',#1821,#2042);
#2042 = DEFINITIONAL_REPRESENTATION('',(#2043),#2047);
#2043 = CIRCLE('',#2044,12.);
#2044 = AXIS2_PLACEMENT_2D('',#2045,#2046);
#2045 = CARTESIAN_POINT('',(508.,98.));
#2046 = DIRECTION('',(0.,-1.));
#2047 = ( GEOMETRIC_REPRESENTATION_CONTEXT(2) 
PARAMETRIC_REPRESENTATION_CONTEXT() REPRESENTATION_CONTEXT('2D SPACE',''
  ) );
#2048 = PCURVE('',#2049,#2054);
#2049 = CYLINDRICAL_SURFACE('',#2050,12.);
#2050 = AXIS2_PLACEMENT_3D('',#2051,#2052,#2053);
#2051 = CARTESIAN_POINT('',(688.,43.,-10.));
#2052 = DIRECTION('',(0.,0.,1.));
#2053 = DIRECTION('',(1.,0.,-0.));
#2054 = DEFINITIONAL_REPRESENTATION('',(#2055),#2059);
#2055 = LINE('',#2056,#2057);
#2056 = CARTESIAN_POINT('',(-1.570796326795,20.));
#2057 = VECTOR('',#2058,1.);
#2058 = DIRECTION('',(1.,0.));
#2059 = ( GEOMETRIC_REPRESENTATION_CONTEXT(2) 
PARAMETRIC_REPRESENTATION_CONTEXT() REPRESENTATION_CONTEXT('2D SPACE',''
  ) );
#2060 = ORIENTED_EDGE('',*,*,#2061,.F.);
#2061 = EDGE_CURVE('',#2062,#2033,#2064,.T.);
#2062 = VERTEX_POINT('',#2063);
#2063 = CARTESIAN_POINT('',(192.,55.,10.));
#2064 = SURFACE_CURVE('',#2065,(#2069,#2076),.PCURVE_S1.);
#2065 = LINE('',#2066,#2067);
#2066 = CARTESIAN_POINT('',(180.,55.,10.));
#2067 = VECTOR('',#2068,1.);
#2068 = DIRECTION('',(1.,0.,0.));
#2069 = PCURVE('',#1821,#2070);
#2070 = DEFINITIONAL_REPRESENTATION('',(#2071),#2075);
#2071 = LINE('',#2072,#2073);
#2072 = CARTESIAN_POINT('',(0.,110.));
#2073 = VECTOR('',#2074,1.);
#2074 = DIRECTION('',(1.,0.));
#2075 = ( GEOMETRIC_REPRESENTATION_CONTEXT(2) 
PARAMETRIC_REPRESENTATION_CONTEXT() REPRESENTATION_CONTEXT('2D SPACE',''
  ) );
#2076 = PCURVE('',#2077,#2082);
#2077 = PLANE('',#2078);
#2078 = AXIS2_PLACEMENT_3D('',#2079,#2080,#2081);
#2079 = CARTESIAN_POINT('',(180.,55.,-10.));
#2080 = DIRECTION('',(0.,1.,0.));
#2081 = DIRECTION('',(0.,-0.,1.));
#2082 = DEFINITIONAL_REPRESENTATION('',(#2083),#2087);
#2083 = LINE('',#2084,#2085);
#2084 = CARTESIAN_POINT('',(20.,0.));
#2085 = VECTOR('',#2086,1.);
#2086 = DIRECTION('',(0.,1.));
#2087 = ( GEOMETRIC_REPRESENTATION_CONTEXT(2) 
PARAMETRIC_REPRESENTATION_CONTEXT() REPRESENTATION_CONTEXT('2D SPACE',''
  ) );
#2088 = ORIENTED_EDGE('',*,*,#2089,.F.);
#2089 = EDGE_CURVE('',#1801,#2062,#2090,.T.);
#2090 = SURFACE_CURVE('',#2091,(#2096,#2107),.PCURVE_S1.);
#2091 = CIRCLE('',#2092,12.);
#2092 = AXIS2_PLACEMENT_3D('',#2093,#2094,#2095);
#2093 = CARTESIAN_POINT('',(192.,43.,10.));
#2094 = DIRECTION('',(-0.,-0.,-1.));
#2095 = DIRECTION('',(0.,-1.,0.));
#2096 = PCURVE('',#1821,#2097);
#2097 = DEFINITIONAL_REPRESENTATION('',(#2098),#2106);
#2098 = ( BOUNDED_CURVE() B_SPLINE_CURVE(2,(#2099,#2100,#2101,#2102,
#2103,#2104,#2105),.UNSPECIFIED.,.T.,.F.) B_SPLINE_CURVE_WITH_KNOTS((1,2
    ,2,2,2,1),(-2.094395102393,0.,2.094395102393,4.188790204786,
6.28318530718,8.377580409573),.UNSPECIFIED.) CURVE() 
GEOMETRIC_REPRESENTATION_ITEM() RATIONAL_B_SPLINE_CURVE((1.,0.5,1.,0.5,
1.,0.5,1.)) REPRESENTATION_ITEM('') );
#2099 = CARTESIAN_POINT('',(12.,86.));
#2100 = CARTESIAN_POINT('',(-8.784609690827,86.));
#2101 = CARTESIAN_POINT('',(1.607695154587,104.));
#2102 = CARTESIAN_POINT('',(12.,122.));
#2103 = CARTESIAN_POINT('',(22.392304845413,104.));
#2104 = CARTESIAN_POINT('',(32.784609690827,86.));
#2105 = CARTESIAN_POINT('',(12.,86.));
#2106 = ( GEOMETRIC_REPRESENTATION_CONTEXT(2) 
PARAMETRIC_REPRESENTATION_CONTEXT() REPRESENTATION_CONTEXT('2D SPACE',''
  ) );
#2107 = PCURVE('',#1903,#2108);
#2108 = DEFINITIONAL_REPRESENTATION('',(#2109),#2113);
#2109 = LINE('',#2110,#2111);
#2110 = CARTESIAN_POINT('',(7.853981633975,20.));
#2111 = VECTOR('',#2112,1.);
#2112 = DIRECTION('',(-1.,0.));
#2113 = ( GEOMETRIC_REPRESENTATION_CONTEXT(2) 
PARAMETRIC_REPRESENTATION_CONTEXT() REPRESENTATION_CONTEXT('2D SPACE',''
  ) );
#2114 = FACE_BOUND('',#2115,.T.);
#2115 = EDGE_LOOP('',(#2116));
#2116 = ORIENTED_EDGE('',*,*,#2117,.F.);
#2117 = EDGE_CURVE('',#2118,#2118,#2120,.T.);
#2118 = VERTEX_POINT('',#2119);
#2119 = CARTESIAN_POINT('',(268.5,0.,10.));
#2120 = SURFACE_CURVE('',#2121,(#2126,#2133),.PCURVE_S1.);
#2121 = CIRCLE('',#2122,43.5);
#2122 = AXIS2_PLACEMENT_3D('',#2123,#2124,#2125);
#2123 = CARTESIAN_POINT('',(225.,0.,10.));
#2124 = DIRECTION('',(0.,0.,1.));
#2125 = DIRECTION('',(1.,0.,-0.));
#2126 = PCURVE('',#1821,#2127);
#2127 = DEFINITIONAL_REPRESENTATION('',(#2128),#2132);
#2128 = CIRCLE('',#2129,43.5);
#2129 = AXIS2_PLACEMENT_2D('',#2130,#2131);
#2130 = CARTESIAN_POINT('',(45.,55.));
#2131 = DIRECTION('',(1.,0.));
#2132 = ( GEOMETRIC_REPRESENTATION_CONTEXT(2) 
PARAMETRIC_REPRESENTATION_CONTEXT() REPRESENTATION_CONTEXT('2D SPACE',''
  ) );
#2133 = PCURVE('',#2134,#2139);
#2134 = CYLINDRICAL_SURFACE('',#2135,43.5);
#2135 = AXIS2_PLACEMENT_3D('',#2136,#2137,#2138);
#2136 = CARTESIAN_POINT('',(225.,0.,10.));
#2137 = DIRECTION('',(-0.,-0.,-1.));
#2138 = DIRECTION('',(1.,0.,0.));
#2139 = DEFINITIONAL_REPRESENTATION('',(#2140),#2144);
#2140 = LINE('',#2141,#2142);
#2141 = CARTESIAN_POINT('',(6.28318530718,0.));
#2142 = VECTOR('',#2143,1.);
#2143 = DIRECTION('',(-1.,0.));
#2144 = ( GEOMETRIC_REPRESENTATION_CONTEXT(2) 
PARAMETRIC_REPRESENTATION_CONTEXT() REPRESENTATION_CONTEXT('2D SPACE',''
  ) );
#2145 = FACE_BOUND('',#2146,.T.);
#2146 = EDGE_LOOP('',(#2147));
#2147 = ORIENTED_EDGE('',*,*,#2148,.T.);
#2148 = EDGE_CURVE('',#2149,#2149,#2151,.T.);
#2149 = VERTEX_POINT('',#2150);
#2150 = CARTESIAN_POINT('',(289.1,-5.119023620436E-15,10.));
#2151 = SURFACE_CURVE('',#2152,(#2157,#2168),.PCURVE_S1.);
#2152 = CIRCLE('',#2153,20.9);
#2153 = AXIS2_PLACEMENT_3D('',#2154,#2155,#2156);
#2154 = CARTESIAN_POINT('',(310.,0.,10.));
#2155 = DIRECTION('',(0.,0.,-1.));
#2156 = DIRECTION('',(-1.,0.,0.));
#2157 = PCURVE('',#1821,#2158);
#2158 = DEFINITIONAL_REPRESENTATION('',(#2159),#2167);
#2159 = ( BOUNDED_CURVE() B_SPLINE_CURVE(2,(#2160,#2161,#2162,#2163,
#2164,#2165,#2166),.UNSPECIFIED.,.T.,.F.) B_SPLINE_CURVE_WITH_KNOTS((1,2
    ,2,2,2,1),(-2.094395102393,0.,2.094395102393,4.188790204786,
6.28318530718,8.377580409573),.UNSPECIFIED.) CURVE() 
GEOMETRIC_REPRESENTATION_ITEM() RATIONAL_B_SPLINE_CURVE((1.,0.5,1.,0.5,
1.,0.5,1.)) REPRESENTATION_ITEM('') );
#2160 = CARTESIAN_POINT('',(109.1,55.));
#2161 = CARTESIAN_POINT('',(109.1,91.199861878189));
#2162 = CARTESIAN_POINT('',(140.45,73.099930939095));
#2163 = CARTESIAN_POINT('',(171.8,55.));
#2164 = CARTESIAN_POINT('',(140.45,36.900069060905));
#2165 = CARTESIAN_POINT('',(109.1,18.80013812181));
#2166 = CARTESIAN_POINT('',(109.1,55.));
#2167 = ( GEOMETRIC_REPRESENTATION_CONTEXT(2) 
PARAMETRIC_REPRESENTATION_CONTEXT() REPRESENTATION_CONTEXT('2D SPACE',''
  ) );
#2168 = PCURVE('',#2169,#2174);
#2169 = CYLINDRICAL_SURFACE('',#2170,20.9);
#2170 = AXIS2_PLACEMENT_3D('',#2171,#2172,#2173);
#2171 = CARTESIAN_POINT('',(310.,0.,10.));
#2172 = DIRECTION('',(0.,0.,-1.));
#2173 = DIRECTION('',(-1.,0.,0.));
#2174 = DEFINITIONAL_REPRESENTATION('',(#2175),#2179);
#2175 = LINE('',#2176,#2177);
#2176 = CARTESIAN_POINT('',(0.,0.));
#2177 = VECTOR('',#2178,1.);
#2178 = DIRECTION('',(1.,0.));
#2179 = ( GEOMETRIC_REPRESENTATION_CONTEXT(2) 
PARAMETRIC_REPRESENTATION_CONTEXT() REPRESENTATION_CONTEXT('2D SPACE',''
  ) );
#2180 = FACE_BOUND('',#2181,.T.);
#2181 = EDGE_LOOP('',(#2182));
#2182 = ORIENTED_EDGE('',*,*,#2183,.T.);
#2183 = EDGE_CURVE('',#2184,#2184,#2186,.T.);
#2184 = VERTEX_POINT('',#2185);
#2185 = CARTESIAN_POINT('',(354.1,-5.119023620436E-15,10.));
#2186 = SURFACE_CURVE('',#2187,(#2192,#2203),.PCURVE_S1.);
#2187 = CIRCLE('',#2188,20.9);
#2188 = AXIS2_PLACEMENT_3D('',#2189,#2190,#2191);
#2189 = CARTESIAN_POINT('',(375.,0.,10.));
#2190 = DIRECTION('',(0.,0.,-1.));
#2191 = DIRECTION('',(-1.,0.,0.));
#2192 = PCURVE('',#1821,#2193);
#2193 = DEFINITIONAL_REPRESENTATION('',(#2194),#2202);
#2194 = ( BOUNDED_CURVE() B_SPLINE_CURVE(2,(#2195,#2196,#2197,#2198,
#2199,#2200,#2201),.UNSPECIFIED.,.T.,.F.) B_SPLINE_CURVE_WITH_KNOTS((1,2
    ,2,2,2,1),(-2.094395102393,0.,2.094395102393,4.188790204786,
6.28318530718,8.377580409573),.UNSPECIFIED.) CURVE() 
GEOMETRIC_REPRESENTATION_ITEM() RATIONAL_B_SPLINE_CURVE((1.,0.5,1.,0.5,
1.,0.5,1.)) REPRESENTATION_ITEM('') );
#2195 = CARTESIAN_POINT('',(174.1,55.));
#2196 = CARTESIAN_POINT('',(174.1,91.199861878189));
#2197 = CARTESIAN_POINT('',(205.45,73.099930939095));
#2198 = CARTESIAN_POINT('',(236.8,55.));
#2199 = CARTESIAN_POINT('',(205.45,36.900069060905));
#2200 = CARTESIAN_POINT('',(174.1,18.80013812181));
#2201 = CARTESIAN_POINT('',(174.1,55.));
#2202 = ( GEOMETRIC_REPRESENTATION_CONTEXT(2) 
PARAMETRIC_REPRESENTATION_CONTEXT() REPRESENTATION_CONTEXT('2D SPACE',''
  ) );
#2203 = PCURVE('',#2204,#2209);
#2204 = CYLINDRICAL_SURFACE('',#2205,20.9);
#2205 = AXIS2_PLACEMENT_3D('',#2206,#2207,#2208);
#2206 = CARTESIAN_POINT('',(375.,0.,10.));
#2207 = DIRECTION('',(0.,0.,-1.));
#2208 = DIRECTION('',(-1.,0.,0.));
#2209 = DEFINITIONAL_REPRESENTATION('',(#2210),#2214);
#2210 = LINE('',#2211,#2212);
#2211 = CARTESIAN_POINT('',(0.,0.));
#2212 = VECTOR('',#2213,1.);
#2213 = DIRECTION('',(1.,0.));
#2214 = ( GEOMETRIC_REPRESENTATION_CONTEXT(2) 
PARAMETRIC_REPRESENTATION_CONTEXT() REPRESENTATION_CONTEXT('2D SPACE',''
  ) );
#2215 = FACE_BOUND('',#2216,.T.);
#2216 = EDGE_LOOP('',(#2217));
#2217 = ORIENTED_EDGE('',*,*,#2218,.T.);
#2218 = EDGE_CURVE('',#2219,#2219,#2221,.T.);
#2219 = VERTEX_POINT('',#2220);
#2220 = CARTESIAN_POINT('',(419.1,-5.119023620436E-15,10.));
#2221 = SURFACE_CURVE('',#2222,(#2227,#2238),.PCURVE_S1.);
#2222 = CIRCLE('',#2223,20.9);
#2223 = AXIS2_PLACEMENT_3D('',#2224,#2225,#2226);
#2224 = CARTESIAN_POINT('',(440.,0.,10.));
#2225 = DIRECTION('',(0.,0.,-1.));
#2226 = DIRECTION('',(-1.,0.,0.));
#2227 = PCURVE('',#1821,#2228);
#2228 = DEFINITIONAL_REPRESENTATION('',(#2229),#2237);
#2229 = ( BOUNDED_CURVE() B_SPLINE_CURVE(2,(#2230,#2231,#2232,#2233,
#2234,#2235,#2236),.UNSPECIFIED.,.T.,.F.) B_SPLINE_CURVE_WITH_KNOTS((1,2
    ,2,2,2,1),(-2.094395102393,0.,2.094395102393,4.188790204786,
6.28318530718,8.377580409573),.UNSPECIFIED.) CURVE() 
GEOMETRIC_REPRESENTATION_ITEM() RATIONAL_B_SPLINE_CURVE((1.,0.5,1.,0.5,
1.,0.5,1.)) REPRESENTATION_ITEM('') );
#2230 = CARTESIAN_POINT('',(239.1,55.));
#2231 = CARTESIAN_POINT('',(239.1,91.199861878189));
#2232 = CARTESIAN_POINT('',(270.45,73.099930939095));
#2233 = CARTESIAN_POINT('',(301.8,55.));
#2234 = CARTESIAN_POINT('',(270.45,36.900069060905));
#2235 = CARTESIAN_POINT('',(239.1,18.80013812181));
#2236 = CARTESIAN_POINT('',(239.1,55.));
#2237 = ( GEOMETRIC_REPRESENTATION_CONTEXT(2) 
PARAMETRIC_REPRESENTATION_CONTEXT() REPRESENTATION_CONTEXT('2D SPACE',''
  ) );
#2238 = PCURVE('',#2239,#2244);
#2239 = CYLINDRICAL_SURFACE('',#2240,20.9);
#2240 = AXIS2_PLACEMENT_3D('',#2241,#2242,#2243);
#2241 = CARTESIAN_POINT('',(440.,0.,10.));
#2242 = DIRECTION('',(0.,0.,-1.));
#2243 = DIRECTION('',(-1.,0.,0.));
#2244 = DEFINITIONAL_REPRESENTATION('',(#2245),#2249);
#2245 = LINE('',#2246,#2247);
#2246 = CARTESIAN_POINT('',(0.,0.));
#2247 = VECTOR('',#2248,1.);
#2248 = DIRECTION('',(1.,0.));
#2249 = ( GEOMETRIC_REPRESENTATION_CONTEXT(2) 
PARAMETRIC_REPRESENTATION_CONTEXT() REPRESENTATION_CONTEXT('2D SPACE',''
  ) );
#2250 = FACE_BOUND('',#2251,.T.);
#2251 = EDGE_LOOP('',(#2252));
#2252 = ORIENTED_EDGE('',*,*,#2253,.T.);
#2253 = EDGE_CURVE('',#2254,#2254,#2256,.T.);
#2254 = VERTEX_POINT('',#2255);
#2255 = CARTESIAN_POINT('',(484.1,-5.119023620436E-15,10.));
#2256 = SURFACE_CURVE('',#2257,(#2262,#2273),.PCURVE_S1.);
#2257 = CIRCLE('',#2258,20.9);
#2258 = AXIS2_PLACEMENT_3D('',#2259,#2260,#2261);
#2259 = CARTESIAN_POINT('',(505.,0.,10.));
#2260 = DIRECTION('',(0.,0.,-1.));
#2261 = DIRECTION('',(-1.,0.,0.));
#2262 = PCURVE('',#1821,#2263);
#2263 = DEFINITIONAL_REPRESENTATION('',(#2264),#2272);
#2264 = ( BOUNDED_CURVE() B_SPLINE_CURVE(2,(#2265,#2266,#2267,#2268,
#2269,#2270,#2271),.UNSPECIFIED.,.T.,.F.) B_SPLINE_CURVE_WITH_KNOTS((1,2
    ,2,2,2,1),(-2.094395102393,0.,2.094395102393,4.188790204786,
6.28318530718,8.377580409573),.UNSPECIFIED.) CURVE() 
GEOMETRIC_REPRESENTATION_ITEM() RATIONAL_B_SPLINE_CURVE((1.,0.5,1.,0.5,
1.,0.5,1.)) REPRESENTATION_ITEM('') );
#2265 = CARTESIAN_POINT('',(304.1,55.));
#2266 = CARTESIAN_POINT('',(304.1,91.199861878189));
#2267 = CARTESIAN_POINT('',(335.45,73.099930939095));
#2268 = CARTESIAN_POINT('',(366.8,55.));
#2269 = CARTESIAN_POINT('',(335.45,36.900069060905));
#2270 = CARTESIAN_POINT('',(304.1,18.80013812181));
#2271 = CARTESIAN_POINT('',(304.1,55.));
#2272 = ( GEOMETRIC_REPRESENTATION_CONTEXT(2) 
PARAMETRIC_REPRESENTATION_CONTEXT() REPRESENTATION_CONTEXT('2D SPACE',''
  ) );
#2273 = PCURVE('',#2274,#2279);
#2274 = CYLINDRICAL_SURFACE('',#2275,20.9);
#2275 = AXIS2_PLACEMENT_3D('',#2276,#2277,#2278);
#2276 = CARTESIAN_POINT('',(505.,0.,10.));
#2277 = DIRECTION('',(0.,0.,-1.));
#2278 = DIRECTION('',(-1.,0.,0.));
#2279 = DEFINITIONAL_REPRESENTATION('',(#2280),#2284);
#2280 = LINE('',#2281,#2282);
#2281 = CARTESIAN_POINT('',(0.,0.));
#2282 = VECTOR('',#2283,1.);
#2283 = DIRECTION('',(1.,0.));
#2284 = ( GEOMETRIC_REPRESENTATION_CONTEXT(2) 
PARAMETRIC_REPRESENTATION_CONTEXT() REPRESENTATION_CONTEXT('2D SPACE',''
  ) );
#2285 = FACE_BOUND('',#2286,.T.);
#2286 = EDGE_LOOP('',(#2287));
#2287 = ORIENTED_EDGE('',*,*,#2288,.T.);
#2288 = EDGE_CURVE('',#2289,#2289,#2291,.T.);
#2289 = VERTEX_POINT('',#2290);
#2290 = CARTESIAN_POINT('',(549.1,-5.119023620436E-15,10.));
#2291 = SURFACE_CURVE('',#2292,(#2297,#2308),.PCURVE_S1.);
#2292 = CIRCLE('',#2293,20.9);
#2293 = AXIS2_PLACEMENT_3D('',#2294,#2295,#2296);
#2294 = CARTESIAN_POINT('',(570.,0.,10.));
#2295 = DIRECTION('',(0.,0.,-1.));
#2296 = DIRECTION('',(-1.,0.,0.));
#2297 = PCURVE('',#1821,#2298);
#2298 = DEFINITIONAL_REPRESENTATION('',(#2299),#2307);
#2299 = ( BOUNDED_CURVE() B_SPLINE_CURVE(2,(#2300,#2301,#2302,#2303,
#2304,#2305,#2306),.UNSPECIFIED.,.T.,.F.) B_SPLINE_CURVE_WITH_KNOTS((1,2
    ,2,2,2,1),(-2.094395102393,0.,2.094395102393,4.188790204786,
6.28318530718,8.377580409573),.UNSPECIFIED.) CURVE() 
GEOMETRIC_REPRESENTATION_ITEM() RATIONAL_B_SPLINE_CURVE((1.,0.5,1.,0.5,
1.,0.5,1.)) REPRESENTATION_ITEM('') );
#2300 = CARTESIAN_POINT('',(369.1,55.));
#2301 = CARTESIAN_POINT('',(369.1,91.199861878189));
#2302 = CARTESIAN_POINT('',(400.45,73.099930939095));
#2303 = CARTESIAN_POINT('',(431.8,55.));
#2304 = CARTESIAN_POINT('',(400.45,36.900069060905));
#2305 = CARTESIAN_POINT('',(369.1,18.80013812181));
#2306 = CARTESIAN_POINT('',(369.1,55.));
#2307 = ( GEOMETRIC_REPRESENTATION_CONTEXT(2) 
PARAMETRIC_REPRESENTATION_CONTEXT() REPRESENTATION_CONTEXT('2D SPACE',''
  ) );
#2308 = PCURVE('',#2309,#2314);
#2309 = CYLINDRICAL_SURFACE('',#2310,20.9);
#2310 = AXIS2_PLACEMENT_3D('',#2311,#2312,#2313);
#2311 = CARTESIAN_POINT('',(570.,0.,10.));
#2312 = DIRECTION('',(0.,0.,-1.));
#2313 = DIRECTION('',(-1.,0.,0.));
#2314 = DEFINITIONAL_REPRESENTATION('',(#2315),#2319);
#2315 = LINE('',#2316,#2317);
#2316 = CARTESIAN_POINT('',(0.,0.));
#2317 = VECTOR('',#2318,1.);
#2318 = DIRECTION('',(1.,0.));
#2319 = ( GEOMETRIC_REPRESENTATION_CONTEXT(2) 
PARAMETRIC_REPRESENTATION_CONTEXT() REPRESENTATION_CONTEXT('2D SPACE',''
  ) );
#2320 = FACE_BOUND('',#2321,.T.);
#2321 = EDGE_LOOP('',(#2322));
#2322 = ORIENTED_EDGE('',*,*,#2323,.F.);
#2323 = EDGE_CURVE('',#2324,#2324,#2326,.T.);
#2324 = VERTEX_POINT('',#2325);
#2325 = CARTESIAN_POINT('',(698.5,0.,10.));
#2326 = SURFACE_CURVE('',#2327,(#2332,#2339),.PCURVE_S1.);
#2327 = CIRCLE('',#2328,43.5);
#2328 = AXIS2_PLACEMENT_3D('',#2329,#2330,#2331);
#2329 = CARTESIAN_POINT('',(655.,0.,10.));
#2330 = DIRECTION('',(0.,0.,1.));
#2331 = DIRECTION('',(1.,0.,-0.));
#2332 = PCURVE('',#1821,#2333);
#2333 = DEFINITIONAL_REPRESENTATION('',(#2334),#2338);
#2334 = CIRCLE('',#2335,43.5);
#2335 = AXIS2_PLACEMENT_2D('',#2336,#2337);
#2336 = CARTESIAN_POINT('',(475.,55.));
#2337 = DIRECTION('',(1.,0.));
#2338 = ( GEOMETRIC_REPRESENTATION_CONTEXT(2) 
PARAMETRIC_REPRESENTATION_CONTEXT() REPRESENTATION_CONTEXT('2D SPACE',''
  ) );
#2339 = PCURVE('',#2340,#2345);
#2340 = CYLINDRICAL_SURFACE('',#2341,43.5);
#2341 = AXIS2_PLACEMENT_3D('',#2342,#2343,#2344);
#2342 = CARTESIAN_POINT('',(655.,0.,10.));
#2343 = DIRECTION('',(-0.,-0.,-1.));
#2344 = DIRECTION('',(1.,0.,0.));
#2345 = DEFINITIONAL_REPRESENTATION('',(#2346),#2350);
#2346 = LINE('',#2347,#2348);
#2347 = CARTESIAN_POINT('',(6.28318530718,0.));
#2348 = VECTOR('',#2349,1.);
#2349 = DIRECTION('',(-1.,0.));
#2350 = ( GEOMETRIC_REPRESENTATION_CONTEXT(2) 
PARAMETRIC_REPRESENTATION_CONTEXT() REPRESENTATION_CONTEXT('2D SPACE',''
  ) );
#2351 = ADVANCED_FACE('',(#2352),#1849,.T.);
#2352 = FACE_BOUND('',#2353,.T.);
#2353 = EDGE_LOOP('',(#2354,#2378,#2399,#2400));
#2354 = ORIENTED_EDGE('',*,*,#2355,.T.);
#2355 = EDGE_CURVE('',#1834,#2356,#2358,.T.);
#2356 = VERTEX_POINT('',#2357);
#2357 = CARTESIAN_POINT('',(192.,-55.,-10.));
#2358 = SURFACE_CURVE('',#2359,(#2364,#2371),.PCURVE_S1.);
#2359 = CIRCLE('',#2360,12.);
#2360 = AXIS2_PLACEMENT_3D('',#2361,#2362,#2363);
#2361 = CARTESIAN_POINT('',(192.,-43.,-10.));
#2362 = DIRECTION('',(0.,0.,1.));
#2363 = DIRECTION('',(0.,-1.,0.));
#2364 = PCURVE('',#1849,#2365);
#2365 = DEFINITIONAL_REPRESENTATION('',(#2366),#2370);
#2366 = LINE('',#2367,#2368);
#2367 = CARTESIAN_POINT('',(-4.712388980385,0.));
#2368 = VECTOR('',#2369,1.);
#2369 = DIRECTION('',(1.,0.));
#2370 = ( GEOMETRIC_REPRESENTATION_CONTEXT(2) 
PARAMETRIC_REPRESENTATION_CONTEXT() REPRESENTATION_CONTEXT('2D SPACE',''
  ) );
#2371 = PCURVE('',#1877,#2372);
#2372 = DEFINITIONAL_REPRESENTATION('',(#2373),#2377);
#2373 = CIRCLE('',#2374,12.);
#2374 = AXIS2_PLACEMENT_2D('',#2375,#2376);
#2375 = CARTESIAN_POINT('',(12.,12.));
#2376 = DIRECTION('',(0.,-1.));
#2377 = ( GEOMETRIC_REPRESENTATION_CONTEXT(2) 
PARAMETRIC_REPRESENTATION_CONTEXT() REPRESENTATION_CONTEXT('2D SPACE',''
  ) );
#2378 = ORIENTED_EDGE('',*,*,#2379,.T.);
#2379 = EDGE_CURVE('',#2356,#1920,#2380,.T.);
#2380 = SURFACE_CURVE('',#2381,(#2385,#2392),.PCURVE_S1.);
#2381 = LINE('',#2382,#2383);
#2382 = CARTESIAN_POINT('',(192.,-55.,-10.));
#2383 = VECTOR('',#2384,1.);
#2384 = DIRECTION('',(0.,0.,1.));
#2385 = PCURVE('',#1849,#2386);
#2386 = DEFINITIONAL_REPRESENTATION('',(#2387),#2391);
#2387 = LINE('',#2388,#2389);
#2388 = CARTESIAN_POINT('',(1.570796326795,0.));
#2389 = VECTOR('',#2390,1.);
#2390 = DIRECTION('',(0.,1.));
#2391 = ( GEOMETRIC_REPRESENTATION_CONTEXT(2) 
PARAMETRIC_REPRESENTATION_CONTEXT() REPRESENTATION_CONTEXT('2D SPACE',''
  ) );
#2392 = PCURVE('',#1959,#2393);
#2393 = DEFINITIONAL_REPRESENTATION('',(#2394),#2398);
#2394 = LINE('',#2395,#2396);
#2395 = CARTESIAN_POINT('',(0.,12.));
#2396 = VECTOR('',#2397,1.);
#2397 = DIRECTION('',(1.,0.));
#2398 = ( GEOMETRIC_REPRESENTATION_CONTEXT(2) 
PARAMETRIC_REPRESENTATION_CONTEXT() REPRESENTATION_CONTEXT('2D SPACE',''
  ) );
#2399 = ORIENTED_EDGE('',*,*,#1919,.F.);
#2400 = ORIENTED_EDGE('',*,*,#1833,.F.);
#2401 = ADVANCED_FACE('',(#2402),#1903,.T.);
#2402 = FACE_BOUND('',#2403,.T.);
#2403 = EDGE_LOOP('',(#2404,#2405,#2406,#2429));
#2404 = ORIENTED_EDGE('',*,*,#1889,.T.);
#2405 = ORIENTED_EDGE('',*,*,#2089,.T.);
#2406 = ORIENTED_EDGE('',*,*,#2407,.F.);
#2407 = EDGE_CURVE('',#2408,#2062,#2410,.T.);
#2408 = VERTEX_POINT('',#2409);
#2409 = CARTESIAN_POINT('',(192.,55.,-10.));
#2410 = SURFACE_CURVE('',#2411,(#2415,#2422),.PCURVE_S1.);
#2411 = LINE('',#2412,#2413);
#2412 = CARTESIAN_POINT('',(192.,55.,-10.));
#2413 = VECTOR('',#2414,1.);
#2414 = DIRECTION('',(0.,0.,1.));
#2415 = PCURVE('',#1903,#2416);
#2416 = DEFINITIONAL_REPRESENTATION('',(#2417),#2421);
#2417 = LINE('',#2418,#2419);
#2418 = CARTESIAN_POINT('',(4.712388980385,0.));
#2419 = VECTOR('',#2420,1.);
#2420 = DIRECTION('',(-0.,1.));
#2421 = ( GEOMETRIC_REPRESENTATION_CONTEXT(2) 
PARAMETRIC_REPRESENTATION_CONTEXT() REPRESENTATION_CONTEXT('2D SPACE',''
  ) );
#2422 = PCURVE('',#2077,#2423);
#2423 = DEFINITIONAL_REPRESENTATION('',(#2424),#2428);
#2424 = LINE('',#2425,#2426);
#2425 = CARTESIAN_POINT('',(0.,12.));
#2426 = VECTOR('',#2427,1.);
#2427 = DIRECTION('',(1.,0.));
#2428 = ( GEOMETRIC_REPRESENTATION_CONTEXT(2) 
PARAMETRIC_REPRESENTATION_CONTEXT() REPRESENTATION_CONTEXT('2D SPACE',''
  ) );
#2429 = ORIENTED_EDGE('',*,*,#2430,.F.);
#2430 = EDGE_CURVE('',#1862,#2408,#2431,.T.);
#2431 = SURFACE_CURVE('',#2432,(#2437,#2444),.PCURVE_S1.);
#2432 = CIRCLE('',#2433,12.);
#2433 = AXIS2_PLACEMENT_3D('',#2434,#2435,#2436);
#2434 = CARTESIAN_POINT('',(192.,43.,-10.));
#2435 = DIRECTION('',(-0.,-0.,-1.));
#2436 = DIRECTION('',(0.,-1.,0.));
#2437 = PCURVE('',#1903,#2438);
#2438 = DEFINITIONAL_REPRESENTATION('',(#2439),#2443);
#2439 = LINE('',#2440,#2441);
#2440 = CARTESIAN_POINT('',(7.853981633975,0.));
#2441 = VECTOR('',#2442,1.);
#2442 = DIRECTION('',(-1.,0.));
#2443 = ( GEOMETRIC_REPRESENTATION_CONTEXT(2) 
PARAMETRIC_REPRESENTATION_CONTEXT() REPRESENTATION_CONTEXT('2D SPACE',''
  ) );
#2444 = PCURVE('',#1877,#2445);
#2445 = DEFINITIONAL_REPRESENTATION('',(#2446),#2454);
#2446 = ( BOUNDED_CURVE() B_SPLINE_CURVE(2,(#2447,#2448,#2449,#2450,
#2451,#2452,#2453),.UNSPECIFIED.,.T.,.F.) B_SPLINE_CURVE_WITH_KNOTS((1,2
    ,2,2,2,1),(-2.094395102393,0.,2.094395102393,4.188790204786,
6.28318530718,8.377580409573),.UNSPECIFIED.) CURVE() 
GEOMETRIC_REPRESENTATION_ITEM() RATIONAL_B_SPLINE_CURVE((1.,0.5,1.,0.5,
1.,0.5,1.)) REPRESENTATION_ITEM('') );
#2447 = CARTESIAN_POINT('',(12.,86.));
#2448 = CARTESIAN_POINT('',(-8.784609690827,86.));
#2449 = CARTESIAN_POINT('',(1.607695154587,104.));
#2450 = CARTESIAN_POINT('',(12.,122.));
#2451 = CARTESIAN_POINT('',(22.392304845413,104.));
#2452 = CARTESIAN_POINT('',(32.784609690827,86.));
#2453 = CARTESIAN_POINT('',(12.,86.));
#2454 = ( GEOMETRIC_REPRESENTATION_CONTEXT(2) 
PARAMETRIC_REPRESENTATION_CONTEXT() REPRESENTATION_CONTEXT('2D SPACE',''
  ) );
#2455 = ADVANCED_FACE('',(#2456,#2580,#2615,#2645,#2675,#2705,#2735,
    #2765),#1877,.F.);
#2456 = FACE_BOUND('',#2457,.F.);
#2457 = EDGE_LOOP('',(#2458,#2459,#2460,#2483,#2511,#2534,#2558,#2579));
#2458 = ORIENTED_EDGE('',*,*,#1861,.F.);
#2459 = ORIENTED_EDGE('',*,*,#2355,.T.);
#2460 = ORIENTED_EDGE('',*,*,#2461,.T.);
#2461 = EDGE_CURVE('',#2356,#2462,#2464,.T.);
#2462 = VERTEX_POINT('',#2463);
#2463 = CARTESIAN_POINT('',(688.,-55.,-10.));
#2464 = SURFACE_CURVE('',#2465,(#2469,#2476),.PCURVE_S1.);
#2465 = LINE('',#2466,#2467);
#2466 = CARTESIAN_POINT('',(180.,-55.,-10.));
#2467 = VECTOR('',#2468,1.);
#2468 = DIRECTION('',(1.,0.,0.));
#2469 = PCURVE('',#1877,#2470);
#2470 = DEFINITIONAL_REPRESENTATION('',(#2471),#2475);
#2471 = LINE('',#2472,#2473);
#2472 = CARTESIAN_POINT('',(0.,0.));
#2473 = VECTOR('',#2474,1.);
#2474 = DIRECTION('',(1.,0.));
#2475 = ( GEOMETRIC_REPRESENTATION_CONTEXT(2) 
PARAMETRIC_REPRESENTATION_CONTEXT() REPRESENTATION_CONTEXT('2D SPACE',''
  ) );
#2476 = PCURVE('',#1959,#2477);
#2477 = DEFINITIONAL_REPRESENTATION('',(#2478),#2482);
#2478 = LINE('',#2479,#2480);
#2479 = CARTESIAN_POINT('',(0.,0.));
#2480 = VECTOR('',#2481,1.);
#2481 = DIRECTION('',(0.,1.));
#2482 = ( GEOMETRIC_REPRESENTATION_CONTEXT(2) 
PARAMETRIC_REPRESENTATION_CONTEXT() REPRESENTATION_CONTEXT('2D SPACE',''
  ) );
#2483 = ORIENTED_EDGE('',*,*,#2484,.F.);
#2484 = EDGE_CURVE('',#2485,#2462,#2487,.T.);
#2485 = VERTEX_POINT('',#2486);
#2486 = CARTESIAN_POINT('',(700.,-43.,-10.));
#2487 = SURFACE_CURVE('',#2488,(#2493,#2504),.PCURVE_S1.);
#2488 = CIRCLE('',#2489,12.);
#2489 = AXIS2_PLACEMENT_3D('',#2490,#2491,#2492);
#2490 = CARTESIAN_POINT('',(688.,-43.,-10.));
#2491 = DIRECTION('',(-0.,-0.,-1.));
#2492 = DIRECTION('',(0.,-1.,0.));
#2493 = PCURVE('',#1877,#2494);
#2494 = DEFINITIONAL_REPRESENTATION('',(#2495),#2503);
#2495 = ( BOUNDED_CURVE() B_SPLINE_CURVE(2,(#2496,#2497,#2498,#2499,
#2500,#2501,#2502),.UNSPECIFIED.,.T.,.F.) B_SPLINE_CURVE_WITH_KNOTS((1,2
    ,2,2,2,1),(-2.094395102393,0.,2.094395102393,4.188790204786,
6.28318530718,8.377580409573),.UNSPECIFIED.) CURVE() 
GEOMETRIC_REPRESENTATION_ITEM() RATIONAL_B_SPLINE_CURVE((1.,0.5,1.,0.5,
1.,0.5,1.)) REPRESENTATION_ITEM('') );
#2496 = CARTESIAN_POINT('',(508.,0.));
#2497 = CARTESIAN_POINT('',(487.21539030917,0.));
#2498 = CARTESIAN_POINT('',(497.60769515458,18.));
#2499 = CARTESIAN_POINT('',(508.,36.));
#2500 = CARTESIAN_POINT('',(518.39230484541,18.));
#2501 = CARTESIAN_POINT('',(528.78460969082,1.7763568394E-14));
#2502 = CARTESIAN_POINT('',(508.,0.));
#2503 = ( GEOMETRIC_REPRESENTATION_CONTEXT(2) 
PARAMETRIC_REPRESENTATION_CONTEXT() REPRESENTATION_CONTEXT('2D SPACE',''
  ) );
#2504 = PCURVE('',#1992,#2505);
#2505 = DEFINITIONAL_REPRESENTATION('',(#2506),#2510);
#2506 = LINE('',#2507,#2508);
#2507 = CARTESIAN_POINT('',(10.995574287565,0.));
#2508 = VECTOR('',#2509,1.);
#2509 = DIRECTION('',(-1.,0.));
#2510 = ( GEOMETRIC_REPRESENTATION_CONTEXT(2) 
PARAMETRIC_REPRESENTATION_CONTEXT() REPRESENTATION_CONTEXT('2D SPACE',''
  ) );
#2511 = ORIENTED_EDGE('',*,*,#2512,.T.);
#2512 = EDGE_CURVE('',#2485,#2513,#2515,.T.);
#2513 = VERTEX_POINT('',#2514);
#2514 = CARTESIAN_POINT('',(700.,43.,-10.));
#2515 = SURFACE_CURVE('',#2516,(#2520,#2527),.PCURVE_S1.);
#2516 = LINE('',#2517,#2518);
#2517 = CARTESIAN_POINT('',(700.,-55.,-10.));
#2518 = VECTOR('',#2519,1.);
#2519 = DIRECTION('',(0.,1.,0.));
#2520 = PCURVE('',#1877,#2521);
#2521 = DEFINITIONAL_REPRESENTATION('',(#2522),#2526);
#2522 = LINE('',#2523,#2524);
#2523 = CARTESIAN_POINT('',(520.,0.));
#2524 = VECTOR('',#2525,1.);
#2525 = DIRECTION('',(0.,1.));
#2526 = ( GEOMETRIC_REPRESENTATION_CONTEXT(2) 
PARAMETRIC_REPRESENTATION_CONTEXT() REPRESENTATION_CONTEXT('2D SPACE',''
  ) );
#2527 = PCURVE('',#2020,#2528);
#2528 = DEFINITIONAL_REPRESENTATION('',(#2529),#2533);
#2529 = LINE('',#2530,#2531);
#2530 = CARTESIAN_POINT('',(0.,0.));
#2531 = VECTOR('',#2532,1.);
#2532 = DIRECTION('',(0.,-1.));
#2533 = ( GEOMETRIC_REPRESENTATION_CONTEXT(2) 
PARAMETRIC_REPRESENTATION_CONTEXT() REPRESENTATION_CONTEXT('2D SPACE',''
  ) );
#2534 = ORIENTED_EDGE('',*,*,#2535,.T.);
#2535 = EDGE_CURVE('',#2513,#2536,#2538,.T.);
#2536 = VERTEX_POINT('',#2537);
#2537 = CARTESIAN_POINT('',(688.,55.,-10.));
#2538 = SURFACE_CURVE('',#2539,(#2544,#2551),.PCURVE_S1.);
#2539 = CIRCLE('',#2540,12.);
#2540 = AXIS2_PLACEMENT_3D('',#2541,#2542,#2543);
#2541 = CARTESIAN_POINT('',(688.,43.,-10.));
#2542 = DIRECTION('',(0.,0.,1.));
#2543 = DIRECTION('',(0.,-1.,0.));
#2544 = PCURVE('',#1877,#2545);
#2545 = DEFINITIONAL_REPRESENTATION('',(#2546),#2550);
#2546 = CIRCLE('',#2547,12.);
#2547 = AXIS2_PLACEMENT_2D('',#2548,#2549);
#2548 = CARTESIAN_POINT('',(508.,98.));
#2549 = DIRECTION('',(0.,-1.));
#2550 = ( GEOMETRIC_REPRESENTATION_CONTEXT(2) 
PARAMETRIC_REPRESENTATION_CONTEXT() REPRESENTATION_CONTEXT('2D SPACE',''
  ) );
#2551 = PCURVE('',#2049,#2552);
#2552 = DEFINITIONAL_REPRESENTATION('',(#2553),#2557);
#2553 = LINE('',#2554,#2555);
#2554 = CARTESIAN_POINT('',(-1.570796326795,0.));
#2555 = VECTOR('',#2556,1.);
#2556 = DIRECTION('',(1.,0.));
#2557 = ( GEOMETRIC_REPRESENTATION_CONTEXT(2) 
PARAMETRIC_REPRESENTATION_CONTEXT() REPRESENTATION_CONTEXT('2D SPACE',''
  ) );
#2558 = ORIENTED_EDGE('',*,*,#2559,.F.);
#2559 = EDGE_CURVE('',#2408,#2536,#2560,.T.);
#2560 = SURFACE_CURVE('',#2561,(#2565,#2572),.PCURVE_S1.);
#2561 = LINE('',#2562,#2563);
#2562 = CARTESIAN_POINT('',(180.,55.,-10.));
#2563 = VECTOR('',#2564,1.);
#2564 = DIRECTION('',(1.,0.,0.));
#2565 = PCURVE('',#1877,#2566);
#2566 = DEFINITIONAL_REPRESENTATION('',(#2567),#2571);
#2567 = LINE('',#2568,#2569);
#2568 = CARTESIAN_POINT('',(0.,110.));
#2569 = VECTOR('',#2570,1.);
#2570 = DIRECTION('',(1.,0.));
#2571 = ( GEOMETRIC_REPRESENTATION_CONTEXT(2) 
PARAMETRIC_REPRESENTATION_CONTEXT() REPRESENTATION_CONTEXT('2D SPACE',''
  ) );
#2572 = PCURVE('',#2077,#2573);
#2573 = DEFINITIONAL_REPRESENTATION('',(#2574),#2578);
#2574 = LINE('',#2575,#2576);
#2575 = CARTESIAN_POINT('',(0.,0.));
#2576 = VECTOR('',#2577,1.);
#2577 = DIRECTION('',(0.,1.));
#2578 = ( GEOMETRIC_REPRESENTATION_CONTEXT(2) 
PARAMETRIC_REPRESENTATION_CONTEXT() REPRESENTATION_CONTEXT('2D SPACE',''
  ) );
#2579 = ORIENTED_EDGE('',*,*,#2430,.F.);
#2580 = FACE_BOUND('',#2581,.F.);
#2581 = EDGE_LOOP('',(#2582));
#2582 = ORIENTED_EDGE('',*,*,#2583,.T.);
#2583 = EDGE_CURVE('',#2584,#2584,#2586,.T.);
#2584 = VERTEX_POINT('',#2585);
#2585 = CARTESIAN_POINT('',(192.5,-7.960204194458E-15,-10.));
#2586 = SURFACE_CURVE('',#2587,(#2592,#2603),.PCURVE_S1.);
#2587 = CIRCLE('',#2588,32.5);
#2588 = AXIS2_PLACEMENT_3D('',#2589,#2590,#2591);
#2589 = CARTESIAN_POINT('',(225.,0.,-10.));
#2590 = DIRECTION('',(0.,0.,-1.));
#2591 = DIRECTION('',(-1.,0.,0.));
#2592 = PCURVE('',#1877,#2593);
#2593 = DEFINITIONAL_REPRESENTATION('',(#2594),#2602);
#2594 = ( BOUNDED_CURVE() B_SPLINE_CURVE(2,(#2595,#2596,#2597,#2598,
#2599,#2600,#2601),.UNSPECIFIED.,.T.,.F.) B_SPLINE_CURVE_WITH_KNOTS((1,2
    ,2,2,2,1),(-2.094395102393,0.,2.094395102393,4.188790204786,
6.28318530718,8.377580409573),.UNSPECIFIED.) CURVE() 
GEOMETRIC_REPRESENTATION_ITEM() RATIONAL_B_SPLINE_CURVE((1.,0.5,1.,0.5,
1.,0.5,1.)) REPRESENTATION_ITEM('') );
#2595 = CARTESIAN_POINT('',(12.5,55.));
#2596 = CARTESIAN_POINT('',(12.5,111.29165124598));
#2597 = CARTESIAN_POINT('',(61.25,83.145825622994));
#2598 = CARTESIAN_POINT('',(110.,55.));
#2599 = CARTESIAN_POINT('',(61.25,26.854174377006));
#2600 = CARTESIAN_POINT('',(12.5,-1.291651245989));
#2601 = CARTESIAN_POINT('',(12.5,55.));
#2602 = ( GEOMETRIC_REPRESENTATION_CONTEXT(2) 
PARAMETRIC_REPRESENTATION_CONTEXT() REPRESENTATION_CONTEXT('2D SPACE',''
  ) );
#2603 = PCURVE('',#2604,#2609);
#2604 = CYLINDRICAL_SURFACE('',#2605,32.5);
#2605 = AXIS2_PLACEMENT_3D('',#2606,#2607,#2608);
#2606 = CARTESIAN_POINT('',(225.,0.,10.));
#2607 = DIRECTION('',(0.,0.,-1.));
#2608 = DIRECTION('',(-1.,0.,0.));
#2609 = DEFINITIONAL_REPRESENTATION('',(#2610),#2614);
#2610 = LINE('',#2611,#2612);
#2611 = CARTESIAN_POINT('',(0.,20.));
#2612 = VECTOR('',#2613,1.);
#2613 = DIRECTION('',(1.,0.));
#2614 = ( GEOMETRIC_REPRESENTATION_CONTEXT(2) 
PARAMETRIC_REPRESENTATION_CONTEXT() REPRESENTATION_CONTEXT('2D SPACE',''
  ) );
#2615 = FACE_BOUND('',#2616,.F.);
#2616 = EDGE_LOOP('',(#2617));
#2617 = ORIENTED_EDGE('',*,*,#2618,.T.);
#2618 = EDGE_CURVE('',#2619,#2619,#2621,.T.);
#2619 = VERTEX_POINT('',#2620);
#2620 = CARTESIAN_POINT('',(289.1,-5.119023620436E-15,-10.));
#2621 = SURFACE_CURVE('',#2622,(#2627,#2638),.PCURVE_S1.);
#2622 = CIRCLE('',#2623,20.9);
#2623 = AXIS2_PLACEMENT_3D('',#2624,#2625,#2626);
#2624 = CARTESIAN_POINT('',(310.,0.,-10.));
#2625 = DIRECTION('',(0.,0.,-1.));
#2626 = DIRECTION('',(-1.,0.,0.));
#2627 = PCURVE('',#1877,#2628);
#2628 = DEFINITIONAL_REPRESENTATION('',(#2629),#2637);
#2629 = ( BOUNDED_CURVE() B_SPLINE_CURVE(2,(#2630,#2631,#2632,#2633,
#2634,#2635,#2636),.UNSPECIFIED.,.T.,.F.) B_SPLINE_CURVE_WITH_KNOTS((1,2
    ,2,2,2,1),(-2.094395102393,0.,2.094395102393,4.188790204786,
6.28318530718,8.377580409573),.UNSPECIFIED.) CURVE() 
GEOMETRIC_REPRESENTATION_ITEM() RATIONAL_B_SPLINE_CURVE((1.,0.5,1.,0.5,
1.,0.5,1.)) REPRESENTATION_ITEM('') );
#2630 = CARTESIAN_POINT('',(109.1,55.));
#2631 = CARTESIAN_POINT('',(109.1,91.199861878189));
#2632 = CARTESIAN_POINT('',(140.45,73.099930939095));
#2633 = CARTESIAN_POINT('',(171.8,55.));
#2634 = CARTESIAN_POINT('',(140.45,36.900069060905));
#2635 = CARTESIAN_POINT('',(109.1,18.80013812181));
#2636 = CARTESIAN_POINT('',(109.1,55.));
#2637 = ( GEOMETRIC_REPRESENTATION_CONTEXT(2) 
PARAMETRIC_REPRESENTATION_CONTEXT() REPRESENTATION_CONTEXT('2D SPACE',''
  ) );
#2638 = PCURVE('',#2169,#2639);
#2639 = DEFINITIONAL_REPRESENTATION('',(#2640),#2644);
#2640 = LINE('',#2641,#2642);
#2641 = CARTESIAN_POINT('',(0.,20.));
#2642 = VECTOR('',#2643,1.);
#2643 = DIRECTION('',(1.,0.));
#2644 = ( GEOMETRIC_REPRESENTATION_CONTEXT(2) 
PARAMETRIC_REPRESENTATION_CONTEXT() REPRESENTATION_CONTEXT('2D SPACE',''
  ) );
#2645 = FACE_BOUND('',#2646,.F.);
#2646 = EDGE_LOOP('',(#2647));
#2647 = ORIENTED_EDGE('',*,*,#2648,.T.);
#2648 = EDGE_CURVE('',#2649,#2649,#2651,.T.);
#2649 = VERTEX_POINT('',#2650);
#2650 = CARTESIAN_POINT('',(354.1,-5.119023620436E-15,-10.));
#2651 = SURFACE_CURVE('',#2652,(#2657,#2668),.PCURVE_S1.);
#2652 = CIRCLE('',#2653,20.9);
#2653 = AXIS2_PLACEMENT_3D('',#2654,#2655,#2656);
#2654 = CARTESIAN_POINT('',(375.,0.,-10.));
#2655 = DIRECTION('',(0.,0.,-1.));
#2656 = DIRECTION('',(-1.,0.,0.));
#2657 = PCURVE('',#1877,#2658);
#2658 = DEFINITIONAL_REPRESENTATION('',(#2659),#2667);
#2659 = ( BOUNDED_CURVE() B_SPLINE_CURVE(2,(#2660,#2661,#2662,#2663,
#2664,#2665,#2666),.UNSPECIFIED.,.T.,.F.) B_SPLINE_CURVE_WITH_KNOTS((1,2
    ,2,2,2,1),(-2.094395102393,0.,2.094395102393,4.188790204786,
6.28318530718,8.377580409573),.UNSPECIFIED.) CURVE() 
GEOMETRIC_REPRESENTATION_ITEM() RATIONAL_B_SPLINE_CURVE((1.,0.5,1.,0.5,
1.,0.5,1.)) REPRESENTATION_ITEM('') );
#2660 = CARTESIAN_POINT('',(174.1,55.));
#2661 = CARTESIAN_POINT('',(174.1,91.199861878189));
#2662 = CARTESIAN_POINT('',(205.45,73.099930939095));
#2663 = CARTESIAN_POINT('',(236.8,55.));
#2664 = CARTESIAN_POINT('',(205.45,36.900069060905));
#2665 = CARTESIAN_POINT('',(174.1,18.80013812181));
#2666 = CARTESIAN_POINT('',(174.1,55.));
#2667 = ( GEOMETRIC_REPRESENTATION_CONTEXT(2) 
PARAMETRIC_REPRESENTATION_CONTEXT() REPRESENTATION_CONTEXT('2D SPACE',''
  ) );
#2668 = PCURVE('',#2204,#2669);
#2669 = DEFINITIONAL_REPRESENTATION('',(#2670),#2674);
#2670 = LINE('',#2671,#2672);
#2671 = CARTESIAN_POINT('',(0.,20.));
#2672 = VECTOR('',#2673,1.);
#2673 = DIRECTION('',(1.,0.));
#2674 = ( GEOMETRIC_REPRESENTATION_CONTEXT(2) 
PARAMETRIC_REPRESENTATION_CONTEXT() REPRESENTATION_CONTEXT('2D SPACE',''
  ) );
#2675 = FACE_BOUND('',#2676,.F.);
#2676 = EDGE_LOOP('',(#2677));
#2677 = ORIENTED_EDGE('',*,*,#2678,.T.);
#2678 = EDGE_CURVE('',#2679,#2679,#2681,.T.);
#2679 = VERTEX_POINT('',#2680);
#2680 = CARTESIAN_POINT('',(419.1,-5.119023620436E-15,-10.));
#2681 = SURFACE_CURVE('',#2682,(#2687,#2698),.PCURVE_S1.);
#2682 = CIRCLE('',#2683,20.9);
#2683 = AXIS2_PLACEMENT_3D('',#2684,#2685,#2686);
#2684 = CARTESIAN_POINT('',(440.,0.,-10.));
#2685 = DIRECTION('',(0.,0.,-1.));
#2686 = DIRECTION('',(-1.,0.,0.));
#2687 = PCURVE('',#1877,#2688);
#2688 = DEFINITIONAL_REPRESENTATION('',(#2689),#2697);
#2689 = ( BOUNDED_CURVE() B_SPLINE_CURVE(2,(#2690,#2691,#2692,#2693,
#2694,#2695,#2696),.UNSPECIFIED.,.T.,.F.) B_SPLINE_CURVE_WITH_KNOTS((1,2
    ,2,2,2,1),(-2.094395102393,0.,2.094395102393,4.188790204786,
6.28318530718,8.377580409573),.UNSPECIFIED.) CURVE() 
GEOMETRIC_REPRESENTATION_ITEM() RATIONAL_B_SPLINE_CURVE((1.,0.5,1.,0.5,
1.,0.5,1.)) REPRESENTATION_ITEM('') );
#2690 = CARTESIAN_POINT('',(239.1,55.));
#2691 = CARTESIAN_POINT('',(239.1,91.199861878189));
#2692 = CARTESIAN_POINT('',(270.45,73.099930939095));
#2693 = CARTESIAN_POINT('',(301.8,55.));
#2694 = CARTESIAN_POINT('',(270.45,36.900069060905));
#2695 = CARTESIAN_POINT('',(239.1,18.80013812181));
#2696 = CARTESIAN_POINT('',(239.1,55.));
#2697 = ( GEOMETRIC_REPRESENTATION_CONTEXT(2) 
PARAMETRIC_REPRESENTATION_CONTEXT() REPRESENTATION_CONTEXT('2D SPACE',''
  ) );
#2698 = PCURVE('',#2239,#2699);
#2699 = DEFINITIONAL_REPRESENTATION('',(#2700),#2704);
#2700 = LINE('',#2701,#2702);
#2701 = CARTESIAN_POINT('',(0.,20.));
#2702 = VECTOR('',#2703,1.);
#2703 = DIRECTION('',(1.,0.));
#2704 = ( GEOMETRIC_REPRESENTATION_CONTEXT(2) 
PARAMETRIC_REPRESENTATION_CONTEXT() REPRESENTATION_CONTEXT('2D SPACE',''
  ) );
#2705 = FACE_BOUND('',#2706,.F.);
#2706 = EDGE_LOOP('',(#2707));
#2707 = ORIENTED_EDGE('',*,*,#2708,.T.);
#2708 = EDGE_CURVE('',#2709,#2709,#2711,.T.);
#2709 = VERTEX_POINT('',#2710);
#2710 = CARTESIAN_POINT('',(484.1,-5.119023620436E-15,-10.));
#2711 = SURFACE_CURVE('',#2712,(#2717,#2728),.PCURVE_S1.);
#2712 = CIRCLE('',#2713,20.9);
#2713 = AXIS2_PLACEMENT_3D('',#2714,#2715,#2716);
#2714 = CARTESIAN_POINT('',(505.,0.,-10.));
#2715 = DIRECTION('',(0.,0.,-1.));
#2716 = DIRECTION('',(-1.,0.,0.));
#2717 = PCURVE('',#1877,#2718);
#2718 = DEFINITIONAL_REPRESENTATION('',(#2719),#2727);
#2719 = ( BOUNDED_CURVE() B_SPLINE_CURVE(2,(#2720,#2721,#2722,#2723,
#2724,#2725,#2726),.UNSPECIFIED.,.T.,.F.) B_SPLINE_CURVE_WITH_KNOTS((1,2
    ,2,2,2,1),(-2.094395102393,0.,2.094395102393,4.188790204786,
6.28318530718,8.377580409573),.UNSPECIFIED.) CURVE() 
GEOMETRIC_REPRESENTATION_ITEM() RATIONAL_B_SPLINE_CURVE((1.,0.5,1.,0.5,
1.,0.5,1.)) REPRESENTATION_ITEM('') );
#2720 = CARTESIAN_POINT('',(304.1,55.));
#2721 = CARTESIAN_POINT('',(304.1,91.199861878189));
#2722 = CARTESIAN_POINT('',(335.45,73.099930939095));
#2723 = CARTESIAN_POINT('',(366.8,55.));
#2724 = CARTESIAN_POINT('',(335.45,36.900069060905));
#2725 = CARTESIAN_POINT('',(304.1,18.80013812181));
#2726 = CARTESIAN_POINT('',(304.1,55.));
#2727 = ( GEOMETRIC_REPRESENTATION_CONTEXT(2) 
PARAMETRIC_REPRESENTATION_CONTEXT() REPRESENTATION_CONTEXT('2D SPACE',''
  ) );
#2728 = PCURVE('',#2274,#2729);
#2729 = DEFINITIONAL_REPRESENTATION('',(#2730),#2734);
#2730 = LINE('',#2731,#2732);
#2731 = CARTESIAN_POINT('',(0.,20.));
#2732 = VECTOR('',#2733,1.);
#2733 = DIRECTION('',(1.,0.));
#2734 = ( GEOMETRIC_REPRESENTATION_CONTEXT(2) 
PARAMETRIC_REPRESENTATION_CONTEXT() REPRESENTATION_CONTEXT('2D SPACE',''
  ) );
#2735 = FACE_BOUND('',#2736,.F.);
#2736 = EDGE_LOOP('',(#2737));
#2737 = ORIENTED_EDGE('',*,*,#2738,.T.);
#2738 = EDGE_CURVE('',#2739,#2739,#2741,.T.);
#2739 = VERTEX_POINT('',#2740);
#2740 = CARTESIAN_POINT('',(549.1,-5.119023620436E-15,-10.));
#2741 = SURFACE_CURVE('',#2742,(#2747,#2758),.PCURVE_S1.);
#2742 = CIRCLE('',#2743,20.9);
#2743 = AXIS2_PLACEMENT_3D('',#2744,#2745,#2746);
#2744 = CARTESIAN_POINT('',(570.,0.,-10.));
#2745 = DIRECTION('',(0.,0.,-1.));
#2746 = DIRECTION('',(-1.,0.,0.));
#2747 = PCURVE('',#1877,#2748);
#2748 = DEFINITIONAL_REPRESENTATION('',(#2749),#2757);
#2749 = ( BOUNDED_CURVE() B_SPLINE_CURVE(2,(#2750,#2751,#2752,#2753,
#2754,#2755,#2756),.UNSPECIFIED.,.T.,.F.) B_SPLINE_CURVE_WITH_KNOTS((1,2
    ,2,2,2,1),(-2.094395102393,0.,2.094395102393,4.188790204786,
6.28318530718,8.377580409573),.UNSPECIFIED.) CURVE() 
GEOMETRIC_REPRESENTATION_ITEM() RATIONAL_B_SPLINE_CURVE((1.,0.5,1.,0.5,
1.,0.5,1.)) REPRESENTATION_ITEM('') );
#2750 = CARTESIAN_POINT('',(369.1,55.));
#2751 = CARTESIAN_POINT('',(369.1,91.199861878189));
#2752 = CARTESIAN_POINT('',(400.45,73.099930939095));
#2753 = CARTESIAN_POINT('',(431.8,55.));
#2754 = CARTESIAN_POINT('',(400.45,36.900069060905));
#2755 = CARTESIAN_POINT('',(369.1,18.80013812181));
#2756 = CARTESIAN_POINT('',(369.1,55.));
#2757 = ( GEOMETRIC_REPRESENTATION_CONTEXT(2) 
PARAMETRIC_REPRESENTATION_CONTEXT() REPRESENTATION_CONTEXT('2D SPACE',''
  ) );
#2758 = PCURVE('',#2309,#2759);
#2759 = DEFINITIONAL_REPRESENTATION('',(#2760),#2764);
#2760 = LINE('',#2761,#2762);
#2761 = CARTESIAN_POINT('',(0.,20.));
#2762 = VECTOR('',#2763,1.);
#2763 = DIRECTION('',(1.,0.));
#2764 = ( GEOMETRIC_REPRESENTATION_CONTEXT(2) 
PARAMETRIC_REPRESENTATION_CONTEXT() REPRESENTATION_CONTEXT('2D SPACE',''
  ) );
#2765 = FACE_BOUND('',#2766,.F.);
#2766 = EDGE_LOOP('',(#2767));
#2767 = ORIENTED_EDGE('',*,*,#2768,.T.);
#2768 = EDGE_CURVE('',#2769,#2769,#2771,.T.);
#2769 = VERTEX_POINT('',#2770);
#2770 = CARTESIAN_POINT('',(622.5,-7.960204194458E-15,-10.));
#2771 = SURFACE_CURVE('',#2772,(#2777,#2788),.PCURVE_S1.);
#2772 = CIRCLE('',#2773,32.5);
#2773 = AXIS2_PLACEMENT_3D('',#2774,#2775,#2776);
#2774 = CARTESIAN_POINT('',(655.,0.,-10.));
#2775 = DIRECTION('',(0.,0.,-1.));
#2776 = DIRECTION('',(-1.,0.,0.));
#2777 = PCURVE('',#1877,#2778);
#2778 = DEFINITIONAL_REPRESENTATION('',(#2779),#2787);
#2779 = ( BOUNDED_CURVE() B_SPLINE_CURVE(2,(#2780,#2781,#2782,#2783,
#2784,#2785,#2786),.UNSPECIFIED.,.T.,.F.) B_SPLINE_CURVE_WITH_KNOTS((1,2
    ,2,2,2,1),(-2.094395102393,0.,2.094395102393,4.188790204786,
6.28318530718,8.377580409573),.UNSPECIFIED.) CURVE() 
GEOMETRIC_REPRESENTATION_ITEM() RATIONAL_B_SPLINE_CURVE((1.,0.5,1.,0.5,
1.,0.5,1.)) REPRESENTATION_ITEM('') );
#2780 = CARTESIAN_POINT('',(442.5,55.));
#2781 = CARTESIAN_POINT('',(442.5,111.29165124598));
#2782 = CARTESIAN_POINT('',(491.25,83.145825622994));
#2783 = CARTESIAN_POINT('',(540.,55.));
#2784 = CARTESIAN_POINT('',(491.25,26.854174377006));
#2785 = CARTESIAN_POINT('',(442.5,-1.291651245989));
#2786 = CARTESIAN_POINT('',(442.5,55.));
#2787 = ( GEOMETRIC_REPRESENTATION_CONTEXT(2) 
PARAMETRIC_REPRESENTATION_CONTEXT() REPRESENTATION_CONTEXT('2D SPACE',''
  ) );
#2788 = PCURVE('',#2789,#2794);
#2789 = CYLINDRICAL_SURFACE('',#2790,32.5);
#2790 = AXIS2_PLACEMENT_3D('',#2791,#2792,#2793);
#2791 = CARTESIAN_POINT('',(655.,0.,10.));
#2792 = DIRECTION('',(0.,0.,-1.));
#2793 = DIRECTION('',(-1.,0.,0.));
#2794 = DEFINITIONAL_REPRESENTATION('',(#2795),#2799);
#2795 = LINE('',#2796,#2797);
#2796 = CARTESIAN_POINT('',(0.,20.));
#2797 = VECTOR('',#2798,1.);
#2798 = DIRECTION('',(1.,0.));
#2799 = ( GEOMETRIC_REPRESENTATION_CONTEXT(2) 
PARAMETRIC_REPRESENTATION_CONTEXT() REPRESENTATION_CONTEXT('2D SPACE',''
  ) );
#2800 = ADVANCED_FACE('',(#2801),#1959,.F.);
#2801 = FACE_BOUND('',#2802,.F.);
#2802 = EDGE_LOOP('',(#2803,#2804,#2805,#2806));
#2803 = ORIENTED_EDGE('',*,*,#2461,.F.);
#2804 = ORIENTED_EDGE('',*,*,#2379,.T.);
#2805 = ORIENTED_EDGE('',*,*,#1943,.T.);
#2806 = ORIENTED_EDGE('',*,*,#2807,.F.);
#2807 = EDGE_CURVE('',#2462,#1944,#2808,.T.);
#2808 = SURFACE_CURVE('',#2809,(#2813,#2820),.PCURVE_S1.);
#2809 = LINE('',#2810,#2811);
#2810 = CARTESIAN_POINT('',(688.,-55.,-10.));
#2811 = VECTOR('',#2812,1.);
#2812 = DIRECTION('',(0.,0.,1.));
#2813 = PCURVE('',#1959,#2814);
#2814 = DEFINITIONAL_REPRESENTATION('',(#2815),#2819);
#2815 = LINE('',#2816,#2817);
#2816 = CARTESIAN_POINT('',(0.,508.));
#2817 = VECTOR('',#2818,1.);
#2818 = DIRECTION('',(1.,0.));
#2819 = ( GEOMETRIC_REPRESENTATION_CONTEXT(2) 
PARAMETRIC_REPRESENTATION_CONTEXT() REPRESENTATION_CONTEXT('2D SPACE',''
  ) );
#2820 = PCURVE('',#1992,#2821);
#2821 = DEFINITIONAL_REPRESENTATION('',(#2822),#2826);
#2822 = LINE('',#2823,#2824);
#2823 = CARTESIAN_POINT('',(4.712388980385,0.));
#2824 = VECTOR('',#2825,1.);
#2825 = DIRECTION('',(-0.,1.));
#2826 = ( GEOMETRIC_REPRESENTATION_CONTEXT(2) 
PARAMETRIC_REPRESENTATION_CONTEXT() REPRESENTATION_CONTEXT('2D SPACE',''
  ) );
#2827 = ADVANCED_FACE('',(#2828),#2077,.T.);
#2828 = FACE_BOUND('',#2829,.T.);
#2829 = EDGE_LOOP('',(#2830,#2831,#2832,#2833));
#2830 = ORIENTED_EDGE('',*,*,#2559,.F.);
#2831 = ORIENTED_EDGE('',*,*,#2407,.T.);
#2832 = ORIENTED_EDGE('',*,*,#2061,.T.);
#2833 = ORIENTED_EDGE('',*,*,#2834,.F.);
#2834 = EDGE_CURVE('',#2536,#2033,#2835,.T.);
#2835 = SURFACE_CURVE('',#2836,(#2840,#2847),.PCURVE_S1.);
#2836 = LINE('',#2837,#2838);
#2837 = CARTESIAN_POINT('',(688.,55.,-10.));
#2838 = VECTOR('',#2839,1.);
#2839 = DIRECTION('',(0.,0.,1.));
#2840 = PCURVE('',#2077,#2841);
#2841 = DEFINITIONAL_REPRESENTATION('',(#2842),#2846);
#2842 = LINE('',#2843,#2844);
#2843 = CARTESIAN_POINT('',(0.,508.));
#2844 = VECTOR('',#2845,1.);
#2845 = DIRECTION('',(1.,0.));
#2846 = ( GEOMETRIC_REPRESENTATION_CONTEXT(2) 
PARAMETRIC_REPRESENTATION_CONTEXT() REPRESENTATION_CONTEXT('2D SPACE',''
  ) );
#2847 = PCURVE('',#2049,#2848);
#2848 = DEFINITIONAL_REPRESENTATION('',(#2849),#2853);
#2849 = LINE('',#2850,#2851);
#2850 = CARTESIAN_POINT('',(1.570796326795,0.));
#2851 = VECTOR('',#2852,1.);
#2852 = DIRECTION('',(0.,1.));
#2853 = ( GEOMETRIC_REPRESENTATION_CONTEXT(2) 
PARAMETRIC_REPRESENTATION_CONTEXT() REPRESENTATION_CONTEXT('2D SPACE',''
  ) );
#2854 = ADVANCED_FACE('',(#2855),#1992,.T.);
#2855 = FACE_BOUND('',#2856,.T.);
#2856 = EDGE_LOOP('',(#2857,#2878,#2879,#2880));
#2857 = ORIENTED_EDGE('',*,*,#2858,.T.);
#2858 = EDGE_CURVE('',#2485,#1972,#2859,.T.);
#2859 = SURFACE_CURVE('',#2860,(#2864,#2871),.PCURVE_S1.);
#2860 = LINE('',#2861,#2862);
#2861 = CARTESIAN_POINT('',(700.,-43.,-10.));
#2862 = VECTOR('',#2863,1.);
#2863 = DIRECTION('',(0.,0.,1.));
#2864 = PCURVE('',#1992,#2865);
#2865 = DEFINITIONAL_REPRESENTATION('',(#2866),#2870);
#2866 = LINE('',#2867,#2868);
#2867 = CARTESIAN_POINT('',(6.28318530718,0.));
#2868 = VECTOR('',#2869,1.);
#2869 = DIRECTION('',(-0.,1.));
#2870 = ( GEOMETRIC_REPRESENTATION_CONTEXT(2) 
PARAMETRIC_REPRESENTATION_CONTEXT() REPRESENTATION_CONTEXT('2D SPACE',''
  ) );
#2871 = PCURVE('',#2020,#2872);
#2872 = DEFINITIONAL_REPRESENTATION('',(#2873),#2877);
#2873 = LINE('',#2874,#2875);
#2874 = CARTESIAN_POINT('',(0.,-12.));
#2875 = VECTOR('',#2876,1.);
#2876 = DIRECTION('',(1.,0.));
#2877 = ( GEOMETRIC_REPRESENTATION_CONTEXT(2) 
PARAMETRIC_REPRESENTATION_CONTEXT() REPRESENTATION_CONTEXT('2D SPACE',''
  ) );
#2878 = ORIENTED_EDGE('',*,*,#1971,.T.);
#2879 = ORIENTED_EDGE('',*,*,#2807,.F.);
#2880 = ORIENTED_EDGE('',*,*,#2484,.F.);
#2881 = ADVANCED_FACE('',(#2882),#2049,.T.);
#2882 = FACE_BOUND('',#2883,.T.);
#2883 = EDGE_LOOP('',(#2884,#2885,#2886,#2887));
#2884 = ORIENTED_EDGE('',*,*,#2535,.T.);
#2885 = ORIENTED_EDGE('',*,*,#2834,.T.);
#2886 = ORIENTED_EDGE('',*,*,#2032,.F.);
#2887 = ORIENTED_EDGE('',*,*,#2888,.F.);
#2888 = EDGE_CURVE('',#2513,#2005,#2889,.T.);
#2889 = SURFACE_CURVE('',#2890,(#2894,#2901),.PCURVE_S1.);
#2890 = LINE('',#2891,#2892);
#2891 = CARTESIAN_POINT('',(700.,43.,-10.));
#2892 = VECTOR('',#2893,1.);
#2893 = DIRECTION('',(0.,0.,1.));
#2894 = PCURVE('',#2049,#2895);
#2895 = DEFINITIONAL_REPRESENTATION('',(#2896),#2900);
#2896 = LINE('',#2897,#2898);
#2897 = CARTESIAN_POINT('',(0.,0.));
#2898 = VECTOR('',#2899,1.);
#2899 = DIRECTION('',(0.,1.));
#2900 = ( GEOMETRIC_REPRESENTATION_CONTEXT(2) 
PARAMETRIC_REPRESENTATION_CONTEXT() REPRESENTATION_CONTEXT('2D SPACE',''
  ) );
#2901 = PCURVE('',#2020,#2902);
#2902 = DEFINITIONAL_REPRESENTATION('',(#2903),#2907);
#2903 = LINE('',#2904,#2905);
#2904 = CARTESIAN_POINT('',(0.,-98.));
#2905 = VECTOR('',#2906,1.);
#2906 = DIRECTION('',(1.,0.));
#2907 = ( GEOMETRIC_REPRESENTATION_CONTEXT(2) 
PARAMETRIC_REPRESENTATION_CONTEXT() REPRESENTATION_CONTEXT('2D SPACE',''
  ) );
#2908 = ADVANCED_FACE('',(#2909),#2020,.T.);
#2909 = FACE_BOUND('',#2910,.T.);
#2910 = EDGE_LOOP('',(#2911,#2912,#2913,#2914));
#2911 = ORIENTED_EDGE('',*,*,#2004,.F.);
#2912 = ORIENTED_EDGE('',*,*,#2858,.F.);
#2913 = ORIENTED_EDGE('',*,*,#2512,.T.);
#2914 = ORIENTED_EDGE('',*,*,#2888,.T.);
#2915 = ADVANCED_FACE('',(#2916),#2134,.T.);
#2916 = FACE_BOUND('',#2917,.T.);
#2917 = EDGE_LOOP('',(#2918,#2919,#2942,#2969));
#2918 = ORIENTED_EDGE('',*,*,#2117,.T.);
#2919 = ORIENTED_EDGE('',*,*,#2920,.T.);
#2920 = EDGE_CURVE('',#2118,#2921,#2923,.T.);
#2921 = VERTEX_POINT('',#2922);
#2922 = CARTESIAN_POINT('',(268.5,0.,15.));
#2923 = SEAM_CURVE('',#2924,(#2928,#2935),.PCURVE_S1.);
#2924 = LINE('',#2925,#2926);
#2925 = CARTESIAN_POINT('',(268.5,0.,10.));
#2926 = VECTOR('',#2927,1.);
#2927 = DIRECTION('',(0.,0.,1.));
#2928 = PCURVE('',#2134,#2929);
#2929 = DEFINITIONAL_REPRESENTATION('',(#2930),#2934);
#2930 = LINE('',#2931,#2932);
#2931 = CARTESIAN_POINT('',(-4.138911435803E-13,0.));
#2932 = VECTOR('',#2933,1.);
#2933 = DIRECTION('',(-0.,-1.));
#2934 = ( GEOMETRIC_REPRESENTATION_CONTEXT(2) 
PARAMETRIC_REPRESENTATION_CONTEXT() REPRESENTATION_CONTEXT('2D SPACE',''
  ) );
#2935 = PCURVE('',#2134,#2936);
#2936 = DEFINITIONAL_REPRESENTATION('',(#2937),#2941);
#2937 = LINE('',#2938,#2939);
#2938 = CARTESIAN_POINT('',(6.28318530718,0.));
#2939 = VECTOR('',#2940,1.);
#2940 = DIRECTION('',(-0.,-1.));
#2941 = ( GEOMETRIC_REPRESENTATION_CONTEXT(2) 
PARAMETRIC_REPRESENTATION_CONTEXT() REPRESENTATION_CONTEXT('2D SPACE',''
  ) );
#2942 = ORIENTED_EDGE('',*,*,#2943,.F.);
#2943 = EDGE_CURVE('',#2921,#2921,#2944,.T.);
#2944 = SURFACE_CURVE('',#2945,(#2950,#2957),.PCURVE_S1.);
#2945 = CIRCLE('',#2946,43.5);
#2946 = AXIS2_PLACEMENT_3D('',#2947,#2948,#2949);
#2947 = CARTESIAN_POINT('',(225.,0.,15.));
#2948 = DIRECTION('',(0.,0.,1.));
#2949 = DIRECTION('',(1.,0.,-0.));
#2950 = PCURVE('',#2134,#2951);
#2951 = DEFINITIONAL_REPRESENTATION('',(#2952),#2956);
#2952 = LINE('',#2953,#2954);
#2953 = CARTESIAN_POINT('',(6.28318530718,-5.));
#2954 = VECTOR('',#2955,1.);
#2955 = DIRECTION('',(-1.,0.));
#2956 = ( GEOMETRIC_REPRESENTATION_CONTEXT(2) 
PARAMETRIC_REPRESENTATION_CONTEXT() REPRESENTATION_CONTEXT('2D SPACE',''
  ) );
#2957 = PCURVE('',#2958,#2963);
#2958 = PLANE('',#2959);
#2959 = AXIS2_PLACEMENT_3D('',#2960,#2961,#2962);
#2960 = CARTESIAN_POINT('',(225.,2.361280833633E-16,15.));
#2961 = DIRECTION('',(0.,0.,1.));
#2962 = DIRECTION('',(1.,0.,-0.));
#2963 = DEFINITIONAL_REPRESENTATION('',(#2964),#2968);
#2964 = CIRCLE('',#2965,43.5);
#2965 = AXIS2_PLACEMENT_2D('',#2966,#2967);
#2966 = CARTESIAN_POINT('',(0.,-2.361280833633E-16));
#2967 = DIRECTION('',(1.,0.));
#2968 = ( GEOMETRIC_REPRESENTATION_CONTEXT(2) 
PARAMETRIC_REPRESENTATION_CONTEXT() REPRESENTATION_CONTEXT('2D SPACE',''
  ) );
#2969 = ORIENTED_EDGE('',*,*,#2920,.F.);
#2970 = ADVANCED_FACE('',(#2971),#2169,.F.);
#2971 = FACE_BOUND('',#2972,.F.);
#2972 = EDGE_LOOP('',(#2973,#2974,#2995,#2996));
#2973 = ORIENTED_EDGE('',*,*,#2618,.F.);
#2974 = ORIENTED_EDGE('',*,*,#2975,.F.);
#2975 = EDGE_CURVE('',#2149,#2619,#2976,.T.);
#2976 = SEAM_CURVE('',#2977,(#2981,#2988),.PCURVE_S1.);
#2977 = LINE('',#2978,#2979);
#2978 = CARTESIAN_POINT('',(289.1,-5.119023620436E-15,10.));
#2979 = VECTOR('',#2980,1.);
#2980 = DIRECTION('',(0.,0.,-1.));
#2981 = PCURVE('',#2169,#2982);
#2982 = DEFINITIONAL_REPRESENTATION('',(#2983),#2987);
#2983 = LINE('',#2984,#2985);
#2984 = CARTESIAN_POINT('',(0.,-0.));
#2985 = VECTOR('',#2986,1.);
#2986 = DIRECTION('',(0.,1.));
#2987 = ( GEOMETRIC_REPRESENTATION_CONTEXT(2) 
PARAMETRIC_REPRESENTATION_CONTEXT() REPRESENTATION_CONTEXT('2D SPACE',''
  ) );
#2988 = PCURVE('',#2169,#2989);
#2989 = DEFINITIONAL_REPRESENTATION('',(#2990),#2994);
#2990 = LINE('',#2991,#2992);
#2991 = CARTESIAN_POINT('',(6.28318530718,-0.));
#2992 = VECTOR('',#2993,1.);
#2993 = DIRECTION('',(0.,1.));
#2994 = ( GEOMETRIC_REPRESENTATION_CONTEXT(2) 
PARAMETRIC_REPRESENTATION_CONTEXT() REPRESENTATION_CONTEXT('2D SPACE',''
  ) );
#2995 = ORIENTED_EDGE('',*,*,#2148,.T.);
#2996 = ORIENTED_EDGE('',*,*,#2975,.T.);
#2997 = ADVANCED_FACE('',(#2998),#2204,.F.);
#2998 = FACE_BOUND('',#2999,.F.);
#2999 = EDGE_LOOP('',(#3000,#3001,#3022,#3023));
#3000 = ORIENTED_EDGE('',*,*,#2648,.F.);
#3001 = ORIENTED_EDGE('',*,*,#3002,.F.);
#3002 = EDGE_CURVE('',#2184,#2649,#3003,.T.);
#3003 = SEAM_CURVE('',#3004,(#3008,#3015),.PCURVE_S1.);
#3004 = LINE('',#3005,#3006);
#3005 = CARTESIAN_POINT('',(354.1,-5.119023620436E-15,10.));
#3006 = VECTOR('',#3007,1.);
#3007 = DIRECTION('',(0.,0.,-1.));
#3008 = PCURVE('',#2204,#3009);
#3009 = DEFINITIONAL_REPRESENTATION('',(#3010),#3014);
#3010 = LINE('',#3011,#3012);
#3011 = CARTESIAN_POINT('',(0.,-0.));
#3012 = VECTOR('',#3013,1.);
#3013 = DIRECTION('',(0.,1.));
#3014 = ( GEOMETRIC_REPRESENTATION_CONTEXT(2) 
PARAMETRIC_REPRESENTATION_CONTEXT() REPRESENTATION_CONTEXT('2D SPACE',''
  ) );
#3015 = PCURVE('',#2204,#3016);
#3016 = DEFINITIONAL_REPRESENTATION('',(#3017),#3021);
#3017 = LINE('',#3018,#3019);
#3018 = CARTESIAN_POINT('',(6.28318530718,-0.));
#3019 = VECTOR('',#3020,1.);
#3020 = DIRECTION('',(0.,1.));
#3021 = ( GEOMETRIC_REPRESENTATION_CONTEXT(2) 
PARAMETRIC_REPRESENTATION_CONTEXT() REPRESENTATION_CONTEXT('2D SPACE',''
  ) );
#3022 = ORIENTED_EDGE('',*,*,#2183,.T.);
#3023 = ORIENTED_EDGE('',*,*,#3002,.T.);
#3024 = ADVANCED_FACE('',(#3025),#2239,.F.);
#3025 = FACE_BOUND('',#3026,.F.);
#3026 = EDGE_LOOP('',(#3027,#3028,#3049,#3050));
#3027 = ORIENTED_EDGE('',*,*,#2678,.F.);
#3028 = ORIENTED_EDGE('',*,*,#3029,.F.);
#3029 = EDGE_CURVE('',#2219,#2679,#3030,.T.);
#3030 = SEAM_CURVE('',#3031,(#3035,#3042),.PCURVE_S1.);
#3031 = LINE('',#3032,#3033);
#3032 = CARTESIAN_POINT('',(419.1,-5.119023620436E-15,10.));
#3033 = VECTOR('',#3034,1.);
#3034 = DIRECTION('',(0.,0.,-1.));
#3035 = PCURVE('',#2239,#3036);
#3036 = DEFINITIONAL_REPRESENTATION('',(#3037),#3041);
#3037 = LINE('',#3038,#3039);
#3038 = CARTESIAN_POINT('',(0.,-0.));
#3039 = VECTOR('',#3040,1.);
#3040 = DIRECTION('',(0.,1.));
#3041 = ( GEOMETRIC_REPRESENTATION_CONTEXT(2) 
PARAMETRIC_REPRESENTATION_CONTEXT() REPRESENTATION_CONTEXT('2D SPACE',''
  ) );
#3042 = PCURVE('',#2239,#3043);
#3043 = DEFINITIONAL_REPRESENTATION('',(#3044),#3048);
#3044 = LINE('',#3045,#3046);
#3045 = CARTESIAN_POINT('',(6.28318530718,-0.));
#3046 = VECTOR('',#3047,1.);
#3047 = DIRECTION('',(0.,1.));
#3048 = ( GEOMETRIC_REPRESENTATION_CONTEXT(2) 
PARAMETRIC_REPRESENTATION_CONTEXT() REPRESENTATION_CONTEXT('2D SPACE',''
  ) );
#3049 = ORIENTED_EDGE('',*,*,#2218,.T.);
#3050 = ORIENTED_EDGE('',*,*,#3029,.T.);
#3051 = ADVANCED_FACE('',(#3052),#2274,.F.);
#3052 = FACE_BOUND('',#3053,.F.);
#3053 = EDGE_LOOP('',(#3054,#3055,#3076,#3077));
#3054 = ORIENTED_EDGE('',*,*,#2708,.F.);
#3055 = ORIENTED_EDGE('',*,*,#3056,.F.);
#3056 = EDGE_CURVE('',#2254,#2709,#3057,.T.);
#3057 = SEAM_CURVE('',#3058,(#3062,#3069),.PCURVE_S1.);
#3058 = LINE('',#3059,#3060);
#3059 = CARTESIAN_POINT('',(484.1,-5.119023620436E-15,10.));
#3060 = VECTOR('',#3061,1.);
#3061 = DIRECTION('',(0.,0.,-1.));
#3062 = PCURVE('',#2274,#3063);
#3063 = DEFINITIONAL_REPRESENTATION('',(#3064),#3068);
#3064 = LINE('',#3065,#3066);
#3065 = CARTESIAN_POINT('',(0.,-0.));
#3066 = VECTOR('',#3067,1.);
#3067 = DIRECTION('',(0.,1.));
#3068 = ( GEOMETRIC_REPRESENTATION_CONTEXT(2) 
PARAMETRIC_REPRESENTATION_CONTEXT() REPRESENTATION_CONTEXT('2D SPACE',''
  ) );
#3069 = PCURVE('',#2274,#3070);
#3070 = DEFINITIONAL_REPRESENTATION('',(#3071),#3075);
#3071 = LINE('',#3072,#3073);
#3072 = CARTESIAN_POINT('',(6.28318530718,-0.));
#3073 = VECTOR('',#3074,1.);
#3074 = DIRECTION('',(0.,1.));
#3075 = ( GEOMETRIC_REPRESENTATION_CONTEXT(2) 
PARAMETRIC_REPRESENTATION_CONTEXT() REPRESENTATION_CONTEXT('2D SPACE',''
  ) );
#3076 = ORIENTED_EDGE('',*,*,#2253,.T.);
#3077 = ORIENTED_EDGE('',*,*,#3056,.T.);
#3078 = ADVANCED_FACE('',(#3079),#2309,.F.);
#3079 = FACE_BOUND('',#3080,.F.);
#3080 = EDGE_LOOP('',(#3081,#3082,#3103,#3104));
#3081 = ORIENTED_EDGE('',*,*,#2738,.F.);
#3082 = ORIENTED_EDGE('',*,*,#3083,.F.);
#3083 = EDGE_CURVE('',#2289,#2739,#3084,.T.);
#3084 = SEAM_CURVE('',#3085,(#3089,#3096),.PCURVE_S1.);
#3085 = LINE('',#3086,#3087);
#3086 = CARTESIAN_POINT('',(549.1,-5.119023620436E-15,10.));
#3087 = VECTOR('',#3088,1.);
#3088 = DIRECTION('',(0.,0.,-1.));
#3089 = PCURVE('',#2309,#3090);
#3090 = DEFINITIONAL_REPRESENTATION('',(#3091),#3095);
#3091 = LINE('',#3092,#3093);
#3092 = CARTESIAN_POINT('',(0.,-0.));
#3093 = VECTOR('',#3094,1.);
#3094 = DIRECTION('',(0.,1.));
#3095 = ( GEOMETRIC_REPRESENTATION_CONTEXT(2) 
PARAMETRIC_REPRESENTATION_CONTEXT() REPRESENTATION_CONTEXT('2D SPACE',''
  ) );
#3096 = PCURVE('',#2309,#3097);
#3097 = DEFINITIONAL_REPRESENTATION('',(#3098),#3102);
#3098 = LINE('',#3099,#3100);
#3099 = CARTESIAN_POINT('',(6.28318530718,-0.));
#3100 = VECTOR('',#3101,1.);
#3101 = DIRECTION('',(0.,1.));
#3102 = ( GEOMETRIC_REPRESENTATION_CONTEXT(2) 
PARAMETRIC_REPRESENTATION_CONTEXT() REPRESENTATION_CONTEXT('2D SPACE',''
  ) );
#3103 = ORIENTED_EDGE('',*,*,#2288,.T.);
#3104 = ORIENTED_EDGE('',*,*,#3083,.T.);
#3105 = ADVANCED_FACE('',(#3106),#2340,.T.);
#3106 = FACE_BOUND('',#3107,.T.);
#3107 = EDGE_LOOP('',(#3108,#3109,#3132,#3159));
#3108 = ORIENTED_EDGE('',*,*,#2323,.T.);
#3109 = ORIENTED_EDGE('',*,*,#3110,.T.);
#3110 = EDGE_CURVE('',#2324,#3111,#3113,.T.);
#3111 = VERTEX_POINT('',#3112);
#3112 = CARTESIAN_POINT('',(698.5,0.,15.));
#3113 = SEAM_CURVE('',#3114,(#3118,#3125),.PCURVE_S1.);
#3114 = LINE('',#3115,#3116);
#3115 = CARTESIAN_POINT('',(698.5,0.,10.));
#3116 = VECTOR('',#3117,1.);
#3117 = DIRECTION('',(0.,0.,1.));
#3118 = PCURVE('',#2340,#3119);
#3119 = DEFINITIONAL_REPRESENTATION('',(#3120),#3124);
#3120 = LINE('',#3121,#3122);
#3121 = CARTESIAN_POINT('',(-4.138911435803E-13,0.));
#3122 = VECTOR('',#3123,1.);
#3123 = DIRECTION('',(-0.,-1.));
#3124 = ( GEOMETRIC_REPRESENTATION_CONTEXT(2) 
PARAMETRIC_REPRESENTATION_CONTEXT() REPRESENTATION_CONTEXT('2D SPACE',''
  ) );
#3125 = PCURVE('',#2340,#3126);
#3126 = DEFINITIONAL_REPRESENTATION('',(#3127),#3131);
#3127 = LINE('',#3128,#3129);
#3128 = CARTESIAN_POINT('',(6.28318530718,0.));
#3129 = VECTOR('',#3130,1.);
#3130 = DIRECTION('',(-0.,-1.));
#3131 = ( GEOMETRIC_REPRESENTATION_CONTEXT(2) 
PARAMETRIC_REPRESENTATION_CONTEXT() REPRESENTATION_CONTEXT('2D SPACE',''
  ) );
#3132 = ORIENTED_EDGE('',*,*,#3133,.F.);
#3133 = EDGE_CURVE('',#3111,#3111,#3134,.T.);
#3134 = SURFACE_CURVE('',#3135,(#3140,#3147),.PCURVE_S1.);
#3135 = CIRCLE('',#3136,43.5);
#3136 = AXIS2_PLACEMENT_3D('',#3137,#3138,#3139);
#3137 = CARTESIAN_POINT('',(655.,0.,15.));
#3138 = DIRECTION('',(0.,0.,1.));
#3139 = DIRECTION('',(1.,0.,-0.));
#3140 = PCURVE('',#2340,#3141);
#3141 = DEFINITIONAL_REPRESENTATION('',(#3142),#3146);
#3142 = LINE('',#3143,#3144);
#3143 = CARTESIAN_POINT('',(6.28318530718,-5.));
#3144 = VECTOR('',#3145,1.);
#3145 = DIRECTION('',(-1.,0.));
#3146 = ( GEOMETRIC_REPRESENTATION_CONTEXT(2) 
PARAMETRIC_REPRESENTATION_CONTEXT() REPRESENTATION_CONTEXT('2D SPACE',''
  ) );
#3147 = PCURVE('',#3148,#3153);
#3148 = PLANE('',#3149);
#3149 = AXIS2_PLACEMENT_3D('',#3150,#3151,#3152);
#3150 = CARTESIAN_POINT('',(655.,2.361280833633E-16,15.));
#3151 = DIRECTION('',(0.,0.,1.));
#3152 = DIRECTION('',(1.,0.,-0.));
#3153 = DEFINITIONAL_REPRESENTATION('',(#3154),#3158);
#3154 = CIRCLE('',#3155,43.5);
#3155 = AXIS2_PLACEMENT_2D('',#3156,#3157);
#3156 = CARTESIAN_POINT('',(0.,-2.361280833633E-16));
#3157 = DIRECTION('',(1.,0.));
#3158 = ( GEOMETRIC_REPRESENTATION_CONTEXT(2) 
PARAMETRIC_REPRESENTATION_CONTEXT() REPRESENTATION_CONTEXT('2D SPACE',''
  ) );
#3159 = ORIENTED_EDGE('',*,*,#3110,.F.);
#3160 = ADVANCED_FACE('',(#3161),#2604,.F.);
#3161 = FACE_BOUND('',#3162,.F.);
#3162 = EDGE_LOOP('',(#3163,#3186,#3187,#3188,#3216));
#3163 = ORIENTED_EDGE('',*,*,#3164,.T.);
#3164 = EDGE_CURVE('',#3165,#2584,#3167,.T.);
#3165 = VERTEX_POINT('',#3166);
#3166 = CARTESIAN_POINT('',(192.5,-7.960204194458E-15,10.));
#3167 = SEAM_CURVE('',#3168,(#3172,#3179),.PCURVE_S1.);
#3168 = LINE('',#3169,#3170);
#3169 = CARTESIAN_POINT('',(192.5,-7.960204194458E-15,10.));
#3170 = VECTOR('',#3171,1.);
#3171 = DIRECTION('',(0.,0.,-1.));
#3172 = PCURVE('',#2604,#3173);
#3173 = DEFINITIONAL_REPRESENTATION('',(#3174),#3178);
#3174 = LINE('',#3175,#3176);
#3175 = CARTESIAN_POINT('',(6.28318530718,0.));
#3176 = VECTOR('',#3177,1.);
#3177 = DIRECTION('',(0.,1.));
#3178 = ( GEOMETRIC_REPRESENTATION_CONTEXT(2) 
PARAMETRIC_REPRESENTATION_CONTEXT() REPRESENTATION_CONTEXT('2D SPACE',''
  ) );
#3179 = PCURVE('',#2604,#3180);
#3180 = DEFINITIONAL_REPRESENTATION('',(#3181),#3185);
#3181 = LINE('',#3182,#3183);
#3182 = CARTESIAN_POINT('',(4.138911435803E-13,0.));
#3183 = VECTOR('',#3184,1.);
#3184 = DIRECTION('',(0.,1.));
#3185 = ( GEOMETRIC_REPRESENTATION_CONTEXT(2) 
PARAMETRIC_REPRESENTATION_CONTEXT() REPRESENTATION_CONTEXT('2D SPACE',''
  ) );
#3186 = ORIENTED_EDGE('',*,*,#2583,.F.);
#3187 = ORIENTED_EDGE('',*,*,#3164,.F.);
#3188 = ORIENTED_EDGE('',*,*,#3189,.T.);
#3189 = EDGE_CURVE('',#3165,#3190,#3192,.T.);
#3190 = VERTEX_POINT('',#3191);
#3191 = CARTESIAN_POINT('',(257.5,1.63343157646E-15,10.));
#3192 = SURFACE_CURVE('',#3193,(#3198,#3205),.PCURVE_S1.);
#3193 = CIRCLE('',#3194,32.5);
#3194 = AXIS2_PLACEMENT_3D('',#3195,#3196,#3197);
#3195 = CARTESIAN_POINT('',(225.,0.,10.));
#3196 = DIRECTION('',(0.,0.,-1.));
#3197 = DIRECTION('',(-1.,0.,0.));
#3198 = PCURVE('',#2604,#3199);
#3199 = DEFINITIONAL_REPRESENTATION('',(#3200),#3204);
#3200 = LINE('',#3201,#3202);
#3201 = CARTESIAN_POINT('',(0.,0.));
#3202 = VECTOR('',#3203,1.);
#3203 = DIRECTION('',(1.,0.));
#3204 = ( GEOMETRIC_REPRESENTATION_CONTEXT(2) 
PARAMETRIC_REPRESENTATION_CONTEXT() REPRESENTATION_CONTEXT('2D SPACE',''
  ) );
#3205 = PCURVE('',#3206,#3211);
#3206 = CYLINDRICAL_SURFACE('',#3207,32.5);
#3207 = AXIS2_PLACEMENT_3D('',#3208,#3209,#3210);
#3208 = CARTESIAN_POINT('',(225.,1.63343157646E-15,10.));
#3209 = DIRECTION('',(-0.,-0.,-1.));
#3210 = DIRECTION('',(1.,0.,0.));
#3211 = DEFINITIONAL_REPRESENTATION('',(#3212),#3215);
#3212 = B_SPLINE_CURVE_WITH_KNOTS('',1,(#3213,#3214),.UNSPECIFIED.,.F.,
  .F.,(2,2),(0.,3.14159265359),.PIECEWISE_BEZIER_KNOTS.);
#3213 = CARTESIAN_POINT('',(3.14159265359,0.));
#3214 = CARTESIAN_POINT('',(6.28318530718,0.));
#3215 = ( GEOMETRIC_REPRESENTATION_CONTEXT(2) 
PARAMETRIC_REPRESENTATION_CONTEXT() REPRESENTATION_CONTEXT('2D SPACE',''
  ) );
#3216 = ORIENTED_EDGE('',*,*,#3217,.T.);
#3217 = EDGE_CURVE('',#3190,#3165,#3218,.T.);
#3218 = SURFACE_CURVE('',#3219,(#3224,#3231),.PCURVE_S1.);
#3219 = CIRCLE('',#3220,32.5);
#3220 = AXIS2_PLACEMENT_3D('',#3221,#3222,#3223);
#3221 = CARTESIAN_POINT('',(225.,0.,10.));
#3222 = DIRECTION('',(0.,0.,-1.));
#3223 = DIRECTION('',(-1.,0.,0.));
#3224 = PCURVE('',#2604,#3225);
#3225 = DEFINITIONAL_REPRESENTATION('',(#3226),#3230);
#3226 = LINE('',#3227,#3228);
#3227 = CARTESIAN_POINT('',(0.,0.));
#3228 = VECTOR('',#3229,1.);
#3229 = DIRECTION('',(1.,0.));
#3230 = ( GEOMETRIC_REPRESENTATION_CONTEXT(2) 
PARAMETRIC_REPRESENTATION_CONTEXT() REPRESENTATION_CONTEXT('2D SPACE',''
  ) );
#3231 = PCURVE('',#3206,#3232);
#3232 = DEFINITIONAL_REPRESENTATION('',(#3233),#3236);
#3233 = B_SPLINE_CURVE_WITH_KNOTS('',1,(#3234,#3235),.UNSPECIFIED.,.F.,
  .F.,(2,2),(3.14159265359,6.28318530718),.PIECEWISE_BEZIER_KNOTS.);
#3234 = CARTESIAN_POINT('',(-4.138911435803E-13,0.));
#3235 = CARTESIAN_POINT('',(3.14159265359,0.));
#3236 = ( GEOMETRIC_REPRESENTATION_CONTEXT(2) 
PARAMETRIC_REPRESENTATION_CONTEXT() REPRESENTATION_CONTEXT('2D SPACE',''
  ) );
#3237 = ADVANCED_FACE('',(#3238),#2789,.F.);
#3238 = FACE_BOUND('',#3239,.F.);
#3239 = EDGE_LOOP('',(#3240,#3263,#3264,#3265,#3293));
#3240 = ORIENTED_EDGE('',*,*,#3241,.T.);
#3241 = EDGE_CURVE('',#3242,#2769,#3244,.T.);
#3242 = VERTEX_POINT('',#3243);
#3243 = CARTESIAN_POINT('',(622.5,-7.960204194458E-15,10.));
#3244 = SEAM_CURVE('',#3245,(#3249,#3256),.PCURVE_S1.);
#3245 = LINE('',#3246,#3247);
#3246 = CARTESIAN_POINT('',(622.5,-7.960204194458E-15,10.));
#3247 = VECTOR('',#3248,1.);
#3248 = DIRECTION('',(0.,0.,-1.));
#3249 = PCURVE('',#2789,#3250);
#3250 = DEFINITIONAL_REPRESENTATION('',(#3251),#3255);
#3251 = LINE('',#3252,#3253);
#3252 = CARTESIAN_POINT('',(6.28318530718,0.));
#3253 = VECTOR('',#3254,1.);
#3254 = DIRECTION('',(0.,1.));
#3255 = ( GEOMETRIC_REPRESENTATION_CONTEXT(2) 
PARAMETRIC_REPRESENTATION_CONTEXT() REPRESENTATION_CONTEXT('2D SPACE',''
  ) );
#3256 = PCURVE('',#2789,#3257);
#3257 = DEFINITIONAL_REPRESENTATION('',(#3258),#3262);
#3258 = LINE('',#3259,#3260);
#3259 = CARTESIAN_POINT('',(4.138911435803E-13,0.));
#3260 = VECTOR('',#3261,1.);
#3261 = DIRECTION('',(0.,1.));
#3262 = ( GEOMETRIC_REPRESENTATION_CONTEXT(2) 
PARAMETRIC_REPRESENTATION_CONTEXT() REPRESENTATION_CONTEXT('2D SPACE',''
  ) );
#3263 = ORIENTED_EDGE('',*,*,#2768,.F.);
#3264 = ORIENTED_EDGE('',*,*,#3241,.F.);
#3265 = ORIENTED_EDGE('',*,*,#3266,.T.);
#3266 = EDGE_CURVE('',#3242,#3267,#3269,.T.);
#3267 = VERTEX_POINT('',#3268);
#3268 = CARTESIAN_POINT('',(687.5,1.63343157646E-15,10.));
#3269 = SURFACE_CURVE('',#3270,(#3275,#3282),.PCURVE_S1.);
#3270 = CIRCLE('',#3271,32.5);
#3271 = AXIS2_PLACEMENT_3D('',#3272,#3273,#3274);
#3272 = CARTESIAN_POINT('',(655.,0.,10.));
#3273 = DIRECTION('',(0.,0.,-1.));
#3274 = DIRECTION('',(-1.,0.,0.));
#3275 = PCURVE('',#2789,#3276);
#3276 = DEFINITIONAL_REPRESENTATION('',(#3277),#3281);
#3277 = LINE('',#3278,#3279);
#3278 = CARTESIAN_POINT('',(0.,0.));
#3279 = VECTOR('',#3280,1.);
#3280 = DIRECTION('',(1.,0.));
#3281 = ( GEOMETRIC_REPRESENTATION_CONTEXT(2) 
PARAMETRIC_REPRESENTATION_CONTEXT() REPRESENTATION_CONTEXT('2D SPACE',''
  ) );
#3282 = PCURVE('',#3283,#3288);
#3283 = CYLINDRICAL_SURFACE('',#3284,32.5);
#3284 = AXIS2_PLACEMENT_3D('',#3285,#3286,#3287);
#3285 = CARTESIAN_POINT('',(655.,1.63343157646E-15,10.));
#3286 = DIRECTION('',(-0.,-0.,-1.));
#3287 = DIRECTION('',(1.,0.,0.));
#3288 = DEFINITIONAL_REPRESENTATION('',(#3289),#3292);
#3289 = B_SPLINE_CURVE_WITH_KNOTS('',1,(#3290,#3291),.UNSPECIFIED.,.F.,
  .F.,(2,2),(0.,3.14159265359),.PIECEWISE_BEZIER_KNOTS.);
#3290 = CARTESIAN_POINT('',(3.14159265359,0.));
#3291 = CARTESIAN_POINT('',(6.28318530718,0.));
#3292 = ( GEOMETRIC_REPRESENTATION_CONTEXT(2) 
PARAMETRIC_REPRESENTATION_CONTEXT() REPRESENTATION_CONTEXT('2D SPACE',''
  ) );
#3293 = ORIENTED_EDGE('',*,*,#3294,.T.);
#3294 = EDGE_CURVE('',#3267,#3242,#3295,.T.);
#3295 = SURFACE_CURVE('',#3296,(#3301,#3308),.PCURVE_S1.);
#3296 = CIRCLE('',#3297,32.5);
#3297 = AXIS2_PLACEMENT_3D('',#3298,#3299,#3300);
#3298 = CARTESIAN_POINT('',(655.,0.,10.));
#3299 = DIRECTION('',(0.,0.,-1.));
#3300 = DIRECTION('',(-1.,0.,0.));
#3301 = PCURVE('',#2789,#3302);
#3302 = DEFINITIONAL_REPRESENTATION('',(#3303),#3307);
#3303 = LINE('',#3304,#3305);
#3304 = CARTESIAN_POINT('',(0.,0.));
#3305 = VECTOR('',#3306,1.);
#3306 = DIRECTION('',(1.,0.));
#3307 = ( GEOMETRIC_REPRESENTATION_CONTEXT(2) 
PARAMETRIC_REPRESENTATION_CONTEXT() REPRESENTATION_CONTEXT('2D SPACE',''
  ) );
#3308 = PCURVE('',#3283,#3309);
#3309 = DEFINITIONAL_REPRESENTATION('',(#3310),#3313);
#3310 = B_SPLINE_CURVE_WITH_KNOTS('',1,(#3311,#3312),.UNSPECIFIED.,.F.,
  .F.,(2,2),(3.14159265359,6.28318530718),.PIECEWISE_BEZIER_KNOTS.);
#3311 = CARTESIAN_POINT('',(-4.138911435803E-13,0.));
#3312 = CARTESIAN_POINT('',(3.14159265359,0.));
#3313 = ( GEOMETRIC_REPRESENTATION_CONTEXT(2) 
PARAMETRIC_REPRESENTATION_CONTEXT() REPRESENTATION_CONTEXT('2D SPACE',''
  ) );
#3314 = ADVANCED_FACE('',(#3315,#3318),#2958,.T.);
#3315 = FACE_BOUND('',#3316,.T.);
#3316 = EDGE_LOOP('',(#3317));
#3317 = ORIENTED_EDGE('',*,*,#2943,.T.);
#3318 = FACE_BOUND('',#3319,.T.);
#3319 = EDGE_LOOP('',(#3320));
#3320 = ORIENTED_EDGE('',*,*,#3321,.F.);
#3321 = EDGE_CURVE('',#3322,#3322,#3324,.T.);
#3322 = VERTEX_POINT('',#3323);
#3323 = CARTESIAN_POINT('',(257.5,1.63343157646E-15,15.));
#3324 = SURFACE_CURVE('',#3325,(#3330,#3337),.PCURVE_S1.);
#3325 = CIRCLE('',#3326,32.5);
#3326 = AXIS2_PLACEMENT_3D('',#3327,#3328,#3329);
#3327 = CARTESIAN_POINT('',(225.,1.63343157646E-15,15.));
#3328 = DIRECTION('',(0.,0.,1.));
#3329 = DIRECTION('',(1.,0.,-0.));
#3330 = PCURVE('',#2958,#3331);
#3331 = DEFINITIONAL_REPRESENTATION('',(#3332),#3336);
#3332 = CIRCLE('',#3333,32.5);
#3333 = AXIS2_PLACEMENT_2D('',#3334,#3335);
#3334 = CARTESIAN_POINT('',(0.,1.397303493097E-15));
#3335 = DIRECTION('',(1.,0.));
#3336 = ( GEOMETRIC_REPRESENTATION_CONTEXT(2) 
PARAMETRIC_REPRESENTATION_CONTEXT() REPRESENTATION_CONTEXT('2D SPACE',''
  ) );
#3337 = PCURVE('',#3206,#3338);
#3338 = DEFINITIONAL_REPRESENTATION('',(#3339),#3343);
#3339 = LINE('',#3340,#3341);
#3340 = CARTESIAN_POINT('',(6.28318530718,-5.));
#3341 = VECTOR('',#3342,1.);
#3342 = DIRECTION('',(-1.,0.));
#3343 = ( GEOMETRIC_REPRESENTATION_CONTEXT(2) 
PARAMETRIC_REPRESENTATION_CONTEXT() REPRESENTATION_CONTEXT('2D SPACE',''
  ) );
#3344 = ADVANCED_FACE('',(#3345,#3348),#3148,.T.);
#3345 = FACE_BOUND('',#3346,.T.);
#3346 = EDGE_LOOP('',(#3347));
#3347 = ORIENTED_EDGE('',*,*,#3133,.T.);
#3348 = FACE_BOUND('',#3349,.T.);
#3349 = EDGE_LOOP('',(#3350));
#3350 = ORIENTED_EDGE('',*,*,#3351,.F.);
#3351 = EDGE_CURVE('',#3352,#3352,#3354,.T.);
#3352 = VERTEX_POINT('',#3353);
#3353 = CARTESIAN_POINT('',(687.5,1.63343157646E-15,15.));
#3354 = SURFACE_CURVE('',#3355,(#3360,#3367),.PCURVE_S1.);
#3355 = CIRCLE('',#3356,32.5);
#3356 = AXIS2_PLACEMENT_3D('',#3357,#3358,#3359);
#3357 = CARTESIAN_POINT('',(655.,1.63343157646E-15,15.));
#3358 = DIRECTION('',(0.,0.,1.));
#3359 = DIRECTION('',(1.,0.,-0.));
#3360 = PCURVE('',#3148,#3361);
#3361 = DEFINITIONAL_REPRESENTATION('',(#3362),#3366);
#3362 = CIRCLE('',#3363,32.5);
#3363 = AXIS2_PLACEMENT_2D('',#3364,#3365);
#3364 = CARTESIAN_POINT('',(0.,1.397303493097E-15));
#3365 = DIRECTION('',(1.,0.));
#3366 = ( GEOMETRIC_REPRESENTATION_CONTEXT(2) 
PARAMETRIC_REPRESENTATION_CONTEXT() REPRESENTATION_CONTEXT('2D SPACE',''
  ) );
#3367 = PCURVE('',#3283,#3368);
#3368 = DEFINITIONAL_REPRESENTATION('',(#3369),#3373);
#3369 = LINE('',#3370,#3371);
#3370 = CARTESIAN_POINT('',(6.28318530718,-5.));
#3371 = VECTOR('',#3372,1.);
#3372 = DIRECTION('',(-1.,0.));
#3373 = ( GEOMETRIC_REPRESENTATION_CONTEXT(2) 
PARAMETRIC_REPRESENTATION_CONTEXT() REPRESENTATION_CONTEXT('2D SPACE',''
  ) );
#3374 = ADVANCED_FACE('',(#3375),#3206,.F.);
#3375 = FACE_BOUND('',#3376,.F.);
#3376 = EDGE_LOOP('',(#3377,#3378,#3399,#3400,#3401));
#3377 = ORIENTED_EDGE('',*,*,#3217,.F.);
#3378 = ORIENTED_EDGE('',*,*,#3379,.T.);
#3379 = EDGE_CURVE('',#3190,#3322,#3380,.T.);
#3380 = SEAM_CURVE('',#3381,(#3385,#3392),.PCURVE_S1.);
#3381 = LINE('',#3382,#3383);
#3382 = CARTESIAN_POINT('',(257.5,1.63343157646E-15,10.));
#3383 = VECTOR('',#3384,1.);
#3384 = DIRECTION('',(0.,0.,1.));
#3385 = PCURVE('',#3206,#3386);
#3386 = DEFINITIONAL_REPRESENTATION('',(#3387),#3391);
#3387 = LINE('',#3388,#3389);
#3388 = CARTESIAN_POINT('',(-4.138911435803E-13,0.));
#3389 = VECTOR('',#3390,1.);
#3390 = DIRECTION('',(-0.,-1.));
#3391 = ( GEOMETRIC_REPRESENTATION_CONTEXT(2) 
PARAMETRIC_REPRESENTATION_CONTEXT() REPRESENTATION_CONTEXT('2D SPACE',''
  ) );
#3392 = PCURVE('',#3206,#3393);
#3393 = DEFINITIONAL_REPRESENTATION('',(#3394),#3398);
#3394 = LINE('',#3395,#3396);
#3395 = CARTESIAN_POINT('',(6.28318530718,0.));
#3396 = VECTOR('',#3397,1.);
#3397 = DIRECTION('',(-0.,-1.));
#3398 = ( GEOMETRIC_REPRESENTATION_CONTEXT(2) 
PARAMETRIC_REPRESENTATION_CONTEXT() REPRESENTATION_CONTEXT('2D SPACE',''
  ) );
#3399 = ORIENTED_EDGE('',*,*,#3321,.F.);
#3400 = ORIENTED_EDGE('',*,*,#3379,.F.);
#3401 = ORIENTED_EDGE('',*,*,#3189,.F.);
#3402 = ADVANCED_FACE('',(#3403),#3283,.F.);
#3403 = FACE_BOUND('',#3404,.F.);
#3404 = EDGE_LOOP('',(#3405,#3406,#3427,#3428,#3429));
#3405 = ORIENTED_EDGE('',*,*,#3294,.F.);
#3406 = ORIENTED_EDGE('',*,*,#3407,.T.);
#3407 = EDGE_CURVE('',#3267,#3352,#3408,.T.);
#3408 = SEAM_CURVE('',#3409,(#3413,#3420),.PCURVE_S1.);
#3409 = LINE('',#3410,#3411);
#3410 = CARTESIAN_POINT('',(687.5,1.63343157646E-15,10.));
#3411 = VECTOR('',#3412,1.);
#3412 = DIRECTION('',(0.,0.,1.));
#3413 = PCURVE('',#3283,#3414);
#3414 = DEFINITIONAL_REPRESENTATION('',(#3415),#3419);
#3415 = LINE('',#3416,#3417);
#3416 = CARTESIAN_POINT('',(-4.138911435803E-13,0.));
#3417 = VECTOR('',#3418,1.);
#3418 = DIRECTION('',(-0.,-1.));
#3419 = ( GEOMETRIC_REPRESENTATION_CONTEXT(2) 
PARAMETRIC_REPRESENTATION_CONTEXT() REPRESENTATION_CONTEXT('2D SPACE',''
  ) );
#3420 = PCURVE('',#3283,#3421);
#3421 = DEFINITIONAL_REPRESENTATION('',(#3422),#3426);
#3422 = LINE('',#3423,#3424);
#3423 = CARTESIAN_POINT('',(6.28318530718,0.));
#3424 = VECTOR('',#3425,1.);
#3425 = DIRECTION('',(-0.,-1.));
#3426 = ( GEOMETRIC_REPRESENTATION_CONTEXT(2) 
PARAMETRIC_REPRESENTATION_CONTEXT() REPRESENTATION_CONTEXT('2D SPACE',''
  ) );
#3427 = ORIENTED_EDGE('',*,*,#3351,.F.);
#3428 = ORIENTED_EDGE('',*,*,#3407,.F.);
#3429 = ORIENTED_EDGE('',*,*,#3266,.F.);
#3430 = ( GEOMETRIC_REPRESENTATION_CONTEXT(3) 
GLOBAL_UNCERTAINTY_ASSIGNED_CONTEXT((#3434)) 
GLOBAL_UNIT_ASSIGNED_CONTEXT((#3431,#3432,#3433)) REPRESENTATION_CONTEXT
('Context #1','3D Context with UNIT and UNCERTAINTY') );
#3431 = ( LENGTH_UNIT() NAMED_UNIT(*) SI_UNIT(.MILLI.,.METRE.) );
#3432 = ( NAMED_UNIT(*) PLANE_ANGLE_UNIT() SI_UNIT($,.RADIAN.) );
#3433 = ( NAMED_UNIT(*) SI_UNIT($,.STERADIAN.) SOLID_ANGLE_UNIT() );
#3434 = UNCERTAINTY_MEASURE_WITH_UNIT(LENGTH_MEASURE(1.E-07),#3431,
  'distance_accuracy_value','confusion accuracy');
#3435 = CONTEXT_DEPENDENT_SHAPE_REPRESENTATION(#3436,#3438);
#3436 = ( REPRESENTATION_RELATIONSHIP('','',#1791,#10) 
REPRESENTATION_RELATIONSHIP_WITH_TRANSFORMATION(#3437) 
SHAPE_REPRESENTATION_RELATIONSHIP() );
#3437 = ITEM_DEFINED_TRANSFORMATION('','',#11,#19);
#3438 = PRODUCT_DEFINITION_SHAPE('Placement','Placement of an item',
  #3439);
#3439 = NEXT_ASSEMBLY_USAGE_OCCURRENCE('10','','',#5,#1786,$);
#3440 = PRODUCT_RELATED_PRODUCT_CATEGORY('part',$,(#1788));
#3441 = SHAPE_DEFINITION_REPRESENTATION(#3442,#3448);
#3442 = PRODUCT_DEFINITION_SHAPE('','',#3443);
#3443 = PRODUCT_DEFINITION('design','',#3444,#3447);
#3444 = PRODUCT_DEFINITION_FORMATION('','',#3445);
#3445 = PRODUCT('Open CASCADE STEP translator 7.9 3.3',
  'Open CASCADE STEP translator 7.9 3.3','',(#3446));
#3446 = PRODUCT_CONTEXT('',#2,'mechanical');
#3447 = PRODUCT_DEFINITION_CONTEXT('part definition',#2,'design');
#3448 = ADVANCED_BREP_SHAPE_REPRESENTATION('',(#11,#3449),#5069);
#3449 = MANIFOLD_SOLID_BREP('',#3450);
#3450 = CLOSED_SHELL('',(#3451,#3539,#3714,#3981,#4036,#4091,#4146,#4201
    ,#4256,#4446,#4550,#4654,#4731,#4835,#4842,#4849,#4884,#4891,#4898,
    #4905,#4911,#4916,#4922,#4957,#5012,#5062));
#3451 = ADVANCED_FACE('',(#3452),#3465,.T.);
#3452 = FACE_BOUND('',#3453,.T.);
#3453 = EDGE_LOOP('',(#3454,#3488,#3511,#3538));
#3454 = ORIENTED_EDGE('',*,*,#3455,.T.);
#3455 = EDGE_CURVE('',#3456,#3456,#3458,.T.);
#3456 = VERTEX_POINT('',#3457);
#3457 = CARTESIAN_POINT('',(1.15E+03,0.,0.));
#3458 = SURFACE_CURVE('',#3459,(#3464,#3476),.PCURVE_S1.);
#3459 = CIRCLE('',#3460,110.);
#3460 = AXIS2_PLACEMENT_3D('',#3461,#3462,#3463);
#3461 = CARTESIAN_POINT('',(1.04E+03,0.,0.));
#3462 = DIRECTION('',(0.,0.,1.));
#3463 = DIRECTION('',(1.,0.,-0.));
#3464 = PCURVE('',#3465,#3470);
#3465 = CYLINDRICAL_SURFACE('',#3466,110.);
#3466 = AXIS2_PLACEMENT_3D('',#3467,#3468,#3469);
#3467 = CARTESIAN_POINT('',(1.04E+03,0.,0.));
#3468 = DIRECTION('',(-0.,-0.,-1.));
#3469 = DIRECTION('',(1.,0.,0.));
#3470 = DEFINITIONAL_REPRESENTATION('',(#3471),#3475);
#3471 = LINE('',#3472,#3473);
#3472 = CARTESIAN_POINT('',(6.28318530718,0.));
#3473 = VECTOR('',#3474,1.);
#3474 = DIRECTION('',(-1.,0.));
#3475 = ( GEOMETRIC_REPRESENTATION_CONTEXT(2) 
PARAMETRIC_REPRESENTATION_CONTEXT() REPRESENTATION_CONTEXT('2D SPACE',''
  ) );
#3476 = PCURVE('',#3477,#3482);
#3477 = PLANE('',#3478);
#3478 = AXIS2_PLACEMENT_3D('',#3479,#3480,#3481);
#3479 = CARTESIAN_POINT('',(1.04E+03,1.874440656401E-15,0.));
#3480 = DIRECTION('',(0.,0.,1.));
#3481 = DIRECTION('',(1.,0.,-0.));
#3482 = DEFINITIONAL_REPRESENTATION('',(#3483),#3487);
#3483 = CIRCLE('',#3484,110.);
#3484 = AXIS2_PLACEMENT_2D('',#3485,#3486);
#3485 = CARTESIAN_POINT('',(0.,-1.874440656401E-15));
#3486 = DIRECTION('',(1.,0.));
#3487 = ( GEOMETRIC_REPRESENTATION_CONTEXT(2) 
PARAMETRIC_REPRESENTATION_CONTEXT() REPRESENTATION_CONTEXT('2D SPACE',''
  ) );
#3488 = ORIENTED_EDGE('',*,*,#3489,.T.);
#3489 = EDGE_CURVE('',#3456,#3490,#3492,.T.);
#3490 = VERTEX_POINT('',#3491);
#3491 = CARTESIAN_POINT('',(1.15E+03,0.,28.));
#3492 = SEAM_CURVE('',#3493,(#3497,#3504),.PCURVE_S1.);
#3493 = LINE('',#3494,#3495);
#3494 = CARTESIAN_POINT('',(1.15E+03,0.,0.));
#3495 = VECTOR('',#3496,1.);
#3496 = DIRECTION('',(0.,0.,1.));
#3497 = PCURVE('',#3465,#3498);
#3498 = DEFINITIONAL_REPRESENTATION('',(#3499),#3503);
#3499 = LINE('',#3500,#3501);
#3500 = CARTESIAN_POINT('',(-4.138911435803E-13,0.));
#3501 = VECTOR('',#3502,1.);
#3502 = DIRECTION('',(-0.,-1.));
#3503 = ( GEOMETRIC_REPRESENTATION_CONTEXT(2) 
PARAMETRIC_REPRESENTATION_CONTEXT() REPRESENTATION_CONTEXT('2D SPACE',''
  ) );
#3504 = PCURVE('',#3465,#3505);
#3505 = DEFINITIONAL_REPRESENTATION('',(#3506),#3510);
#3506 = LINE('',#3507,#3508);
#3507 = CARTESIAN_POINT('',(6.28318530718,0.));
#3508 = VECTOR('',#3509,1.);
#3509 = DIRECTION('',(-0.,-1.));
#3510 = ( GEOMETRIC_REPRESENTATION_CONTEXT(2) 
PARAMETRIC_REPRESENTATION_CONTEXT() REPRESENTATION_CONTEXT('2D SPACE',''
  ) );
#3511 = ORIENTED_EDGE('',*,*,#3512,.F.);
#3512 = EDGE_CURVE('',#3490,#3490,#3513,.T.);
#3513 = SURFACE_CURVE('',#3514,(#3519,#3526),.PCURVE_S1.);
#3514 = CIRCLE('',#3515,110.);
#3515 = AXIS2_PLACEMENT_3D('',#3516,#3517,#3518);
#3516 = CARTESIAN_POINT('',(1.04E+03,0.,28.));
#3517 = DIRECTION('',(0.,0.,1.));
#3518 = DIRECTION('',(1.,0.,-0.));
#3519 = PCURVE('',#3465,#3520);
#3520 = DEFINITIONAL_REPRESENTATION('',(#3521),#3525);
#3521 = LINE('',#3522,#3523);
#3522 = CARTESIAN_POINT('',(6.28318530718,-28.));
#3523 = VECTOR('',#3524,1.);
#3524 = DIRECTION('',(-1.,0.));
#3525 = ( GEOMETRIC_REPRESENTATION_CONTEXT(2) 
PARAMETRIC_REPRESENTATION_CONTEXT() REPRESENTATION_CONTEXT('2D SPACE',''
  ) );
#3526 = PCURVE('',#3527,#3532);
#3527 = PLANE('',#3528);
#3528 = AXIS2_PLACEMENT_3D('',#3529,#3530,#3531);
#3529 = CARTESIAN_POINT('',(1.04E+03,1.874440656401E-15,28.));
#3530 = DIRECTION('',(0.,0.,1.));
#3531 = DIRECTION('',(1.,0.,-0.));
#3532 = DEFINITIONAL_REPRESENTATION('',(#3533),#3537);
#3533 = CIRCLE('',#3534,110.);
#3534 = AXIS2_PLACEMENT_2D('',#3535,#3536);
#3535 = CARTESIAN_POINT('',(0.,-1.874440656401E-15));
#3536 = DIRECTION('',(1.,0.));
#3537 = ( GEOMETRIC_REPRESENTATION_CONTEXT(2) 
PARAMETRIC_REPRESENTATION_CONTEXT() REPRESENTATION_CONTEXT('2D SPACE',''
  ) );
#3538 = ORIENTED_EDGE('',*,*,#3489,.F.);
#3539 = ADVANCED_FACE('',(#3540,#3543,#3578,#3613,#3644,#3679),#3477,.F.
  );
#3540 = FACE_BOUND('',#3541,.F.);
#3541 = EDGE_LOOP('',(#3542));
#3542 = ORIENTED_EDGE('',*,*,#3455,.T.);
#3543 = FACE_BOUND('',#3544,.F.);
#3544 = EDGE_LOOP('',(#3545));
#3545 = ORIENTED_EDGE('',*,*,#3546,.T.);
#3546 = EDGE_CURVE('',#3547,#3547,#3549,.T.);
#3547 = VERTEX_POINT('',#3548);
#3548 = CARTESIAN_POINT('',(1.033E+03,-70.,0.));
#3549 = SURFACE_CURVE('',#3550,(#3555,#3566),.PCURVE_S1.);
#3550 = CIRCLE('',#3551,7.);
#3551 = AXIS2_PLACEMENT_3D('',#3552,#3553,#3554);
#3552 = CARTESIAN_POINT('',(1.04E+03,-70.,0.));
#3553 = DIRECTION('',(0.,0.,-1.));
#3554 = DIRECTION('',(-1.,0.,0.));
#3555 = PCURVE('',#3477,#3556);
#3556 = DEFINITIONAL_REPRESENTATION('',(#3557),#3565);
#3557 = ( BOUNDED_CURVE() B_SPLINE_CURVE(2,(#3558,#3559,#3560,#3561,
#3562,#3563,#3564),.UNSPECIFIED.,.T.,.F.) B_SPLINE_CURVE_WITH_KNOTS((1,2
    ,2,2,2,1),(-2.094395102393,0.,2.094395102393,4.188790204786,
6.28318530718,8.377580409573),.UNSPECIFIED.) CURVE() 
GEOMETRIC_REPRESENTATION_ITEM() RATIONAL_B_SPLINE_CURVE((1.,0.5,1.,0.5,
1.,0.5,1.)) REPRESENTATION_ITEM('') );
#3558 = CARTESIAN_POINT('',(-7.,-70.));
#3559 = CARTESIAN_POINT('',(-7.,-57.87564434701));
#3560 = CARTESIAN_POINT('',(3.5,-63.9378221735));
#3561 = CARTESIAN_POINT('',(14.,-70.));
#3562 = CARTESIAN_POINT('',(3.5,-76.06217782649));
#3563 = CARTESIAN_POINT('',(-7.,-82.12435565298));
#3564 = CARTESIAN_POINT('',(-7.,-70.));
#3565 = ( GEOMETRIC_REPRESENTATION_CONTEXT(2) 
PARAMETRIC_REPRESENTATION_CONTEXT() REPRESENTATION_CONTEXT('2D SPACE',''
  ) );
#3566 = PCURVE('',#3567,#3572);
#3567 = CYLINDRICAL_SURFACE('',#3568,7.);
#3568 = AXIS2_PLACEMENT_3D('',#3569,#3570,#3571);
#3569 = CARTESIAN_POINT('',(1.04E+03,-70.,28.));
#3570 = DIRECTION('',(0.,0.,-1.));
#3571 = DIRECTION('',(-1.,0.,0.));
#3572 = DEFINITIONAL_REPRESENTATION('',(#3573),#3577);
#3573 = LINE('',#3574,#3575);
#3574 = CARTESIAN_POINT('',(0.,28.));
#3575 = VECTOR('',#3576,1.);
#3576 = DIRECTION('',(1.,0.));
#3577 = ( GEOMETRIC_REPRESENTATION_CONTEXT(2) 
PARAMETRIC_REPRESENTATION_CONTEXT() REPRESENTATION_CONTEXT('2D SPACE',''
  ) );
#3578 = FACE_BOUND('',#3579,.F.);
#3579 = EDGE_LOOP('',(#3580));
#3580 = ORIENTED_EDGE('',*,*,#3581,.T.);
#3581 = EDGE_CURVE('',#3582,#3582,#3584,.T.);
#3582 = VERTEX_POINT('',#3583);
#3583 = CARTESIAN_POINT('',(963.,-1.714505518806E-15,0.));
#3584 = SURFACE_CURVE('',#3585,(#3590,#3601),.PCURVE_S1.);
#3585 = CIRCLE('',#3586,7.);
#3586 = AXIS2_PLACEMENT_3D('',#3587,#3588,#3589);
#3587 = CARTESIAN_POINT('',(970.,0.,0.));
#3588 = DIRECTION('',(0.,0.,-1.));
#3589 = DIRECTION('',(-1.,0.,0.));
#3590 = PCURVE('',#3477,#3591);
#3591 = DEFINITIONAL_REPRESENTATION('',(#3592),#3600);
#3592 = ( BOUNDED_CURVE() B_SPLINE_CURVE(2,(#3593,#3594,#3595,#3596,
#3597,#3598,#3599),.UNSPECIFIED.,.T.,.F.) B_SPLINE_CURVE_WITH_KNOTS((1,2
    ,2,2,2,1),(-2.094395102393,0.,2.094395102393,4.188790204786,
6.28318530718,8.377580409573),.UNSPECIFIED.) CURVE() 
GEOMETRIC_REPRESENTATION_ITEM() RATIONAL_B_SPLINE_CURVE((1.,0.5,1.,0.5,
1.,0.5,1.)) REPRESENTATION_ITEM('') );
#3593 = CARTESIAN_POINT('',(-77.,-1.874440656401E-15));
#3594 = CARTESIAN_POINT('',(-77.,12.124355652982));
#3595 = CARTESIAN_POINT('',(-66.5,6.062177826491));
#3596 = CARTESIAN_POINT('',(-56.,-1.599351375947E-16));
#3597 = CARTESIAN_POINT('',(-66.5,-6.062177826491));
#3598 = CARTESIAN_POINT('',(-77.,-12.12435565298));
#3599 = CARTESIAN_POINT('',(-77.,-1.874440656401E-15));
#3600 = ( GEOMETRIC_REPRESENTATION_CONTEXT(2) 
PARAMETRIC_REPRESENTATION_CONTEXT() REPRESENTATION_CONTEXT('2D SPACE',''
  ) );
#3601 = PCURVE('',#3602,#3607);
#3602 = CYLINDRICAL_SURFACE('',#3603,7.);
#3603 = AXIS2_PLACEMENT_3D('',#3604,#3605,#3606);
#3604 = CARTESIAN_POINT('',(970.,0.,28.));
#3605 = DIRECTION('',(0.,0.,-1.));
#3606 = DIRECTION('',(-1.,0.,0.));
#3607 = DEFINITIONAL_REPRESENTATION('',(#3608),#3612);
#3608 = LINE('',#3609,#3610);
#3609 = CARTESIAN_POINT('',(0.,28.));
#3610 = VECTOR('',#3611,1.);
#3611 = DIRECTION('',(1.,0.));
#3612 = ( GEOMETRIC_REPRESENTATION_CONTEXT(2) 
PARAMETRIC_REPRESENTATION_CONTEXT() REPRESENTATION_CONTEXT('2D SPACE',''
  ) );
#3613 = FACE_BOUND('',#3614,.F.);
#3614 = EDGE_LOOP('',(#3615));
#3615 = ORIENTED_EDGE('',*,*,#3616,.F.);
#3616 = EDGE_CURVE('',#3617,#3617,#3619,.T.);
#3617 = VERTEX_POINT('',#3618);
#3618 = CARTESIAN_POINT('',(1.08E+03,8.268133652481E-15,0.));
#3619 = SURFACE_CURVE('',#3620,(#3625,#3632),.PCURVE_S1.);
#3620 = CIRCLE('',#3621,40.);
#3621 = AXIS2_PLACEMENT_3D('',#3622,#3623,#3624);
#3622 = CARTESIAN_POINT('',(1.04E+03,8.268133652481E-15,0.));
#3623 = DIRECTION('',(0.,0.,1.));
#3624 = DIRECTION('',(1.,0.,-0.));
#3625 = PCURVE('',#3477,#3626);
#3626 = DEFINITIONAL_REPRESENTATION('',(#3627),#3631);
#3627 = CIRCLE('',#3628,40.);
#3628 = AXIS2_PLACEMENT_2D('',#3629,#3630);
#3629 = CARTESIAN_POINT('',(4.547473508865E-13,6.39369299608E-15));
#3630 = DIRECTION('',(1.,0.));
#3631 = ( GEOMETRIC_REPRESENTATION_CONTEXT(2) 
PARAMETRIC_REPRESENTATION_CONTEXT() REPRESENTATION_CONTEXT('2D SPACE',''
  ) );
#3632 = PCURVE('',#3633,#3638);
#3633 = CYLINDRICAL_SURFACE('',#3634,40.);
#3634 = AXIS2_PLACEMENT_3D('',#3635,#3636,#3637);
#3635 = CARTESIAN_POINT('',(1.04E+03,8.268133652481E-15,0.));
#3636 = DIRECTION('',(-0.,-0.,-1.));
#3637 = DIRECTION('',(1.,0.,0.));
#3638 = DEFINITIONAL_REPRESENTATION('',(#3639),#3643);
#3639 = LINE('',#3640,#3641);
#3640 = CARTESIAN_POINT('',(6.28318530718,0.));
#3641 = VECTOR('',#3642,1.);
#3642 = DIRECTION('',(-1.,0.));
#3643 = ( GEOMETRIC_REPRESENTATION_CONTEXT(2) 
PARAMETRIC_REPRESENTATION_CONTEXT() REPRESENTATION_CONTEXT('2D SPACE',''
  ) );
#3644 = FACE_BOUND('',#3645,.F.);
#3645 = EDGE_LOOP('',(#3646));
#3646 = ORIENTED_EDGE('',*,*,#3647,.T.);
#3647 = EDGE_CURVE('',#3648,#3648,#3650,.T.);
#3648 = VERTEX_POINT('',#3649);
#3649 = CARTESIAN_POINT('',(1.103E+03,-1.714505518806E-15,0.));
#3650 = SURFACE_CURVE('',#3651,(#3656,#3667),.PCURVE_S1.);
#3651 = CIRCLE('',#3652,7.);
#3652 = AXIS2_PLACEMENT_3D('',#3653,#3654,#3655);
#3653 = CARTESIAN_POINT('',(1.11E+03,0.,0.));
#3654 = DIRECTION('',(0.,0.,-1.));
#3655 = DIRECTION('',(-1.,0.,0.));
#3656 = PCURVE('',#3477,#3657);
#3657 = DEFINITIONAL_REPRESENTATION('',(#3658),#3666);
#3658 = ( BOUNDED_CURVE() B_SPLINE_CURVE(2,(#3659,#3660,#3661,#3662,
#3663,#3664,#3665),.UNSPECIFIED.,.T.,.F.) B_SPLINE_CURVE_WITH_KNOTS((1,2
    ,2,2,2,1),(-2.094395102393,0.,2.094395102393,4.188790204786,
6.28318530718,8.377580409573),.UNSPECIFIED.) CURVE() 
GEOMETRIC_REPRESENTATION_ITEM() RATIONAL_B_SPLINE_CURVE((1.,0.5,1.,0.5,
1.,0.5,1.)) REPRESENTATION_ITEM('') );
#3659 = CARTESIAN_POINT('',(63.,-1.874440656401E-15));
#3660 = CARTESIAN_POINT('',(63.,12.124355652982));
#3661 = CARTESIAN_POINT('',(73.5,6.062177826491));
#3662 = CARTESIAN_POINT('',(84.,-1.599351375947E-16));
#3663 = CARTESIAN_POINT('',(73.5,-6.062177826491));
#3664 = CARTESIAN_POINT('',(63.,-12.12435565298));
#3665 = CARTESIAN_POINT('',(63.,-1.874440656401E-15));
#3666 = ( GEOMETRIC_REPRESENTATION_CONTEXT(2) 
PARAMETRIC_REPRESENTATION_CONTEXT() REPRESENTATION_CONTEXT('2D SPACE',''
  ) );
#3667 = PCURVE('',#3668,#3673);
#3668 = CYLINDRICAL_SURFACE('',#3669,7.);
#3669 = AXIS2_PLACEMENT_3D('',#3670,#3671,#3672);
#3670 = CARTESIAN_POINT('',(1.11E+03,0.,28.));
#3671 = DIRECTION('',(0.,0.,-1.));
#3672 = DIRECTION('',(-1.,0.,0.));
#3673 = DEFINITIONAL_REPRESENTATION('',(#3674),#3678);
#3674 = LINE('',#3675,#3676);
#3675 = CARTESIAN_POINT('',(0.,28.));
#3676 = VECTOR('',#3677,1.);
#3677 = DIRECTION('',(1.,0.));
#3678 = ( GEOMETRIC_REPRESENTATION_CONTEXT(2) 
PARAMETRIC_REPRESENTATION_CONTEXT() REPRESENTATION_CONTEXT('2D SPACE',''
  ) );
#3679 = FACE_BOUND('',#3680,.F.);
#3680 = EDGE_LOOP('',(#3681));
#3681 = ORIENTED_EDGE('',*,*,#3682,.T.);
#3682 = EDGE_CURVE('',#3683,#3683,#3685,.T.);
#3683 = VERTEX_POINT('',#3684);
#3684 = CARTESIAN_POINT('',(1.033E+03,70.,0.));
#3685 = SURFACE_CURVE('',#3686,(#3691,#3702),.PCURVE_S1.);
#3686 = CIRCLE('',#3687,7.);
#3687 = AXIS2_PLACEMENT_3D('',#3688,#3689,#3690);
#3688 = CARTESIAN_POINT('',(1.04E+03,70.,0.));
#3689 = DIRECTION('',(0.,0.,-1.));
#3690 = DIRECTION('',(-1.,0.,0.));
#3691 = PCURVE('',#3477,#3692);
#3692 = DEFINITIONAL_REPRESENTATION('',(#3693),#3701);
#3693 = ( BOUNDED_CURVE() B_SPLINE_CURVE(2,(#3694,#3695,#3696,#3697,
#3698,#3699,#3700),.UNSPECIFIED.,.T.,.F.) B_SPLINE_CURVE_WITH_KNOTS((1,2
    ,2,2,2,1),(-2.094395102393,0.,2.094395102393,4.188790204786,
6.28318530718,8.377580409573),.UNSPECIFIED.) CURVE() 
GEOMETRIC_REPRESENTATION_ITEM() RATIONAL_B_SPLINE_CURVE((1.,0.5,1.,0.5,
1.,0.5,1.)) REPRESENTATION_ITEM('') );
#3694 = CARTESIAN_POINT('',(-7.,70.));
#3695 = CARTESIAN_POINT('',(-7.,82.124355652982));
#3696 = CARTESIAN_POINT('',(3.5,76.062177826491));
#3697 = CARTESIAN_POINT('',(14.,70.));
#3698 = CARTESIAN_POINT('',(3.5,63.937822173509));
#3699 = CARTESIAN_POINT('',(-7.,57.875644347018));
#3700 = CARTESIAN_POINT('',(-7.,70.));
#3701 = ( GEOMETRIC_REPRESENTATION_CONTEXT(2) 
PARAMETRIC_REPRESENTATION_CONTEXT() REPRESENTATION_CONTEXT('2D SPACE',''
  ) );
#3702 = PCURVE('',#3703,#3708);
#3703 = CYLINDRICAL_SURFACE('',#3704,7.);
#3704 = AXIS2_PLACEMENT_3D('',#3705,#3706,#3707);
#3705 = CARTESIAN_POINT('',(1.04E+03,70.,28.));
#3706 = DIRECTION('',(0.,0.,-1.));
#3707 = DIRECTION('',(-1.,0.,0.));
#3708 = DEFINITIONAL_REPRESENTATION('',(#3709),#3713);
#3709 = LINE('',#3710,#3711);
#3710 = CARTESIAN_POINT('',(0.,28.));
#3711 = VECTOR('',#3712,1.);
#3712 = DIRECTION('',(1.,0.));
#3713 = ( GEOMETRIC_REPRESENTATION_CONTEXT(2) 
PARAMETRIC_REPRESENTATION_CONTEXT() REPRESENTATION_CONTEXT('2D SPACE',''
  ) );
#3714 = ADVANCED_FACE('',(#3715,#3718),#3527,.T.);
#3715 = FACE_BOUND('',#3716,.T.);
#3716 = EDGE_LOOP('',(#3717));
#3717 = ORIENTED_EDGE('',*,*,#3512,.T.);
#3718 = FACE_BOUND('',#3719,.T.);
#3719 = EDGE_LOOP('',(#3720,#3751,#3784,#3808,#3841,#3869,#3893,#3926,
    #3950));
#3720 = ORIENTED_EDGE('',*,*,#3721,.F.);
#3721 = EDGE_CURVE('',#3722,#3724,#3726,.T.);
#3722 = VERTEX_POINT('',#3723);
#3723 = CARTESIAN_POINT('',(1.051958260743E+03,-71.,28.));
#3724 = VERTEX_POINT('',#3725);
#3725 = CARTESIAN_POINT('',(1.111E+03,-11.9582607431,28.));
#3726 = SURFACE_CURVE('',#3727,(#3732,#3739),.PCURVE_S1.);
#3727 = CIRCLE('',#3728,72.);
#3728 = AXIS2_PLACEMENT_3D('',#3729,#3730,#3731);
#3729 = CARTESIAN_POINT('',(1.04E+03,0.,28.));
#3730 = DIRECTION('',(0.,0.,1.));
#3731 = DIRECTION('',(1.,0.,-0.));
#3732 = PCURVE('',#3527,#3733);
#3733 = DEFINITIONAL_REPRESENTATION('',(#3734),#3738);
#3734 = CIRCLE('',#3735,72.);
#3735 = AXIS2_PLACEMENT_2D('',#3736,#3737);
#3736 = CARTESIAN_POINT('',(0.,-1.874440656401E-15));
#3737 = DIRECTION('',(1.,0.));
#3738 = ( GEOMETRIC_REPRESENTATION_CONTEXT(2) 
PARAMETRIC_REPRESENTATION_CONTEXT() REPRESENTATION_CONTEXT('2D SPACE',''
  ) );
#3739 = PCURVE('',#3740,#3745);
#3740 = CYLINDRICAL_SURFACE('',#3741,72.);
#3741 = AXIS2_PLACEMENT_3D('',#3742,#3743,#3744);
#3742 = CARTESIAN_POINT('',(1.04E+03,0.,28.));
#3743 = DIRECTION('',(-0.,-0.,-1.));
#3744 = DIRECTION('',(1.,0.,0.));
#3745 = DEFINITIONAL_REPRESENTATION('',(#3746),#3750);
#3746 = LINE('',#3747,#3748);
#3747 = CARTESIAN_POINT('',(6.28318530718,0.));
#3748 = VECTOR('',#3749,1.);
#3749 = DIRECTION('',(-1.,0.));
#3750 = ( GEOMETRIC_REPRESENTATION_CONTEXT(2) 
PARAMETRIC_REPRESENTATION_CONTEXT() REPRESENTATION_CONTEXT('2D SPACE',''
  ) );
#3751 = ORIENTED_EDGE('',*,*,#3752,.T.);
#3752 = EDGE_CURVE('',#3722,#3753,#3755,.T.);
#3753 = VERTEX_POINT('',#3754);
#3754 = CARTESIAN_POINT('',(1.028041739257E+03,-71.,28.));
#3755 = SURFACE_CURVE('',#3756,(#3761,#3772),.PCURVE_S1.);
#3756 = CIRCLE('',#3757,12.);
#3757 = AXIS2_PLACEMENT_3D('',#3758,#3759,#3760);
#3758 = CARTESIAN_POINT('',(1.04E+03,-70.,28.));
#3759 = DIRECTION('',(0.,0.,-1.));
#3760 = DIRECTION('',(-1.,0.,0.));
#3761 = PCURVE('',#3527,#3762);
#3762 = DEFINITIONAL_REPRESENTATION('',(#3763),#3771);
#3763 = ( BOUNDED_CURVE() B_SPLINE_CURVE(2,(#3764,#3765,#3766,#3767,
#3768,#3769,#3770),.UNSPECIFIED.,.T.,.F.) B_SPLINE_CURVE_WITH_KNOTS((1,2
    ,2,2,2,1),(-2.094395102393,0.,2.094395102393,4.188790204786,
6.28318530718,8.377580409573),.UNSPECIFIED.) CURVE() 
GEOMETRIC_REPRESENTATION_ITEM() RATIONAL_B_SPLINE_CURVE((1.,0.5,1.,0.5,
1.,0.5,1.)) REPRESENTATION_ITEM('') );
#3764 = CARTESIAN_POINT('',(-12.,-70.));
#3765 = CARTESIAN_POINT('',(-12.,-49.21539030917));
#3766 = CARTESIAN_POINT('',(6.,-59.60769515458));
#3767 = CARTESIAN_POINT('',(24.,-70.));
#3768 = CARTESIAN_POINT('',(6.,-80.39230484541));
#3769 = CARTESIAN_POINT('',(-12.,-90.78460969082));
#3770 = CARTESIAN_POINT('',(-12.,-70.));
#3771 = ( GEOMETRIC_REPRESENTATION_CONTEXT(2) 
PARAMETRIC_REPRESENTATION_CONTEXT() REPRESENTATION_CONTEXT('2D SPACE',''
  ) );
#3772 = PCURVE('',#3773,#3778);
#3773 = CYLINDRICAL_SURFACE('',#3774,12.);
#3774 = AXIS2_PLACEMENT_3D('',#3775,#3776,#3777);
#3775 = CARTESIAN_POINT('',(1.04E+03,-70.,28.));
#3776 = DIRECTION('',(0.,0.,-1.));
#3777 = DIRECTION('',(-1.,0.,0.));
#3778 = DEFINITIONAL_REPRESENTATION('',(#3779),#3783);
#3779 = LINE('',#3780,#3781);
#3780 = CARTESIAN_POINT('',(0.,0.));
#3781 = VECTOR('',#3782,1.);
#3782 = DIRECTION('',(1.,0.));
#3783 = ( GEOMETRIC_REPRESENTATION_CONTEXT(2) 
PARAMETRIC_REPRESENTATION_CONTEXT() REPRESENTATION_CONTEXT('2D SPACE',''
  ) );
#3784 = ORIENTED_EDGE('',*,*,#3785,.F.);
#3785 = EDGE_CURVE('',#3786,#3753,#3788,.T.);
#3786 = VERTEX_POINT('',#3787);
#3787 = CARTESIAN_POINT('',(969.,-11.9582607431,28.));
#3788 = SURFACE_CURVE('',#3789,(#3794,#3801),.PCURVE_S1.);
#3789 = CIRCLE('',#3790,72.);
#3790 = AXIS2_PLACEMENT_3D('',#3791,#3792,#3793);
#3791 = CARTESIAN_POINT('',(1.04E+03,0.,28.));
#3792 = DIRECTION('',(0.,0.,1.));
#3793 = DIRECTION('',(1.,0.,-0.));
#3794 = PCURVE('',#3527,#3795);
#3795 = DEFINITIONAL_REPRESENTATION('',(#3796),#3800);
#3796 = CIRCLE('',#3797,72.);
#3797 = AXIS2_PLACEMENT_2D('',#3798,#3799);
#3798 = CARTESIAN_POINT('',(0.,-1.874440656401E-15));
#3799 = DIRECTION('',(1.,0.));
#3800 = ( GEOMETRIC_REPRESENTATION_CONTEXT(2) 
PARAMETRIC_REPRESENTATION_CONTEXT() REPRESENTATION_CONTEXT('2D SPACE',''
  ) );
#3801 = PCURVE('',#3740,#3802);
#3802 = DEFINITIONAL_REPRESENTATION('',(#3803),#3807);
#3803 = LINE('',#3804,#3805);
#3804 = CARTESIAN_POINT('',(6.28318530718,0.));
#3805 = VECTOR('',#3806,1.);
#3806 = DIRECTION('',(-1.,0.));
#3807 = ( GEOMETRIC_REPRESENTATION_CONTEXT(2) 
PARAMETRIC_REPRESENTATION_CONTEXT() REPRESENTATION_CONTEXT('2D SPACE',''
  ) );
#3808 = ORIENTED_EDGE('',*,*,#3809,.T.);
#3809 = EDGE_CURVE('',#3786,#3810,#3812,.T.);
#3810 = VERTEX_POINT('',#3811);
#3811 = CARTESIAN_POINT('',(958.,-2.939152317954E-15,28.));
#3812 = SURFACE_CURVE('',#3813,(#3818,#3829),.PCURVE_S1.);
#3813 = CIRCLE('',#3814,12.);
#3814 = AXIS2_PLACEMENT_3D('',#3815,#3816,#3817);
#3815 = CARTESIAN_POINT('',(970.,0.,28.));
#3816 = DIRECTION('',(0.,0.,-1.));
#3817 = DIRECTION('',(-1.,0.,0.));
#3818 = PCURVE('',#3527,#3819);
#3819 = DEFINITIONAL_REPRESENTATION('',(#3820),#3828);
#3820 = ( BOUNDED_CURVE() B_SPLINE_CURVE(2,(#3821,#3822,#3823,#3824,
#3825,#3826,#3827),.UNSPECIFIED.,.T.,.F.) B_SPLINE_CURVE_WITH_KNOTS((1,2
    ,2,2,2,1),(-2.094395102393,0.,2.094395102393,4.188790204786,
6.28318530718,8.377580409573),.UNSPECIFIED.) CURVE() 
GEOMETRIC_REPRESENTATION_ITEM() RATIONAL_B_SPLINE_CURVE((1.,0.5,1.,0.5,
1.,0.5,1.)) REPRESENTATION_ITEM('') );
#3821 = CARTESIAN_POINT('',(-82.,-1.874440656401E-15));
#3822 = CARTESIAN_POINT('',(-82.,20.784609690827));
#3823 = CARTESIAN_POINT('',(-64.,10.392304845413));
#3824 = CARTESIAN_POINT('',(-46.,1.064711661553E-15));
#3825 = CARTESIAN_POINT('',(-64.,-10.39230484541));
#3826 = CARTESIAN_POINT('',(-82.,-20.78460969082));
#3827 = CARTESIAN_POINT('',(-82.,-1.874440656401E-15));
#3828 = ( GEOMETRIC_REPRESENTATION_CONTEXT(2) 
PARAMETRIC_REPRESENTATION_CONTEXT() REPRESENTATION_CONTEXT('2D SPACE',''
  ) );
#3829 = PCURVE('',#3830,#3835);
#3830 = CYLINDRICAL_SURFACE('',#3831,12.);
#3831 = AXIS2_PLACEMENT_3D('',#3832,#3833,#3834);
#3832 = CARTESIAN_POINT('',(970.,0.,28.));
#3833 = DIRECTION('',(0.,0.,-1.));
#3834 = DIRECTION('',(-1.,0.,0.));
#3835 = DEFINITIONAL_REPRESENTATION('',(#3836),#3840);
#3836 = LINE('',#3837,#3838);
#3837 = CARTESIAN_POINT('',(0.,0.));
#3838 = VECTOR('',#3839,1.);
#3839 = DIRECTION('',(1.,0.));
#3840 = ( GEOMETRIC_REPRESENTATION_CONTEXT(2) 
PARAMETRIC_REPRESENTATION_CONTEXT() REPRESENTATION_CONTEXT('2D SPACE',''
  ) );
#3841 = ORIENTED_EDGE('',*,*,#3842,.T.);
#3842 = EDGE_CURVE('',#3810,#3843,#3845,.T.);
#3843 = VERTEX_POINT('',#3844);
#3844 = CARTESIAN_POINT('',(969.,11.958260743101,28.));
#3845 = SURFACE_CURVE('',#3846,(#3851,#3862),.PCURVE_S1.);
#3846 = CIRCLE('',#3847,12.);
#3847 = AXIS2_PLACEMENT_3D('',#3848,#3849,#3850);
#3848 = CARTESIAN_POINT('',(970.,0.,28.));
#3849 = DIRECTION('',(0.,0.,-1.));
#3850 = DIRECTION('',(-1.,0.,0.));
#3851 = PCURVE('',#3527,#3852);
#3852 = DEFINITIONAL_REPRESENTATION('',(#3853),#3861);
#3853 = ( BOUNDED_CURVE() B_SPLINE_CURVE(2,(#3854,#3855,#3856,#3857,
#3858,#3859,#3860),.UNSPECIFIED.,.T.,.F.) B_SPLINE_CURVE_WITH_KNOTS((1,2
    ,2,2,2,1),(-2.094395102393,0.,2.094395102393,4.188790204786,
6.28318530718,8.377580409573),.UNSPECIFIED.) CURVE() 
GEOMETRIC_REPRESENTATION_ITEM() RATIONAL_B_SPLINE_CURVE((1.,0.5,1.,0.5,
1.,0.5,1.)) REPRESENTATION_ITEM('') );
#3854 = CARTESIAN_POINT('',(-82.,-1.874440656401E-15));
#3855 = CARTESIAN_POINT('',(-82.,20.784609690827));
#3856 = CARTESIAN_POINT('',(-64.,10.392304845413));
#3857 = CARTESIAN_POINT('',(-46.,1.064711661553E-15));
#3858 = CARTESIAN_POINT('',(-64.,-10.39230484541));
#3859 = CARTESIAN_POINT('',(-82.,-20.78460969082));
#3860 = CARTESIAN_POINT('',(-82.,-1.874440656401E-15));
#3861 = ( GEOMETRIC_REPRESENTATION_CONTEXT(2) 
PARAMETRIC_REPRESENTATION_CONTEXT() REPRESENTATION_CONTEXT('2D SPACE',''
  ) );
#3862 = PCURVE('',#3830,#3863);
#3863 = DEFINITIONAL_REPRESENTATION('',(#3864),#3868);
#3864 = LINE('',#3865,#3866);
#3865 = CARTESIAN_POINT('',(0.,0.));
#3866 = VECTOR('',#3867,1.);
#3867 = DIRECTION('',(1.,0.));
#3868 = ( GEOMETRIC_REPRESENTATION_CONTEXT(2) 
PARAMETRIC_REPRESENTATION_CONTEXT() REPRESENTATION_CONTEXT('2D SPACE',''
  ) );
#3869 = ORIENTED_EDGE('',*,*,#3870,.F.);
#3870 = EDGE_CURVE('',#3871,#3843,#3873,.T.);
#3871 = VERTEX_POINT('',#3872);
#3872 = CARTESIAN_POINT('',(1.028041739257E+03,71.,28.));
#3873 = SURFACE_CURVE('',#3874,(#3879,#3886),.PCURVE_S1.);
#3874 = CIRCLE('',#3875,72.);
#3875 = AXIS2_PLACEMENT_3D('',#3876,#3877,#3878);
#3876 = CARTESIAN_POINT('',(1.04E+03,0.,28.));
#3877 = DIRECTION('',(0.,0.,1.));
#3878 = DIRECTION('',(1.,0.,-0.));
#3879 = PCURVE('',#3527,#3880);
#3880 = DEFINITIONAL_REPRESENTATION('',(#3881),#3885);
#3881 = CIRCLE('',#3882,72.);
#3882 = AXIS2_PLACEMENT_2D('',#3883,#3884);
#3883 = CARTESIAN_POINT('',(0.,-1.874440656401E-15));
#3884 = DIRECTION('',(1.,0.));
#3885 = ( GEOMETRIC_REPRESENTATION_CONTEXT(2) 
PARAMETRIC_REPRESENTATION_CONTEXT() REPRESENTATION_CONTEXT('2D SPACE',''
  ) );
#3886 = PCURVE('',#3740,#3887);
#3887 = DEFINITIONAL_REPRESENTATION('',(#3888),#3892);
#3888 = LINE('',#3889,#3890);
#3889 = CARTESIAN_POINT('',(6.28318530718,0.));
#3890 = VECTOR('',#3891,1.);
#3891 = DIRECTION('',(-1.,0.));
#3892 = ( GEOMETRIC_REPRESENTATION_CONTEXT(2) 
PARAMETRIC_REPRESENTATION_CONTEXT() REPRESENTATION_CONTEXT('2D SPACE',''
  ) );
#3893 = ORIENTED_EDGE('',*,*,#3894,.T.);
#3894 = EDGE_CURVE('',#3871,#3895,#3897,.T.);
#3895 = VERTEX_POINT('',#3896);
#3896 = CARTESIAN_POINT('',(1.051958260743E+03,71.,28.));
#3897 = SURFACE_CURVE('',#3898,(#3903,#3914),.PCURVE_S1.);
#3898 = CIRCLE('',#3899,12.);
#3899 = AXIS2_PLACEMENT_3D('',#3900,#3901,#3902);
#3900 = CARTESIAN_POINT('',(1.04E+03,70.,28.));
#3901 = DIRECTION('',(0.,0.,-1.));
#3902 = DIRECTION('',(-1.,0.,0.));
#3903 = PCURVE('',#3527,#3904);
#3904 = DEFINITIONAL_REPRESENTATION('',(#3905),#3913);
#3905 = ( BOUNDED_CURVE() B_SPLINE_CURVE(2,(#3906,#3907,#3908,#3909,
#3910,#3911,#3912),.UNSPECIFIED.,.T.,.F.) B_SPLINE_CURVE_WITH_KNOTS((1,2
    ,2,2,2,1),(-2.094395102393,0.,2.094395102393,4.188790204786,
6.28318530718,8.377580409573),.UNSPECIFIED.) CURVE() 
GEOMETRIC_REPRESENTATION_ITEM() RATIONAL_B_SPLINE_CURVE((1.,0.5,1.,0.5,
1.,0.5,1.)) REPRESENTATION_ITEM('') );
#3906 = CARTESIAN_POINT('',(-12.,70.));
#3907 = CARTESIAN_POINT('',(-12.,90.784609690827));
#3908 = CARTESIAN_POINT('',(6.,80.392304845413));
#3909 = CARTESIAN_POINT('',(24.,70.));
#3910 = CARTESIAN_POINT('',(6.,59.607695154587));
#3911 = CARTESIAN_POINT('',(-12.,49.215390309173));
#3912 = CARTESIAN_POINT('',(-12.,70.));
#3913 = ( GEOMETRIC_REPRESENTATION_CONTEXT(2) 
PARAMETRIC_REPRESENTATION_CONTEXT() REPRESENTATION_CONTEXT('2D SPACE',''
  ) );
#3914 = PCURVE('',#3915,#3920);
#3915 = CYLINDRICAL_SURFACE('',#3916,12.);
#3916 = AXIS2_PLACEMENT_3D('',#3917,#3918,#3919);
#3917 = CARTESIAN_POINT('',(1.04E+03,70.,28.));
#3918 = DIRECTION('',(0.,0.,-1.));
#3919 = DIRECTION('',(-1.,0.,0.));
#3920 = DEFINITIONAL_REPRESENTATION('',(#3921),#3925);
#3921 = LINE('',#3922,#3923);
#3922 = CARTESIAN_POINT('',(0.,0.));
#3923 = VECTOR('',#3924,1.);
#3924 = DIRECTION('',(1.,0.));
#3925 = ( GEOMETRIC_REPRESENTATION_CONTEXT(2) 
PARAMETRIC_REPRESENTATION_CONTEXT() REPRESENTATION_CONTEXT('2D SPACE',''
  ) );
#3926 = ORIENTED_EDGE('',*,*,#3927,.F.);
#3927 = EDGE_CURVE('',#3928,#3895,#3930,.T.);
#3928 = VERTEX_POINT('',#3929);
#3929 = CARTESIAN_POINT('',(1.111E+03,11.958260743101,28.));
#3930 = SURFACE_CURVE('',#3931,(#3936,#3943),.PCURVE_S1.);
#3931 = CIRCLE('',#3932,72.);
#3932 = AXIS2_PLACEMENT_3D('',#3933,#3934,#3935);
#3933 = CARTESIAN_POINT('',(1.04E+03,0.,28.));
#3934 = DIRECTION('',(0.,0.,1.));
#3935 = DIRECTION('',(1.,0.,-0.));
#3936 = PCURVE('',#3527,#3937);
#3937 = DEFINITIONAL_REPRESENTATION('',(#3938),#3942);
#3938 = CIRCLE('',#3939,72.);
#3939 = AXIS2_PLACEMENT_2D('',#3940,#3941);
#3940 = CARTESIAN_POINT('',(0.,-1.874440656401E-15));
#3941 = DIRECTION('',(1.,0.));
#3942 = ( GEOMETRIC_REPRESENTATION_CONTEXT(2) 
PARAMETRIC_REPRESENTATION_CONTEXT() REPRESENTATION_CONTEXT('2D SPACE',''
  ) );
#3943 = PCURVE('',#3740,#3944);
#3944 = DEFINITIONAL_REPRESENTATION('',(#3945),#3949);
#3945 = LINE('',#3946,#3947);
#3946 = CARTESIAN_POINT('',(6.28318530718,0.));
#3947 = VECTOR('',#3948,1.);
#3948 = DIRECTION('',(-1.,0.));
#3949 = ( GEOMETRIC_REPRESENTATION_CONTEXT(2) 
PARAMETRIC_REPRESENTATION_CONTEXT() REPRESENTATION_CONTEXT('2D SPACE',''
  ) );
#3950 = ORIENTED_EDGE('',*,*,#3951,.T.);
#3951 = EDGE_CURVE('',#3928,#3724,#3952,.T.);
#3952 = SURFACE_CURVE('',#3953,(#3958,#3969),.PCURVE_S1.);
#3953 = CIRCLE('',#3954,12.);
#3954 = AXIS2_PLACEMENT_3D('',#3955,#3956,#3957);
#3955 = CARTESIAN_POINT('',(1.11E+03,0.,28.));
#3956 = DIRECTION('',(0.,0.,-1.));
#3957 = DIRECTION('',(-1.,0.,0.));
#3958 = PCURVE('',#3527,#3959);
#3959 = DEFINITIONAL_REPRESENTATION('',(#3960),#3968);
#3960 = ( BOUNDED_CURVE() B_SPLINE_CURVE(2,(#3961,#3962,#3963,#3964,
#3965,#3966,#3967),.UNSPECIFIED.,.T.,.F.) B_SPLINE_CURVE_WITH_KNOTS((1,2
    ,2,2,2,1),(-2.094395102393,0.,2.094395102393,4.188790204786,
6.28318530718,8.377580409573),.UNSPECIFIED.) CURVE() 
GEOMETRIC_REPRESENTATION_ITEM() RATIONAL_B_SPLINE_CURVE((1.,0.5,1.,0.5,
1.,0.5,1.)) REPRESENTATION_ITEM('') );
#3961 = CARTESIAN_POINT('',(58.,-1.874440656401E-15));
#3962 = CARTESIAN_POINT('',(58.,20.784609690827));
#3963 = CARTESIAN_POINT('',(76.,10.392304845413));
#3964 = CARTESIAN_POINT('',(94.,1.064711661553E-15));
#3965 = CARTESIAN_POINT('',(76.,-10.39230484541));
#3966 = CARTESIAN_POINT('',(58.,-20.78460969082));
#3967 = CARTESIAN_POINT('',(58.,-1.874440656401E-15));
#3968 = ( GEOMETRIC_REPRESENTATION_CONTEXT(2) 
PARAMETRIC_REPRESENTATION_CONTEXT() REPRESENTATION_CONTEXT('2D SPACE',''
  ) );
#3969 = PCURVE('',#3970,#3975);
#3970 = CYLINDRICAL_SURFACE('',#3971,12.);
#3971 = AXIS2_PLACEMENT_3D('',#3972,#3973,#3974);
#3972 = CARTESIAN_POINT('',(1.11E+03,0.,28.));
#3973 = DIRECTION('',(0.,0.,-1.));
#3974 = DIRECTION('',(-1.,0.,0.));
#3975 = DEFINITIONAL_REPRESENTATION('',(#3976),#3980);
#3976 = LINE('',#3977,#3978);
#3977 = CARTESIAN_POINT('',(0.,0.));
#3978 = VECTOR('',#3979,1.);
#3979 = DIRECTION('',(1.,0.));
#3980 = ( GEOMETRIC_REPRESENTATION_CONTEXT(2) 
PARAMETRIC_REPRESENTATION_CONTEXT() REPRESENTATION_CONTEXT('2D SPACE',''
  ) );
#3981 = ADVANCED_FACE('',(#3982),#3567,.F.);
#3982 = FACE_BOUND('',#3983,.F.);
#3983 = EDGE_LOOP('',(#3984,#4013,#4034,#4035));
#3984 = ORIENTED_EDGE('',*,*,#3985,.T.);
#3985 = EDGE_CURVE('',#3986,#3986,#3988,.T.);
#3986 = VERTEX_POINT('',#3987);
#3987 = CARTESIAN_POINT('',(1.033E+03,-70.,21.));
#3988 = SURFACE_CURVE('',#3989,(#3994,#4001),.PCURVE_S1.);
#3989 = CIRCLE('',#3990,7.);
#3990 = AXIS2_PLACEMENT_3D('',#3991,#3992,#3993);
#3991 = CARTESIAN_POINT('',(1.04E+03,-70.,21.));
#3992 = DIRECTION('',(0.,0.,-1.));
#3993 = DIRECTION('',(-1.,0.,0.));
#3994 = PCURVE('',#3567,#3995);
#3995 = DEFINITIONAL_REPRESENTATION('',(#3996),#4000);
#3996 = LINE('',#3997,#3998);
#3997 = CARTESIAN_POINT('',(0.,7.));
#3998 = VECTOR('',#3999,1.);
#3999 = DIRECTION('',(1.,0.));
#4000 = ( GEOMETRIC_REPRESENTATION_CONTEXT(2) 
PARAMETRIC_REPRESENTATION_CONTEXT() REPRESENTATION_CONTEXT('2D SPACE',''
  ) );
#4001 = PCURVE('',#4002,#4007);
#4002 = PLANE('',#4003);
#4003 = AXIS2_PLACEMENT_3D('',#4004,#4005,#4006);
#4004 = CARTESIAN_POINT('',(1.04E+03,-70.,21.));
#4005 = DIRECTION('',(0.,0.,-1.));
#4006 = DIRECTION('',(-1.,0.,0.));
#4007 = DEFINITIONAL_REPRESENTATION('',(#4008),#4012);
#4008 = CIRCLE('',#4009,7.);
#4009 = AXIS2_PLACEMENT_2D('',#4010,#4011);
#4010 = CARTESIAN_POINT('',(0.,0.));
#4011 = DIRECTION('',(1.,0.));
#4012 = ( GEOMETRIC_REPRESENTATION_CONTEXT(2) 
PARAMETRIC_REPRESENTATION_CONTEXT() REPRESENTATION_CONTEXT('2D SPACE',''
  ) );
#4013 = ORIENTED_EDGE('',*,*,#4014,.T.);
#4014 = EDGE_CURVE('',#3986,#3547,#4015,.T.);
#4015 = SEAM_CURVE('',#4016,(#4020,#4027),.PCURVE_S1.);
#4016 = LINE('',#4017,#4018);
#4017 = CARTESIAN_POINT('',(1.033E+03,-70.,28.));
#4018 = VECTOR('',#4019,1.);
#4019 = DIRECTION('',(0.,0.,-1.));
#4020 = PCURVE('',#3567,#4021);
#4021 = DEFINITIONAL_REPRESENTATION('',(#4022),#4026);
#4022 = LINE('',#4023,#4024);
#4023 = CARTESIAN_POINT('',(6.28318530718,0.));
#4024 = VECTOR('',#4025,1.);
#4025 = DIRECTION('',(0.,1.));
#4026 = ( GEOMETRIC_REPRESENTATION_CONTEXT(2) 
PARAMETRIC_REPRESENTATION_CONTEXT() REPRESENTATION_CONTEXT('2D SPACE',''
  ) );
#4027 = PCURVE('',#3567,#4028);
#4028 = DEFINITIONAL_REPRESENTATION('',(#4029),#4033);
#4029 = LINE('',#4030,#4031);
#4030 = CARTESIAN_POINT('',(4.138911435803E-13,0.));
#4031 = VECTOR('',#4032,1.);
#4032 = DIRECTION('',(0.,1.));
#4033 = ( GEOMETRIC_REPRESENTATION_CONTEXT(2) 
PARAMETRIC_REPRESENTATION_CONTEXT() REPRESENTATION_CONTEXT('2D SPACE',''
  ) );
#4034 = ORIENTED_EDGE('',*,*,#3546,.F.);
#4035 = ORIENTED_EDGE('',*,*,#4014,.F.);
#4036 = ADVANCED_FACE('',(#4037),#3602,.F.);
#4037 = FACE_BOUND('',#4038,.F.);
#4038 = EDGE_LOOP('',(#4039,#4068,#4089,#4090));
#4039 = ORIENTED_EDGE('',*,*,#4040,.T.);
#4040 = EDGE_CURVE('',#4041,#4041,#4043,.T.);
#4041 = VERTEX_POINT('',#4042);
#4042 = CARTESIAN_POINT('',(963.,-1.714505518806E-15,21.));
#4043 = SURFACE_CURVE('',#4044,(#4049,#4056),.PCURVE_S1.);
#4044 = CIRCLE('',#4045,7.);
#4045 = AXIS2_PLACEMENT_3D('',#4046,#4047,#4048);
#4046 = CARTESIAN_POINT('',(970.,0.,21.));
#4047 = DIRECTION('',(0.,0.,-1.));
#4048 = DIRECTION('',(-1.,0.,0.));
#4049 = PCURVE('',#3602,#4050);
#4050 = DEFINITIONAL_REPRESENTATION('',(#4051),#4055);
#4051 = LINE('',#4052,#4053);
#4052 = CARTESIAN_POINT('',(0.,7.));
#4053 = VECTOR('',#4054,1.);
#4054 = DIRECTION('',(1.,0.));
#4055 = ( GEOMETRIC_REPRESENTATION_CONTEXT(2) 
PARAMETRIC_REPRESENTATION_CONTEXT() REPRESENTATION_CONTEXT('2D SPACE',''
  ) );
#4056 = PCURVE('',#4057,#4062);
#4057 = PLANE('',#4058);
#4058 = AXIS2_PLACEMENT_3D('',#4059,#4060,#4061);
#4059 = CARTESIAN_POINT('',(970.,0.,21.));
#4060 = DIRECTION('',(0.,0.,-1.));
#4061 = DIRECTION('',(-1.,0.,0.));
#4062 = DEFINITIONAL_REPRESENTATION('',(#4063),#4067);
#4063 = CIRCLE('',#4064,7.);
#4064 = AXIS2_PLACEMENT_2D('',#4065,#4066);
#4065 = CARTESIAN_POINT('',(0.,0.));
#4066 = DIRECTION('',(1.,0.));
#4067 = ( GEOMETRIC_REPRESENTATION_CONTEXT(2) 
PARAMETRIC_REPRESENTATION_CONTEXT() REPRESENTATION_CONTEXT('2D SPACE',''
  ) );
#4068 = ORIENTED_EDGE('',*,*,#4069,.T.);
#4069 = EDGE_CURVE('',#4041,#3582,#4070,.T.);
#4070 = SEAM_CURVE('',#4071,(#4075,#4082),.PCURVE_S1.);
#4071 = LINE('',#4072,#4073);
#4072 = CARTESIAN_POINT('',(963.,-1.714505518806E-15,28.));
#4073 = VECTOR('',#4074,1.);
#4074 = DIRECTION('',(0.,0.,-1.));
#4075 = PCURVE('',#3602,#4076);
#4076 = DEFINITIONAL_REPRESENTATION('',(#4077),#4081);
#4077 = LINE('',#4078,#4079);
#4078 = CARTESIAN_POINT('',(6.28318530718,0.));
#4079 = VECTOR('',#4080,1.);
#4080 = DIRECTION('',(0.,1.));
#4081 = ( GEOMETRIC_REPRESENTATION_CONTEXT(2) 
PARAMETRIC_REPRESENTATION_CONTEXT() REPRESENTATION_CONTEXT('2D SPACE',''
  ) );
#4082 = PCURVE('',#3602,#4083);
#4083 = DEFINITIONAL_REPRESENTATION('',(#4084),#4088);
#4084 = LINE('',#4085,#4086);
#4085 = CARTESIAN_POINT('',(4.138911435803E-13,0.));
#4086 = VECTOR('',#4087,1.);
#4087 = DIRECTION('',(0.,1.));
#4088 = ( GEOMETRIC_REPRESENTATION_CONTEXT(2) 
PARAMETRIC_REPRESENTATION_CONTEXT() REPRESENTATION_CONTEXT('2D SPACE',''
  ) );
#4089 = ORIENTED_EDGE('',*,*,#3581,.F.);
#4090 = ORIENTED_EDGE('',*,*,#4069,.F.);
#4091 = ADVANCED_FACE('',(#4092),#3633,.F.);
#4092 = FACE_BOUND('',#4093,.F.);
#4093 = EDGE_LOOP('',(#4094,#4117,#4144,#4145));
#4094 = ORIENTED_EDGE('',*,*,#4095,.T.);
#4095 = EDGE_CURVE('',#3617,#4096,#4098,.T.);
#4096 = VERTEX_POINT('',#4097);
#4097 = CARTESIAN_POINT('',(1.08E+03,3.947459643112E-15,50.));
#4098 = SEAM_CURVE('',#4099,(#4103,#4110),.PCURVE_S1.);
#4099 = LINE('',#4100,#4101);
#4100 = CARTESIAN_POINT('',(1.08E+03,8.268133652481E-15,0.));
#4101 = VECTOR('',#4102,1.);
#4102 = DIRECTION('',(-3.694822225953E-15,-8.641348018739E-17,1.));
#4103 = PCURVE('',#3633,#4104);
#4104 = DEFINITIONAL_REPRESENTATION('',(#4105),#4109);
#4105 = LINE('',#4106,#4107);
#4106 = CARTESIAN_POINT('',(-4.138911435803E-13,0.));
#4107 = VECTOR('',#4108,1.);
#4108 = DIRECTION('',(-0.,-1.));
#4109 = ( GEOMETRIC_REPRESENTATION_CONTEXT(2) 
PARAMETRIC_REPRESENTATION_CONTEXT() REPRESENTATION_CONTEXT('2D SPACE',''
  ) );
#4110 = PCURVE('',#3633,#4111);
#4111 = DEFINITIONAL_REPRESENTATION('',(#4112),#4116);
#4112 = LINE('',#4113,#4114);
#4113 = CARTESIAN_POINT('',(6.28318530718,0.));
#4114 = VECTOR('',#4115,1.);
#4115 = DIRECTION('',(-0.,-1.));
#4116 = ( GEOMETRIC_REPRESENTATION_CONTEXT(2) 
PARAMETRIC_REPRESENTATION_CONTEXT() REPRESENTATION_CONTEXT('2D SPACE',''
  ) );
#4117 = ORIENTED_EDGE('',*,*,#4118,.F.);
#4118 = EDGE_CURVE('',#4096,#4096,#4119,.T.);
#4119 = SURFACE_CURVE('',#4120,(#4125,#4132),.PCURVE_S1.);
#4120 = CIRCLE('',#4121,40.);
#4121 = AXIS2_PLACEMENT_3D('',#4122,#4123,#4124);
#4122 = CARTESIAN_POINT('',(1.04E+03,3.947459643112E-15,50.));
#4123 = DIRECTION('',(0.,0.,1.));
#4124 = DIRECTION('',(1.,0.,-0.));
#4125 = PCURVE('',#3633,#4126);
#4126 = DEFINITIONAL_REPRESENTATION('',(#4127),#4131);
#4127 = LINE('',#4128,#4129);
#4128 = CARTESIAN_POINT('',(6.28318530718,-50.));
#4129 = VECTOR('',#4130,1.);
#4130 = DIRECTION('',(-1.,0.));
#4131 = ( GEOMETRIC_REPRESENTATION_CONTEXT(2) 
PARAMETRIC_REPRESENTATION_CONTEXT() REPRESENTATION_CONTEXT('2D SPACE',''
  ) );
#4132 = PCURVE('',#4133,#4138);
#4133 = PLANE('',#4134);
#4134 = AXIS2_PLACEMENT_3D('',#4135,#4136,#4137);
#4135 = CARTESIAN_POINT('',(1.04E+03,-2.939152317954E-15,50.));
#4136 = DIRECTION('',(0.,0.,1.));
#4137 = DIRECTION('',(1.,0.,-0.));
#4138 = DEFINITIONAL_REPRESENTATION('',(#4139),#4143);
#4139 = CIRCLE('',#4140,40.);
#4140 = AXIS2_PLACEMENT_2D('',#4141,#4142);
#4141 = CARTESIAN_POINT('',(2.273736754432E-13,6.886611961066E-15));
#4142 = DIRECTION('',(1.,0.));
#4143 = ( GEOMETRIC_REPRESENTATION_CONTEXT(2) 
PARAMETRIC_REPRESENTATION_CONTEXT() REPRESENTATION_CONTEXT('2D SPACE',''
  ) );
#4144 = ORIENTED_EDGE('',*,*,#4095,.F.);
#4145 = ORIENTED_EDGE('',*,*,#3616,.T.);
#4146 = ADVANCED_FACE('',(#4147),#3668,.F.);
#4147 = FACE_BOUND('',#4148,.F.);
#4148 = EDGE_LOOP('',(#4149,#4178,#4199,#4200));
#4149 = ORIENTED_EDGE('',*,*,#4150,.T.);
#4150 = EDGE_CURVE('',#4151,#4151,#4153,.T.);
#4151 = VERTEX_POINT('',#4152);
#4152 = CARTESIAN_POINT('',(1.103E+03,-1.714505518806E-15,21.));
#4153 = SURFACE_CURVE('',#4154,(#4159,#4166),.PCURVE_S1.);
#4154 = CIRCLE('',#4155,7.);
#4155 = AXIS2_PLACEMENT_3D('',#4156,#4157,#4158);
#4156 = CARTESIAN_POINT('',(1.11E+03,0.,21.));
#4157 = DIRECTION('',(0.,0.,-1.));
#4158 = DIRECTION('',(-1.,0.,0.));
#4159 = PCURVE('',#3668,#4160);
#4160 = DEFINITIONAL_REPRESENTATION('',(#4161),#4165);
#4161 = LINE('',#4162,#4163);
#4162 = CARTESIAN_POINT('',(0.,7.));
#4163 = VECTOR('',#4164,1.);
#4164 = DIRECTION('',(1.,0.));
#4165 = ( GEOMETRIC_REPRESENTATION_CONTEXT(2) 
PARAMETRIC_REPRESENTATION_CONTEXT() REPRESENTATION_CONTEXT('2D SPACE',''
  ) );
#4166 = PCURVE('',#4167,#4172);
#4167 = PLANE('',#4168);
#4168 = AXIS2_PLACEMENT_3D('',#4169,#4170,#4171);
#4169 = CARTESIAN_POINT('',(1.11E+03,0.,21.));
#4170 = DIRECTION('',(0.,0.,-1.));
#4171 = DIRECTION('',(-1.,0.,0.));
#4172 = DEFINITIONAL_REPRESENTATION('',(#4173),#4177);
#4173 = CIRCLE('',#4174,7.);
#4174 = AXIS2_PLACEMENT_2D('',#4175,#4176);
#4175 = CARTESIAN_POINT('',(0.,0.));
#4176 = DIRECTION('',(1.,0.));
#4177 = ( GEOMETRIC_REPRESENTATION_CONTEXT(2) 
PARAMETRIC_REPRESENTATION_CONTEXT() REPRESENTATION_CONTEXT('2D SPACE',''
  ) );
#4178 = ORIENTED_EDGE('',*,*,#4179,.T.);
#4179 = EDGE_CURVE('',#4151,#3648,#4180,.T.);
#4180 = SEAM_CURVE('',#4181,(#4185,#4192),.PCURVE_S1.);
#4181 = LINE('',#4182,#4183);
#4182 = CARTESIAN_POINT('',(1.103E+03,-1.714505518806E-15,28.));
#4183 = VECTOR('',#4184,1.);
#4184 = DIRECTION('',(0.,0.,-1.));
#4185 = PCURVE('',#3668,#4186);
#4186 = DEFINITIONAL_REPRESENTATION('',(#4187),#4191);
#4187 = LINE('',#4188,#4189);
#4188 = CARTESIAN_POINT('',(6.28318530718,0.));
#4189 = VECTOR('',#4190,1.);
#4190 = DIRECTION('',(0.,1.));
#4191 = ( GEOMETRIC_REPRESENTATION_CONTEXT(2) 
PARAMETRIC_REPRESENTATION_CONTEXT() REPRESENTATION_CONTEXT('2D SPACE',''
  ) );
#4192 = PCURVE('',#3668,#4193);
#4193 = DEFINITIONAL_REPRESENTATION('',(#4194),#4198);
#4194 = LINE('',#4195,#4196);
#4195 = CARTESIAN_POINT('',(4.138911435803E-13,0.));
#4196 = VECTOR('',#4197,1.);
#4197 = DIRECTION('',(0.,1.));
#4198 = ( GEOMETRIC_REPRESENTATION_CONTEXT(2) 
PARAMETRIC_REPRESENTATION_CONTEXT() REPRESENTATION_CONTEXT('2D SPACE',''
  ) );
#4199 = ORIENTED_EDGE('',*,*,#3647,.F.);
#4200 = ORIENTED_EDGE('',*,*,#4179,.F.);
#4201 = ADVANCED_FACE('',(#4202),#3703,.F.);
#4202 = FACE_BOUND('',#4203,.F.);
#4203 = EDGE_LOOP('',(#4204,#4233,#4254,#4255));
#4204 = ORIENTED_EDGE('',*,*,#4205,.T.);
#4205 = EDGE_CURVE('',#4206,#4206,#4208,.T.);
#4206 = VERTEX_POINT('',#4207);
#4207 = CARTESIAN_POINT('',(1.033E+03,70.,21.));
#4208 = SURFACE_CURVE('',#4209,(#4214,#4221),.PCURVE_S1.);
#4209 = CIRCLE('',#4210,7.);
#4210 = AXIS2_PLACEMENT_3D('',#4211,#4212,#4213);
#4211 = CARTESIAN_POINT('',(1.04E+03,70.,21.));
#4212 = DIRECTION('',(0.,0.,-1.));
#4213 = DIRECTION('',(-1.,0.,0.));
#4214 = PCURVE('',#3703,#4215);
#4215 = DEFINITIONAL_REPRESENTATION('',(#4216),#4220);
#4216 = LINE('',#4217,#4218);
#4217 = CARTESIAN_POINT('',(0.,7.));
#4218 = VECTOR('',#4219,1.);
#4219 = DIRECTION('',(1.,0.));
#4220 = ( GEOMETRIC_REPRESENTATION_CONTEXT(2) 
PARAMETRIC_REPRESENTATION_CONTEXT() REPRESENTATION_CONTEXT('2D SPACE',''
  ) );
#4221 = PCURVE('',#4222,#4227);
#4222 = PLANE('',#4223);
#4223 = AXIS2_PLACEMENT_3D('',#4224,#4225,#4226);
#4224 = CARTESIAN_POINT('',(1.04E+03,70.,21.));
#4225 = DIRECTION('',(0.,0.,-1.));
#4226 = DIRECTION('',(-1.,0.,0.));
#4227 = DEFINITIONAL_REPRESENTATION('',(#4228),#4232);
#4228 = CIRCLE('',#4229,7.);
#4229 = AXIS2_PLACEMENT_2D('',#4230,#4231);
#4230 = CARTESIAN_POINT('',(0.,0.));
#4231 = DIRECTION('',(1.,0.));
#4232 = ( GEOMETRIC_REPRESENTATION_CONTEXT(2) 
PARAMETRIC_REPRESENTATION_CONTEXT() REPRESENTATION_CONTEXT('2D SPACE',''
  ) );
#4233 = ORIENTED_EDGE('',*,*,#4234,.T.);
#4234 = EDGE_CURVE('',#4206,#3683,#4235,.T.);
#4235 = SEAM_CURVE('',#4236,(#4240,#4247),.PCURVE_S1.);
#4236 = LINE('',#4237,#4238);
#4237 = CARTESIAN_POINT('',(1.033E+03,70.,28.));
#4238 = VECTOR('',#4239,1.);
#4239 = DIRECTION('',(0.,0.,-1.));
#4240 = PCURVE('',#3703,#4241);
#4241 = DEFINITIONAL_REPRESENTATION('',(#4242),#4246);
#4242 = LINE('',#4243,#4244);
#4243 = CARTESIAN_POINT('',(6.28318530718,0.));
#4244 = VECTOR('',#4245,1.);
#4245 = DIRECTION('',(0.,1.));
#4246 = ( GEOMETRIC_REPRESENTATION_CONTEXT(2) 
PARAMETRIC_REPRESENTATION_CONTEXT() REPRESENTATION_CONTEXT('2D SPACE',''
  ) );
#4247 = PCURVE('',#3703,#4248);
#4248 = DEFINITIONAL_REPRESENTATION('',(#4249),#4253);
#4249 = LINE('',#4250,#4251);
#4250 = CARTESIAN_POINT('',(4.138911435803E-13,0.));
#4251 = VECTOR('',#4252,1.);
#4252 = DIRECTION('',(0.,1.));
#4253 = ( GEOMETRIC_REPRESENTATION_CONTEXT(2) 
PARAMETRIC_REPRESENTATION_CONTEXT() REPRESENTATION_CONTEXT('2D SPACE',''
  ) );
#4254 = ORIENTED_EDGE('',*,*,#3682,.F.);
#4255 = ORIENTED_EDGE('',*,*,#4234,.F.);
#4256 = ADVANCED_FACE('',(#4257),#3740,.T.);
#4257 = FACE_BOUND('',#4258,.T.);
#4258 = EDGE_LOOP('',(#4259,#4260,#4287,#4288,#4315,#4316,#4343,#4344,
    #4373,#4396,#4423,#4424));
#4259 = ORIENTED_EDGE('',*,*,#3927,.T.);
#4260 = ORIENTED_EDGE('',*,*,#4261,.T.);
#4261 = EDGE_CURVE('',#3895,#3871,#4262,.T.);
#4262 = SURFACE_CURVE('',#4263,(#4268,#4275),.PCURVE_S1.);
#4263 = CIRCLE('',#4264,72.);
#4264 = AXIS2_PLACEMENT_3D('',#4265,#4266,#4267);
#4265 = CARTESIAN_POINT('',(1.04E+03,0.,28.));
#4266 = DIRECTION('',(0.,0.,1.));
#4267 = DIRECTION('',(1.,0.,-0.));
#4268 = PCURVE('',#3740,#4269);
#4269 = DEFINITIONAL_REPRESENTATION('',(#4270),#4274);
#4270 = LINE('',#4271,#4272);
#4271 = CARTESIAN_POINT('',(6.28318530718,0.));
#4272 = VECTOR('',#4273,1.);
#4273 = DIRECTION('',(-1.,0.));
#4274 = ( GEOMETRIC_REPRESENTATION_CONTEXT(2) 
PARAMETRIC_REPRESENTATION_CONTEXT() REPRESENTATION_CONTEXT('2D SPACE',''
  ) );
#4275 = PCURVE('',#4276,#4281);
#4276 = PLANE('',#4277);
#4277 = AXIS2_PLACEMENT_3D('',#4278,#4279,#4280);
#4278 = CARTESIAN_POINT('',(1.04E+03,-2.939152317954E-15,28.));
#4279 = DIRECTION('',(0.,0.,1.));
#4280 = DIRECTION('',(1.,0.,-0.));
#4281 = DEFINITIONAL_REPRESENTATION('',(#4282),#4286);
#4282 = CIRCLE('',#4283,72.);
#4283 = AXIS2_PLACEMENT_2D('',#4284,#4285);
#4284 = CARTESIAN_POINT('',(0.,2.939152317954E-15));
#4285 = DIRECTION('',(1.,0.));
#4286 = ( GEOMETRIC_REPRESENTATION_CONTEXT(2) 
PARAMETRIC_REPRESENTATION_CONTEXT() REPRESENTATION_CONTEXT('2D SPACE',''
  ) );
#4287 = ORIENTED_EDGE('',*,*,#3870,.T.);
#4288 = ORIENTED_EDGE('',*,*,#4289,.T.);
#4289 = EDGE_CURVE('',#3843,#3786,#4290,.T.);
#4290 = SURFACE_CURVE('',#4291,(#4296,#4303),.PCURVE_S1.);
#4291 = CIRCLE('',#4292,72.);
#4292 = AXIS2_PLACEMENT_3D('',#4293,#4294,#4295);
#4293 = CARTESIAN_POINT('',(1.04E+03,0.,28.));
#4294 = DIRECTION('',(0.,0.,1.));
#4295 = DIRECTION('',(1.,0.,-0.));
#4296 = PCURVE('',#3740,#4297);
#4297 = DEFINITIONAL_REPRESENTATION('',(#4298),#4302);
#4298 = LINE('',#4299,#4300);
#4299 = CARTESIAN_POINT('',(6.28318530718,0.));
#4300 = VECTOR('',#4301,1.);
#4301 = DIRECTION('',(-1.,0.));
#4302 = ( GEOMETRIC_REPRESENTATION_CONTEXT(2) 
PARAMETRIC_REPRESENTATION_CONTEXT() REPRESENTATION_CONTEXT('2D SPACE',''
  ) );
#4303 = PCURVE('',#4304,#4309);
#4304 = PLANE('',#4305);
#4305 = AXIS2_PLACEMENT_3D('',#4306,#4307,#4308);
#4306 = CARTESIAN_POINT('',(1.04E+03,-2.939152317954E-15,28.));
#4307 = DIRECTION('',(0.,0.,1.));
#4308 = DIRECTION('',(1.,0.,-0.));
#4309 = DEFINITIONAL_REPRESENTATION('',(#4310),#4314);
#4310 = CIRCLE('',#4311,72.);
#4311 = AXIS2_PLACEMENT_2D('',#4312,#4313);
#4312 = CARTESIAN_POINT('',(0.,2.939152317954E-15));
#4313 = DIRECTION('',(1.,0.));
#4314 = ( GEOMETRIC_REPRESENTATION_CONTEXT(2) 
PARAMETRIC_REPRESENTATION_CONTEXT() REPRESENTATION_CONTEXT('2D SPACE',''
  ) );
#4315 = ORIENTED_EDGE('',*,*,#3785,.T.);
#4316 = ORIENTED_EDGE('',*,*,#4317,.T.);
#4317 = EDGE_CURVE('',#3753,#3722,#4318,.T.);
#4318 = SURFACE_CURVE('',#4319,(#4324,#4331),.PCURVE_S1.);
#4319 = CIRCLE('',#4320,72.);
#4320 = AXIS2_PLACEMENT_3D('',#4321,#4322,#4323);
#4321 = CARTESIAN_POINT('',(1.04E+03,0.,28.));
#4322 = DIRECTION('',(0.,0.,1.));
#4323 = DIRECTION('',(1.,0.,-0.));
#4324 = PCURVE('',#3740,#4325);
#4325 = DEFINITIONAL_REPRESENTATION('',(#4326),#4330);
#4326 = LINE('',#4327,#4328);
#4327 = CARTESIAN_POINT('',(6.28318530718,0.));
#4328 = VECTOR('',#4329,1.);
#4329 = DIRECTION('',(-1.,0.));
#4330 = ( GEOMETRIC_REPRESENTATION_CONTEXT(2) 
PARAMETRIC_REPRESENTATION_CONTEXT() REPRESENTATION_CONTEXT('2D SPACE',''
  ) );
#4331 = PCURVE('',#4332,#4337);
#4332 = PLANE('',#4333);
#4333 = AXIS2_PLACEMENT_3D('',#4334,#4335,#4336);
#4334 = CARTESIAN_POINT('',(1.04E+03,-2.939152317954E-15,28.));
#4335 = DIRECTION('',(0.,0.,1.));
#4336 = DIRECTION('',(1.,0.,-0.));
#4337 = DEFINITIONAL_REPRESENTATION('',(#4338),#4342);
#4338 = CIRCLE('',#4339,72.);
#4339 = AXIS2_PLACEMENT_2D('',#4340,#4341);
#4340 = CARTESIAN_POINT('',(0.,2.939152317954E-15));
#4341 = DIRECTION('',(1.,0.));
#4342 = ( GEOMETRIC_REPRESENTATION_CONTEXT(2) 
PARAMETRIC_REPRESENTATION_CONTEXT() REPRESENTATION_CONTEXT('2D SPACE',''
  ) );
#4343 = ORIENTED_EDGE('',*,*,#3721,.T.);
#4344 = ORIENTED_EDGE('',*,*,#4345,.T.);
#4345 = EDGE_CURVE('',#3724,#4346,#4348,.T.);
#4346 = VERTEX_POINT('',#4347);
#4347 = CARTESIAN_POINT('',(1.112E+03,0.,28.));
#4348 = SURFACE_CURVE('',#4349,(#4354,#4361),.PCURVE_S1.);
#4349 = CIRCLE('',#4350,72.);
#4350 = AXIS2_PLACEMENT_3D('',#4351,#4352,#4353);
#4351 = CARTESIAN_POINT('',(1.04E+03,0.,28.));
#4352 = DIRECTION('',(0.,0.,1.));
#4353 = DIRECTION('',(1.,0.,-0.));
#4354 = PCURVE('',#3740,#4355);
#4355 = DEFINITIONAL_REPRESENTATION('',(#4356),#4360);
#4356 = LINE('',#4357,#4358);
#4357 = CARTESIAN_POINT('',(6.28318530718,0.));
#4358 = VECTOR('',#4359,1.);
#4359 = DIRECTION('',(-1.,0.));
#4360 = ( GEOMETRIC_REPRESENTATION_CONTEXT(2) 
PARAMETRIC_REPRESENTATION_CONTEXT() REPRESENTATION_CONTEXT('2D SPACE',''
  ) );
#4361 = PCURVE('',#4362,#4367);
#4362 = PLANE('',#4363);
#4363 = AXIS2_PLACEMENT_3D('',#4364,#4365,#4366);
#4364 = CARTESIAN_POINT('',(1.04E+03,-2.939152317954E-15,28.));
#4365 = DIRECTION('',(0.,0.,1.));
#4366 = DIRECTION('',(1.,0.,-0.));
#4367 = DEFINITIONAL_REPRESENTATION('',(#4368),#4372);
#4368 = CIRCLE('',#4369,72.);
#4369 = AXIS2_PLACEMENT_2D('',#4370,#4371);
#4370 = CARTESIAN_POINT('',(0.,2.939152317954E-15));
#4371 = DIRECTION('',(1.,0.));
#4372 = ( GEOMETRIC_REPRESENTATION_CONTEXT(2) 
PARAMETRIC_REPRESENTATION_CONTEXT() REPRESENTATION_CONTEXT('2D SPACE',''
  ) );
#4373 = ORIENTED_EDGE('',*,*,#4374,.T.);
#4374 = EDGE_CURVE('',#4346,#4375,#4377,.T.);
#4375 = VERTEX_POINT('',#4376);
#4376 = CARTESIAN_POINT('',(1.112E+03,0.,50.));
#4377 = SEAM_CURVE('',#4378,(#4382,#4389),.PCURVE_S1.);
#4378 = LINE('',#4379,#4380);
#4379 = CARTESIAN_POINT('',(1.112E+03,0.,28.));
#4380 = VECTOR('',#4381,1.);
#4381 = DIRECTION('',(0.,0.,1.));
#4382 = PCURVE('',#3740,#4383);
#4383 = DEFINITIONAL_REPRESENTATION('',(#4384),#4388);
#4384 = LINE('',#4385,#4386);
#4385 = CARTESIAN_POINT('',(-4.138911435803E-13,0.));
#4386 = VECTOR('',#4387,1.);
#4387 = DIRECTION('',(-0.,-1.));
#4388 = ( GEOMETRIC_REPRESENTATION_CONTEXT(2) 
PARAMETRIC_REPRESENTATION_CONTEXT() REPRESENTATION_CONTEXT('2D SPACE',''
  ) );
#4389 = PCURVE('',#3740,#4390);
#4390 = DEFINITIONAL_REPRESENTATION('',(#4391),#4395);
#4391 = LINE('',#4392,#4393);
#4392 = CARTESIAN_POINT('',(6.28318530718,0.));
#4393 = VECTOR('',#4394,1.);
#4394 = DIRECTION('',(-0.,-1.));
#4395 = ( GEOMETRIC_REPRESENTATION_CONTEXT(2) 
PARAMETRIC_REPRESENTATION_CONTEXT() REPRESENTATION_CONTEXT('2D SPACE',''
  ) );
#4396 = ORIENTED_EDGE('',*,*,#4397,.F.);
#4397 = EDGE_CURVE('',#4375,#4375,#4398,.T.);
#4398 = SURFACE_CURVE('',#4399,(#4404,#4411),.PCURVE_S1.);
#4399 = CIRCLE('',#4400,72.);
#4400 = AXIS2_PLACEMENT_3D('',#4401,#4402,#4403);
#4401 = CARTESIAN_POINT('',(1.04E+03,0.,50.));
#4402 = DIRECTION('',(0.,0.,1.));
#4403 = DIRECTION('',(1.,0.,-0.));
#4404 = PCURVE('',#3740,#4405);
#4405 = DEFINITIONAL_REPRESENTATION('',(#4406),#4410);
#4406 = LINE('',#4407,#4408);
#4407 = CARTESIAN_POINT('',(6.28318530718,-22.));
#4408 = VECTOR('',#4409,1.);
#4409 = DIRECTION('',(-1.,0.));
#4410 = ( GEOMETRIC_REPRESENTATION_CONTEXT(2) 
PARAMETRIC_REPRESENTATION_CONTEXT() REPRESENTATION_CONTEXT('2D SPACE',''
  ) );
#4411 = PCURVE('',#4412,#4417);
#4412 = PLANE('',#4413);
#4413 = AXIS2_PLACEMENT_3D('',#4414,#4415,#4416);
#4414 = CARTESIAN_POINT('',(1.04E+03,-2.939152317954E-15,50.));
#4415 = DIRECTION('',(0.,0.,1.));
#4416 = DIRECTION('',(1.,0.,-0.));
#4417 = DEFINITIONAL_REPRESENTATION('',(#4418),#4422);
#4418 = CIRCLE('',#4419,72.);
#4419 = AXIS2_PLACEMENT_2D('',#4420,#4421);
#4420 = CARTESIAN_POINT('',(0.,2.939152317954E-15));
#4421 = DIRECTION('',(1.,0.));
#4422 = ( GEOMETRIC_REPRESENTATION_CONTEXT(2) 
PARAMETRIC_REPRESENTATION_CONTEXT() REPRESENTATION_CONTEXT('2D SPACE',''
  ) );
#4423 = ORIENTED_EDGE('',*,*,#4374,.F.);
#4424 = ORIENTED_EDGE('',*,*,#4425,.T.);
#4425 = EDGE_CURVE('',#4346,#3928,#4426,.T.);
#4426 = SURFACE_CURVE('',#4427,(#4432,#4439),.PCURVE_S1.);
#4427 = CIRCLE('',#4428,72.);
#4428 = AXIS2_PLACEMENT_3D('',#4429,#4430,#4431);
#4429 = CARTESIAN_POINT('',(1.04E+03,0.,28.));
#4430 = DIRECTION('',(0.,0.,1.));
#4431 = DIRECTION('',(1.,0.,-0.));
#4432 = PCURVE('',#3740,#4433);
#4433 = DEFINITIONAL_REPRESENTATION('',(#4434),#4438);
#4434 = LINE('',#4435,#4436);
#4435 = CARTESIAN_POINT('',(6.28318530718,0.));
#4436 = VECTOR('',#4437,1.);
#4437 = DIRECTION('',(-1.,0.));
#4438 = ( GEOMETRIC_REPRESENTATION_CONTEXT(2) 
PARAMETRIC_REPRESENTATION_CONTEXT() REPRESENTATION_CONTEXT('2D SPACE',''
  ) );
#4439 = PCURVE('',#4362,#4440);
#4440 = DEFINITIONAL_REPRESENTATION('',(#4441),#4445);
#4441 = CIRCLE('',#4442,72.);
#4442 = AXIS2_PLACEMENT_2D('',#4443,#4444);
#4443 = CARTESIAN_POINT('',(0.,2.939152317954E-15));
#4444 = DIRECTION('',(1.,0.));
#4445 = ( GEOMETRIC_REPRESENTATION_CONTEXT(2) 
PARAMETRIC_REPRESENTATION_CONTEXT() REPRESENTATION_CONTEXT('2D SPACE',''
  ) );
#4446 = ADVANCED_FACE('',(#4447),#3970,.F.);
#4447 = FACE_BOUND('',#4448,.F.);
#4448 = EDGE_LOOP('',(#4449,#4474,#4496,#4497,#4523,#4524));
#4449 = ORIENTED_EDGE('',*,*,#4450,.T.);
#4450 = EDGE_CURVE('',#4451,#4453,#4455,.T.);
#4451 = VERTEX_POINT('',#4452);
#4452 = CARTESIAN_POINT('',(1.098E+03,-2.939152317954E-15,28.));
#4453 = VERTEX_POINT('',#4454);
#4454 = CARTESIAN_POINT('',(1.098E+03,-2.939152317954E-15,21.));
#4455 = SEAM_CURVE('',#4456,(#4460,#4467),.PCURVE_S1.);
#4456 = LINE('',#4457,#4458);
#4457 = CARTESIAN_POINT('',(1.098E+03,-2.939152317954E-15,28.));
#4458 = VECTOR('',#4459,1.);
#4459 = DIRECTION('',(0.,0.,-1.));
#4460 = PCURVE('',#3970,#4461);
#4461 = DEFINITIONAL_REPRESENTATION('',(#4462),#4466);
#4462 = LINE('',#4463,#4464);
#4463 = CARTESIAN_POINT('',(6.28318530718,0.));
#4464 = VECTOR('',#4465,1.);
#4465 = DIRECTION('',(0.,1.));
#4466 = ( GEOMETRIC_REPRESENTATION_CONTEXT(2) 
PARAMETRIC_REPRESENTATION_CONTEXT() REPRESENTATION_CONTEXT('2D SPACE',''
  ) );
#4467 = PCURVE('',#3970,#4468);
#4468 = DEFINITIONAL_REPRESENTATION('',(#4469),#4473);
#4469 = LINE('',#4470,#4471);
#4470 = CARTESIAN_POINT('',(4.138911435803E-13,0.));
#4471 = VECTOR('',#4472,1.);
#4472 = DIRECTION('',(0.,1.));
#4473 = ( GEOMETRIC_REPRESENTATION_CONTEXT(2) 
PARAMETRIC_REPRESENTATION_CONTEXT() REPRESENTATION_CONTEXT('2D SPACE',''
  ) );
#4474 = ORIENTED_EDGE('',*,*,#4475,.F.);
#4475 = EDGE_CURVE('',#4453,#4453,#4476,.T.);
#4476 = SURFACE_CURVE('',#4477,(#4482,#4489),.PCURVE_S1.);
#4477 = CIRCLE('',#4478,12.);
#4478 = AXIS2_PLACEMENT_3D('',#4479,#4480,#4481);
#4479 = CARTESIAN_POINT('',(1.11E+03,0.,21.));
#4480 = DIRECTION('',(0.,0.,-1.));
#4481 = DIRECTION('',(-1.,0.,0.));
#4482 = PCURVE('',#3970,#4483);
#4483 = DEFINITIONAL_REPRESENTATION('',(#4484),#4488);
#4484 = LINE('',#4485,#4486);
#4485 = CARTESIAN_POINT('',(0.,7.));
#4486 = VECTOR('',#4487,1.);
#4487 = DIRECTION('',(1.,0.));
#4488 = ( GEOMETRIC_REPRESENTATION_CONTEXT(2) 
PARAMETRIC_REPRESENTATION_CONTEXT() REPRESENTATION_CONTEXT('2D SPACE',''
  ) );
#4489 = PCURVE('',#4167,#4490);
#4490 = DEFINITIONAL_REPRESENTATION('',(#4491),#4495);
#4491 = CIRCLE('',#4492,12.);
#4492 = AXIS2_PLACEMENT_2D('',#4493,#4494);
#4493 = CARTESIAN_POINT('',(0.,0.));
#4494 = DIRECTION('',(1.,0.));
#4495 = ( GEOMETRIC_REPRESENTATION_CONTEXT(2) 
PARAMETRIC_REPRESENTATION_CONTEXT() REPRESENTATION_CONTEXT('2D SPACE',''
  ) );
#4496 = ORIENTED_EDGE('',*,*,#4450,.F.);
#4497 = ORIENTED_EDGE('',*,*,#4498,.T.);
#4498 = EDGE_CURVE('',#4451,#3928,#4499,.T.);
#4499 = SURFACE_CURVE('',#4500,(#4505,#4512),.PCURVE_S1.);
#4500 = CIRCLE('',#4501,12.);
#4501 = AXIS2_PLACEMENT_3D('',#4502,#4503,#4504);
#4502 = CARTESIAN_POINT('',(1.11E+03,0.,28.));
#4503 = DIRECTION('',(0.,0.,-1.));
#4504 = DIRECTION('',(-1.,0.,0.));
#4505 = PCURVE('',#3970,#4506);
#4506 = DEFINITIONAL_REPRESENTATION('',(#4507),#4511);
#4507 = LINE('',#4508,#4509);
#4508 = CARTESIAN_POINT('',(0.,0.));
#4509 = VECTOR('',#4510,1.);
#4510 = DIRECTION('',(1.,0.));
#4511 = ( GEOMETRIC_REPRESENTATION_CONTEXT(2) 
PARAMETRIC_REPRESENTATION_CONTEXT() REPRESENTATION_CONTEXT('2D SPACE',''
  ) );
#4512 = PCURVE('',#4362,#4513);
#4513 = DEFINITIONAL_REPRESENTATION('',(#4514),#4522);
#4514 = ( BOUNDED_CURVE() B_SPLINE_CURVE(2,(#4515,#4516,#4517,#4518,
#4519,#4520,#4521),.UNSPECIFIED.,.T.,.F.) B_SPLINE_CURVE_WITH_KNOTS((1,2
    ,2,2,2,1),(-2.094395102393,0.,2.094395102393,4.188790204786,
6.28318530718,8.377580409573),.UNSPECIFIED.) CURVE() 
GEOMETRIC_REPRESENTATION_ITEM() RATIONAL_B_SPLINE_CURVE((1.,0.5,1.,0.5,
1.,0.5,1.)) REPRESENTATION_ITEM('') );
#4515 = CARTESIAN_POINT('',(58.,2.939152317954E-15));
#4516 = CARTESIAN_POINT('',(58.,20.784609690827));
#4517 = CARTESIAN_POINT('',(76.,10.392304845413));
#4518 = CARTESIAN_POINT('',(94.,5.878304635908E-15));
#4519 = CARTESIAN_POINT('',(76.,-10.39230484541));
#4520 = CARTESIAN_POINT('',(58.,-20.78460969082));
#4521 = CARTESIAN_POINT('',(58.,2.939152317954E-15));
#4522 = ( GEOMETRIC_REPRESENTATION_CONTEXT(2) 
PARAMETRIC_REPRESENTATION_CONTEXT() REPRESENTATION_CONTEXT('2D SPACE',''
  ) );
#4523 = ORIENTED_EDGE('',*,*,#3951,.T.);
#4524 = ORIENTED_EDGE('',*,*,#4525,.T.);
#4525 = EDGE_CURVE('',#3724,#4451,#4526,.T.);
#4526 = SURFACE_CURVE('',#4527,(#4532,#4539),.PCURVE_S1.);
#4527 = CIRCLE('',#4528,12.);
#4528 = AXIS2_PLACEMENT_3D('',#4529,#4530,#4531);
#4529 = CARTESIAN_POINT('',(1.11E+03,0.,28.));
#4530 = DIRECTION('',(0.,0.,-1.));
#4531 = DIRECTION('',(-1.,0.,0.));
#4532 = PCURVE('',#3970,#4533);
#4533 = DEFINITIONAL_REPRESENTATION('',(#4534),#4538);
#4534 = LINE('',#4535,#4536);
#4535 = CARTESIAN_POINT('',(0.,0.));
#4536 = VECTOR('',#4537,1.);
#4537 = DIRECTION('',(1.,0.));
#4538 = ( GEOMETRIC_REPRESENTATION_CONTEXT(2) 
PARAMETRIC_REPRESENTATION_CONTEXT() REPRESENTATION_CONTEXT('2D SPACE',''
  ) );
#4539 = PCURVE('',#4362,#4540);
#4540 = DEFINITIONAL_REPRESENTATION('',(#4541),#4549);
#4541 = ( BOUNDED_CURVE() B_SPLINE_CURVE(2,(#4542,#4543,#4544,#4545,
#4546,#4547,#4548),.UNSPECIFIED.,.T.,.F.) B_SPLINE_CURVE_WITH_KNOTS((1,2
    ,2,2,2,1),(-2.094395102393,0.,2.094395102393,4.188790204786,
6.28318530718,8.377580409573),.UNSPECIFIED.) CURVE() 
GEOMETRIC_REPRESENTATION_ITEM() RATIONAL_B_SPLINE_CURVE((1.,0.5,1.,0.5,
1.,0.5,1.)) REPRESENTATION_ITEM('') );
#4542 = CARTESIAN_POINT('',(58.,2.939152317954E-15));
#4543 = CARTESIAN_POINT('',(58.,20.784609690827));
#4544 = CARTESIAN_POINT('',(76.,10.392304845413));
#4545 = CARTESIAN_POINT('',(94.,5.878304635908E-15));
#4546 = CARTESIAN_POINT('',(76.,-10.39230484541));
#4547 = CARTESIAN_POINT('',(58.,-20.78460969082));
#4548 = CARTESIAN_POINT('',(58.,2.939152317954E-15));
#4549 = ( GEOMETRIC_REPRESENTATION_CONTEXT(2) 
PARAMETRIC_REPRESENTATION_CONTEXT() REPRESENTATION_CONTEXT('2D SPACE',''
  ) );
#4550 = ADVANCED_FACE('',(#4551),#3915,.F.);
#4551 = FACE_BOUND('',#4552,.F.);
#4552 = EDGE_LOOP('',(#4553,#4578,#4600,#4601,#4627,#4628));
#4553 = ORIENTED_EDGE('',*,*,#4554,.T.);
#4554 = EDGE_CURVE('',#4555,#4557,#4559,.T.);
#4555 = VERTEX_POINT('',#4556);
#4556 = CARTESIAN_POINT('',(1.028E+03,70.,28.));
#4557 = VERTEX_POINT('',#4558);
#4558 = CARTESIAN_POINT('',(1.028E+03,70.,21.));
#4559 = SEAM_CURVE('',#4560,(#4564,#4571),.PCURVE_S1.);
#4560 = LINE('',#4561,#4562);
#4561 = CARTESIAN_POINT('',(1.028E+03,70.,28.));
#4562 = VECTOR('',#4563,1.);
#4563 = DIRECTION('',(0.,0.,-1.));
#4564 = PCURVE('',#3915,#4565);
#4565 = DEFINITIONAL_REPRESENTATION('',(#4566),#4570);
#4566 = LINE('',#4567,#4568);
#4567 = CARTESIAN_POINT('',(6.28318530718,0.));
#4568 = VECTOR('',#4569,1.);
#4569 = DIRECTION('',(0.,1.));
#4570 = ( GEOMETRIC_REPRESENTATION_CONTEXT(2) 
PARAMETRIC_REPRESENTATION_CONTEXT() REPRESENTATION_CONTEXT('2D SPACE',''
  ) );
#4571 = PCURVE('',#3915,#4572);
#4572 = DEFINITIONAL_REPRESENTATION('',(#4573),#4577);
#4573 = LINE('',#4574,#4575);
#4574 = CARTESIAN_POINT('',(4.138911435803E-13,0.));
#4575 = VECTOR('',#4576,1.);
#4576 = DIRECTION('',(0.,1.));
#4577 = ( GEOMETRIC_REPRESENTATION_CONTEXT(2) 
PARAMETRIC_REPRESENTATION_CONTEXT() REPRESENTATION_CONTEXT('2D SPACE',''
  ) );
#4578 = ORIENTED_EDGE('',*,*,#4579,.F.);
#4579 = EDGE_CURVE('',#4557,#4557,#4580,.T.);
#4580 = SURFACE_CURVE('',#4581,(#4586,#4593),.PCURVE_S1.);
#4581 = CIRCLE('',#4582,12.);
#4582 = AXIS2_PLACEMENT_3D('',#4583,#4584,#4585);
#4583 = CARTESIAN_POINT('',(1.04E+03,70.,21.));
#4584 = DIRECTION('',(0.,0.,-1.));
#4585 = DIRECTION('',(-1.,0.,0.));
#4586 = PCURVE('',#3915,#4587);
#4587 = DEFINITIONAL_REPRESENTATION('',(#4588),#4592);
#4588 = LINE('',#4589,#4590);
#4589 = CARTESIAN_POINT('',(0.,7.));
#4590 = VECTOR('',#4591,1.);
#4591 = DIRECTION('',(1.,0.));
#4592 = ( GEOMETRIC_REPRESENTATION_CONTEXT(2) 
PARAMETRIC_REPRESENTATION_CONTEXT() REPRESENTATION_CONTEXT('2D SPACE',''
  ) );
#4593 = PCURVE('',#4222,#4594);
#4594 = DEFINITIONAL_REPRESENTATION('',(#4595),#4599);
#4595 = CIRCLE('',#4596,12.);
#4596 = AXIS2_PLACEMENT_2D('',#4597,#4598);
#4597 = CARTESIAN_POINT('',(0.,0.));
#4598 = DIRECTION('',(1.,0.));
#4599 = ( GEOMETRIC_REPRESENTATION_CONTEXT(2) 
PARAMETRIC_REPRESENTATION_CONTEXT() REPRESENTATION_CONTEXT('2D SPACE',''
  ) );
#4600 = ORIENTED_EDGE('',*,*,#4554,.F.);
#4601 = ORIENTED_EDGE('',*,*,#4602,.T.);
#4602 = EDGE_CURVE('',#4555,#3871,#4603,.T.);
#4603 = SURFACE_CURVE('',#4604,(#4609,#4616),.PCURVE_S1.);
#4604 = CIRCLE('',#4605,12.);
#4605 = AXIS2_PLACEMENT_3D('',#4606,#4607,#4608);
#4606 = CARTESIAN_POINT('',(1.04E+03,70.,28.));
#4607 = DIRECTION('',(0.,0.,-1.));
#4608 = DIRECTION('',(-1.,0.,0.));
#4609 = PCURVE('',#3915,#4610);
#4610 = DEFINITIONAL_REPRESENTATION('',(#4611),#4615);
#4611 = LINE('',#4612,#4613);
#4612 = CARTESIAN_POINT('',(0.,0.));
#4613 = VECTOR('',#4614,1.);
#4614 = DIRECTION('',(1.,0.));
#4615 = ( GEOMETRIC_REPRESENTATION_CONTEXT(2) 
PARAMETRIC_REPRESENTATION_CONTEXT() REPRESENTATION_CONTEXT('2D SPACE',''
  ) );
#4616 = PCURVE('',#4276,#4617);
#4617 = DEFINITIONAL_REPRESENTATION('',(#4618),#4626);
#4618 = ( BOUNDED_CURVE() B_SPLINE_CURVE(2,(#4619,#4620,#4621,#4622,
#4623,#4624,#4625),.UNSPECIFIED.,.T.,.F.) B_SPLINE_CURVE_WITH_KNOTS((1,2
    ,2,2,2,1),(-2.094395102393,0.,2.094395102393,4.188790204786,
6.28318530718,8.377580409573),.UNSPECIFIED.) CURVE() 
GEOMETRIC_REPRESENTATION_ITEM() RATIONAL_B_SPLINE_CURVE((1.,0.5,1.,0.5,
1.,0.5,1.)) REPRESENTATION_ITEM('') );
#4619 = CARTESIAN_POINT('',(-12.,70.));
#4620 = CARTESIAN_POINT('',(-12.,90.784609690827));
#4621 = CARTESIAN_POINT('',(6.,80.392304845413));
#4622 = CARTESIAN_POINT('',(24.,70.));
#4623 = CARTESIAN_POINT('',(6.,59.607695154587));
#4624 = CARTESIAN_POINT('',(-12.,49.215390309173));
#4625 = CARTESIAN_POINT('',(-12.,70.));
#4626 = ( GEOMETRIC_REPRESENTATION_CONTEXT(2) 
PARAMETRIC_REPRESENTATION_CONTEXT() REPRESENTATION_CONTEXT('2D SPACE',''
  ) );
#4627 = ORIENTED_EDGE('',*,*,#3894,.T.);
#4628 = ORIENTED_EDGE('',*,*,#4629,.T.);
#4629 = EDGE_CURVE('',#3895,#4555,#4630,.T.);
#4630 = SURFACE_CURVE('',#4631,(#4636,#4643),.PCURVE_S1.);
#4631 = CIRCLE('',#4632,12.);
#4632 = AXIS2_PLACEMENT_3D('',#4633,#4634,#4635);
#4633 = CARTESIAN_POINT('',(1.04E+03,70.,28.));
#4634 = DIRECTION('',(0.,0.,-1.));
#4635 = DIRECTION('',(-1.,0.,0.));
#4636 = PCURVE('',#3915,#4637);
#4637 = DEFINITIONAL_REPRESENTATION('',(#4638),#4642);
#4638 = LINE('',#4639,#4640);
#4639 = CARTESIAN_POINT('',(0.,0.));
#4640 = VECTOR('',#4641,1.);
#4641 = DIRECTION('',(1.,0.));
#4642 = ( GEOMETRIC_REPRESENTATION_CONTEXT(2) 
PARAMETRIC_REPRESENTATION_CONTEXT() REPRESENTATION_CONTEXT('2D SPACE',''
  ) );
#4643 = PCURVE('',#4276,#4644);
#4644 = DEFINITIONAL_REPRESENTATION('',(#4645),#4653);
#4645 = ( BOUNDED_CURVE() B_SPLINE_CURVE(2,(#4646,#4647,#4648,#4649,
#4650,#4651,#4652),.UNSPECIFIED.,.T.,.F.) B_SPLINE_CURVE_WITH_KNOTS((1,2
    ,2,2,2,1),(-2.094395102393,0.,2.094395102393,4.188790204786,
6.28318530718,8.377580409573),.UNSPECIFIED.) CURVE() 
GEOMETRIC_REPRESENTATION_ITEM() RATIONAL_B_SPLINE_CURVE((1.,0.5,1.,0.5,
1.,0.5,1.)) REPRESENTATION_ITEM('') );
#4646 = CARTESIAN_POINT('',(-12.,70.));
#4647 = CARTESIAN_POINT('',(-12.,90.784609690827));
#4648 = CARTESIAN_POINT('',(6.,80.392304845413));
#4649 = CARTESIAN_POINT('',(24.,70.));
#4650 = CARTESIAN_POINT('',(6.,59.607695154587));
#4651 = CARTESIAN_POINT('',(-12.,49.215390309173));
#4652 = CARTESIAN_POINT('',(-12.,70.));
#4653 = ( GEOMETRIC_REPRESENTATION_CONTEXT(2) 
PARAMETRIC_REPRESENTATION_CONTEXT() REPRESENTATION_CONTEXT('2D SPACE',''
  ) );
#4654 = ADVANCED_FACE('',(#4655),#3830,.F.);
#4655 = FACE_BOUND('',#4656,.F.);
#4656 = EDGE_LOOP('',(#4657,#4680,#4702,#4703,#4704,#4730));
#4657 = ORIENTED_EDGE('',*,*,#4658,.T.);
#4658 = EDGE_CURVE('',#3810,#4659,#4661,.T.);
#4659 = VERTEX_POINT('',#4660);
#4660 = CARTESIAN_POINT('',(958.,-2.939152317954E-15,21.));
#4661 = SEAM_CURVE('',#4662,(#4666,#4673),.PCURVE_S1.);
#4662 = LINE('',#4663,#4664);
#4663 = CARTESIAN_POINT('',(958.,-2.939152317954E-15,28.));
#4664 = VECTOR('',#4665,1.);
#4665 = DIRECTION('',(0.,0.,-1.));
#4666 = PCURVE('',#3830,#4667);
#4667 = DEFINITIONAL_REPRESENTATION('',(#4668),#4672);
#4668 = LINE('',#4669,#4670);
#4669 = CARTESIAN_POINT('',(6.28318530718,0.));
#4670 = VECTOR('',#4671,1.);
#4671 = DIRECTION('',(0.,1.));
#4672 = ( GEOMETRIC_REPRESENTATION_CONTEXT(2) 
PARAMETRIC_REPRESENTATION_CONTEXT() REPRESENTATION_CONTEXT('2D SPACE',''
  ) );
#4673 = PCURVE('',#3830,#4674);
#4674 = DEFINITIONAL_REPRESENTATION('',(#4675),#4679);
#4675 = LINE('',#4676,#4677);
#4676 = CARTESIAN_POINT('',(4.138911435803E-13,0.));
#4677 = VECTOR('',#4678,1.);
#4678 = DIRECTION('',(0.,1.));
#4679 = ( GEOMETRIC_REPRESENTATION_CONTEXT(2) 
PARAMETRIC_REPRESENTATION_CONTEXT() REPRESENTATION_CONTEXT('2D SPACE',''
  ) );
#4680 = ORIENTED_EDGE('',*,*,#4681,.F.);
#4681 = EDGE_CURVE('',#4659,#4659,#4682,.T.);
#4682 = SURFACE_CURVE('',#4683,(#4688,#4695),.PCURVE_S1.);
#4683 = CIRCLE('',#4684,12.);
#4684 = AXIS2_PLACEMENT_3D('',#4685,#4686,#4687);
#4685 = CARTESIAN_POINT('',(970.,0.,21.));
#4686 = DIRECTION('',(0.,0.,-1.));
#4687 = DIRECTION('',(-1.,0.,0.));
#4688 = PCURVE('',#3830,#4689);
#4689 = DEFINITIONAL_REPRESENTATION('',(#4690),#4694);
#4690 = LINE('',#4691,#4692);
#4691 = CARTESIAN_POINT('',(0.,7.));
#4692 = VECTOR('',#4693,1.);
#4693 = DIRECTION('',(1.,0.));
#4694 = ( GEOMETRIC_REPRESENTATION_CONTEXT(2) 
PARAMETRIC_REPRESENTATION_CONTEXT() REPRESENTATION_CONTEXT('2D SPACE',''
  ) );
#4695 = PCURVE('',#4057,#4696);
#4696 = DEFINITIONAL_REPRESENTATION('',(#4697),#4701);
#4697 = CIRCLE('',#4698,12.);
#4698 = AXIS2_PLACEMENT_2D('',#4699,#4700);
#4699 = CARTESIAN_POINT('',(0.,0.));
#4700 = DIRECTION('',(1.,0.));
#4701 = ( GEOMETRIC_REPRESENTATION_CONTEXT(2) 
PARAMETRIC_REPRESENTATION_CONTEXT() REPRESENTATION_CONTEXT('2D SPACE',''
  ) );
#4702 = ORIENTED_EDGE('',*,*,#4658,.F.);
#4703 = ORIENTED_EDGE('',*,*,#3842,.T.);
#4704 = ORIENTED_EDGE('',*,*,#4705,.T.);
#4705 = EDGE_CURVE('',#3843,#3786,#4706,.T.);
#4706 = SURFACE_CURVE('',#4707,(#4712,#4719),.PCURVE_S1.);
#4707 = CIRCLE('',#4708,12.);
#4708 = AXIS2_PLACEMENT_3D('',#4709,#4710,#4711);
#4709 = CARTESIAN_POINT('',(970.,0.,28.));
#4710 = DIRECTION('',(0.,0.,-1.));
#4711 = DIRECTION('',(-1.,0.,0.));
#4712 = PCURVE('',#3830,#4713);
#4713 = DEFINITIONAL_REPRESENTATION('',(#4714),#4718);
#4714 = LINE('',#4715,#4716);
#4715 = CARTESIAN_POINT('',(0.,0.));
#4716 = VECTOR('',#4717,1.);
#4717 = DIRECTION('',(1.,0.));
#4718 = ( GEOMETRIC_REPRESENTATION_CONTEXT(2) 
PARAMETRIC_REPRESENTATION_CONTEXT() REPRESENTATION_CONTEXT('2D SPACE',''
  ) );
#4719 = PCURVE('',#4304,#4720);
#4720 = DEFINITIONAL_REPRESENTATION('',(#4721),#4729);
#4721 = ( BOUNDED_CURVE() B_SPLINE_CURVE(2,(#4722,#4723,#4724,#4725,
#4726,#4727,#4728),.UNSPECIFIED.,.T.,.F.) B_SPLINE_CURVE_WITH_KNOTS((1,2
    ,2,2,2,1),(-2.094395102393,0.,2.094395102393,4.188790204786,
6.28318530718,8.377580409573),.UNSPECIFIED.) CURVE() 
GEOMETRIC_REPRESENTATION_ITEM() RATIONAL_B_SPLINE_CURVE((1.,0.5,1.,0.5,
1.,0.5,1.)) REPRESENTATION_ITEM('') );
#4722 = CARTESIAN_POINT('',(-82.,2.939152317954E-15));
#4723 = CARTESIAN_POINT('',(-82.,20.784609690827));
#4724 = CARTESIAN_POINT('',(-64.,10.392304845413));
#4725 = CARTESIAN_POINT('',(-46.,5.878304635908E-15));
#4726 = CARTESIAN_POINT('',(-64.,-10.39230484541));
#4727 = CARTESIAN_POINT('',(-82.,-20.78460969082));
#4728 = CARTESIAN_POINT('',(-82.,2.939152317954E-15));
#4729 = ( GEOMETRIC_REPRESENTATION_CONTEXT(2) 
PARAMETRIC_REPRESENTATION_CONTEXT() REPRESENTATION_CONTEXT('2D SPACE',''
  ) );
#4730 = ORIENTED_EDGE('',*,*,#3809,.T.);
#4731 = ADVANCED_FACE('',(#4732),#3773,.F.);
#4732 = FACE_BOUND('',#4733,.F.);
#4733 = EDGE_LOOP('',(#4734,#4759,#4781,#4782,#4808,#4809));
#4734 = ORIENTED_EDGE('',*,*,#4735,.T.);
#4735 = EDGE_CURVE('',#4736,#4738,#4740,.T.);
#4736 = VERTEX_POINT('',#4737);
#4737 = CARTESIAN_POINT('',(1.028E+03,-70.,28.));
#4738 = VERTEX_POINT('',#4739);
#4739 = CARTESIAN_POINT('',(1.028E+03,-70.,21.));
#4740 = SEAM_CURVE('',#4741,(#4745,#4752),.PCURVE_S1.);
#4741 = LINE('',#4742,#4743);
#4742 = CARTESIAN_POINT('',(1.028E+03,-70.,28.));
#4743 = VECTOR('',#4744,1.);
#4744 = DIRECTION('',(0.,0.,-1.));
#4745 = PCURVE('',#3773,#4746);
#4746 = DEFINITIONAL_REPRESENTATION('',(#4747),#4751);
#4747 = LINE('',#4748,#4749);
#4748 = CARTESIAN_POINT('',(6.28318530718,0.));
#4749 = VECTOR('',#4750,1.);
#4750 = DIRECTION('',(0.,1.));
#4751 = ( GEOMETRIC_REPRESENTATION_CONTEXT(2) 
PARAMETRIC_REPRESENTATION_CONTEXT() REPRESENTATION_CONTEXT('2D SPACE',''
  ) );
#4752 = PCURVE('',#3773,#4753);
#4753 = DEFINITIONAL_REPRESENTATION('',(#4754),#4758);
#4754 = LINE('',#4755,#4756);
#4755 = CARTESIAN_POINT('',(4.138911435803E-13,0.));
#4756 = VECTOR('',#4757,1.);
#4757 = DIRECTION('',(0.,1.));
#4758 = ( GEOMETRIC_REPRESENTATION_CONTEXT(2) 
PARAMETRIC_REPRESENTATION_CONTEXT() REPRESENTATION_CONTEXT('2D SPACE',''
  ) );
#4759 = ORIENTED_EDGE('',*,*,#4760,.F.);
#4760 = EDGE_CURVE('',#4738,#4738,#4761,.T.);
#4761 = SURFACE_CURVE('',#4762,(#4767,#4774),.PCURVE_S1.);
#4762 = CIRCLE('',#4763,12.);
#4763 = AXIS2_PLACEMENT_3D('',#4764,#4765,#4766);
#4764 = CARTESIAN_POINT('',(1.04E+03,-70.,21.));
#4765 = DIRECTION('',(0.,0.,-1.));
#4766 = DIRECTION('',(-1.,0.,0.));
#4767 = PCURVE('',#3773,#4768);
#4768 = DEFINITIONAL_REPRESENTATION('',(#4769),#4773);
#4769 = LINE('',#4770,#4771);
#4770 = CARTESIAN_POINT('',(0.,7.));
#4771 = VECTOR('',#4772,1.);
#4772 = DIRECTION('',(1.,0.));
#4773 = ( GEOMETRIC_REPRESENTATION_CONTEXT(2) 
PARAMETRIC_REPRESENTATION_CONTEXT() REPRESENTATION_CONTEXT('2D SPACE',''
  ) );
#4774 = PCURVE('',#4002,#4775);
#4775 = DEFINITIONAL_REPRESENTATION('',(#4776),#4780);
#4776 = CIRCLE('',#4777,12.);
#4777 = AXIS2_PLACEMENT_2D('',#4778,#4779);
#4778 = CARTESIAN_POINT('',(0.,0.));
#4779 = DIRECTION('',(1.,0.));
#4780 = ( GEOMETRIC_REPRESENTATION_CONTEXT(2) 
PARAMETRIC_REPRESENTATION_CONTEXT() REPRESENTATION_CONTEXT('2D SPACE',''
  ) );
#4781 = ORIENTED_EDGE('',*,*,#4735,.F.);
#4782 = ORIENTED_EDGE('',*,*,#4783,.T.);
#4783 = EDGE_CURVE('',#4736,#3722,#4784,.T.);
#4784 = SURFACE_CURVE('',#4785,(#4790,#4797),.PCURVE_S1.);
#4785 = CIRCLE('',#4786,12.);
#4786 = AXIS2_PLACEMENT_3D('',#4787,#4788,#4789);
#4787 = CARTESIAN_POINT('',(1.04E+03,-70.,28.));
#4788 = DIRECTION('',(0.,0.,-1.));
#4789 = DIRECTION('',(-1.,0.,0.));
#4790 = PCURVE('',#3773,#4791);
#4791 = DEFINITIONAL_REPRESENTATION('',(#4792),#4796);
#4792 = LINE('',#4793,#4794);
#4793 = CARTESIAN_POINT('',(0.,0.));
#4794 = VECTOR('',#4795,1.);
#4795 = DIRECTION('',(1.,0.));
#4796 = ( GEOMETRIC_REPRESENTATION_CONTEXT(2) 
PARAMETRIC_REPRESENTATION_CONTEXT() REPRESENTATION_CONTEXT('2D SPACE',''
  ) );
#4797 = PCURVE('',#4332,#4798);
#4798 = DEFINITIONAL_REPRESENTATION('',(#4799),#4807);
#4799 = ( BOUNDED_CURVE() B_SPLINE_CURVE(2,(#4800,#4801,#4802,#4803,
#4804,#4805,#4806),.UNSPECIFIED.,.T.,.F.) B_SPLINE_CURVE_WITH_KNOTS((1,2
    ,2,2,2,1),(-2.094395102393,0.,2.094395102393,4.188790204786,
6.28318530718,8.377580409573),.UNSPECIFIED.) CURVE() 
GEOMETRIC_REPRESENTATION_ITEM() RATIONAL_B_SPLINE_CURVE((1.,0.5,1.,0.5,
1.,0.5,1.)) REPRESENTATION_ITEM('') );
#4800 = CARTESIAN_POINT('',(-12.,-70.));
#4801 = CARTESIAN_POINT('',(-12.,-49.21539030917));
#4802 = CARTESIAN_POINT('',(6.,-59.60769515458));
#4803 = CARTESIAN_POINT('',(24.,-70.));
#4804 = CARTESIAN_POINT('',(6.,-80.39230484541));
#4805 = CARTESIAN_POINT('',(-12.,-90.78460969082));
#4806 = CARTESIAN_POINT('',(-12.,-70.));
#4807 = ( GEOMETRIC_REPRESENTATION_CONTEXT(2) 
PARAMETRIC_REPRESENTATION_CONTEXT() REPRESENTATION_CONTEXT('2D SPACE',''
  ) );
#4808 = ORIENTED_EDGE('',*,*,#3752,.T.);
#4809 = ORIENTED_EDGE('',*,*,#4810,.T.);
#4810 = EDGE_CURVE('',#3753,#4736,#4811,.T.);
#4811 = SURFACE_CURVE('',#4812,(#4817,#4824),.PCURVE_S1.);
#4812 = CIRCLE('',#4813,12.);
#4813 = AXIS2_PLACEMENT_3D('',#4814,#4815,#4816);
#4814 = CARTESIAN_POINT('',(1.04E+03,-70.,28.));
#4815 = DIRECTION('',(0.,0.,-1.));
#4816 = DIRECTION('',(-1.,0.,0.));
#4817 = PCURVE('',#3773,#4818);
#4818 = DEFINITIONAL_REPRESENTATION('',(#4819),#4823);
#4819 = LINE('',#4820,#4821);
#4820 = CARTESIAN_POINT('',(0.,0.));
#4821 = VECTOR('',#4822,1.);
#4822 = DIRECTION('',(1.,0.));
#4823 = ( GEOMETRIC_REPRESENTATION_CONTEXT(2) 
PARAMETRIC_REPRESENTATION_CONTEXT() REPRESENTATION_CONTEXT('2D SPACE',''
  ) );
#4824 = PCURVE('',#4332,#4825);
#4825 = DEFINITIONAL_REPRESENTATION('',(#4826),#4834);
#4826 = ( BOUNDED_CURVE() B_SPLINE_CURVE(2,(#4827,#4828,#4829,#4830,
#4831,#4832,#4833),.UNSPECIFIED.,.T.,.F.) B_SPLINE_CURVE_WITH_KNOTS((1,2
    ,2,2,2,1),(-2.094395102393,0.,2.094395102393,4.188790204786,
6.28318530718,8.377580409573),.UNSPECIFIED.) CURVE() 
GEOMETRIC_REPRESENTATION_ITEM() RATIONAL_B_SPLINE_CURVE((1.,0.5,1.,0.5,
1.,0.5,1.)) REPRESENTATION_ITEM('') );
#4827 = CARTESIAN_POINT('',(-12.,-70.));
#4828 = CARTESIAN_POINT('',(-12.,-49.21539030917));
#4829 = CARTESIAN_POINT('',(6.,-59.60769515458));
#4830 = CARTESIAN_POINT('',(24.,-70.));
#4831 = CARTESIAN_POINT('',(6.,-80.39230484541));
#4832 = CARTESIAN_POINT('',(-12.,-90.78460969082));
#4833 = CARTESIAN_POINT('',(-12.,-70.));
#4834 = ( GEOMETRIC_REPRESENTATION_CONTEXT(2) 
PARAMETRIC_REPRESENTATION_CONTEXT() REPRESENTATION_CONTEXT('2D SPACE',''
  ) );
#4835 = ADVANCED_FACE('',(#4836,#4839),#4002,.F.);
#4836 = FACE_BOUND('',#4837,.F.);
#4837 = EDGE_LOOP('',(#4838));
#4838 = ORIENTED_EDGE('',*,*,#4760,.T.);
#4839 = FACE_BOUND('',#4840,.F.);
#4840 = EDGE_LOOP('',(#4841));
#4841 = ORIENTED_EDGE('',*,*,#3985,.F.);
#4842 = ADVANCED_FACE('',(#4843,#4846),#4057,.F.);
#4843 = FACE_BOUND('',#4844,.F.);
#4844 = EDGE_LOOP('',(#4845));
#4845 = ORIENTED_EDGE('',*,*,#4681,.T.);
#4846 = FACE_BOUND('',#4847,.F.);
#4847 = EDGE_LOOP('',(#4848));
#4848 = ORIENTED_EDGE('',*,*,#4040,.F.);
#4849 = ADVANCED_FACE('',(#4850,#4881),#4133,.T.);
#4850 = FACE_BOUND('',#4851,.T.);
#4851 = EDGE_LOOP('',(#4852));
#4852 = ORIENTED_EDGE('',*,*,#4853,.T.);
#4853 = EDGE_CURVE('',#4854,#4854,#4856,.T.);
#4854 = VERTEX_POINT('',#4855);
#4855 = CARTESIAN_POINT('',(1.088E+03,0.,50.));
#4856 = SURFACE_CURVE('',#4857,(#4862,#4869),.PCURVE_S1.);
#4857 = CIRCLE('',#4858,48.);
#4858 = AXIS2_PLACEMENT_3D('',#4859,#4860,#4861);
#4859 = CARTESIAN_POINT('',(1.04E+03,0.,50.));
#4860 = DIRECTION('',(0.,0.,1.));
#4861 = DIRECTION('',(1.,0.,-0.));
#4862 = PCURVE('',#4133,#4863);
#4863 = DEFINITIONAL_REPRESENTATION('',(#4864),#4868);
#4864 = CIRCLE('',#4865,48.);
#4865 = AXIS2_PLACEMENT_2D('',#4866,#4867);
#4866 = CARTESIAN_POINT('',(2.273736754432E-13,2.939152317954E-15));
#4867 = DIRECTION('',(1.,0.));
#4868 = ( GEOMETRIC_REPRESENTATION_CONTEXT(2) 
PARAMETRIC_REPRESENTATION_CONTEXT() REPRESENTATION_CONTEXT('2D SPACE',''
  ) );
#4869 = PCURVE('',#4870,#4875);
#4870 = CYLINDRICAL_SURFACE('',#4871,48.);
#4871 = AXIS2_PLACEMENT_3D('',#4872,#4873,#4874);
#4872 = CARTESIAN_POINT('',(1.04E+03,0.,50.));
#4873 = DIRECTION('',(-0.,-0.,-1.));
#4874 = DIRECTION('',(1.,0.,0.));
#4875 = DEFINITIONAL_REPRESENTATION('',(#4876),#4880);
#4876 = LINE('',#4877,#4878);
#4877 = CARTESIAN_POINT('',(6.28318530718,0.));
#4878 = VECTOR('',#4879,1.);
#4879 = DIRECTION('',(-1.,0.));
#4880 = ( GEOMETRIC_REPRESENTATION_CONTEXT(2) 
PARAMETRIC_REPRESENTATION_CONTEXT() REPRESENTATION_CONTEXT('2D SPACE',''
  ) );
#4881 = FACE_BOUND('',#4882,.T.);
#4882 = EDGE_LOOP('',(#4883));
#4883 = ORIENTED_EDGE('',*,*,#4118,.F.);
#4884 = ADVANCED_FACE('',(#4885,#4888),#4167,.F.);
#4885 = FACE_BOUND('',#4886,.F.);
#4886 = EDGE_LOOP('',(#4887));
#4887 = ORIENTED_EDGE('',*,*,#4475,.T.);
#4888 = FACE_BOUND('',#4889,.F.);
#4889 = EDGE_LOOP('',(#4890));
#4890 = ORIENTED_EDGE('',*,*,#4150,.F.);
#4891 = ADVANCED_FACE('',(#4892,#4895),#4222,.F.);
#4892 = FACE_BOUND('',#4893,.F.);
#4893 = EDGE_LOOP('',(#4894));
#4894 = ORIENTED_EDGE('',*,*,#4579,.T.);
#4895 = FACE_BOUND('',#4896,.F.);
#4896 = EDGE_LOOP('',(#4897));
#4897 = ORIENTED_EDGE('',*,*,#4205,.F.);
#4898 = ADVANCED_FACE('',(#4899),#4362,.F.);
#4899 = FACE_BOUND('',#4900,.F.);
#4900 = EDGE_LOOP('',(#4901,#4902,#4903,#4904));
#4901 = ORIENTED_EDGE('',*,*,#4345,.T.);
#4902 = ORIENTED_EDGE('',*,*,#4425,.T.);
#4903 = ORIENTED_EDGE('',*,*,#4498,.F.);
#4904 = ORIENTED_EDGE('',*,*,#4525,.F.);
#4905 = ADVANCED_FACE('',(#4906),#4276,.F.);
#4906 = FACE_BOUND('',#4907,.F.);
#4907 = EDGE_LOOP('',(#4908,#4909,#4910));
#4908 = ORIENTED_EDGE('',*,*,#4629,.F.);
#4909 = ORIENTED_EDGE('',*,*,#4261,.T.);
#4910 = ORIENTED_EDGE('',*,*,#4602,.F.);
#4911 = ADVANCED_FACE('',(#4912),#4304,.F.);
#4912 = FACE_BOUND('',#4913,.F.);
#4913 = EDGE_LOOP('',(#4914,#4915));
#4914 = ORIENTED_EDGE('',*,*,#4705,.F.);
#4915 = ORIENTED_EDGE('',*,*,#4289,.T.);
#4916 = ADVANCED_FACE('',(#4917),#4332,.F.);
#4917 = FACE_BOUND('',#4918,.F.);
#4918 = EDGE_LOOP('',(#4919,#4920,#4921));
#4919 = ORIENTED_EDGE('',*,*,#4317,.T.);
#4920 = ORIENTED_EDGE('',*,*,#4783,.F.);
#4921 = ORIENTED_EDGE('',*,*,#4810,.F.);
#4922 = ADVANCED_FACE('',(#4923,#4926),#4412,.T.);
#4923 = FACE_BOUND('',#4924,.T.);
#4924 = EDGE_LOOP('',(#4925));
#4925 = ORIENTED_EDGE('',*,*,#4397,.T.);
#4926 = FACE_BOUND('',#4927,.T.);
#4927 = EDGE_LOOP('',(#4928));
#4928 = ORIENTED_EDGE('',*,*,#4929,.F.);
#4929 = EDGE_CURVE('',#4930,#4930,#4932,.T.);
#4930 = VERTEX_POINT('',#4931);
#4931 = CARTESIAN_POINT('',(1.098E+03,0.,50.));
#4932 = SURFACE_CURVE('',#4933,(#4938,#4945),.PCURVE_S1.);
#4933 = CIRCLE('',#4934,58.);
#4934 = AXIS2_PLACEMENT_3D('',#4935,#4936,#4937);
#4935 = CARTESIAN_POINT('',(1.04E+03,0.,50.));
#4936 = DIRECTION('',(0.,0.,1.));
#4937 = DIRECTION('',(1.,0.,-0.));
#4938 = PCURVE('',#4412,#4939);
#4939 = DEFINITIONAL_REPRESENTATION('',(#4940),#4944);
#4940 = CIRCLE('',#4941,58.);
#4941 = AXIS2_PLACEMENT_2D('',#4942,#4943);
#4942 = CARTESIAN_POINT('',(0.,2.939152317954E-15));
#4943 = DIRECTION('',(1.,0.));
#4944 = ( GEOMETRIC_REPRESENTATION_CONTEXT(2) 
PARAMETRIC_REPRESENTATION_CONTEXT() REPRESENTATION_CONTEXT('2D SPACE',''
  ) );
#4945 = PCURVE('',#4946,#4951);
#4946 = CYLINDRICAL_SURFACE('',#4947,58.);
#4947 = AXIS2_PLACEMENT_3D('',#4948,#4949,#4950);
#4948 = CARTESIAN_POINT('',(1.04E+03,0.,50.));
#4949 = DIRECTION('',(-0.,-0.,-1.));
#4950 = DIRECTION('',(1.,0.,0.));
#4951 = DEFINITIONAL_REPRESENTATION('',(#4952),#4956);
#4952 = LINE('',#4953,#4954);
#4953 = CARTESIAN_POINT('',(6.28318530718,0.));
#4954 = VECTOR('',#4955,1.);
#4955 = DIRECTION('',(-1.,0.));
#4956 = ( GEOMETRIC_REPRESENTATION_CONTEXT(2) 
PARAMETRIC_REPRESENTATION_CONTEXT() REPRESENTATION_CONTEXT('2D SPACE',''
  ) );
#4957 = ADVANCED_FACE('',(#4958),#4870,.F.);
#4958 = FACE_BOUND('',#4959,.F.);
#4959 = EDGE_LOOP('',(#4960,#4961,#4984,#5011));
#4960 = ORIENTED_EDGE('',*,*,#4853,.T.);
#4961 = ORIENTED_EDGE('',*,*,#4962,.T.);
#4962 = EDGE_CURVE('',#4854,#4963,#4965,.T.);
#4963 = VERTEX_POINT('',#4964);
#4964 = CARTESIAN_POINT('',(1.088E+03,0.,54.));
#4965 = SEAM_CURVE('',#4966,(#4970,#4977),.PCURVE_S1.);
#4966 = LINE('',#4967,#4968);
#4967 = CARTESIAN_POINT('',(1.088E+03,0.,50.));
#4968 = VECTOR('',#4969,1.);
#4969 = DIRECTION('',(0.,0.,1.));
#4970 = PCURVE('',#4870,#4971);
#4971 = DEFINITIONAL_REPRESENTATION('',(#4972),#4976);
#4972 = LINE('',#4973,#4974);
#4973 = CARTESIAN_POINT('',(-4.138911435803E-13,0.));
#4974 = VECTOR('',#4975,1.);
#4975 = DIRECTION('',(-0.,-1.));
#4976 = ( GEOMETRIC_REPRESENTATION_CONTEXT(2) 
PARAMETRIC_REPRESENTATION_CONTEXT() REPRESENTATION_CONTEXT('2D SPACE',''
  ) );
#4977 = PCURVE('',#4870,#4978);
#4978 = DEFINITIONAL_REPRESENTATION('',(#4979),#4983);
#4979 = LINE('',#4980,#4981);
#4980 = CARTESIAN_POINT('',(6.28318530718,0.));
#4981 = VECTOR('',#4982,1.);
#4982 = DIRECTION('',(-0.,-1.));
#4983 = ( GEOMETRIC_REPRESENTATION_CONTEXT(2) 
PARAMETRIC_REPRESENTATION_CONTEXT() REPRESENTATION_CONTEXT('2D SPACE',''
  ) );
#4984 = ORIENTED_EDGE('',*,*,#4985,.F.);
#4985 = EDGE_CURVE('',#4963,#4963,#4986,.T.);
#4986 = SURFACE_CURVE('',#4987,(#4992,#4999),.PCURVE_S1.);
#4987 = CIRCLE('',#4988,48.);
#4988 = AXIS2_PLACEMENT_3D('',#4989,#4990,#4991);
#4989 = CARTESIAN_POINT('',(1.04E+03,0.,54.));
#4990 = DIRECTION('',(0.,0.,1.));
#4991 = DIRECTION('',(1.,0.,-0.));
#4992 = PCURVE('',#4870,#4993);
#4993 = DEFINITIONAL_REPRESENTATION('',(#4994),#4998);
#4994 = LINE('',#4995,#4996);
#4995 = CARTESIAN_POINT('',(6.28318530718,-4.));
#4996 = VECTOR('',#4997,1.);
#4997 = DIRECTION('',(-1.,0.));
#4998 = ( GEOMETRIC_REPRESENTATION_CONTEXT(2) 
PARAMETRIC_REPRESENTATION_CONTEXT() REPRESENTATION_CONTEXT('2D SPACE',''
  ) );
#4999 = PCURVE('',#5000,#5005);
#5000 = PLANE('',#5001);
#5001 = AXIS2_PLACEMENT_3D('',#5002,#5003,#5004);
#5002 = CARTESIAN_POINT('',(1.04E+03,3.667947348029E-15,54.));
#5003 = DIRECTION('',(0.,0.,1.));
#5004 = DIRECTION('',(1.,0.,-0.));
#5005 = DEFINITIONAL_REPRESENTATION('',(#5006),#5010);
#5006 = CIRCLE('',#5007,48.);
#5007 = AXIS2_PLACEMENT_2D('',#5008,#5009);
#5008 = CARTESIAN_POINT('',(2.273736754432E-13,-3.667947348029E-15));
#5009 = DIRECTION('',(1.,0.));
#5010 = ( GEOMETRIC_REPRESENTATION_CONTEXT(2) 
PARAMETRIC_REPRESENTATION_CONTEXT() REPRESENTATION_CONTEXT('2D SPACE',''
  ) );
#5011 = ORIENTED_EDGE('',*,*,#4962,.F.);
#5012 = ADVANCED_FACE('',(#5013),#4946,.T.);
#5013 = FACE_BOUND('',#5014,.T.);
#5014 = EDGE_LOOP('',(#5015,#5016,#5039,#5061));
#5015 = ORIENTED_EDGE('',*,*,#4929,.T.);
#5016 = ORIENTED_EDGE('',*,*,#5017,.T.);
#5017 = EDGE_CURVE('',#4930,#5018,#5020,.T.);
#5018 = VERTEX_POINT('',#5019);
#5019 = CARTESIAN_POINT('',(1.098E+03,0.,54.));
#5020 = SEAM_CURVE('',#5021,(#5025,#5032),.PCURVE_S1.);
#5021 = LINE('',#5022,#5023);
#5022 = CARTESIAN_POINT('',(1.098E+03,0.,50.));
#5023 = VECTOR('',#5024,1.);
#5024 = DIRECTION('',(0.,0.,1.));
#5025 = PCURVE('',#4946,#5026);
#5026 = DEFINITIONAL_REPRESENTATION('',(#5027),#5031);
#5027 = LINE('',#5028,#5029);
#5028 = CARTESIAN_POINT('',(-4.138911435803E-13,0.));
#5029 = VECTOR('',#5030,1.);
#5030 = DIRECTION('',(-0.,-1.));
#5031 = ( GEOMETRIC_REPRESENTATION_CONTEXT(2) 
PARAMETRIC_REPRESENTATION_CONTEXT() REPRESENTATION_CONTEXT('2D SPACE',''
  ) );
#5032 = PCURVE('',#4946,#5033);
#5033 = DEFINITIONAL_REPRESENTATION('',(#5034),#5038);
#5034 = LINE('',#5035,#5036);
#5035 = CARTESIAN_POINT('',(6.28318530718,0.));
#5036 = VECTOR('',#5037,1.);
#5037 = DIRECTION('',(-0.,-1.));
#5038 = ( GEOMETRIC_REPRESENTATION_CONTEXT(2) 
PARAMETRIC_REPRESENTATION_CONTEXT() REPRESENTATION_CONTEXT('2D SPACE',''
  ) );
#5039 = ORIENTED_EDGE('',*,*,#5040,.F.);
#5040 = EDGE_CURVE('',#5018,#5018,#5041,.T.);
#5041 = SURFACE_CURVE('',#5042,(#5047,#5054),.PCURVE_S1.);
#5042 = CIRCLE('',#5043,58.);
#5043 = AXIS2_PLACEMENT_3D('',#5044,#5045,#5046);
#5044 = CARTESIAN_POINT('',(1.04E+03,0.,54.));
#5045 = DIRECTION('',(0.,0.,1.));
#5046 = DIRECTION('',(1.,0.,-0.));
#5047 = PCURVE('',#4946,#5048);
#5048 = DEFINITIONAL_REPRESENTATION('',(#5049),#5053);
#5049 = LINE('',#5050,#5051);
#5050 = CARTESIAN_POINT('',(6.28318530718,-4.));
#5051 = VECTOR('',#5052,1.);
#5052 = DIRECTION('',(-1.,0.));
#5053 = ( GEOMETRIC_REPRESENTATION_CONTEXT(2) 
PARAMETRIC_REPRESENTATION_CONTEXT() REPRESENTATION_CONTEXT('2D SPACE',''
  ) );
#5054 = PCURVE('',#5000,#5055);
#5055 = DEFINITIONAL_REPRESENTATION('',(#5056),#5060);
#5056 = CIRCLE('',#5057,58.);
#5057 = AXIS2_PLACEMENT_2D('',#5058,#5059);
#5058 = CARTESIAN_POINT('',(0.,-3.667947348029E-15));
#5059 = DIRECTION('',(1.,0.));
#5060 = ( GEOMETRIC_REPRESENTATION_CONTEXT(2) 
PARAMETRIC_REPRESENTATION_CONTEXT() REPRESENTATION_CONTEXT('2D SPACE',''
  ) );
#5061 = ORIENTED_EDGE('',*,*,#5017,.F.);
#5062 = ADVANCED_FACE('',(#5063,#5066),#5000,.T.);
#5063 = FACE_BOUND('',#5064,.T.);
#5064 = EDGE_LOOP('',(#5065));
#5065 = ORIENTED_EDGE('',*,*,#5040,.T.);
#5066 = FACE_BOUND('',#5067,.T.);
#5067 = EDGE_LOOP('',(#5068));
#5068 = ORIENTED_EDGE('',*,*,#4985,.F.);
#5069 = ( GEOMETRIC_REPRESENTATION_CONTEXT(3) 
GLOBAL_UNCERTAINTY_ASSIGNED_CONTEXT((#5073)) 
GLOBAL_UNIT_ASSIGNED_CONTEXT((#5070,#5071,#5072)) REPRESENTATION_CONTEXT
('Context #1','3D Context with UNIT and UNCERTAINTY') );
#5070 = ( LENGTH_UNIT() NAMED_UNIT(*) SI_UNIT(.MILLI.,.METRE.) );
#5071 = ( NAMED_UNIT(*) PLANE_ANGLE_UNIT() SI_UNIT($,.RADIAN.) );
#5072 = ( NAMED_UNIT(*) SI_UNIT($,.STERADIAN.) SOLID_ANGLE_UNIT() );
#5073 = UNCERTAINTY_MEASURE_WITH_UNIT(LENGTH_MEASURE(1.E-07),#5070,
  'distance_accuracy_value','confusion accuracy');
#5074 = CONTEXT_DEPENDENT_SHAPE_REPRESENTATION(#5075,#5077);
#5075 = ( REPRESENTATION_RELATIONSHIP('','',#3448,#10) 
REPRESENTATION_RELATIONSHIP_WITH_TRANSFORMATION(#5076) 
SHAPE_REPRESENTATION_RELATIONSHIP() );
#5076 = ITEM_DEFINED_TRANSFORMATION('','',#11,#23);
#5077 = PRODUCT_DEFINITION_SHAPE('Placement','Placement of an item',
  #5078);
#5078 = NEXT_ASSEMBLY_USAGE_OCCURRENCE('11','','',#5,#3443,$);
#5079 = PRODUCT_RELATED_PRODUCT_CATEGORY('part',$,(#3445));
#5080 = SHAPE_DEFINITION_REPRESENTATION(#5081,#5087);
#5081 = PRODUCT_DEFINITION_SHAPE('','',#5082);
#5082 = PRODUCT_DEFINITION('design','',#5083,#5086);
#5083 = PRODUCT_DEFINITION_FORMATION('','',#5084);
#5084 = PRODUCT('Open CASCADE STEP translator 7.9 3.4',
  'Open CASCADE STEP translator 7.9 3.4','',(#5085));
#5085 = PRODUCT_CONTEXT('',#2,'mechanical');
#5086 = PRODUCT_DEFINITION_CONTEXT('part definition',#2,'design');
#5087 = ADVANCED_BREP_SHAPE_REPRESENTATION('',(#11,#5088),#7156);
#5088 = MANIFOLD_SOLID_BREP('',#5089);
#5089 = CLOSED_SHELL('',(#5090,#5210,#5598,#5653,#5688,#5742,#5797,#5832
    ,#5886,#5957,#6006,#6111,#6193,#6269,#6342,#6450,#6531,#6635,#6711,
    #6806,#6833,#6860,#6891,#6918,#6972,#7026,#7075,#7107,#7135));
#5090 = ADVANCED_FACE('',(#5091),#5105,.F.);
#5091 = FACE_BOUND('',#5092,.F.);
#5092 = EDGE_LOOP('',(#5093,#5128,#5156,#5184));
#5093 = ORIENTED_EDGE('',*,*,#5094,.F.);
#5094 = EDGE_CURVE('',#5095,#5097,#5099,.T.);
#5095 = VERTEX_POINT('',#5096);
#5096 = CARTESIAN_POINT('',(1.25E+03,-16.,14.));
#5097 = VERTEX_POINT('',#5098);
#5098 = CARTESIAN_POINT('',(1.25E+03,16.,14.));
#5099 = SURFACE_CURVE('',#5100,(#5104,#5116),.PCURVE_S1.);
#5100 = LINE('',#5101,#5102);
#5101 = CARTESIAN_POINT('',(1.25E+03,-21.,14.));
#5102 = VECTOR('',#5103,1.);
#5103 = DIRECTION('',(0.,1.,0.));
#5104 = PCURVE('',#5105,#5110);
#5105 = PLANE('',#5106);
#5106 = AXIS2_PLACEMENT_3D('',#5107,#5108,#5109);
#5107 = CARTESIAN_POINT('',(1.25E+03,-21.,-14.));
#5108 = DIRECTION('',(1.,0.,0.));
#5109 = DIRECTION('',(0.,0.,1.));
#5110 = DEFINITIONAL_REPRESENTATION('',(#5111),#5115);
#5111 = LINE('',#5112,#5113);
#5112 = CARTESIAN_POINT('',(28.,0.));
#5113 = VECTOR('',#5114,1.);
#5114 = DIRECTION('',(0.,-1.));
#5115 = ( GEOMETRIC_REPRESENTATION_CONTEXT(2) 
PARAMETRIC_REPRESENTATION_CONTEXT() REPRESENTATION_CONTEXT('2D SPACE',''
  ) );
#5116 = PCURVE('',#5117,#5122);
#5117 = PLANE('',#5118);
#5118 = AXIS2_PLACEMENT_3D('',#5119,#5120,#5121);
#5119 = CARTESIAN_POINT('',(1.25E+03,-21.,14.));
#5120 = DIRECTION('',(0.,0.,1.));
#5121 = DIRECTION('',(1.,0.,-0.));
#5122 = DEFINITIONAL_REPRESENTATION('',(#5123),#5127);
#5123 = LINE('',#5124,#5125);
#5124 = CARTESIAN_POINT('',(0.,0.));
#5125 = VECTOR('',#5126,1.);
#5126 = DIRECTION('',(0.,1.));
#5127 = ( GEOMETRIC_REPRESENTATION_CONTEXT(2) 
PARAMETRIC_REPRESENTATION_CONTEXT() REPRESENTATION_CONTEXT('2D SPACE',''
  ) );
#5128 = ORIENTED_EDGE('',*,*,#5129,.F.);
#5129 = EDGE_CURVE('',#5130,#5095,#5132,.T.);
#5130 = VERTEX_POINT('',#5131);
#5131 = CARTESIAN_POINT('',(1.25E+03,-16.,-14.));
#5132 = SURFACE_CURVE('',#5133,(#5137,#5144),.PCURVE_S1.);
#5133 = LINE('',#5134,#5135);
#5134 = CARTESIAN_POINT('',(1.25E+03,-16.,-14.));
#5135 = VECTOR('',#5136,1.);
#5136 = DIRECTION('',(0.,0.,1.));
#5137 = PCURVE('',#5105,#5138);
#5138 = DEFINITIONAL_REPRESENTATION('',(#5139),#5143);
#5139 = LINE('',#5140,#5141);
#5140 = CARTESIAN_POINT('',(0.,-5.));
#5141 = VECTOR('',#5142,1.);
#5142 = DIRECTION('',(1.,0.));
#5143 = ( GEOMETRIC_REPRESENTATION_CONTEXT(2) 
PARAMETRIC_REPRESENTATION_CONTEXT() REPRESENTATION_CONTEXT('2D SPACE',''
  ) );
#5144 = PCURVE('',#5145,#5150);
#5145 = CYLINDRICAL_SURFACE('',#5146,5.);
#5146 = AXIS2_PLACEMENT_3D('',#5147,#5148,#5149);
#5147 = CARTESIAN_POINT('',(1.255E+03,-16.,-14.));
#5148 = DIRECTION('',(0.,0.,1.));
#5149 = DIRECTION('',(-1.,-0.,0.));
#5150 = DEFINITIONAL_REPRESENTATION('',(#5151),#5155);
#5151 = LINE('',#5152,#5153);
#5152 = CARTESIAN_POINT('',(0.,0.));
#5153 = VECTOR('',#5154,1.);
#5154 = DIRECTION('',(0.,1.));
#5155 = ( GEOMETRIC_REPRESENTATION_CONTEXT(2) 
PARAMETRIC_REPRESENTATION_CONTEXT() REPRESENTATION_CONTEXT('2D SPACE',''
  ) );
#5156 = ORIENTED_EDGE('',*,*,#5157,.T.);
#5157 = EDGE_CURVE('',#5130,#5158,#5160,.T.);
#5158 = VERTEX_POINT('',#5159);
#5159 = CARTESIAN_POINT('',(1.25E+03,16.,-14.));
#5160 = SURFACE_CURVE('',#5161,(#5165,#5172),.PCURVE_S1.);
#5161 = LINE('',#5162,#5163);
#5162 = CARTESIAN_POINT('',(1.25E+03,-21.,-14.));
#5163 = VECTOR('',#5164,1.);
#5164 = DIRECTION('',(0.,1.,0.));
#5165 = PCURVE('',#5105,#5166);
#5166 = DEFINITIONAL_REPRESENTATION('',(#5167),#5171);
#5167 = LINE('',#5168,#5169);
#5168 = CARTESIAN_POINT('',(0.,0.));
#5169 = VECTOR('',#5170,1.);
#5170 = DIRECTION('',(0.,-1.));
#5171 = ( GEOMETRIC_REPRESENTATION_CONTEXT(2) 
PARAMETRIC_REPRESENTATION_CONTEXT() REPRESENTATION_CONTEXT('2D SPACE',''
  ) );
#5172 = PCURVE('',#5173,#5178);
#5173 = PLANE('',#5174);
#5174 = AXIS2_PLACEMENT_3D('',#5175,#5176,#5177);
#5175 = CARTESIAN_POINT('',(1.25E+03,-21.,-14.));
#5176 = DIRECTION('',(0.,0.,1.));
#5177 = DIRECTION('',(1.,0.,-0.));
#5178 = DEFINITIONAL_REPRESENTATION('',(#5179),#5183);
#5179 = LINE('',#5180,#5181);
#5180 = CARTESIAN_POINT('',(0.,0.));
#5181 = VECTOR('',#5182,1.);
#5182 = DIRECTION('',(0.,1.));
#5183 = ( GEOMETRIC_REPRESENTATION_CONTEXT(2) 
PARAMETRIC_REPRESENTATION_CONTEXT() REPRESENTATION_CONTEXT('2D SPACE',''
  ) );
#5184 = ORIENTED_EDGE('',*,*,#5185,.T.);
#5185 = EDGE_CURVE('',#5158,#5097,#5186,.T.);
#5186 = SURFACE_CURVE('',#5187,(#5191,#5198),.PCURVE_S1.);
#5187 = LINE('',#5188,#5189);
#5188 = CARTESIAN_POINT('',(1.25E+03,16.,-14.));
#5189 = VECTOR('',#5190,1.);
#5190 = DIRECTION('',(0.,0.,1.));
#5191 = PCURVE('',#5105,#5192);
#5192 = DEFINITIONAL_REPRESENTATION('',(#5193),#5197);
#5193 = LINE('',#5194,#5195);
#5194 = CARTESIAN_POINT('',(0.,-37.));
#5195 = VECTOR('',#5196,1.);
#5196 = DIRECTION('',(1.,0.));
#5197 = ( GEOMETRIC_REPRESENTATION_CONTEXT(2) 
PARAMETRIC_REPRESENTATION_CONTEXT() REPRESENTATION_CONTEXT('2D SPACE',''
  ) );
#5198 = PCURVE('',#5199,#5204);
#5199 = CYLINDRICAL_SURFACE('',#5200,5.);
#5200 = AXIS2_PLACEMENT_3D('',#5201,#5202,#5203);
#5201 = CARTESIAN_POINT('',(1.255E+03,16.,-14.));
#5202 = DIRECTION('',(0.,0.,1.));
#5203 = DIRECTION('',(-1.,-0.,0.));
#5204 = DEFINITIONAL_REPRESENTATION('',(#5205),#5209);
#5205 = LINE('',#5206,#5207);
#5206 = CARTESIAN_POINT('',(6.28318530718,0.));
#5207 = VECTOR('',#5208,1.);
#5208 = DIRECTION('',(-0.,1.));
#5209 = ( GEOMETRIC_REPRESENTATION_CONTEXT(2) 
PARAMETRIC_REPRESENTATION_CONTEXT() REPRESENTATION_CONTEXT('2D SPACE',''
  ) );
#5210 = ADVANCED_FACE('',(#5211,#5528,#5563),#5173,.F.);
#5211 = FACE_BOUND('',#5212,.F.);
#5212 = EDGE_LOOP('',(#5213,#5214,#5238,#5266,#5299,#5327,#5360,#5388,
    #5417,#5445,#5474,#5502));
#5213 = ORIENTED_EDGE('',*,*,#5157,.F.);
#5214 = ORIENTED_EDGE('',*,*,#5215,.T.);
#5215 = EDGE_CURVE('',#5130,#5216,#5218,.T.);
#5216 = VERTEX_POINT('',#5217);
#5217 = CARTESIAN_POINT('',(1.255E+03,-21.,-14.));
#5218 = SURFACE_CURVE('',#5219,(#5224,#5231),.PCURVE_S1.);
#5219 = CIRCLE('',#5220,5.);
#5220 = AXIS2_PLACEMENT_3D('',#5221,#5222,#5223);
#5221 = CARTESIAN_POINT('',(1.255E+03,-16.,-14.));
#5222 = DIRECTION('',(0.,0.,1.));
#5223 = DIRECTION('',(0.,-1.,0.));
#5224 = PCURVE('',#5173,#5225);
#5225 = DEFINITIONAL_REPRESENTATION('',(#5226),#5230);
#5226 = CIRCLE('',#5227,5.);
#5227 = AXIS2_PLACEMENT_2D('',#5228,#5229);
#5228 = CARTESIAN_POINT('',(5.,5.));
#5229 = DIRECTION('',(0.,-1.));
#5230 = ( GEOMETRIC_REPRESENTATION_CONTEXT(2) 
PARAMETRIC_REPRESENTATION_CONTEXT() REPRESENTATION_CONTEXT('2D SPACE',''
  ) );
#5231 = PCURVE('',#5145,#5232);
#5232 = DEFINITIONAL_REPRESENTATION('',(#5233),#5237);
#5233 = LINE('',#5234,#5235);
#5234 = CARTESIAN_POINT('',(-4.712388980385,0.));
#5235 = VECTOR('',#5236,1.);
#5236 = DIRECTION('',(1.,0.));
#5237 = ( GEOMETRIC_REPRESENTATION_CONTEXT(2) 
PARAMETRIC_REPRESENTATION_CONTEXT() REPRESENTATION_CONTEXT('2D SPACE',''
  ) );
#5238 = ORIENTED_EDGE('',*,*,#5239,.T.);
#5239 = EDGE_CURVE('',#5216,#5240,#5242,.T.);
#5240 = VERTEX_POINT('',#5241);
#5241 = CARTESIAN_POINT('',(1.425E+03,-21.,-14.));
#5242 = SURFACE_CURVE('',#5243,(#5247,#5254),.PCURVE_S1.);
#5243 = LINE('',#5244,#5245);
#5244 = CARTESIAN_POINT('',(1.25E+03,-21.,-14.));
#5245 = VECTOR('',#5246,1.);
#5246 = DIRECTION('',(1.,0.,0.));
#5247 = PCURVE('',#5173,#5248);
#5248 = DEFINITIONAL_REPRESENTATION('',(#5249),#5253);
#5249 = LINE('',#5250,#5251);
#5250 = CARTESIAN_POINT('',(0.,0.));
#5251 = VECTOR('',#5252,1.);
#5252 = DIRECTION('',(1.,0.));
#5253 = ( GEOMETRIC_REPRESENTATION_CONTEXT(2) 
PARAMETRIC_REPRESENTATION_CONTEXT() REPRESENTATION_CONTEXT('2D SPACE',''
  ) );
#5254 = PCURVE('',#5255,#5260);
#5255 = PLANE('',#5256);
#5256 = AXIS2_PLACEMENT_3D('',#5257,#5258,#5259);
#5257 = CARTESIAN_POINT('',(1.25E+03,-21.,-14.));
#5258 = DIRECTION('',(0.,1.,0.));
#5259 = DIRECTION('',(0.,-0.,1.));
#5260 = DEFINITIONAL_REPRESENTATION('',(#5261),#5265);
#5261 = LINE('',#5262,#5263);
#5262 = CARTESIAN_POINT('',(0.,0.));
#5263 = VECTOR('',#5264,1.);
#5264 = DIRECTION('',(0.,1.));
#5265 = ( GEOMETRIC_REPRESENTATION_CONTEXT(2) 
PARAMETRIC_REPRESENTATION_CONTEXT() REPRESENTATION_CONTEXT('2D SPACE',''
  ) );
#5266 = ORIENTED_EDGE('',*,*,#5267,.F.);
#5267 = EDGE_CURVE('',#5268,#5240,#5270,.T.);
#5268 = VERTEX_POINT('',#5269);
#5269 = CARTESIAN_POINT('',(1.429582575695E+03,-18.,-14.));
#5270 = SURFACE_CURVE('',#5271,(#5276,#5287),.PCURVE_S1.);
#5271 = CIRCLE('',#5272,5.);
#5272 = AXIS2_PLACEMENT_3D('',#5273,#5274,#5275);
#5273 = CARTESIAN_POINT('',(1.425E+03,-16.,-14.));
#5274 = DIRECTION('',(-0.,-0.,-1.));
#5275 = DIRECTION('',(0.,-1.,0.));
#5276 = PCURVE('',#5173,#5277);
#5277 = DEFINITIONAL_REPRESENTATION('',(#5278),#5286);
#5278 = ( BOUNDED_CURVE() B_SPLINE_CURVE(2,(#5279,#5280,#5281,#5282,
#5283,#5284,#5285),.UNSPECIFIED.,.T.,.F.) B_SPLINE_CURVE_WITH_KNOTS((1,2
    ,2,2,2,1),(-2.094395102393,0.,2.094395102393,4.188790204786,
6.28318530718,8.377580409573),.UNSPECIFIED.) CURVE() 
GEOMETRIC_REPRESENTATION_ITEM() RATIONAL_B_SPLINE_CURVE((1.,0.5,1.,0.5,
1.,0.5,1.)) REPRESENTATION_ITEM('') );
#5279 = CARTESIAN_POINT('',(175.,0.));
#5280 = CARTESIAN_POINT('',(166.33974596215,0.));
#5281 = CARTESIAN_POINT('',(170.66987298107,7.5));
#5282 = CARTESIAN_POINT('',(175.,15.));
#5283 = CARTESIAN_POINT('',(179.33012701892,7.5));
#5284 = CARTESIAN_POINT('',(183.66025403784,7.993605777301E-15));
#5285 = CARTESIAN_POINT('',(175.,0.));
#5286 = ( GEOMETRIC_REPRESENTATION_CONTEXT(2) 
PARAMETRIC_REPRESENTATION_CONTEXT() REPRESENTATION_CONTEXT('2D SPACE',''
  ) );
#5287 = PCURVE('',#5288,#5293);
#5288 = CYLINDRICAL_SURFACE('',#5289,5.);
#5289 = AXIS2_PLACEMENT_3D('',#5290,#5291,#5292);
#5290 = CARTESIAN_POINT('',(1.425E+03,-16.,-14.));
#5291 = DIRECTION('',(0.,0.,1.));
#5292 = DIRECTION('',(1.,0.,-0.));
#5293 = DEFINITIONAL_REPRESENTATION('',(#5294),#5298);
#5294 = LINE('',#5295,#5296);
#5295 = CARTESIAN_POINT('',(10.995574287565,0.));
#5296 = VECTOR('',#5297,1.);
#5297 = DIRECTION('',(-1.,0.));
#5298 = ( GEOMETRIC_REPRESENTATION_CONTEXT(2) 
PARAMETRIC_REPRESENTATION_CONTEXT() REPRESENTATION_CONTEXT('2D SPACE',''
  ) );
#5299 = ORIENTED_EDGE('',*,*,#5300,.T.);
#5300 = EDGE_CURVE('',#5268,#5301,#5303,.T.);
#5301 = VERTEX_POINT('',#5302);
#5302 = CARTESIAN_POINT('',(1.4365E+03,-18.,-14.));
#5303 = SURFACE_CURVE('',#5304,(#5308,#5315),.PCURVE_S1.);
#5304 = LINE('',#5305,#5306);
#5305 = CARTESIAN_POINT('',(1.3955E+03,-18.,-14.));
#5306 = VECTOR('',#5307,1.);
#5307 = DIRECTION('',(1.,0.,0.));
#5308 = PCURVE('',#5173,#5309);
#5309 = DEFINITIONAL_REPRESENTATION('',(#5310),#5314);
#5310 = LINE('',#5311,#5312);
#5311 = CARTESIAN_POINT('',(145.5,3.));
#5312 = VECTOR('',#5313,1.);
#5313 = DIRECTION('',(1.,0.));
#5314 = ( GEOMETRIC_REPRESENTATION_CONTEXT(2) 
PARAMETRIC_REPRESENTATION_CONTEXT() REPRESENTATION_CONTEXT('2D SPACE',''
  ) );
#5315 = PCURVE('',#5316,#5321);
#5316 = PLANE('',#5317);
#5317 = AXIS2_PLACEMENT_3D('',#5318,#5319,#5320);
#5318 = CARTESIAN_POINT('',(1.3955E+03,-18.,-14.));
#5319 = DIRECTION('',(0.,1.,0.));
#5320 = DIRECTION('',(0.,-0.,1.));
#5321 = DEFINITIONAL_REPRESENTATION('',(#5322),#5326);
#5322 = LINE('',#5323,#5324);
#5323 = CARTESIAN_POINT('',(0.,0.));
#5324 = VECTOR('',#5325,1.);
#5325 = DIRECTION('',(0.,1.));
#5326 = ( GEOMETRIC_REPRESENTATION_CONTEXT(2) 
PARAMETRIC_REPRESENTATION_CONTEXT() REPRESENTATION_CONTEXT('2D SPACE',''
  ) );
#5327 = ORIENTED_EDGE('',*,*,#5328,.F.);
#5328 = EDGE_CURVE('',#5329,#5301,#5331,.T.);
#5329 = VERTEX_POINT('',#5330);
#5330 = CARTESIAN_POINT('',(1.4405E+03,-14.,-14.));
#5331 = SURFACE_CURVE('',#5332,(#5337,#5348),.PCURVE_S1.);
#5332 = CIRCLE('',#5333,4.);
#5333 = AXIS2_PLACEMENT_3D('',#5334,#5335,#5336);
#5334 = CARTESIAN_POINT('',(1.4365E+03,-14.,-14.));
#5335 = DIRECTION('',(-0.,-0.,-1.));
#5336 = DIRECTION('',(0.,-1.,0.));
#5337 = PCURVE('',#5173,#5338);
#5338 = DEFINITIONAL_REPRESENTATION('',(#5339),#5347);
#5339 = ( BOUNDED_CURVE() B_SPLINE_CURVE(2,(#5340,#5341,#5342,#5343,
#5344,#5345,#5346),.UNSPECIFIED.,.T.,.F.) B_SPLINE_CURVE_WITH_KNOTS((1,2
    ,2,2,2,1),(-2.094395102393,0.,2.094395102393,4.188790204786,
6.28318530718,8.377580409573),.UNSPECIFIED.) CURVE() 
GEOMETRIC_REPRESENTATION_ITEM() RATIONAL_B_SPLINE_CURVE((1.,0.5,1.,0.5,
1.,0.5,1.)) REPRESENTATION_ITEM('') );
#5340 = CARTESIAN_POINT('',(186.5,3.));
#5341 = CARTESIAN_POINT('',(179.57179676972,3.));
#5342 = CARTESIAN_POINT('',(183.03589838486,9.));
#5343 = CARTESIAN_POINT('',(186.5,15.));
#5344 = CARTESIAN_POINT('',(189.96410161513,9.));
#5345 = CARTESIAN_POINT('',(193.42820323027,3.));
#5346 = CARTESIAN_POINT('',(186.5,3.));
#5347 = ( GEOMETRIC_REPRESENTATION_CONTEXT(2) 
PARAMETRIC_REPRESENTATION_CONTEXT() REPRESENTATION_CONTEXT('2D SPACE',''
  ) );
#5348 = PCURVE('',#5349,#5354);
#5349 = CYLINDRICAL_SURFACE('',#5350,4.);
#5350 = AXIS2_PLACEMENT_3D('',#5351,#5352,#5353);
#5351 = CARTESIAN_POINT('',(1.4365E+03,-14.,-14.));
#5352 = DIRECTION('',(0.,0.,1.));
#5353 = DIRECTION('',(1.,0.,-0.));
#5354 = DEFINITIONAL_REPRESENTATION('',(#5355),#5359);
#5355 = LINE('',#5356,#5357);
#5356 = CARTESIAN_POINT('',(10.995574287565,0.));
#5357 = VECTOR('',#5358,1.);
#5358 = DIRECTION('',(-1.,0.));
#5359 = ( GEOMETRIC_REPRESENTATION_CONTEXT(2) 
PARAMETRIC_REPRESENTATION_CONTEXT() REPRESENTATION_CONTEXT('2D SPACE',''
  ) );
#5360 = ORIENTED_EDGE('',*,*,#5361,.T.);
#5361 = EDGE_CURVE('',#5329,#5362,#5364,.T.);
#5362 = VERTEX_POINT('',#5363);
#5363 = CARTESIAN_POINT('',(1.4405E+03,14.,-14.));
#5364 = SURFACE_CURVE('',#5365,(#5369,#5376),.PCURVE_S1.);
#5365 = LINE('',#5366,#5367);
#5366 = CARTESIAN_POINT('',(1.4405E+03,-18.,-14.));
#5367 = VECTOR('',#5368,1.);
#5368 = DIRECTION('',(0.,1.,0.));
#5369 = PCURVE('',#5173,#5370);
#5370 = DEFINITIONAL_REPRESENTATION('',(#5371),#5375);
#5371 = LINE('',#5372,#5373);
#5372 = CARTESIAN_POINT('',(190.5,3.));
#5373 = VECTOR('',#5374,1.);
#5374 = DIRECTION('',(0.,1.));
#5375 = ( GEOMETRIC_REPRESENTATION_CONTEXT(2) 
PARAMETRIC_REPRESENTATION_CONTEXT() REPRESENTATION_CONTEXT('2D SPACE',''
  ) );
#5376 = PCURVE('',#5377,#5382);
#5377 = PLANE('',#5378);
#5378 = AXIS2_PLACEMENT_3D('',#5379,#5380,#5381);
#5379 = CARTESIAN_POINT('',(1.4405E+03,-18.,-14.));
#5380 = DIRECTION('',(1.,0.,0.));
#5381 = DIRECTION('',(0.,0.,1.));
#5382 = DEFINITIONAL_REPRESENTATION('',(#5383),#5387);
#5383 = LINE('',#5384,#5385);
#5384 = CARTESIAN_POINT('',(0.,0.));
#5385 = VECTOR('',#5386,1.);
#5386 = DIRECTION('',(0.,-1.));
#5387 = ( GEOMETRIC_REPRESENTATION_CONTEXT(2) 
PARAMETRIC_REPRESENTATION_CONTEXT() REPRESENTATION_CONTEXT('2D SPACE',''
  ) );
#5388 = ORIENTED_EDGE('',*,*,#5389,.T.);
#5389 = EDGE_CURVE('',#5362,#5390,#5392,.T.);
#5390 = VERTEX_POINT('',#5391);
#5391 = CARTESIAN_POINT('',(1.4365E+03,18.,-14.));
#5392 = SURFACE_CURVE('',#5393,(#5398,#5405),.PCURVE_S1.);
#5393 = CIRCLE('',#5394,4.);
#5394 = AXIS2_PLACEMENT_3D('',#5395,#5396,#5397);
#5395 = CARTESIAN_POINT('',(1.4365E+03,14.,-14.));
#5396 = DIRECTION('',(0.,0.,1.));
#5397 = DIRECTION('',(0.,-1.,0.));
#5398 = PCURVE('',#5173,#5399);
#5399 = DEFINITIONAL_REPRESENTATION('',(#5400),#5404);
#5400 = CIRCLE('',#5401,4.);
#5401 = AXIS2_PLACEMENT_2D('',#5402,#5403);
#5402 = CARTESIAN_POINT('',(186.5,35.));
#5403 = DIRECTION('',(0.,-1.));
#5404 = ( GEOMETRIC_REPRESENTATION_CONTEXT(2) 
PARAMETRIC_REPRESENTATION_CONTEXT() REPRESENTATION_CONTEXT('2D SPACE',''
  ) );
#5405 = PCURVE('',#5406,#5411);
#5406 = CYLINDRICAL_SURFACE('',#5407,4.);
#5407 = AXIS2_PLACEMENT_3D('',#5408,#5409,#5410);
#5408 = CARTESIAN_POINT('',(1.4365E+03,14.,-14.));
#5409 = DIRECTION('',(0.,0.,1.));
#5410 = DIRECTION('',(1.,0.,-0.));
#5411 = DEFINITIONAL_REPRESENTATION('',(#5412),#5416);
#5412 = LINE('',#5413,#5414);
#5413 = CARTESIAN_POINT('',(-1.570796326795,0.));
#5414 = VECTOR('',#5415,1.);
#5415 = DIRECTION('',(1.,0.));
#5416 = ( GEOMETRIC_REPRESENTATION_CONTEXT(2) 
PARAMETRIC_REPRESENTATION_CONTEXT() REPRESENTATION_CONTEXT('2D SPACE',''
  ) );
#5417 = ORIENTED_EDGE('',*,*,#5418,.F.);
#5418 = EDGE_CURVE('',#5419,#5390,#5421,.T.);
#5419 = VERTEX_POINT('',#5420);
#5420 = CARTESIAN_POINT('',(1.429582575695E+03,18.,-14.));
#5421 = SURFACE_CURVE('',#5422,(#5426,#5433),.PCURVE_S1.);
#5422 = LINE('',#5423,#5424);
#5423 = CARTESIAN_POINT('',(1.3955E+03,18.,-14.));
#5424 = VECTOR('',#5425,1.);
#5425 = DIRECTION('',(1.,0.,0.));
#5426 = PCURVE('',#5173,#5427);
#5427 = DEFINITIONAL_REPRESENTATION('',(#5428),#5432);
#5428 = LINE('',#5429,#5430);
#5429 = CARTESIAN_POINT('',(145.5,39.));
#5430 = VECTOR('',#5431,1.);
#5431 = DIRECTION('',(1.,0.));
#5432 = ( GEOMETRIC_REPRESENTATION_CONTEXT(2) 
PARAMETRIC_REPRESENTATION_CONTEXT() REPRESENTATION_CONTEXT('2D SPACE',''
  ) );
#5433 = PCURVE('',#5434,#5439);
#5434 = PLANE('',#5435);
#5435 = AXIS2_PLACEMENT_3D('',#5436,#5437,#5438);
#5436 = CARTESIAN_POINT('',(1.3955E+03,18.,-14.));
#5437 = DIRECTION('',(0.,1.,0.));
#5438 = DIRECTION('',(0.,-0.,1.));
#5439 = DEFINITIONAL_REPRESENTATION('',(#5440),#5444);
#5440 = LINE('',#5441,#5442);
#5441 = CARTESIAN_POINT('',(0.,0.));
#5442 = VECTOR('',#5443,1.);
#5443 = DIRECTION('',(0.,1.));
#5444 = ( GEOMETRIC_REPRESENTATION_CONTEXT(2) 
PARAMETRIC_REPRESENTATION_CONTEXT() REPRESENTATION_CONTEXT('2D SPACE',''
  ) );
#5445 = ORIENTED_EDGE('',*,*,#5446,.T.);
#5446 = EDGE_CURVE('',#5419,#5447,#5449,.T.);
#5447 = VERTEX_POINT('',#5448);
#5448 = CARTESIAN_POINT('',(1.425E+03,21.,-14.));
#5449 = SURFACE_CURVE('',#5450,(#5455,#5462),.PCURVE_S1.);
#5450 = CIRCLE('',#5451,5.);
#5451 = AXIS2_PLACEMENT_3D('',#5452,#5453,#5454);
#5452 = CARTESIAN_POINT('',(1.425E+03,16.,-14.));
#5453 = DIRECTION('',(0.,0.,1.));
#5454 = DIRECTION('',(0.,-1.,0.));
#5455 = PCURVE('',#5173,#5456);
#5456 = DEFINITIONAL_REPRESENTATION('',(#5457),#5461);
#5457 = CIRCLE('',#5458,5.);
#5458 = AXIS2_PLACEMENT_2D('',#5459,#5460);
#5459 = CARTESIAN_POINT('',(175.,37.));
#5460 = DIRECTION('',(0.,-1.));
#5461 = ( GEOMETRIC_REPRESENTATION_CONTEXT(2) 
PARAMETRIC_REPRESENTATION_CONTEXT() REPRESENTATION_CONTEXT('2D SPACE',''
  ) );
#5462 = PCURVE('',#5463,#5468);
#5463 = CYLINDRICAL_SURFACE('',#5464,5.);
#5464 = AXIS2_PLACEMENT_3D('',#5465,#5466,#5467);
#5465 = CARTESIAN_POINT('',(1.425E+03,16.,-14.));
#5466 = DIRECTION('',(0.,0.,1.));
#5467 = DIRECTION('',(1.,0.,-0.));
#5468 = DEFINITIONAL_REPRESENTATION('',(#5469),#5473);
#5469 = LINE('',#5470,#5471);
#5470 = CARTESIAN_POINT('',(-1.570796326795,0.));
#5471 = VECTOR('',#5472,1.);
#5472 = DIRECTION('',(1.,0.));
#5473 = ( GEOMETRIC_REPRESENTATION_CONTEXT(2) 
PARAMETRIC_REPRESENTATION_CONTEXT() REPRESENTATION_CONTEXT('2D SPACE',''
  ) );
#5474 = ORIENTED_EDGE('',*,*,#5475,.F.);
#5475 = EDGE_CURVE('',#5476,#5447,#5478,.T.);
#5476 = VERTEX_POINT('',#5477);
#5477 = CARTESIAN_POINT('',(1.255E+03,21.,-14.));
#5478 = SURFACE_CURVE('',#5479,(#5483,#5490),.PCURVE_S1.);
#5479 = LINE('',#5480,#5481);
#5480 = CARTESIAN_POINT('',(1.25E+03,21.,-14.));
#5481 = VECTOR('',#5482,1.);
#5482 = DIRECTION('',(1.,0.,0.));
#5483 = PCURVE('',#5173,#5484);
#5484 = DEFINITIONAL_REPRESENTATION('',(#5485),#5489);
#5485 = LINE('',#5486,#5487);
#5486 = CARTESIAN_POINT('',(0.,42.));
#5487 = VECTOR('',#5488,1.);
#5488 = DIRECTION('',(1.,0.));
#5489 = ( GEOMETRIC_REPRESENTATION_CONTEXT(2) 
PARAMETRIC_REPRESENTATION_CONTEXT() REPRESENTATION_CONTEXT('2D SPACE',''
  ) );
#5490 = PCURVE('',#5491,#5496);
#5491 = PLANE('',#5492);
#5492 = AXIS2_PLACEMENT_3D('',#5493,#5494,#5495);
#5493 = CARTESIAN_POINT('',(1.25E+03,21.,-14.));
#5494 = DIRECTION('',(0.,1.,0.));
#5495 = DIRECTION('',(0.,-0.,1.));
#5496 = DEFINITIONAL_REPRESENTATION('',(#5497),#5501);
#5497 = LINE('',#5498,#5499);
#5498 = CARTESIAN_POINT('',(0.,0.));
#5499 = VECTOR('',#5500,1.);
#5500 = DIRECTION('',(0.,1.));
#5501 = ( GEOMETRIC_REPRESENTATION_CONTEXT(2) 
PARAMETRIC_REPRESENTATION_CONTEXT() REPRESENTATION_CONTEXT('2D SPACE',''
  ) );
#5502 = ORIENTED_EDGE('',*,*,#5503,.F.);
#5503 = EDGE_CURVE('',#5158,#5476,#5504,.T.);
#5504 = SURFACE_CURVE('',#5505,(#5510,#5521),.PCURVE_S1.);
#5505 = CIRCLE('',#5506,5.);
#5506 = AXIS2_PLACEMENT_3D('',#5507,#5508,#5509);
#5507 = CARTESIAN_POINT('',(1.255E+03,16.,-14.));
#5508 = DIRECTION('',(-0.,-0.,-1.));
#5509 = DIRECTION('',(0.,-1.,0.));
#5510 = PCURVE('',#5173,#5511);
#5511 = DEFINITIONAL_REPRESENTATION('',(#5512),#5520);
#5512 = ( BOUNDED_CURVE() B_SPLINE_CURVE(2,(#5513,#5514,#5515,#5516,
#5517,#5518,#5519),.UNSPECIFIED.,.T.,.F.) B_SPLINE_CURVE_WITH_KNOTS((1,2
    ,2,2,2,1),(-2.094395102393,0.,2.094395102393,4.188790204786,
6.28318530718,8.377580409573),.UNSPECIFIED.) CURVE() 
GEOMETRIC_REPRESENTATION_ITEM() RATIONAL_B_SPLINE_CURVE((1.,0.5,1.,0.5,
1.,0.5,1.)) REPRESENTATION_ITEM('') );
#5513 = CARTESIAN_POINT('',(5.,32.));
#5514 = CARTESIAN_POINT('',(-3.660254037844,32.));
#5515 = CARTESIAN_POINT('',(0.669872981078,39.5));
#5516 = CARTESIAN_POINT('',(5.,47.));
#5517 = CARTESIAN_POINT('',(9.330127018922,39.5));
#5518 = CARTESIAN_POINT('',(13.660254037844,32.));
#5519 = CARTESIAN_POINT('',(5.,32.));
#5520 = ( GEOMETRIC_REPRESENTATION_CONTEXT(2) 
PARAMETRIC_REPRESENTATION_CONTEXT() REPRESENTATION_CONTEXT('2D SPACE',''
  ) );
#5521 = PCURVE('',#5199,#5522);
#5522 = DEFINITIONAL_REPRESENTATION('',(#5523),#5527);
#5523 = LINE('',#5524,#5525);
#5524 = CARTESIAN_POINT('',(7.853981633975,0.));
#5525 = VECTOR('',#5526,1.);
#5526 = DIRECTION('',(-1.,0.));
#5527 = ( GEOMETRIC_REPRESENTATION_CONTEXT(2) 
PARAMETRIC_REPRESENTATION_CONTEXT() REPRESENTATION_CONTEXT('2D SPACE',''
  ) );
#5528 = FACE_BOUND('',#5529,.F.);
#5529 = EDGE_LOOP('',(#5530));
#5530 = ORIENTED_EDGE('',*,*,#5531,.T.);
#5531 = EDGE_CURVE('',#5532,#5532,#5534,.T.);
#5532 = VERTEX_POINT('',#5533);
#5533 = CARTESIAN_POINT('',(1.267E+03,-1.714505518806E-15,-14.));
#5534 = SURFACE_CURVE('',#5535,(#5540,#5551),.PCURVE_S1.);
#5535 = CIRCLE('',#5536,7.);
#5536 = AXIS2_PLACEMENT_3D('',#5537,#5538,#5539);
#5537 = CARTESIAN_POINT('',(1.274E+03,0.,-14.));
#5538 = DIRECTION('',(0.,0.,-1.));
#5539 = DIRECTION('',(-1.,0.,0.));
#5540 = PCURVE('',#5173,#5541);
#5541 = DEFINITIONAL_REPRESENTATION('',(#5542),#5550);
#5542 = ( BOUNDED_CURVE() B_SPLINE_CURVE(2,(#5543,#5544,#5545,#5546,
#5547,#5548,#5549),.UNSPECIFIED.,.T.,.F.) B_SPLINE_CURVE_WITH_KNOTS((1,2
    ,2,2,2,1),(-2.094395102393,0.,2.094395102393,4.188790204786,
6.28318530718,8.377580409573),.UNSPECIFIED.) CURVE() 
GEOMETRIC_REPRESENTATION_ITEM() RATIONAL_B_SPLINE_CURVE((1.,0.5,1.,0.5,
1.,0.5,1.)) REPRESENTATION_ITEM('') );
#5543 = CARTESIAN_POINT('',(17.,21.));
#5544 = CARTESIAN_POINT('',(17.,33.124355652982));
#5545 = CARTESIAN_POINT('',(27.5,27.062177826491));
#5546 = CARTESIAN_POINT('',(38.,21.));
#5547 = CARTESIAN_POINT('',(27.5,14.937822173509));
#5548 = CARTESIAN_POINT('',(17.,8.875644347018));
#5549 = CARTESIAN_POINT('',(17.,21.));
#5550 = ( GEOMETRIC_REPRESENTATION_CONTEXT(2) 
PARAMETRIC_REPRESENTATION_CONTEXT() REPRESENTATION_CONTEXT('2D SPACE',''
  ) );
#5551 = PCURVE('',#5552,#5557);
#5552 = CYLINDRICAL_SURFACE('',#5553,7.);
#5553 = AXIS2_PLACEMENT_3D('',#5554,#5555,#5556);
#5554 = CARTESIAN_POINT('',(1.274E+03,0.,14.));
#5555 = DIRECTION('',(0.,0.,-1.));
#5556 = DIRECTION('',(-1.,0.,0.));
#5557 = DEFINITIONAL_REPRESENTATION('',(#5558),#5562);
#5558 = LINE('',#5559,#5560);
#5559 = CARTESIAN_POINT('',(0.,28.));
#5560 = VECTOR('',#5561,1.);
#5561 = DIRECTION('',(1.,0.));
#5562 = ( GEOMETRIC_REPRESENTATION_CONTEXT(2) 
PARAMETRIC_REPRESENTATION_CONTEXT() REPRESENTATION_CONTEXT('2D SPACE',''
  ) );
#5563 = FACE_BOUND('',#5564,.F.);
#5564 = EDGE_LOOP('',(#5565));
#5565 = ORIENTED_EDGE('',*,*,#5566,.T.);
#5566 = EDGE_CURVE('',#5567,#5567,#5569,.T.);
#5567 = VERTEX_POINT('',#5568);
#5568 = CARTESIAN_POINT('',(1.303E+03,-1.714505518806E-15,-14.));
#5569 = SURFACE_CURVE('',#5570,(#5575,#5586),.PCURVE_S1.);
#5570 = CIRCLE('',#5571,7.);
#5571 = AXIS2_PLACEMENT_3D('',#5572,#5573,#5574);
#5572 = CARTESIAN_POINT('',(1.31E+03,0.,-14.));
#5573 = DIRECTION('',(0.,0.,-1.));
#5574 = DIRECTION('',(-1.,0.,0.));
#5575 = PCURVE('',#5173,#5576);
#5576 = DEFINITIONAL_REPRESENTATION('',(#5577),#5585);
#5577 = ( BOUNDED_CURVE() B_SPLINE_CURVE(2,(#5578,#5579,#5580,#5581,
#5582,#5583,#5584),.UNSPECIFIED.,.T.,.F.) B_SPLINE_CURVE_WITH_KNOTS((1,2
    ,2,2,2,1),(-2.094395102393,0.,2.094395102393,4.188790204786,
6.28318530718,8.377580409573),.UNSPECIFIED.) CURVE() 
GEOMETRIC_REPRESENTATION_ITEM() RATIONAL_B_SPLINE_CURVE((1.,0.5,1.,0.5,
1.,0.5,1.)) REPRESENTATION_ITEM('') );
#5578 = CARTESIAN_POINT('',(53.,21.));
#5579 = CARTESIAN_POINT('',(53.,33.124355652982));
#5580 = CARTESIAN_POINT('',(63.5,27.062177826491));
#5581 = CARTESIAN_POINT('',(74.,21.));
#5582 = CARTESIAN_POINT('',(63.5,14.937822173509));
#5583 = CARTESIAN_POINT('',(53.,8.875644347018));
#5584 = CARTESIAN_POINT('',(53.,21.));
#5585 = ( GEOMETRIC_REPRESENTATION_CONTEXT(2) 
PARAMETRIC_REPRESENTATION_CONTEXT() REPRESENTATION_CONTEXT('2D SPACE',''
  ) );
#5586 = PCURVE('',#5587,#5592);
#5587 = CYLINDRICAL_SURFACE('',#5588,7.);
#5588 = AXIS2_PLACEMENT_3D('',#5589,#5590,#5591);
#5589 = CARTESIAN_POINT('',(1.31E+03,0.,14.));
#5590 = DIRECTION('',(0.,0.,-1.));
#5591 = DIRECTION('',(-1.,0.,0.));
#5592 = DEFINITIONAL_REPRESENTATION('',(#5593),#5597);
#5593 = LINE('',#5594,#5595);
#5594 = CARTESIAN_POINT('',(0.,28.));
#5595 = VECTOR('',#5596,1.);
#5596 = DIRECTION('',(1.,0.));
#5597 = ( GEOMETRIC_REPRESENTATION_CONTEXT(2) 
PARAMETRIC_REPRESENTATION_CONTEXT() REPRESENTATION_CONTEXT('2D SPACE',''
  ) );
#5598 = ADVANCED_FACE('',(#5599),#5587,.F.);
#5599 = FACE_BOUND('',#5600,.F.);
#5600 = EDGE_LOOP('',(#5601,#5630,#5651,#5652));
#5601 = ORIENTED_EDGE('',*,*,#5602,.T.);
#5602 = EDGE_CURVE('',#5603,#5603,#5605,.T.);
#5603 = VERTEX_POINT('',#5604);
#5604 = CARTESIAN_POINT('',(1.303E+03,-1.714505518806E-15,6.));
#5605 = SURFACE_CURVE('',#5606,(#5611,#5618),.PCURVE_S1.);
#5606 = CIRCLE('',#5607,7.);
#5607 = AXIS2_PLACEMENT_3D('',#5608,#5609,#5610);
#5608 = CARTESIAN_POINT('',(1.31E+03,0.,6.));
#5609 = DIRECTION('',(0.,0.,-1.));
#5610 = DIRECTION('',(-1.,0.,0.));
#5611 = PCURVE('',#5587,#5612);
#5612 = DEFINITIONAL_REPRESENTATION('',(#5613),#5617);
#5613 = LINE('',#5614,#5615);
#5614 = CARTESIAN_POINT('',(0.,8.));
#5615 = VECTOR('',#5616,1.);
#5616 = DIRECTION('',(1.,0.));
#5617 = ( GEOMETRIC_REPRESENTATION_CONTEXT(2) 
PARAMETRIC_REPRESENTATION_CONTEXT() REPRESENTATION_CONTEXT('2D SPACE',''
  ) );
#5618 = PCURVE('',#5619,#5624);
#5619 = PLANE('',#5620);
#5620 = AXIS2_PLACEMENT_3D('',#5621,#5622,#5623);
#5621 = CARTESIAN_POINT('',(1.31E+03,0.,6.));
#5622 = DIRECTION('',(0.,0.,-1.));
#5623 = DIRECTION('',(-1.,0.,0.));
#5624 = DEFINITIONAL_REPRESENTATION('',(#5625),#5629);
#5625 = CIRCLE('',#5626,7.);
#5626 = AXIS2_PLACEMENT_2D('',#5627,#5628);
#5627 = CARTESIAN_POINT('',(0.,0.));
#5628 = DIRECTION('',(1.,0.));
#5629 = ( GEOMETRIC_REPRESENTATION_CONTEXT(2) 
PARAMETRIC_REPRESENTATION_CONTEXT() REPRESENTATION_CONTEXT('2D SPACE',''
  ) );
#5630 = ORIENTED_EDGE('',*,*,#5631,.T.);
#5631 = EDGE_CURVE('',#5603,#5567,#5632,.T.);
#5632 = SEAM_CURVE('',#5633,(#5637,#5644),.PCURVE_S1.);
#5633 = LINE('',#5634,#5635);
#5634 = CARTESIAN_POINT('',(1.303E+03,-1.714505518806E-15,14.));
#5635 = VECTOR('',#5636,1.);
#5636 = DIRECTION('',(0.,0.,-1.));
#5637 = PCURVE('',#5587,#5638);
#5638 = DEFINITIONAL_REPRESENTATION('',(#5639),#5643);
#5639 = LINE('',#5640,#5641);
#5640 = CARTESIAN_POINT('',(6.28318530718,0.));
#5641 = VECTOR('',#5642,1.);
#5642 = DIRECTION('',(0.,1.));
#5643 = ( GEOMETRIC_REPRESENTATION_CONTEXT(2) 
PARAMETRIC_REPRESENTATION_CONTEXT() REPRESENTATION_CONTEXT('2D SPACE',''
  ) );
#5644 = PCURVE('',#5587,#5645);
#5645 = DEFINITIONAL_REPRESENTATION('',(#5646),#5650);
#5646 = LINE('',#5647,#5648);
#5647 = CARTESIAN_POINT('',(4.138911435803E-13,0.));
#5648 = VECTOR('',#5649,1.);
#5649 = DIRECTION('',(0.,1.));
#5650 = ( GEOMETRIC_REPRESENTATION_CONTEXT(2) 
PARAMETRIC_REPRESENTATION_CONTEXT() REPRESENTATION_CONTEXT('2D SPACE',''
  ) );
#5651 = ORIENTED_EDGE('',*,*,#5566,.F.);
#5652 = ORIENTED_EDGE('',*,*,#5631,.F.);
#5653 = ADVANCED_FACE('',(#5654,#5685),#5619,.F.);
#5654 = FACE_BOUND('',#5655,.F.);
#5655 = EDGE_LOOP('',(#5656));
#5656 = ORIENTED_EDGE('',*,*,#5657,.T.);
#5657 = EDGE_CURVE('',#5658,#5658,#5660,.T.);
#5658 = VERTEX_POINT('',#5659);
#5659 = CARTESIAN_POINT('',(1.298E+03,-2.939152317954E-15,6.));
#5660 = SURFACE_CURVE('',#5661,(#5666,#5673),.PCURVE_S1.);
#5661 = CIRCLE('',#5662,12.);
#5662 = AXIS2_PLACEMENT_3D('',#5663,#5664,#5665);
#5663 = CARTESIAN_POINT('',(1.31E+03,0.,6.));
#5664 = DIRECTION('',(0.,0.,-1.));
#5665 = DIRECTION('',(-1.,0.,0.));
#5666 = PCURVE('',#5619,#5667);
#5667 = DEFINITIONAL_REPRESENTATION('',(#5668),#5672);
#5668 = CIRCLE('',#5669,12.);
#5669 = AXIS2_PLACEMENT_2D('',#5670,#5671);
#5670 = CARTESIAN_POINT('',(0.,0.));
#5671 = DIRECTION('',(1.,0.));
#5672 = ( GEOMETRIC_REPRESENTATION_CONTEXT(2) 
PARAMETRIC_REPRESENTATION_CONTEXT() REPRESENTATION_CONTEXT('2D SPACE',''
  ) );
#5673 = PCURVE('',#5674,#5679);
#5674 = CYLINDRICAL_SURFACE('',#5675,12.);
#5675 = AXIS2_PLACEMENT_3D('',#5676,#5677,#5678);
#5676 = CARTESIAN_POINT('',(1.31E+03,0.,14.));
#5677 = DIRECTION('',(0.,0.,-1.));
#5678 = DIRECTION('',(-1.,0.,0.));
#5679 = DEFINITIONAL_REPRESENTATION('',(#5680),#5684);
#5680 = LINE('',#5681,#5682);
#5681 = CARTESIAN_POINT('',(0.,8.));
#5682 = VECTOR('',#5683,1.);
#5683 = DIRECTION('',(1.,0.));
#5684 = ( GEOMETRIC_REPRESENTATION_CONTEXT(2) 
PARAMETRIC_REPRESENTATION_CONTEXT() REPRESENTATION_CONTEXT('2D SPACE',''
  ) );
#5685 = FACE_BOUND('',#5686,.F.);
#5686 = EDGE_LOOP('',(#5687));
#5687 = ORIENTED_EDGE('',*,*,#5602,.F.);
#5688 = ADVANCED_FACE('',(#5689),#5674,.F.);
#5689 = FACE_BOUND('',#5690,.F.);
#5690 = EDGE_LOOP('',(#5691,#5692,#5715,#5741));
#5691 = ORIENTED_EDGE('',*,*,#5657,.F.);
#5692 = ORIENTED_EDGE('',*,*,#5693,.F.);
#5693 = EDGE_CURVE('',#5694,#5658,#5696,.T.);
#5694 = VERTEX_POINT('',#5695);
#5695 = CARTESIAN_POINT('',(1.298E+03,-2.939152317954E-15,14.));
#5696 = SEAM_CURVE('',#5697,(#5701,#5708),.PCURVE_S1.);
#5697 = LINE('',#5698,#5699);
#5698 = CARTESIAN_POINT('',(1.298E+03,-2.939152317954E-15,14.));
#5699 = VECTOR('',#5700,1.);
#5700 = DIRECTION('',(0.,0.,-1.));
#5701 = PCURVE('',#5674,#5702);
#5702 = DEFINITIONAL_REPRESENTATION('',(#5703),#5707);
#5703 = LINE('',#5704,#5705);
#5704 = CARTESIAN_POINT('',(0.,-0.));
#5705 = VECTOR('',#5706,1.);
#5706 = DIRECTION('',(0.,1.));
#5707 = ( GEOMETRIC_REPRESENTATION_CONTEXT(2) 
PARAMETRIC_REPRESENTATION_CONTEXT() REPRESENTATION_CONTEXT('2D SPACE',''
  ) );
#5708 = PCURVE('',#5674,#5709);
#5709 = DEFINITIONAL_REPRESENTATION('',(#5710),#5714);
#5710 = LINE('',#5711,#5712);
#5711 = CARTESIAN_POINT('',(6.28318530718,-0.));
#5712 = VECTOR('',#5713,1.);
#5713 = DIRECTION('',(0.,1.));
#5714 = ( GEOMETRIC_REPRESENTATION_CONTEXT(2) 
PARAMETRIC_REPRESENTATION_CONTEXT() REPRESENTATION_CONTEXT('2D SPACE',''
  ) );
#5715 = ORIENTED_EDGE('',*,*,#5716,.T.);
#5716 = EDGE_CURVE('',#5694,#5694,#5717,.T.);
#5717 = SURFACE_CURVE('',#5718,(#5723,#5730),.PCURVE_S1.);
#5718 = CIRCLE('',#5719,12.);
#5719 = AXIS2_PLACEMENT_3D('',#5720,#5721,#5722);
#5720 = CARTESIAN_POINT('',(1.31E+03,0.,14.));
#5721 = DIRECTION('',(0.,0.,-1.));
#5722 = DIRECTION('',(-1.,0.,0.));
#5723 = PCURVE('',#5674,#5724);
#5724 = DEFINITIONAL_REPRESENTATION('',(#5725),#5729);
#5725 = LINE('',#5726,#5727);
#5726 = CARTESIAN_POINT('',(0.,0.));
#5727 = VECTOR('',#5728,1.);
#5728 = DIRECTION('',(1.,0.));
#5729 = ( GEOMETRIC_REPRESENTATION_CONTEXT(2) 
PARAMETRIC_REPRESENTATION_CONTEXT() REPRESENTATION_CONTEXT('2D SPACE',''
  ) );
#5730 = PCURVE('',#5117,#5731);
#5731 = DEFINITIONAL_REPRESENTATION('',(#5732),#5740);
#5732 = ( BOUNDED_CURVE() B_SPLINE_CURVE(2,(#5733,#5734,#5735,#5736,
#5737,#5738,#5739),.UNSPECIFIED.,.T.,.F.) B_SPLINE_CURVE_WITH_KNOTS((1,2
    ,2,2,2,1),(-2.094395102393,0.,2.094395102393,4.188790204786,
6.28318530718,8.377580409573),.UNSPECIFIED.) CURVE() 
GEOMETRIC_REPRESENTATION_ITEM() RATIONAL_B_SPLINE_CURVE((1.,0.5,1.,0.5,
1.,0.5,1.)) REPRESENTATION_ITEM('') );
#5733 = CARTESIAN_POINT('',(48.,21.));
#5734 = CARTESIAN_POINT('',(48.,41.784609690827));
#5735 = CARTESIAN_POINT('',(66.,31.392304845413));
#5736 = CARTESIAN_POINT('',(84.,21.));
#5737 = CARTESIAN_POINT('',(66.,10.607695154587));
#5738 = CARTESIAN_POINT('',(48.,0.215390309173));
#5739 = CARTESIAN_POINT('',(48.,21.));
#5740 = ( GEOMETRIC_REPRESENTATION_CONTEXT(2) 
PARAMETRIC_REPRESENTATION_CONTEXT() REPRESENTATION_CONTEXT('2D SPACE',''
  ) );
#5741 = ORIENTED_EDGE('',*,*,#5693,.T.);
#5742 = ADVANCED_FACE('',(#5743),#5552,.F.);
#5743 = FACE_BOUND('',#5744,.F.);
#5744 = EDGE_LOOP('',(#5745,#5774,#5795,#5796));
#5745 = ORIENTED_EDGE('',*,*,#5746,.T.);
#5746 = EDGE_CURVE('',#5747,#5747,#5749,.T.);
#5747 = VERTEX_POINT('',#5748);
#5748 = CARTESIAN_POINT('',(1.267E+03,-1.714505518806E-15,6.));
#5749 = SURFACE_CURVE('',#5750,(#5755,#5762),.PCURVE_S1.);
#5750 = CIRCLE('',#5751,7.);
#5751 = AXIS2_PLACEMENT_3D('',#5752,#5753,#5754);
#5752 = CARTESIAN_POINT('',(1.274E+03,0.,6.));
#5753 = DIRECTION('',(0.,0.,-1.));
#5754 = DIRECTION('',(-1.,0.,0.));
#5755 = PCURVE('',#5552,#5756);
#5756 = DEFINITIONAL_REPRESENTATION('',(#5757),#5761);
#5757 = LINE('',#5758,#5759);
#5758 = CARTESIAN_POINT('',(0.,8.));
#5759 = VECTOR('',#5760,1.);
#5760 = DIRECTION('',(1.,0.));
#5761 = ( GEOMETRIC_REPRESENTATION_CONTEXT(2) 
PARAMETRIC_REPRESENTATION_CONTEXT() REPRESENTATION_CONTEXT('2D SPACE',''
  ) );
#5762 = PCURVE('',#5763,#5768);
#5763 = PLANE('',#5764);
#5764 = AXIS2_PLACEMENT_3D('',#5765,#5766,#5767);
#5765 = CARTESIAN_POINT('',(1.274E+03,0.,6.));
#5766 = DIRECTION('',(0.,0.,-1.));
#5767 = DIRECTION('',(-1.,0.,0.));
#5768 = DEFINITIONAL_REPRESENTATION('',(#5769),#5773);
#5769 = CIRCLE('',#5770,7.);
#5770 = AXIS2_PLACEMENT_2D('',#5771,#5772);
#5771 = CARTESIAN_POINT('',(0.,0.));
#5772 = DIRECTION('',(1.,0.));
#5773 = ( GEOMETRIC_REPRESENTATION_CONTEXT(2) 
PARAMETRIC_REPRESENTATION_CONTEXT() REPRESENTATION_CONTEXT('2D SPACE',''
  ) );
#5774 = ORIENTED_EDGE('',*,*,#5775,.T.);
#5775 = EDGE_CURVE('',#5747,#5532,#5776,.T.);
#5776 = SEAM_CURVE('',#5777,(#5781,#5788),.PCURVE_S1.);
#5777 = LINE('',#5778,#5779);
#5778 = CARTESIAN_POINT('',(1.267E+03,-1.714505518806E-15,14.));
#5779 = VECTOR('',#5780,1.);
#5780 = DIRECTION('',(0.,0.,-1.));
#5781 = PCURVE('',#5552,#5782);
#5782 = DEFINITIONAL_REPRESENTATION('',(#5783),#5787);
#5783 = LINE('',#5784,#5785);
#5784 = CARTESIAN_POINT('',(6.28318530718,0.));
#5785 = VECTOR('',#5786,1.);
#5786 = DIRECTION('',(0.,1.));
#5787 = ( GEOMETRIC_REPRESENTATION_CONTEXT(2) 
PARAMETRIC_REPRESENTATION_CONTEXT() REPRESENTATION_CONTEXT('2D SPACE',''
  ) );
#5788 = PCURVE('',#5552,#5789);
#5789 = DEFINITIONAL_REPRESENTATION('',(#5790),#5794);
#5790 = LINE('',#5791,#5792);
#5791 = CARTESIAN_POINT('',(4.138911435803E-13,0.));
#5792 = VECTOR('',#5793,1.);
#5793 = DIRECTION('',(0.,1.));
#5794 = ( GEOMETRIC_REPRESENTATION_CONTEXT(2) 
PARAMETRIC_REPRESENTATION_CONTEXT() REPRESENTATION_CONTEXT('2D SPACE',''
  ) );
#5795 = ORIENTED_EDGE('',*,*,#5531,.F.);
#5796 = ORIENTED_EDGE('',*,*,#5775,.F.);
#5797 = ADVANCED_FACE('',(#5798,#5829),#5763,.F.);
#5798 = FACE_BOUND('',#5799,.F.);
#5799 = EDGE_LOOP('',(#5800));
#5800 = ORIENTED_EDGE('',*,*,#5801,.T.);
#5801 = EDGE_CURVE('',#5802,#5802,#5804,.T.);
#5802 = VERTEX_POINT('',#5803);
#5803 = CARTESIAN_POINT('',(1.262E+03,-2.939152317954E-15,6.));
#5804 = SURFACE_CURVE('',#5805,(#5810,#5817),.PCURVE_S1.);
#5805 = CIRCLE('',#5806,12.);
#5806 = AXIS2_PLACEMENT_3D('',#5807,#5808,#5809);
#5807 = CARTESIAN_POINT('',(1.274E+03,0.,6.));
#5808 = DIRECTION('',(0.,0.,-1.));
#5809 = DIRECTION('',(-1.,0.,0.));
#5810 = PCURVE('',#5763,#5811);
#5811 = DEFINITIONAL_REPRESENTATION('',(#5812),#5816);
#5812 = CIRCLE('',#5813,12.);
#5813 = AXIS2_PLACEMENT_2D('',#5814,#5815);
#5814 = CARTESIAN_POINT('',(0.,0.));
#5815 = DIRECTION('',(1.,0.));
#5816 = ( GEOMETRIC_REPRESENTATION_CONTEXT(2) 
PARAMETRIC_REPRESENTATION_CONTEXT() REPRESENTATION_CONTEXT('2D SPACE',''
  ) );
#5817 = PCURVE('',#5818,#5823);
#5818 = CYLINDRICAL_SURFACE('',#5819,12.);
#5819 = AXIS2_PLACEMENT_3D('',#5820,#5821,#5822);
#5820 = CARTESIAN_POINT('',(1.274E+03,0.,14.));
#5821 = DIRECTION('',(0.,0.,-1.));
#5822 = DIRECTION('',(-1.,0.,0.));
#5823 = DEFINITIONAL_REPRESENTATION('',(#5824),#5828);
#5824 = LINE('',#5825,#5826);
#5825 = CARTESIAN_POINT('',(0.,8.));
#5826 = VECTOR('',#5827,1.);
#5827 = DIRECTION('',(1.,0.));
#5828 = ( GEOMETRIC_REPRESENTATION_CONTEXT(2) 
PARAMETRIC_REPRESENTATION_CONTEXT() REPRESENTATION_CONTEXT('2D SPACE',''
  ) );
#5829 = FACE_BOUND('',#5830,.F.);
#5830 = EDGE_LOOP('',(#5831));
#5831 = ORIENTED_EDGE('',*,*,#5746,.F.);
#5832 = ADVANCED_FACE('',(#5833),#5818,.F.);
#5833 = FACE_BOUND('',#5834,.F.);
#5834 = EDGE_LOOP('',(#5835,#5836,#5859,#5885));
#5835 = ORIENTED_EDGE('',*,*,#5801,.F.);
#5836 = ORIENTED_EDGE('',*,*,#5837,.F.);
#5837 = EDGE_CURVE('',#5838,#5802,#5840,.T.);
#5838 = VERTEX_POINT('',#5839);
#5839 = CARTESIAN_POINT('',(1.262E+03,-2.939152317954E-15,14.));
#5840 = SEAM_CURVE('',#5841,(#5845,#5852),.PCURVE_S1.);
#5841 = LINE('',#5842,#5843);
#5842 = CARTESIAN_POINT('',(1.262E+03,-2.939152317954E-15,14.));
#5843 = VECTOR('',#5844,1.);
#5844 = DIRECTION('',(0.,0.,-1.));
#5845 = PCURVE('',#5818,#5846);
#5846 = DEFINITIONAL_REPRESENTATION('',(#5847),#5851);
#5847 = LINE('',#5848,#5849);
#5848 = CARTESIAN_POINT('',(0.,-0.));
#5849 = VECTOR('',#5850,1.);
#5850 = DIRECTION('',(0.,1.));
#5851 = ( GEOMETRIC_REPRESENTATION_CONTEXT(2) 
PARAMETRIC_REPRESENTATION_CONTEXT() REPRESENTATION_CONTEXT('2D SPACE',''
  ) );
#5852 = PCURVE('',#5818,#5853);
#5853 = DEFINITIONAL_REPRESENTATION('',(#5854),#5858);
#5854 = LINE('',#5855,#5856);
#5855 = CARTESIAN_POINT('',(6.28318530718,-0.));
#5856 = VECTOR('',#5857,1.);
#5857 = DIRECTION('',(0.,1.));
#5858 = ( GEOMETRIC_REPRESENTATION_CONTEXT(2) 
PARAMETRIC_REPRESENTATION_CONTEXT() REPRESENTATION_CONTEXT('2D SPACE',''
  ) );
#5859 = ORIENTED_EDGE('',*,*,#5860,.T.);
#5860 = EDGE_CURVE('',#5838,#5838,#5861,.T.);
#5861 = SURFACE_CURVE('',#5862,(#5867,#5874),.PCURVE_S1.);
#5862 = CIRCLE('',#5863,12.);
#5863 = AXIS2_PLACEMENT_3D('',#5864,#5865,#5866);
#5864 = CARTESIAN_POINT('',(1.274E+03,0.,14.));
#5865 = DIRECTION('',(0.,0.,-1.));
#5866 = DIRECTION('',(-1.,0.,0.));
#5867 = PCURVE('',#5818,#5868);
#5868 = DEFINITIONAL_REPRESENTATION('',(#5869),#5873);
#5869 = LINE('',#5870,#5871);
#5870 = CARTESIAN_POINT('',(0.,0.));
#5871 = VECTOR('',#5872,1.);
#5872 = DIRECTION('',(1.,0.));
#5873 = ( GEOMETRIC_REPRESENTATION_CONTEXT(2) 
PARAMETRIC_REPRESENTATION_CONTEXT() REPRESENTATION_CONTEXT('2D SPACE',''
  ) );
#5874 = PCURVE('',#5117,#5875);
#5875 = DEFINITIONAL_REPRESENTATION('',(#5876),#5884);
#5876 = ( BOUNDED_CURVE() B_SPLINE_CURVE(2,(#5877,#5878,#5879,#5880,
#5881,#5882,#5883),.UNSPECIFIED.,.T.,.F.) B_SPLINE_CURVE_WITH_KNOTS((1,2
    ,2,2,2,1),(-2.094395102393,0.,2.094395102393,4.188790204786,
6.28318530718,8.377580409573),.UNSPECIFIED.) CURVE() 
GEOMETRIC_REPRESENTATION_ITEM() RATIONAL_B_SPLINE_CURVE((1.,0.5,1.,0.5,
1.,0.5,1.)) REPRESENTATION_ITEM('') );
#5877 = CARTESIAN_POINT('',(12.,21.));
#5878 = CARTESIAN_POINT('',(12.,41.784609690827));
#5879 = CARTESIAN_POINT('',(30.,31.392304845413));
#5880 = CARTESIAN_POINT('',(48.,21.));
#5881 = CARTESIAN_POINT('',(30.,10.607695154587));
#5882 = CARTESIAN_POINT('',(12.,0.215390309173));
#5883 = CARTESIAN_POINT('',(12.,21.));
#5884 = ( GEOMETRIC_REPRESENTATION_CONTEXT(2) 
PARAMETRIC_REPRESENTATION_CONTEXT() REPRESENTATION_CONTEXT('2D SPACE',''
  ) );
#5885 = ORIENTED_EDGE('',*,*,#5837,.T.);
#5886 = ADVANCED_FACE('',(#5887),#5491,.T.);
#5887 = FACE_BOUND('',#5888,.T.);
#5888 = EDGE_LOOP('',(#5889,#5890,#5913,#5936));
#5889 = ORIENTED_EDGE('',*,*,#5475,.F.);
#5890 = ORIENTED_EDGE('',*,*,#5891,.T.);
#5891 = EDGE_CURVE('',#5476,#5892,#5894,.T.);
#5892 = VERTEX_POINT('',#5893);
#5893 = CARTESIAN_POINT('',(1.255E+03,21.,14.));
#5894 = SURFACE_CURVE('',#5895,(#5899,#5906),.PCURVE_S1.);
#5895 = LINE('',#5896,#5897);
#5896 = CARTESIAN_POINT('',(1.255E+03,21.,-14.));
#5897 = VECTOR('',#5898,1.);
#5898 = DIRECTION('',(0.,0.,1.));
#5899 = PCURVE('',#5491,#5900);
#5900 = DEFINITIONAL_REPRESENTATION('',(#5901),#5905);
#5901 = LINE('',#5902,#5903);
#5902 = CARTESIAN_POINT('',(0.,5.));
#5903 = VECTOR('',#5904,1.);
#5904 = DIRECTION('',(1.,0.));
#5905 = ( GEOMETRIC_REPRESENTATION_CONTEXT(2) 
PARAMETRIC_REPRESENTATION_CONTEXT() REPRESENTATION_CONTEXT('2D SPACE',''
  ) );
#5906 = PCURVE('',#5199,#5907);
#5907 = DEFINITIONAL_REPRESENTATION('',(#5908),#5912);
#5908 = LINE('',#5909,#5910);
#5909 = CARTESIAN_POINT('',(4.712388980385,0.));
#5910 = VECTOR('',#5911,1.);
#5911 = DIRECTION('',(-0.,1.));
#5912 = ( GEOMETRIC_REPRESENTATION_CONTEXT(2) 
PARAMETRIC_REPRESENTATION_CONTEXT() REPRESENTATION_CONTEXT('2D SPACE',''
  ) );
#5913 = ORIENTED_EDGE('',*,*,#5914,.T.);
#5914 = EDGE_CURVE('',#5892,#5915,#5917,.T.);
#5915 = VERTEX_POINT('',#5916);
#5916 = CARTESIAN_POINT('',(1.425E+03,21.,14.));
#5917 = SURFACE_CURVE('',#5918,(#5922,#5929),.PCURVE_S1.);
#5918 = LINE('',#5919,#5920);
#5919 = CARTESIAN_POINT('',(1.25E+03,21.,14.));
#5920 = VECTOR('',#5921,1.);
#5921 = DIRECTION('',(1.,0.,0.));
#5922 = PCURVE('',#5491,#5923);
#5923 = DEFINITIONAL_REPRESENTATION('',(#5924),#5928);
#5924 = LINE('',#5925,#5926);
#5925 = CARTESIAN_POINT('',(28.,0.));
#5926 = VECTOR('',#5927,1.);
#5927 = DIRECTION('',(0.,1.));
#5928 = ( GEOMETRIC_REPRESENTATION_CONTEXT(2) 
PARAMETRIC_REPRESENTATION_CONTEXT() REPRESENTATION_CONTEXT('2D SPACE',''
  ) );
#5929 = PCURVE('',#5117,#5930);
#5930 = DEFINITIONAL_REPRESENTATION('',(#5931),#5935);
#5931 = LINE('',#5932,#5933);
#5932 = CARTESIAN_POINT('',(0.,42.));
#5933 = VECTOR('',#5934,1.);
#5934 = DIRECTION('',(1.,0.));
#5935 = ( GEOMETRIC_REPRESENTATION_CONTEXT(2) 
PARAMETRIC_REPRESENTATION_CONTEXT() REPRESENTATION_CONTEXT('2D SPACE',''
  ) );
#5936 = ORIENTED_EDGE('',*,*,#5937,.F.);
#5937 = EDGE_CURVE('',#5447,#5915,#5938,.T.);
#5938 = SURFACE_CURVE('',#5939,(#5943,#5950),.PCURVE_S1.);
#5939 = LINE('',#5940,#5941);
#5940 = CARTESIAN_POINT('',(1.425E+03,21.,-14.));
#5941 = VECTOR('',#5942,1.);
#5942 = DIRECTION('',(0.,0.,1.));
#5943 = PCURVE('',#5491,#5944);
#5944 = DEFINITIONAL_REPRESENTATION('',(#5945),#5949);
#5945 = LINE('',#5946,#5947);
#5946 = CARTESIAN_POINT('',(0.,175.));
#5947 = VECTOR('',#5948,1.);
#5948 = DIRECTION('',(1.,0.));
#5949 = ( GEOMETRIC_REPRESENTATION_CONTEXT(2) 
PARAMETRIC_REPRESENTATION_CONTEXT() REPRESENTATION_CONTEXT('2D SPACE',''
  ) );
#5950 = PCURVE('',#5463,#5951);
#5951 = DEFINITIONAL_REPRESENTATION('',(#5952),#5956);
#5952 = LINE('',#5953,#5954);
#5953 = CARTESIAN_POINT('',(1.570796326795,0.));
#5954 = VECTOR('',#5955,1.);
#5955 = DIRECTION('',(0.,1.));
#5956 = ( GEOMETRIC_REPRESENTATION_CONTEXT(2) 
PARAMETRIC_REPRESENTATION_CONTEXT() REPRESENTATION_CONTEXT('2D SPACE',''
  ) );
#5957 = ADVANCED_FACE('',(#5958),#5463,.T.);
#5958 = FACE_BOUND('',#5959,.T.);
#5959 = EDGE_LOOP('',(#5960,#5982,#5983,#5984));
#5960 = ORIENTED_EDGE('',*,*,#5961,.F.);
#5961 = EDGE_CURVE('',#5419,#5962,#5964,.T.);
#5962 = VERTEX_POINT('',#5963);
#5963 = CARTESIAN_POINT('',(1.429582575695E+03,18.,14.));
#5964 = SURFACE_CURVE('',#5965,(#5969,#5975),.PCURVE_S1.);
#5965 = LINE('',#5966,#5967);
#5966 = CARTESIAN_POINT('',(1.429582575695E+03,18.,-14.));
#5967 = VECTOR('',#5968,1.);
#5968 = DIRECTION('',(0.,0.,1.));
#5969 = PCURVE('',#5463,#5970);
#5970 = DEFINITIONAL_REPRESENTATION('',(#5971),#5974);
#5971 = B_SPLINE_CURVE_WITH_KNOTS('',1,(#5972,#5973),.UNSPECIFIED.,.F.,
  .F.,(2,2),(-5.999999999062E-07,28.0000006),.PIECEWISE_BEZIER_KNOTS.);
#5972 = CARTESIAN_POINT('',(0.411516846067,-5.999999999062E-07));
#5973 = CARTESIAN_POINT('',(0.411516846067,28.0000006));
#5974 = ( GEOMETRIC_REPRESENTATION_CONTEXT(2) 
PARAMETRIC_REPRESENTATION_CONTEXT() REPRESENTATION_CONTEXT('2D SPACE',''
  ) );
#5975 = PCURVE('',#5434,#5976);
#5976 = DEFINITIONAL_REPRESENTATION('',(#5977),#5981);
#5977 = LINE('',#5978,#5979);
#5978 = CARTESIAN_POINT('',(0.,34.082575694956));
#5979 = VECTOR('',#5980,1.);
#5980 = DIRECTION('',(1.,0.));
#5981 = ( GEOMETRIC_REPRESENTATION_CONTEXT(2) 
PARAMETRIC_REPRESENTATION_CONTEXT() REPRESENTATION_CONTEXT('2D SPACE',''
  ) );
#5982 = ORIENTED_EDGE('',*,*,#5446,.T.);
#5983 = ORIENTED_EDGE('',*,*,#5937,.T.);
#5984 = ORIENTED_EDGE('',*,*,#5985,.F.);
#5985 = EDGE_CURVE('',#5962,#5915,#5986,.T.);
#5986 = SURFACE_CURVE('',#5987,(#5992,#5999),.PCURVE_S1.);
#5987 = CIRCLE('',#5988,5.);
#5988 = AXIS2_PLACEMENT_3D('',#5989,#5990,#5991);
#5989 = CARTESIAN_POINT('',(1.425E+03,16.,14.));
#5990 = DIRECTION('',(0.,0.,1.));
#5991 = DIRECTION('',(0.,-1.,0.));
#5992 = PCURVE('',#5463,#5993);
#5993 = DEFINITIONAL_REPRESENTATION('',(#5994),#5998);
#5994 = LINE('',#5995,#5996);
#5995 = CARTESIAN_POINT('',(-1.570796326795,28.));
#5996 = VECTOR('',#5997,1.);
#5997 = DIRECTION('',(1.,0.));
#5998 = ( GEOMETRIC_REPRESENTATION_CONTEXT(2) 
PARAMETRIC_REPRESENTATION_CONTEXT() REPRESENTATION_CONTEXT('2D SPACE',''
  ) );
#5999 = PCURVE('',#5117,#6000);
#6000 = DEFINITIONAL_REPRESENTATION('',(#6001),#6005);
#6001 = CIRCLE('',#6002,5.);
#6002 = AXIS2_PLACEMENT_2D('',#6003,#6004);
#6003 = CARTESIAN_POINT('',(175.,37.));
#6004 = DIRECTION('',(0.,-1.));
#6005 = ( GEOMETRIC_REPRESENTATION_CONTEXT(2) 
PARAMETRIC_REPRESENTATION_CONTEXT() REPRESENTATION_CONTEXT('2D SPACE',''
  ) );
#6006 = ADVANCED_FACE('',(#6007),#5434,.T.);
#6007 = FACE_BOUND('',#6008,.T.);
#6008 = EDGE_LOOP('',(#6009,#6010,#6011,#6034,#6062,#6090));
#6009 = ORIENTED_EDGE('',*,*,#5418,.F.);
#6010 = ORIENTED_EDGE('',*,*,#5961,.T.);
#6011 = ORIENTED_EDGE('',*,*,#6012,.T.);
#6012 = EDGE_CURVE('',#5962,#6013,#6015,.T.);
#6013 = VERTEX_POINT('',#6014);
#6014 = CARTESIAN_POINT('',(1.3995E+03,18.,14.));
#6015 = SURFACE_CURVE('',#6016,(#6020,#6027),.PCURVE_S1.);
#6016 = LINE('',#6017,#6018);
#6017 = CARTESIAN_POINT('',(1.32275E+03,18.,14.));
#6018 = VECTOR('',#6019,1.);
#6019 = DIRECTION('',(-1.,0.,0.));
#6020 = PCURVE('',#5434,#6021);
#6021 = DEFINITIONAL_REPRESENTATION('',(#6022),#6026);
#6022 = LINE('',#6023,#6024);
#6023 = CARTESIAN_POINT('',(28.,-72.75));
#6024 = VECTOR('',#6025,1.);
#6025 = DIRECTION('',(0.,-1.));
#6026 = ( GEOMETRIC_REPRESENTATION_CONTEXT(2) 
PARAMETRIC_REPRESENTATION_CONTEXT() REPRESENTATION_CONTEXT('2D SPACE',''
  ) );
#6027 = PCURVE('',#5117,#6028);
#6028 = DEFINITIONAL_REPRESENTATION('',(#6029),#6033);
#6029 = LINE('',#6030,#6031);
#6030 = CARTESIAN_POINT('',(72.75,39.));
#6031 = VECTOR('',#6032,1.);
#6032 = DIRECTION('',(-1.,0.));
#6033 = ( GEOMETRIC_REPRESENTATION_CONTEXT(2) 
PARAMETRIC_REPRESENTATION_CONTEXT() REPRESENTATION_CONTEXT('2D SPACE',''
  ) );
#6034 = ORIENTED_EDGE('',*,*,#6035,.T.);
#6035 = EDGE_CURVE('',#6013,#6036,#6038,.T.);
#6036 = VERTEX_POINT('',#6037);
#6037 = CARTESIAN_POINT('',(1.3995E+03,18.,38.));
#6038 = SURFACE_CURVE('',#6039,(#6043,#6050),.PCURVE_S1.);
#6039 = LINE('',#6040,#6041);
#6040 = CARTESIAN_POINT('',(1.3995E+03,18.,-14.));
#6041 = VECTOR('',#6042,1.);
#6042 = DIRECTION('',(0.,0.,1.));
#6043 = PCURVE('',#5434,#6044);
#6044 = DEFINITIONAL_REPRESENTATION('',(#6045),#6049);
#6045 = LINE('',#6046,#6047);
#6046 = CARTESIAN_POINT('',(0.,4.));
#6047 = VECTOR('',#6048,1.);
#6048 = DIRECTION('',(1.,0.));
#6049 = ( GEOMETRIC_REPRESENTATION_CONTEXT(2) 
PARAMETRIC_REPRESENTATION_CONTEXT() REPRESENTATION_CONTEXT('2D SPACE',''
  ) );
#6050 = PCURVE('',#6051,#6056);
#6051 = CYLINDRICAL_SURFACE('',#6052,4.);
#6052 = AXIS2_PLACEMENT_3D('',#6053,#6054,#6055);
#6053 = CARTESIAN_POINT('',(1.3995E+03,14.,-14.));
#6054 = DIRECTION('',(0.,0.,1.));
#6055 = DIRECTION('',(-1.,-0.,0.));
#6056 = DEFINITIONAL_REPRESENTATION('',(#6057),#6061);
#6057 = LINE('',#6058,#6059);
#6058 = CARTESIAN_POINT('',(4.712388980385,0.));
#6059 = VECTOR('',#6060,1.);
#6060 = DIRECTION('',(-0.,1.));
#6061 = ( GEOMETRIC_REPRESENTATION_CONTEXT(2) 
PARAMETRIC_REPRESENTATION_CONTEXT() REPRESENTATION_CONTEXT('2D SPACE',''
  ) );
#6062 = ORIENTED_EDGE('',*,*,#6063,.T.);
#6063 = EDGE_CURVE('',#6036,#6064,#6066,.T.);
#6064 = VERTEX_POINT('',#6065);
#6065 = CARTESIAN_POINT('',(1.4365E+03,18.,38.));
#6066 = SURFACE_CURVE('',#6067,(#6071,#6078),.PCURVE_S1.);
#6067 = LINE('',#6068,#6069);
#6068 = CARTESIAN_POINT('',(1.3955E+03,18.,38.));
#6069 = VECTOR('',#6070,1.);
#6070 = DIRECTION('',(1.,0.,0.));
#6071 = PCURVE('',#5434,#6072);
#6072 = DEFINITIONAL_REPRESENTATION('',(#6073),#6077);
#6073 = LINE('',#6074,#6075);
#6074 = CARTESIAN_POINT('',(52.,0.));
#6075 = VECTOR('',#6076,1.);
#6076 = DIRECTION('',(0.,1.));
#6077 = ( GEOMETRIC_REPRESENTATION_CONTEXT(2) 
PARAMETRIC_REPRESENTATION_CONTEXT() REPRESENTATION_CONTEXT('2D SPACE',''
  ) );
#6078 = PCURVE('',#6079,#6084);
#6079 = PLANE('',#6080);
#6080 = AXIS2_PLACEMENT_3D('',#6081,#6082,#6083);
#6081 = CARTESIAN_POINT('',(1.3955E+03,-18.,38.));
#6082 = DIRECTION('',(0.,0.,1.));
#6083 = DIRECTION('',(1.,0.,-0.));
#6084 = DEFINITIONAL_REPRESENTATION('',(#6085),#6089);
#6085 = LINE('',#6086,#6087);
#6086 = CARTESIAN_POINT('',(0.,36.));
#6087 = VECTOR('',#6088,1.);
#6088 = DIRECTION('',(1.,0.));
#6089 = ( GEOMETRIC_REPRESENTATION_CONTEXT(2) 
PARAMETRIC_REPRESENTATION_CONTEXT() REPRESENTATION_CONTEXT('2D SPACE',''
  ) );
#6090 = ORIENTED_EDGE('',*,*,#6091,.F.);
#6091 = EDGE_CURVE('',#5390,#6064,#6092,.T.);
#6092 = SURFACE_CURVE('',#6093,(#6097,#6104),.PCURVE_S1.);
#6093 = LINE('',#6094,#6095);
#6094 = CARTESIAN_POINT('',(1.4365E+03,18.,-14.));
#6095 = VECTOR('',#6096,1.);
#6096 = DIRECTION('',(0.,0.,1.));
#6097 = PCURVE('',#5434,#6098);
#6098 = DEFINITIONAL_REPRESENTATION('',(#6099),#6103);
#6099 = LINE('',#6100,#6101);
#6100 = CARTESIAN_POINT('',(0.,41.));
#6101 = VECTOR('',#6102,1.);
#6102 = DIRECTION('',(1.,0.));
#6103 = ( GEOMETRIC_REPRESENTATION_CONTEXT(2) 
PARAMETRIC_REPRESENTATION_CONTEXT() REPRESENTATION_CONTEXT('2D SPACE',''
  ) );
#6104 = PCURVE('',#5406,#6105);
#6105 = DEFINITIONAL_REPRESENTATION('',(#6106),#6110);
#6106 = LINE('',#6107,#6108);
#6107 = CARTESIAN_POINT('',(1.570796326795,0.));
#6108 = VECTOR('',#6109,1.);
#6109 = DIRECTION('',(0.,1.));
#6110 = ( GEOMETRIC_REPRESENTATION_CONTEXT(2) 
PARAMETRIC_REPRESENTATION_CONTEXT() REPRESENTATION_CONTEXT('2D SPACE',''
  ) );
#6111 = ADVANCED_FACE('',(#6112),#6051,.T.);
#6112 = FACE_BOUND('',#6113,.T.);
#6113 = EDGE_LOOP('',(#6114,#6142,#6143,#6167));
#6114 = ORIENTED_EDGE('',*,*,#6115,.T.);
#6115 = EDGE_CURVE('',#6116,#6036,#6118,.T.);
#6116 = VERTEX_POINT('',#6117);
#6117 = CARTESIAN_POINT('',(1.3955E+03,14.,38.));
#6118 = SURFACE_CURVE('',#6119,(#6124,#6131),.PCURVE_S1.);
#6119 = CIRCLE('',#6120,4.);
#6120 = AXIS2_PLACEMENT_3D('',#6121,#6122,#6123);
#6121 = CARTESIAN_POINT('',(1.3995E+03,14.,38.));
#6122 = DIRECTION('',(-0.,-0.,-1.));
#6123 = DIRECTION('',(0.,-1.,0.));
#6124 = PCURVE('',#6051,#6125);
#6125 = DEFINITIONAL_REPRESENTATION('',(#6126),#6130);
#6126 = LINE('',#6127,#6128);
#6127 = CARTESIAN_POINT('',(7.853981633975,52.));
#6128 = VECTOR('',#6129,1.);
#6129 = DIRECTION('',(-1.,0.));
#6130 = ( GEOMETRIC_REPRESENTATION_CONTEXT(2) 
PARAMETRIC_REPRESENTATION_CONTEXT() REPRESENTATION_CONTEXT('2D SPACE',''
  ) );
#6131 = PCURVE('',#6079,#6132);
#6132 = DEFINITIONAL_REPRESENTATION('',(#6133),#6141);
#6133 = ( BOUNDED_CURVE() B_SPLINE_CURVE(2,(#6134,#6135,#6136,#6137,
#6138,#6139,#6140),.UNSPECIFIED.,.T.,.F.) B_SPLINE_CURVE_WITH_KNOTS((1,2
    ,2,2,2,1),(-2.094395102393,0.,2.094395102393,4.188790204786,
6.28318530718,8.377580409573),.UNSPECIFIED.) CURVE() 
GEOMETRIC_REPRESENTATION_ITEM() RATIONAL_B_SPLINE_CURVE((1.,0.5,1.,0.5,
1.,0.5,1.)) REPRESENTATION_ITEM('') );
#6134 = CARTESIAN_POINT('',(4.,28.));
#6135 = CARTESIAN_POINT('',(-2.928203230276,28.));
#6136 = CARTESIAN_POINT('',(0.535898384862,34.));
#6137 = CARTESIAN_POINT('',(4.,40.));
#6138 = CARTESIAN_POINT('',(7.464101615138,34.));
#6139 = CARTESIAN_POINT('',(10.928203230276,28.));
#6140 = CARTESIAN_POINT('',(4.,28.));
#6141 = ( GEOMETRIC_REPRESENTATION_CONTEXT(2) 
PARAMETRIC_REPRESENTATION_CONTEXT() REPRESENTATION_CONTEXT('2D SPACE',''
  ) );
#6142 = ORIENTED_EDGE('',*,*,#6035,.F.);
#6143 = ORIENTED_EDGE('',*,*,#6144,.T.);
#6144 = EDGE_CURVE('',#6013,#6145,#6147,.T.);
#6145 = VERTEX_POINT('',#6146);
#6146 = CARTESIAN_POINT('',(1.3955E+03,14.,14.));
#6147 = SURFACE_CURVE('',#6148,(#6153,#6160),.PCURVE_S1.);
#6148 = CIRCLE('',#6149,4.);
#6149 = AXIS2_PLACEMENT_3D('',#6150,#6151,#6152);
#6150 = CARTESIAN_POINT('',(1.3995E+03,14.,14.));
#6151 = DIRECTION('',(0.,0.,1.));
#6152 = DIRECTION('',(-1.,-0.,0.));
#6153 = PCURVE('',#6051,#6154);
#6154 = DEFINITIONAL_REPRESENTATION('',(#6155),#6159);
#6155 = LINE('',#6156,#6157);
#6156 = CARTESIAN_POINT('',(-4.138911435803E-13,28.));
#6157 = VECTOR('',#6158,1.);
#6158 = DIRECTION('',(1.,-0.));
#6159 = ( GEOMETRIC_REPRESENTATION_CONTEXT(2) 
PARAMETRIC_REPRESENTATION_CONTEXT() REPRESENTATION_CONTEXT('2D SPACE',''
  ) );
#6160 = PCURVE('',#5117,#6161);
#6161 = DEFINITIONAL_REPRESENTATION('',(#6162),#6166);
#6162 = CIRCLE('',#6163,4.);
#6163 = AXIS2_PLACEMENT_2D('',#6164,#6165);
#6164 = CARTESIAN_POINT('',(149.5,35.));
#6165 = DIRECTION('',(-1.,0.));
#6166 = ( GEOMETRIC_REPRESENTATION_CONTEXT(2) 
PARAMETRIC_REPRESENTATION_CONTEXT() REPRESENTATION_CONTEXT('2D SPACE',''
  ) );
#6167 = ORIENTED_EDGE('',*,*,#6168,.T.);
#6168 = EDGE_CURVE('',#6145,#6116,#6169,.T.);
#6169 = SURFACE_CURVE('',#6170,(#6174,#6181),.PCURVE_S1.);
#6170 = LINE('',#6171,#6172);
#6171 = CARTESIAN_POINT('',(1.3955E+03,14.,-14.));
#6172 = VECTOR('',#6173,1.);
#6173 = DIRECTION('',(0.,0.,1.));
#6174 = PCURVE('',#6051,#6175);
#6175 = DEFINITIONAL_REPRESENTATION('',(#6176),#6180);
#6176 = LINE('',#6177,#6178);
#6177 = CARTESIAN_POINT('',(6.28318530718,0.));
#6178 = VECTOR('',#6179,1.);
#6179 = DIRECTION('',(-0.,1.));
#6180 = ( GEOMETRIC_REPRESENTATION_CONTEXT(2) 
PARAMETRIC_REPRESENTATION_CONTEXT() REPRESENTATION_CONTEXT('2D SPACE',''
  ) );
#6181 = PCURVE('',#6182,#6187);
#6182 = PLANE('',#6183);
#6183 = AXIS2_PLACEMENT_3D('',#6184,#6185,#6186);
#6184 = CARTESIAN_POINT('',(1.3955E+03,-18.,-14.));
#6185 = DIRECTION('',(1.,0.,0.));
#6186 = DIRECTION('',(0.,0.,1.));
#6187 = DEFINITIONAL_REPRESENTATION('',(#6188),#6192);
#6188 = LINE('',#6189,#6190);
#6189 = CARTESIAN_POINT('',(0.,-32.));
#6190 = VECTOR('',#6191,1.);
#6191 = DIRECTION('',(1.,0.));
#6192 = ( GEOMETRIC_REPRESENTATION_CONTEXT(2) 
PARAMETRIC_REPRESENTATION_CONTEXT() REPRESENTATION_CONTEXT('2D SPACE',''
  ) );
#6193 = ADVANCED_FACE('',(#6194),#6182,.F.);
#6194 = FACE_BOUND('',#6195,.F.);
#6195 = EDGE_LOOP('',(#6196,#6219,#6247,#6268));
#6196 = ORIENTED_EDGE('',*,*,#6197,.F.);
#6197 = EDGE_CURVE('',#6198,#6116,#6200,.T.);
#6198 = VERTEX_POINT('',#6199);
#6199 = CARTESIAN_POINT('',(1.3955E+03,-14.,38.));
#6200 = SURFACE_CURVE('',#6201,(#6205,#6212),.PCURVE_S1.);
#6201 = LINE('',#6202,#6203);
#6202 = CARTESIAN_POINT('',(1.3955E+03,-18.,38.));
#6203 = VECTOR('',#6204,1.);
#6204 = DIRECTION('',(0.,1.,0.));
#6205 = PCURVE('',#6182,#6206);
#6206 = DEFINITIONAL_REPRESENTATION('',(#6207),#6211);
#6207 = LINE('',#6208,#6209);
#6208 = CARTESIAN_POINT('',(52.,0.));
#6209 = VECTOR('',#6210,1.);
#6210 = DIRECTION('',(0.,-1.));
#6211 = ( GEOMETRIC_REPRESENTATION_CONTEXT(2) 
PARAMETRIC_REPRESENTATION_CONTEXT() REPRESENTATION_CONTEXT('2D SPACE',''
  ) );
#6212 = PCURVE('',#6079,#6213);
#6213 = DEFINITIONAL_REPRESENTATION('',(#6214),#6218);
#6214 = LINE('',#6215,#6216);
#6215 = CARTESIAN_POINT('',(0.,0.));
#6216 = VECTOR('',#6217,1.);
#6217 = DIRECTION('',(0.,1.));
#6218 = ( GEOMETRIC_REPRESENTATION_CONTEXT(2) 
PARAMETRIC_REPRESENTATION_CONTEXT() REPRESENTATION_CONTEXT('2D SPACE',''
  ) );
#6219 = ORIENTED_EDGE('',*,*,#6220,.F.);
#6220 = EDGE_CURVE('',#6221,#6198,#6223,.T.);
#6221 = VERTEX_POINT('',#6222);
#6222 = CARTESIAN_POINT('',(1.3955E+03,-14.,14.));
#6223 = SURFACE_CURVE('',#6224,(#6228,#6235),.PCURVE_S1.);
#6224 = LINE('',#6225,#6226);
#6225 = CARTESIAN_POINT('',(1.3955E+03,-14.,-14.));
#6226 = VECTOR('',#6227,1.);
#6227 = DIRECTION('',(0.,0.,1.));
#6228 = PCURVE('',#6182,#6229);
#6229 = DEFINITIONAL_REPRESENTATION('',(#6230),#6234);
#6230 = LINE('',#6231,#6232);
#6231 = CARTESIAN_POINT('',(0.,-4.));
#6232 = VECTOR('',#6233,1.);
#6233 = DIRECTION('',(1.,0.));
#6234 = ( GEOMETRIC_REPRESENTATION_CONTEXT(2) 
PARAMETRIC_REPRESENTATION_CONTEXT() REPRESENTATION_CONTEXT('2D SPACE',''
  ) );
#6235 = PCURVE('',#6236,#6241);
#6236 = CYLINDRICAL_SURFACE('',#6237,4.);
#6237 = AXIS2_PLACEMENT_3D('',#6238,#6239,#6240);
#6238 = CARTESIAN_POINT('',(1.3995E+03,-14.,-14.));
#6239 = DIRECTION('',(0.,0.,1.));
#6240 = DIRECTION('',(-1.,-0.,0.));
#6241 = DEFINITIONAL_REPRESENTATION('',(#6242),#6246);
#6242 = LINE('',#6243,#6244);
#6243 = CARTESIAN_POINT('',(0.,0.));
#6244 = VECTOR('',#6245,1.);
#6245 = DIRECTION('',(0.,1.));
#6246 = ( GEOMETRIC_REPRESENTATION_CONTEXT(2) 
PARAMETRIC_REPRESENTATION_CONTEXT() REPRESENTATION_CONTEXT('2D SPACE',''
  ) );
#6247 = ORIENTED_EDGE('',*,*,#6248,.T.);
#6248 = EDGE_CURVE('',#6221,#6145,#6249,.T.);
#6249 = SURFACE_CURVE('',#6250,(#6254,#6261),.PCURVE_S1.);
#6250 = LINE('',#6251,#6252);
#6251 = CARTESIAN_POINT('',(1.3955E+03,-19.5,14.));
#6252 = VECTOR('',#6253,1.);
#6253 = DIRECTION('',(0.,1.,0.));
#6254 = PCURVE('',#6182,#6255);
#6255 = DEFINITIONAL_REPRESENTATION('',(#6256),#6260);
#6256 = LINE('',#6257,#6258);
#6257 = CARTESIAN_POINT('',(28.,1.5));
#6258 = VECTOR('',#6259,1.);
#6259 = DIRECTION('',(0.,-1.));
#6260 = ( GEOMETRIC_REPRESENTATION_CONTEXT(2) 
PARAMETRIC_REPRESENTATION_CONTEXT() REPRESENTATION_CONTEXT('2D SPACE',''
  ) );
#6261 = PCURVE('',#5117,#6262);
#6262 = DEFINITIONAL_REPRESENTATION('',(#6263),#6267);
#6263 = LINE('',#6264,#6265);
#6264 = CARTESIAN_POINT('',(145.5,1.5));
#6265 = VECTOR('',#6266,1.);
#6266 = DIRECTION('',(0.,1.));
#6267 = ( GEOMETRIC_REPRESENTATION_CONTEXT(2) 
PARAMETRIC_REPRESENTATION_CONTEXT() REPRESENTATION_CONTEXT('2D SPACE',''
  ) );
#6268 = ORIENTED_EDGE('',*,*,#6168,.T.);
#6269 = ADVANCED_FACE('',(#6270),#6236,.T.);
#6270 = FACE_BOUND('',#6271,.T.);
#6271 = EDGE_LOOP('',(#6272,#6273,#6297,#6320));
#6272 = ORIENTED_EDGE('',*,*,#6220,.F.);
#6273 = ORIENTED_EDGE('',*,*,#6274,.T.);
#6274 = EDGE_CURVE('',#6221,#6275,#6277,.T.);
#6275 = VERTEX_POINT('',#6276);
#6276 = CARTESIAN_POINT('',(1.3995E+03,-18.,14.));
#6277 = SURFACE_CURVE('',#6278,(#6283,#6290),.PCURVE_S1.);
#6278 = CIRCLE('',#6279,4.);
#6279 = AXIS2_PLACEMENT_3D('',#6280,#6281,#6282);
#6280 = CARTESIAN_POINT('',(1.3995E+03,-14.,14.));
#6281 = DIRECTION('',(0.,0.,1.));
#6282 = DIRECTION('',(-1.,-0.,0.));
#6283 = PCURVE('',#6236,#6284);
#6284 = DEFINITIONAL_REPRESENTATION('',(#6285),#6289);
#6285 = LINE('',#6286,#6287);
#6286 = CARTESIAN_POINT('',(0.,28.));
#6287 = VECTOR('',#6288,1.);
#6288 = DIRECTION('',(1.,0.));
#6289 = ( GEOMETRIC_REPRESENTATION_CONTEXT(2) 
PARAMETRIC_REPRESENTATION_CONTEXT() REPRESENTATION_CONTEXT('2D SPACE',''
  ) );
#6290 = PCURVE('',#5117,#6291);
#6291 = DEFINITIONAL_REPRESENTATION('',(#6292),#6296);
#6292 = CIRCLE('',#6293,4.);
#6293 = AXIS2_PLACEMENT_2D('',#6294,#6295);
#6294 = CARTESIAN_POINT('',(149.5,7.));
#6295 = DIRECTION('',(-1.,0.));
#6296 = ( GEOMETRIC_REPRESENTATION_CONTEXT(2) 
PARAMETRIC_REPRESENTATION_CONTEXT() REPRESENTATION_CONTEXT('2D SPACE',''
  ) );
#6297 = ORIENTED_EDGE('',*,*,#6298,.T.);
#6298 = EDGE_CURVE('',#6275,#6299,#6301,.T.);
#6299 = VERTEX_POINT('',#6300);
#6300 = CARTESIAN_POINT('',(1.3995E+03,-18.,38.));
#6301 = SURFACE_CURVE('',#6302,(#6306,#6313),.PCURVE_S1.);
#6302 = LINE('',#6303,#6304);
#6303 = CARTESIAN_POINT('',(1.3995E+03,-18.,-14.));
#6304 = VECTOR('',#6305,1.);
#6305 = DIRECTION('',(0.,0.,1.));
#6306 = PCURVE('',#6236,#6307);
#6307 = DEFINITIONAL_REPRESENTATION('',(#6308),#6312);
#6308 = LINE('',#6309,#6310);
#6309 = CARTESIAN_POINT('',(1.570796326795,0.));
#6310 = VECTOR('',#6311,1.);
#6311 = DIRECTION('',(0.,1.));
#6312 = ( GEOMETRIC_REPRESENTATION_CONTEXT(2) 
PARAMETRIC_REPRESENTATION_CONTEXT() REPRESENTATION_CONTEXT('2D SPACE',''
  ) );
#6313 = PCURVE('',#5316,#6314);
#6314 = DEFINITIONAL_REPRESENTATION('',(#6315),#6319);
#6315 = LINE('',#6316,#6317);
#6316 = CARTESIAN_POINT('',(0.,4.));
#6317 = VECTOR('',#6318,1.);
#6318 = DIRECTION('',(1.,0.));
#6319 = ( GEOMETRIC_REPRESENTATION_CONTEXT(2) 
PARAMETRIC_REPRESENTATION_CONTEXT() REPRESENTATION_CONTEXT('2D SPACE',''
  ) );
#6320 = ORIENTED_EDGE('',*,*,#6321,.F.);
#6321 = EDGE_CURVE('',#6198,#6299,#6322,.T.);
#6322 = SURFACE_CURVE('',#6323,(#6328,#6335),.PCURVE_S1.);
#6323 = CIRCLE('',#6324,4.);
#6324 = AXIS2_PLACEMENT_3D('',#6325,#6326,#6327);
#6325 = CARTESIAN_POINT('',(1.3995E+03,-14.,38.));
#6326 = DIRECTION('',(0.,0.,1.));
#6327 = DIRECTION('',(0.,-1.,0.));
#6328 = PCURVE('',#6236,#6329);
#6329 = DEFINITIONAL_REPRESENTATION('',(#6330),#6334);
#6330 = LINE('',#6331,#6332);
#6331 = CARTESIAN_POINT('',(-4.712388980385,52.));
#6332 = VECTOR('',#6333,1.);
#6333 = DIRECTION('',(1.,0.));
#6334 = ( GEOMETRIC_REPRESENTATION_CONTEXT(2) 
PARAMETRIC_REPRESENTATION_CONTEXT() REPRESENTATION_CONTEXT('2D SPACE',''
  ) );
#6335 = PCURVE('',#6079,#6336);
#6336 = DEFINITIONAL_REPRESENTATION('',(#6337),#6341);
#6337 = CIRCLE('',#6338,4.);
#6338 = AXIS2_PLACEMENT_2D('',#6339,#6340);
#6339 = CARTESIAN_POINT('',(4.,4.));
#6340 = DIRECTION('',(0.,-1.));
#6341 = ( GEOMETRIC_REPRESENTATION_CONTEXT(2) 
PARAMETRIC_REPRESENTATION_CONTEXT() REPRESENTATION_CONTEXT('2D SPACE',''
  ) );
#6342 = ADVANCED_FACE('',(#6343),#6079,.T.);
#6343 = FACE_BOUND('',#6344,.T.);
#6344 = EDGE_LOOP('',(#6345,#6346,#6347,#6370,#6403,#6426,#6448,#6449));
#6345 = ORIENTED_EDGE('',*,*,#6197,.F.);
#6346 = ORIENTED_EDGE('',*,*,#6321,.T.);
#6347 = ORIENTED_EDGE('',*,*,#6348,.T.);
#6348 = EDGE_CURVE('',#6299,#6349,#6351,.T.);
#6349 = VERTEX_POINT('',#6350);
#6350 = CARTESIAN_POINT('',(1.4365E+03,-18.,38.));
#6351 = SURFACE_CURVE('',#6352,(#6356,#6363),.PCURVE_S1.);
#6352 = LINE('',#6353,#6354);
#6353 = CARTESIAN_POINT('',(1.3955E+03,-18.,38.));
#6354 = VECTOR('',#6355,1.);
#6355 = DIRECTION('',(1.,0.,0.));
#6356 = PCURVE('',#6079,#6357);
#6357 = DEFINITIONAL_REPRESENTATION('',(#6358),#6362);
#6358 = LINE('',#6359,#6360);
#6359 = CARTESIAN_POINT('',(0.,0.));
#6360 = VECTOR('',#6361,1.);
#6361 = DIRECTION('',(1.,0.));
#6362 = ( GEOMETRIC_REPRESENTATION_CONTEXT(2) 
PARAMETRIC_REPRESENTATION_CONTEXT() REPRESENTATION_CONTEXT('2D SPACE',''
  ) );
#6363 = PCURVE('',#5316,#6364);
#6364 = DEFINITIONAL_REPRESENTATION('',(#6365),#6369);
#6365 = LINE('',#6366,#6367);
#6366 = CARTESIAN_POINT('',(52.,0.));
#6367 = VECTOR('',#6368,1.);
#6368 = DIRECTION('',(0.,1.));
#6369 = ( GEOMETRIC_REPRESENTATION_CONTEXT(2) 
PARAMETRIC_REPRESENTATION_CONTEXT() REPRESENTATION_CONTEXT('2D SPACE',''
  ) );
#6370 = ORIENTED_EDGE('',*,*,#6371,.F.);
#6371 = EDGE_CURVE('',#6372,#6349,#6374,.T.);
#6372 = VERTEX_POINT('',#6373);
#6373 = CARTESIAN_POINT('',(1.4405E+03,-14.,38.));
#6374 = SURFACE_CURVE('',#6375,(#6380,#6391),.PCURVE_S1.);
#6375 = CIRCLE('',#6376,4.);
#6376 = AXIS2_PLACEMENT_3D('',#6377,#6378,#6379);
#6377 = CARTESIAN_POINT('',(1.4365E+03,-14.,38.));
#6378 = DIRECTION('',(-0.,-0.,-1.));
#6379 = DIRECTION('',(0.,-1.,0.));
#6380 = PCURVE('',#6079,#6381);
#6381 = DEFINITIONAL_REPRESENTATION('',(#6382),#6390);
#6382 = ( BOUNDED_CURVE() B_SPLINE_CURVE(2,(#6383,#6384,#6385,#6386,
#6387,#6388,#6389),.UNSPECIFIED.,.T.,.F.) B_SPLINE_CURVE_WITH_KNOTS((1,2
    ,2,2,2,1),(-2.094395102393,0.,2.094395102393,4.188790204786,
6.28318530718,8.377580409573),.UNSPECIFIED.) CURVE() 
GEOMETRIC_REPRESENTATION_ITEM() RATIONAL_B_SPLINE_CURVE((1.,0.5,1.,0.5,
1.,0.5,1.)) REPRESENTATION_ITEM('') );
#6383 = CARTESIAN_POINT('',(41.,0.));
#6384 = CARTESIAN_POINT('',(34.071796769724,0.));
#6385 = CARTESIAN_POINT('',(37.535898384862,6.));
#6386 = CARTESIAN_POINT('',(41.,12.));
#6387 = CARTESIAN_POINT('',(44.464101615138,6.));
#6388 = CARTESIAN_POINT('',(47.928203230276,6.217248937901E-15));
#6389 = CARTESIAN_POINT('',(41.,0.));
#6390 = ( GEOMETRIC_REPRESENTATION_CONTEXT(2) 
PARAMETRIC_REPRESENTATION_CONTEXT() REPRESENTATION_CONTEXT('2D SPACE',''
  ) );
#6391 = PCURVE('',#6392,#6397);
#6392 = CYLINDRICAL_SURFACE('',#6393,4.);
#6393 = AXIS2_PLACEMENT_3D('',#6394,#6395,#6396);
#6394 = CARTESIAN_POINT('',(1.4365E+03,-14.,-14.));
#6395 = DIRECTION('',(0.,0.,1.));
#6396 = DIRECTION('',(1.,0.,-0.));
#6397 = DEFINITIONAL_REPRESENTATION('',(#6398),#6402);
#6398 = LINE('',#6399,#6400);
#6399 = CARTESIAN_POINT('',(10.995574287565,52.));
#6400 = VECTOR('',#6401,1.);
#6401 = DIRECTION('',(-1.,0.));
#6402 = ( GEOMETRIC_REPRESENTATION_CONTEXT(2) 
PARAMETRIC_REPRESENTATION_CONTEXT() REPRESENTATION_CONTEXT('2D SPACE',''
  ) );
#6403 = ORIENTED_EDGE('',*,*,#6404,.T.);
#6404 = EDGE_CURVE('',#6372,#6405,#6407,.T.);
#6405 = VERTEX_POINT('',#6406);
#6406 = CARTESIAN_POINT('',(1.4405E+03,14.,38.));
#6407 = SURFACE_CURVE('',#6408,(#6412,#6419),.PCURVE_S1.);
#6408 = LINE('',#6409,#6410);
#6409 = CARTESIAN_POINT('',(1.4405E+03,-18.,38.));
#6410 = VECTOR('',#6411,1.);
#6411 = DIRECTION('',(0.,1.,0.));
#6412 = PCURVE('',#6079,#6413);
#6413 = DEFINITIONAL_REPRESENTATION('',(#6414),#6418);
#6414 = LINE('',#6415,#6416);
#6415 = CARTESIAN_POINT('',(45.,0.));
#6416 = VECTOR('',#6417,1.);
#6417 = DIRECTION('',(0.,1.));
#6418 = ( GEOMETRIC_REPRESENTATION_CONTEXT(2) 
PARAMETRIC_REPRESENTATION_CONTEXT() REPRESENTATION_CONTEXT('2D SPACE',''
  ) );
#6419 = PCURVE('',#5377,#6420);
#6420 = DEFINITIONAL_REPRESENTATION('',(#6421),#6425);
#6421 = LINE('',#6422,#6423);
#6422 = CARTESIAN_POINT('',(52.,0.));
#6423 = VECTOR('',#6424,1.);
#6424 = DIRECTION('',(0.,-1.));
#6425 = ( GEOMETRIC_REPRESENTATION_CONTEXT(2) 
PARAMETRIC_REPRESENTATION_CONTEXT() REPRESENTATION_CONTEXT('2D SPACE',''
  ) );
#6426 = ORIENTED_EDGE('',*,*,#6427,.T.);
#6427 = EDGE_CURVE('',#6405,#6064,#6428,.T.);
#6428 = SURFACE_CURVE('',#6429,(#6434,#6441),.PCURVE_S1.);
#6429 = CIRCLE('',#6430,4.);
#6430 = AXIS2_PLACEMENT_3D('',#6431,#6432,#6433);
#6431 = CARTESIAN_POINT('',(1.4365E+03,14.,38.));
#6432 = DIRECTION('',(0.,0.,1.));
#6433 = DIRECTION('',(0.,-1.,0.));
#6434 = PCURVE('',#6079,#6435);
#6435 = DEFINITIONAL_REPRESENTATION('',(#6436),#6440);
#6436 = CIRCLE('',#6437,4.);
#6437 = AXIS2_PLACEMENT_2D('',#6438,#6439);
#6438 = CARTESIAN_POINT('',(41.,32.));
#6439 = DIRECTION('',(0.,-1.));
#6440 = ( GEOMETRIC_REPRESENTATION_CONTEXT(2) 
PARAMETRIC_REPRESENTATION_CONTEXT() REPRESENTATION_CONTEXT('2D SPACE',''
  ) );
#6441 = PCURVE('',#5406,#6442);
#6442 = DEFINITIONAL_REPRESENTATION('',(#6443),#6447);
#6443 = LINE('',#6444,#6445);
#6444 = CARTESIAN_POINT('',(-1.570796326795,52.));
#6445 = VECTOR('',#6446,1.);
#6446 = DIRECTION('',(1.,0.));
#6447 = ( GEOMETRIC_REPRESENTATION_CONTEXT(2) 
PARAMETRIC_REPRESENTATION_CONTEXT() REPRESENTATION_CONTEXT('2D SPACE',''
  ) );
#6448 = ORIENTED_EDGE('',*,*,#6063,.F.);
#6449 = ORIENTED_EDGE('',*,*,#6115,.F.);
#6450 = ADVANCED_FACE('',(#6451),#6392,.T.);
#6451 = FACE_BOUND('',#6452,.T.);
#6452 = EDGE_LOOP('',(#6453,#6454,#6477,#6510));
#6453 = ORIENTED_EDGE('',*,*,#6371,.T.);
#6454 = ORIENTED_EDGE('',*,*,#6455,.F.);
#6455 = EDGE_CURVE('',#6456,#6349,#6458,.T.);
#6456 = VERTEX_POINT('',#6457);
#6457 = CARTESIAN_POINT('',(1.4365E+03,-18.,29.1));
#6458 = SURFACE_CURVE('',#6459,(#6463,#6470),.PCURVE_S1.);
#6459 = LINE('',#6460,#6461);
#6460 = CARTESIAN_POINT('',(1.4365E+03,-18.,-14.));
#6461 = VECTOR('',#6462,1.);
#6462 = DIRECTION('',(0.,0.,1.));
#6463 = PCURVE('',#6392,#6464);
#6464 = DEFINITIONAL_REPRESENTATION('',(#6465),#6469);
#6465 = LINE('',#6466,#6467);
#6466 = CARTESIAN_POINT('',(4.712388980385,0.));
#6467 = VECTOR('',#6468,1.);
#6468 = DIRECTION('',(-0.,1.));
#6469 = ( GEOMETRIC_REPRESENTATION_CONTEXT(2) 
PARAMETRIC_REPRESENTATION_CONTEXT() REPRESENTATION_CONTEXT('2D SPACE',''
  ) );
#6470 = PCURVE('',#5316,#6471);
#6471 = DEFINITIONAL_REPRESENTATION('',(#6472),#6476);
#6472 = LINE('',#6473,#6474);
#6473 = CARTESIAN_POINT('',(0.,41.));
#6474 = VECTOR('',#6475,1.);
#6475 = DIRECTION('',(1.,0.));
#6476 = ( GEOMETRIC_REPRESENTATION_CONTEXT(2) 
PARAMETRIC_REPRESENTATION_CONTEXT() REPRESENTATION_CONTEXT('2D SPACE',''
  ) );
#6477 = ORIENTED_EDGE('',*,*,#6478,.T.);
#6478 = EDGE_CURVE('',#6456,#6479,#6481,.T.);
#6479 = VERTEX_POINT('',#6480);
#6480 = CARTESIAN_POINT('',(1.4405E+03,-14.,29.1));
#6481 = SURFACE_CURVE('',#6482,(#6487,#6494),.PCURVE_S1.);
#6482 = CIRCLE('',#6483,4.);
#6483 = AXIS2_PLACEMENT_3D('',#6484,#6485,#6486);
#6484 = CARTESIAN_POINT('',(1.4365E+03,-14.,29.1));
#6485 = DIRECTION('',(0.,0.,1.));
#6486 = DIRECTION('',(0.,-1.,0.));
#6487 = PCURVE('',#6392,#6488);
#6488 = DEFINITIONAL_REPRESENTATION('',(#6489),#6493);
#6489 = LINE('',#6490,#6491);
#6490 = CARTESIAN_POINT('',(4.712388980385,43.1));
#6491 = VECTOR('',#6492,1.);
#6492 = DIRECTION('',(1.,-0.));
#6493 = ( GEOMETRIC_REPRESENTATION_CONTEXT(2) 
PARAMETRIC_REPRESENTATION_CONTEXT() REPRESENTATION_CONTEXT('2D SPACE',''
  ) );
#6494 = PCURVE('',#6495,#6500);
#6495 = PLANE('',#6496);
#6496 = AXIS2_PLACEMENT_3D('',#6497,#6498,#6499);
#6497 = CARTESIAN_POINT('',(1.406E+03,0.,29.1));
#6498 = DIRECTION('',(0.,0.,-1.));
#6499 = DIRECTION('',(0.,-1.,0.));
#6500 = DEFINITIONAL_REPRESENTATION('',(#6501),#6509);
#6501 = ( BOUNDED_CURVE() B_SPLINE_CURVE(2,(#6502,#6503,#6504,#6505,
#6506,#6507,#6508),.UNSPECIFIED.,.T.,.F.) B_SPLINE_CURVE_WITH_KNOTS((1,2
    ,2,2,2,1),(-2.094395102393,0.,2.094395102393,4.188790204786,
6.28318530718,8.377580409573),.UNSPECIFIED.) CURVE() 
GEOMETRIC_REPRESENTATION_ITEM() RATIONAL_B_SPLINE_CURVE((1.,0.5,1.,0.5,
1.,0.5,1.)) REPRESENTATION_ITEM('') );
#6502 = CARTESIAN_POINT('',(18.,-30.5));
#6503 = CARTESIAN_POINT('',(18.,-37.42820323027));
#6504 = CARTESIAN_POINT('',(12.,-33.96410161513));
#6505 = CARTESIAN_POINT('',(6.,-30.5));
#6506 = CARTESIAN_POINT('',(12.,-27.03589838486));
#6507 = CARTESIAN_POINT('',(18.,-23.57179676972));
#6508 = CARTESIAN_POINT('',(18.,-30.5));
#6509 = ( GEOMETRIC_REPRESENTATION_CONTEXT(2) 
PARAMETRIC_REPRESENTATION_CONTEXT() REPRESENTATION_CONTEXT('2D SPACE',''
  ) );
#6510 = ORIENTED_EDGE('',*,*,#6511,.T.);
#6511 = EDGE_CURVE('',#6479,#6372,#6512,.T.);
#6512 = SURFACE_CURVE('',#6513,(#6517,#6524),.PCURVE_S1.);
#6513 = LINE('',#6514,#6515);
#6514 = CARTESIAN_POINT('',(1.4405E+03,-14.,-14.));
#6515 = VECTOR('',#6516,1.);
#6516 = DIRECTION('',(0.,0.,1.));
#6517 = PCURVE('',#6392,#6518);
#6518 = DEFINITIONAL_REPRESENTATION('',(#6519),#6523);
#6519 = LINE('',#6520,#6521);
#6520 = CARTESIAN_POINT('',(6.28318530718,0.));
#6521 = VECTOR('',#6522,1.);
#6522 = DIRECTION('',(-0.,1.));
#6523 = ( GEOMETRIC_REPRESENTATION_CONTEXT(2) 
PARAMETRIC_REPRESENTATION_CONTEXT() REPRESENTATION_CONTEXT('2D SPACE',''
  ) );
#6524 = PCURVE('',#5377,#6525);
#6525 = DEFINITIONAL_REPRESENTATION('',(#6526),#6530);
#6526 = LINE('',#6527,#6528);
#6527 = CARTESIAN_POINT('',(0.,-4.));
#6528 = VECTOR('',#6529,1.);
#6529 = DIRECTION('',(1.,0.));
#6530 = ( GEOMETRIC_REPRESENTATION_CONTEXT(2) 
PARAMETRIC_REPRESENTATION_CONTEXT() REPRESENTATION_CONTEXT('2D SPACE',''
  ) );
#6531 = ADVANCED_FACE('',(#6532),#6495,.T.);
#6532 = FACE_BOUND('',#6533,.T.);
#6533 = EDGE_LOOP('',(#6534,#6564,#6592,#6613,#6614));
#6534 = ORIENTED_EDGE('',*,*,#6535,.F.);
#6535 = EDGE_CURVE('',#6536,#6538,#6540,.T.);
#6536 = VERTEX_POINT('',#6537);
#6537 = CARTESIAN_POINT('',(1.406E+03,0.,29.1));
#6538 = VERTEX_POINT('',#6539);
#6539 = CARTESIAN_POINT('',(1.406E+03,-18.,29.1));
#6540 = SURFACE_CURVE('',#6541,(#6545,#6552),.PCURVE_S1.);
#6541 = LINE('',#6542,#6543);
#6542 = CARTESIAN_POINT('',(1.406E+03,0.,29.1));
#6543 = VECTOR('',#6544,1.);
#6544 = DIRECTION('',(0.,-1.,0.));
#6545 = PCURVE('',#6495,#6546);
#6546 = DEFINITIONAL_REPRESENTATION('',(#6547),#6551);
#6547 = LINE('',#6548,#6549);
#6548 = CARTESIAN_POINT('',(0.,-0.));
#6549 = VECTOR('',#6550,1.);
#6550 = DIRECTION('',(1.,0.));
#6551 = ( GEOMETRIC_REPRESENTATION_CONTEXT(2) 
PARAMETRIC_REPRESENTATION_CONTEXT() REPRESENTATION_CONTEXT('2D SPACE',''
  ) );
#6552 = PCURVE('',#6553,#6558);
#6553 = PLANE('',#6554);
#6554 = AXIS2_PLACEMENT_3D('',#6555,#6556,#6557);
#6555 = CARTESIAN_POINT('',(1.406E+03,-19.,28.));
#6556 = DIRECTION('',(1.,0.,0.));
#6557 = DIRECTION('',(-0.,0.,1.));
#6558 = DEFINITIONAL_REPRESENTATION('',(#6559),#6563);
#6559 = LINE('',#6560,#6561);
#6560 = CARTESIAN_POINT('',(1.1,-19.));
#6561 = VECTOR('',#6562,1.);
#6562 = DIRECTION('',(0.,1.));
#6563 = ( GEOMETRIC_REPRESENTATION_CONTEXT(2) 
PARAMETRIC_REPRESENTATION_CONTEXT() REPRESENTATION_CONTEXT('2D SPACE',''
  ) );
#6564 = ORIENTED_EDGE('',*,*,#6565,.T.);
#6565 = EDGE_CURVE('',#6536,#6566,#6568,.T.);
#6566 = VERTEX_POINT('',#6567);
#6567 = CARTESIAN_POINT('',(1.4405E+03,0.,29.1));
#6568 = SURFACE_CURVE('',#6569,(#6573,#6580),.PCURVE_S1.);
#6569 = LINE('',#6570,#6571);
#6570 = CARTESIAN_POINT('',(1.406E+03,0.,29.1));
#6571 = VECTOR('',#6572,1.);
#6572 = DIRECTION('',(1.,0.,0.));
#6573 = PCURVE('',#6495,#6574);
#6574 = DEFINITIONAL_REPRESENTATION('',(#6575),#6579);
#6575 = LINE('',#6576,#6577);
#6576 = CARTESIAN_POINT('',(0.,-0.));
#6577 = VECTOR('',#6578,1.);
#6578 = DIRECTION('',(0.,-1.));
#6579 = ( GEOMETRIC_REPRESENTATION_CONTEXT(2) 
PARAMETRIC_REPRESENTATION_CONTEXT() REPRESENTATION_CONTEXT('2D SPACE',''
  ) );
#6580 = PCURVE('',#6581,#6586);
#6581 = PLANE('',#6582);
#6582 = AXIS2_PLACEMENT_3D('',#6583,#6584,#6585);
#6583 = CARTESIAN_POINT('',(1.422E+03,0.,26.9));
#6584 = DIRECTION('',(0.,-1.,0.));
#6585 = DIRECTION('',(0.,0.,1.));
#6586 = DEFINITIONAL_REPRESENTATION('',(#6587),#6591);
#6587 = LINE('',#6588,#6589);
#6588 = CARTESIAN_POINT('',(2.2,16.));
#6589 = VECTOR('',#6590,1.);
#6590 = DIRECTION('',(0.,-1.));
#6591 = ( GEOMETRIC_REPRESENTATION_CONTEXT(2) 
PARAMETRIC_REPRESENTATION_CONTEXT() REPRESENTATION_CONTEXT('2D SPACE',''
  ) );
#6592 = ORIENTED_EDGE('',*,*,#6593,.F.);
#6593 = EDGE_CURVE('',#6479,#6566,#6594,.T.);
#6594 = SURFACE_CURVE('',#6595,(#6599,#6606),.PCURVE_S1.);
#6595 = LINE('',#6596,#6597);
#6596 = CARTESIAN_POINT('',(1.4405E+03,-9.,29.1));
#6597 = VECTOR('',#6598,1.);
#6598 = DIRECTION('',(-0.,1.,0.));
#6599 = PCURVE('',#6495,#6600);
#6600 = DEFINITIONAL_REPRESENTATION('',(#6601),#6605);
#6601 = LINE('',#6602,#6603);
#6602 = CARTESIAN_POINT('',(9.,-34.5));
#6603 = VECTOR('',#6604,1.);
#6604 = DIRECTION('',(-1.,0.));
#6605 = ( GEOMETRIC_REPRESENTATION_CONTEXT(2) 
PARAMETRIC_REPRESENTATION_CONTEXT() REPRESENTATION_CONTEXT('2D SPACE',''
  ) );
#6606 = PCURVE('',#5377,#6607);
#6607 = DEFINITIONAL_REPRESENTATION('',(#6608),#6612);
#6608 = LINE('',#6609,#6610);
#6609 = CARTESIAN_POINT('',(43.1,-9.));
#6610 = VECTOR('',#6611,1.);
#6611 = DIRECTION('',(0.,-1.));
#6612 = ( GEOMETRIC_REPRESENTATION_CONTEXT(2) 
PARAMETRIC_REPRESENTATION_CONTEXT() REPRESENTATION_CONTEXT('2D SPACE',''
  ) );
#6613 = ORIENTED_EDGE('',*,*,#6478,.F.);
#6614 = ORIENTED_EDGE('',*,*,#6615,.T.);
#6615 = EDGE_CURVE('',#6456,#6538,#6616,.T.);
#6616 = SURFACE_CURVE('',#6617,(#6621,#6628),.PCURVE_S1.);
#6617 = LINE('',#6618,#6619);
#6618 = CARTESIAN_POINT('',(1.4365E+03,-18.,29.1));
#6619 = VECTOR('',#6620,1.);
#6620 = DIRECTION('',(-1.,0.,0.));
#6621 = PCURVE('',#6495,#6622);
#6622 = DEFINITIONAL_REPRESENTATION('',(#6623),#6627);
#6623 = LINE('',#6624,#6625);
#6624 = CARTESIAN_POINT('',(18.,-30.5));
#6625 = VECTOR('',#6626,1.);
#6626 = DIRECTION('',(0.,1.));
#6627 = ( GEOMETRIC_REPRESENTATION_CONTEXT(2) 
PARAMETRIC_REPRESENTATION_CONTEXT() REPRESENTATION_CONTEXT('2D SPACE',''
  ) );
#6628 = PCURVE('',#5316,#6629);
#6629 = DEFINITIONAL_REPRESENTATION('',(#6630),#6634);
#6630 = LINE('',#6631,#6632);
#6631 = CARTESIAN_POINT('',(43.1,41.));
#6632 = VECTOR('',#6633,1.);
#6633 = DIRECTION('',(0.,-1.));
#6634 = ( GEOMETRIC_REPRESENTATION_CONTEXT(2) 
PARAMETRIC_REPRESENTATION_CONTEXT() REPRESENTATION_CONTEXT('2D SPACE',''
  ) );
#6635 = ADVANCED_FACE('',(#6636),#6581,.T.);
#6636 = FACE_BOUND('',#6637,.T.);
#6637 = EDGE_LOOP('',(#6638,#6639,#6662,#6690));
#6638 = ORIENTED_EDGE('',*,*,#6565,.F.);
#6639 = ORIENTED_EDGE('',*,*,#6640,.F.);
#6640 = EDGE_CURVE('',#6641,#6536,#6643,.T.);
#6641 = VERTEX_POINT('',#6642);
#6642 = CARTESIAN_POINT('',(1.406E+03,0.,26.9));
#6643 = SURFACE_CURVE('',#6644,(#6648,#6655),.PCURVE_S1.);
#6644 = LINE('',#6645,#6646);
#6645 = CARTESIAN_POINT('',(1.406E+03,0.,26.9));
#6646 = VECTOR('',#6647,1.);
#6647 = DIRECTION('',(0.,0.,1.));
#6648 = PCURVE('',#6581,#6649);
#6649 = DEFINITIONAL_REPRESENTATION('',(#6650),#6654);
#6650 = LINE('',#6651,#6652);
#6651 = CARTESIAN_POINT('',(0.,16.));
#6652 = VECTOR('',#6653,1.);
#6653 = DIRECTION('',(1.,0.));
#6654 = ( GEOMETRIC_REPRESENTATION_CONTEXT(2) 
PARAMETRIC_REPRESENTATION_CONTEXT() REPRESENTATION_CONTEXT('2D SPACE',''
  ) );
#6655 = PCURVE('',#6553,#6656);
#6656 = DEFINITIONAL_REPRESENTATION('',(#6657),#6661);
#6657 = LINE('',#6658,#6659);
#6658 = CARTESIAN_POINT('',(-1.1,-19.));
#6659 = VECTOR('',#6660,1.);
#6660 = DIRECTION('',(1.,0.));
#6661 = ( GEOMETRIC_REPRESENTATION_CONTEXT(2) 
PARAMETRIC_REPRESENTATION_CONTEXT() REPRESENTATION_CONTEXT('2D SPACE',''
  ) );
#6662 = ORIENTED_EDGE('',*,*,#6663,.T.);
#6663 = EDGE_CURVE('',#6641,#6664,#6666,.T.);
#6664 = VERTEX_POINT('',#6665);
#6665 = CARTESIAN_POINT('',(1.4405E+03,0.,26.9));
#6666 = SURFACE_CURVE('',#6667,(#6671,#6678),.PCURVE_S1.);
#6667 = LINE('',#6668,#6669);
#6668 = CARTESIAN_POINT('',(1.406E+03,0.,26.9));
#6669 = VECTOR('',#6670,1.);
#6670 = DIRECTION('',(1.,0.,0.));
#6671 = PCURVE('',#6581,#6672);
#6672 = DEFINITIONAL_REPRESENTATION('',(#6673),#6677);
#6673 = LINE('',#6674,#6675);
#6674 = CARTESIAN_POINT('',(0.,16.));
#6675 = VECTOR('',#6676,1.);
#6676 = DIRECTION('',(0.,-1.));
#6677 = ( GEOMETRIC_REPRESENTATION_CONTEXT(2) 
PARAMETRIC_REPRESENTATION_CONTEXT() REPRESENTATION_CONTEXT('2D SPACE',''
  ) );
#6678 = PCURVE('',#6679,#6684);
#6679 = PLANE('',#6680);
#6680 = AXIS2_PLACEMENT_3D('',#6681,#6682,#6683);
#6681 = CARTESIAN_POINT('',(1.414E+03,-38.,26.9));
#6682 = DIRECTION('',(0.,0.,1.));
#6683 = DIRECTION('',(0.,1.,0.));
#6684 = DEFINITIONAL_REPRESENTATION('',(#6685),#6689);
#6685 = LINE('',#6686,#6687);
#6686 = CARTESIAN_POINT('',(38.,8.));
#6687 = VECTOR('',#6688,1.);
#6688 = DIRECTION('',(0.,-1.));
#6689 = ( GEOMETRIC_REPRESENTATION_CONTEXT(2) 
PARAMETRIC_REPRESENTATION_CONTEXT() REPRESENTATION_CONTEXT('2D SPACE',''
  ) );
#6690 = ORIENTED_EDGE('',*,*,#6691,.F.);
#6691 = EDGE_CURVE('',#6566,#6664,#6692,.T.);
#6692 = SURFACE_CURVE('',#6693,(#6697,#6704),.PCURVE_S1.);
#6693 = LINE('',#6694,#6695);
#6694 = CARTESIAN_POINT('',(1.4405E+03,0.,6.45));
#6695 = VECTOR('',#6696,1.);
#6696 = DIRECTION('',(0.,0.,-1.));
#6697 = PCURVE('',#6581,#6698);
#6698 = DEFINITIONAL_REPRESENTATION('',(#6699),#6703);
#6699 = LINE('',#6700,#6701);
#6700 = CARTESIAN_POINT('',(-20.45,-18.5));
#6701 = VECTOR('',#6702,1.);
#6702 = DIRECTION('',(-1.,0.));
#6703 = ( GEOMETRIC_REPRESENTATION_CONTEXT(2) 
PARAMETRIC_REPRESENTATION_CONTEXT() REPRESENTATION_CONTEXT('2D SPACE',''
  ) );
#6704 = PCURVE('',#5377,#6705);
#6705 = DEFINITIONAL_REPRESENTATION('',(#6706),#6710);
#6706 = LINE('',#6707,#6708);
#6707 = CARTESIAN_POINT('',(20.45,-18.));
#6708 = VECTOR('',#6709,1.);
#6709 = DIRECTION('',(-1.,0.));
#6710 = ( GEOMETRIC_REPRESENTATION_CONTEXT(2) 
PARAMETRIC_REPRESENTATION_CONTEXT() REPRESENTATION_CONTEXT('2D SPACE',''
  ) );
#6711 = ADVANCED_FACE('',(#6712),#6679,.T.);
#6712 = FACE_BOUND('',#6713,.T.);
#6713 = EDGE_LOOP('',(#6714,#6737,#6738,#6761,#6784));
#6714 = ORIENTED_EDGE('',*,*,#6715,.F.);
#6715 = EDGE_CURVE('',#6664,#6716,#6718,.T.);
#6716 = VERTEX_POINT('',#6717);
#6717 = CARTESIAN_POINT('',(1.4405E+03,-14.,26.9));
#6718 = SURFACE_CURVE('',#6719,(#6723,#6730),.PCURVE_S1.);
#6719 = LINE('',#6720,#6721);
#6720 = CARTESIAN_POINT('',(1.4405E+03,-28.,26.9));
#6721 = VECTOR('',#6722,1.);
#6722 = DIRECTION('',(0.,-1.,0.));
#6723 = PCURVE('',#6679,#6724);
#6724 = DEFINITIONAL_REPRESENTATION('',(#6725),#6729);
#6725 = LINE('',#6726,#6727);
#6726 = CARTESIAN_POINT('',(10.,-26.5));
#6727 = VECTOR('',#6728,1.);
#6728 = DIRECTION('',(-1.,0.));
#6729 = ( GEOMETRIC_REPRESENTATION_CONTEXT(2) 
PARAMETRIC_REPRESENTATION_CONTEXT() REPRESENTATION_CONTEXT('2D SPACE',''
  ) );
#6730 = PCURVE('',#5377,#6731);
#6731 = DEFINITIONAL_REPRESENTATION('',(#6732),#6736);
#6732 = LINE('',#6733,#6734);
#6733 = CARTESIAN_POINT('',(40.9,10.));
#6734 = VECTOR('',#6735,1.);
#6735 = DIRECTION('',(0.,1.));
#6736 = ( GEOMETRIC_REPRESENTATION_CONTEXT(2) 
PARAMETRIC_REPRESENTATION_CONTEXT() REPRESENTATION_CONTEXT('2D SPACE',''
  ) );
#6737 = ORIENTED_EDGE('',*,*,#6663,.F.);
#6738 = ORIENTED_EDGE('',*,*,#6739,.F.);
#6739 = EDGE_CURVE('',#6740,#6641,#6742,.T.);
#6740 = VERTEX_POINT('',#6741);
#6741 = CARTESIAN_POINT('',(1.406E+03,-18.,26.9));
#6742 = SURFACE_CURVE('',#6743,(#6747,#6754),.PCURVE_S1.);
#6743 = LINE('',#6744,#6745);
#6744 = CARTESIAN_POINT('',(1.406E+03,-38.,26.9));
#6745 = VECTOR('',#6746,1.);
#6746 = DIRECTION('',(0.,1.,0.));
#6747 = PCURVE('',#6679,#6748);
#6748 = DEFINITIONAL_REPRESENTATION('',(#6749),#6753);
#6749 = LINE('',#6750,#6751);
#6750 = CARTESIAN_POINT('',(0.,8.));
#6751 = VECTOR('',#6752,1.);
#6752 = DIRECTION('',(1.,0.));
#6753 = ( GEOMETRIC_REPRESENTATION_CONTEXT(2) 
PARAMETRIC_REPRESENTATION_CONTEXT() REPRESENTATION_CONTEXT('2D SPACE',''
  ) );
#6754 = PCURVE('',#6553,#6755);
#6755 = DEFINITIONAL_REPRESENTATION('',(#6756),#6760);
#6756 = LINE('',#6757,#6758);
#6757 = CARTESIAN_POINT('',(-1.1,19.));
#6758 = VECTOR('',#6759,1.);
#6759 = DIRECTION('',(0.,-1.));
#6760 = ( GEOMETRIC_REPRESENTATION_CONTEXT(2) 
PARAMETRIC_REPRESENTATION_CONTEXT() REPRESENTATION_CONTEXT('2D SPACE',''
  ) );
#6761 = ORIENTED_EDGE('',*,*,#6762,.T.);
#6762 = EDGE_CURVE('',#6740,#6763,#6765,.T.);
#6763 = VERTEX_POINT('',#6764);
#6764 = CARTESIAN_POINT('',(1.4365E+03,-18.,26.9));
#6765 = SURFACE_CURVE('',#6766,(#6770,#6777),.PCURVE_S1.);
#6766 = LINE('',#6767,#6768);
#6767 = CARTESIAN_POINT('',(1.406E+03,-18.,26.9));
#6768 = VECTOR('',#6769,1.);
#6769 = DIRECTION('',(1.,0.,0.));
#6770 = PCURVE('',#6679,#6771);
#6771 = DEFINITIONAL_REPRESENTATION('',(#6772),#6776);
#6772 = LINE('',#6773,#6774);
#6773 = CARTESIAN_POINT('',(20.,8.));
#6774 = VECTOR('',#6775,1.);
#6775 = DIRECTION('',(0.,-1.));
#6776 = ( GEOMETRIC_REPRESENTATION_CONTEXT(2) 
PARAMETRIC_REPRESENTATION_CONTEXT() REPRESENTATION_CONTEXT('2D SPACE',''
  ) );
#6777 = PCURVE('',#5316,#6778);
#6778 = DEFINITIONAL_REPRESENTATION('',(#6779),#6783);
#6779 = LINE('',#6780,#6781);
#6780 = CARTESIAN_POINT('',(40.9,10.5));
#6781 = VECTOR('',#6782,1.);
#6782 = DIRECTION('',(0.,1.));
#6783 = ( GEOMETRIC_REPRESENTATION_CONTEXT(2) 
PARAMETRIC_REPRESENTATION_CONTEXT() REPRESENTATION_CONTEXT('2D SPACE',''
  ) );
#6784 = ORIENTED_EDGE('',*,*,#6785,.T.);
#6785 = EDGE_CURVE('',#6763,#6716,#6786,.T.);
#6786 = SURFACE_CURVE('',#6787,(#6792,#6799),.PCURVE_S1.);
#6787 = CIRCLE('',#6788,4.);
#6788 = AXIS2_PLACEMENT_3D('',#6789,#6790,#6791);
#6789 = CARTESIAN_POINT('',(1.4365E+03,-14.,26.9));
#6790 = DIRECTION('',(0.,0.,1.));
#6791 = DIRECTION('',(0.,-1.,0.));
#6792 = PCURVE('',#6679,#6793);
#6793 = DEFINITIONAL_REPRESENTATION('',(#6794),#6798);
#6794 = CIRCLE('',#6795,4.);
#6795 = AXIS2_PLACEMENT_2D('',#6796,#6797);
#6796 = CARTESIAN_POINT('',(24.,-22.5));
#6797 = DIRECTION('',(-1.,0.));
#6798 = ( GEOMETRIC_REPRESENTATION_CONTEXT(2) 
PARAMETRIC_REPRESENTATION_CONTEXT() REPRESENTATION_CONTEXT('2D SPACE',''
  ) );
#6799 = PCURVE('',#5349,#6800);
#6800 = DEFINITIONAL_REPRESENTATION('',(#6801),#6805);
#6801 = LINE('',#6802,#6803);
#6802 = CARTESIAN_POINT('',(4.712388980385,40.9));
#6803 = VECTOR('',#6804,1.);
#6804 = DIRECTION('',(1.,-0.));
#6805 = ( GEOMETRIC_REPRESENTATION_CONTEXT(2) 
PARAMETRIC_REPRESENTATION_CONTEXT() REPRESENTATION_CONTEXT('2D SPACE',''
  ) );
#6806 = ADVANCED_FACE('',(#6807),#6553,.T.);
#6807 = FACE_BOUND('',#6808,.T.);
#6808 = EDGE_LOOP('',(#6809,#6830,#6831,#6832));
#6809 = ORIENTED_EDGE('',*,*,#6810,.T.);
#6810 = EDGE_CURVE('',#6538,#6740,#6811,.T.);
#6811 = SURFACE_CURVE('',#6812,(#6816,#6823),.PCURVE_S1.);
#6812 = LINE('',#6813,#6814);
#6813 = CARTESIAN_POINT('',(1.406E+03,-18.,7.));
#6814 = VECTOR('',#6815,1.);
#6815 = DIRECTION('',(0.,0.,-1.));
#6816 = PCURVE('',#6553,#6817);
#6817 = DEFINITIONAL_REPRESENTATION('',(#6818),#6822);
#6818 = LINE('',#6819,#6820);
#6819 = CARTESIAN_POINT('',(-21.,-1.));
#6820 = VECTOR('',#6821,1.);
#6821 = DIRECTION('',(-1.,0.));
#6822 = ( GEOMETRIC_REPRESENTATION_CONTEXT(2) 
PARAMETRIC_REPRESENTATION_CONTEXT() REPRESENTATION_CONTEXT('2D SPACE',''
  ) );
#6823 = PCURVE('',#5316,#6824);
#6824 = DEFINITIONAL_REPRESENTATION('',(#6825),#6829);
#6825 = LINE('',#6826,#6827);
#6826 = CARTESIAN_POINT('',(21.,10.5));
#6827 = VECTOR('',#6828,1.);
#6828 = DIRECTION('',(-1.,0.));
#6829 = ( GEOMETRIC_REPRESENTATION_CONTEXT(2) 
PARAMETRIC_REPRESENTATION_CONTEXT() REPRESENTATION_CONTEXT('2D SPACE',''
  ) );
#6830 = ORIENTED_EDGE('',*,*,#6739,.T.);
#6831 = ORIENTED_EDGE('',*,*,#6640,.T.);
#6832 = ORIENTED_EDGE('',*,*,#6535,.T.);
#6833 = ADVANCED_FACE('',(#6834),#5406,.T.);
#6834 = FACE_BOUND('',#6835,.T.);
#6835 = EDGE_LOOP('',(#6836,#6837,#6838,#6839));
#6836 = ORIENTED_EDGE('',*,*,#5389,.T.);
#6837 = ORIENTED_EDGE('',*,*,#6091,.T.);
#6838 = ORIENTED_EDGE('',*,*,#6427,.F.);
#6839 = ORIENTED_EDGE('',*,*,#6840,.F.);
#6840 = EDGE_CURVE('',#5362,#6405,#6841,.T.);
#6841 = SURFACE_CURVE('',#6842,(#6846,#6853),.PCURVE_S1.);
#6842 = LINE('',#6843,#6844);
#6843 = CARTESIAN_POINT('',(1.4405E+03,14.,-14.));
#6844 = VECTOR('',#6845,1.);
#6845 = DIRECTION('',(0.,0.,1.));
#6846 = PCURVE('',#5406,#6847);
#6847 = DEFINITIONAL_REPRESENTATION('',(#6848),#6852);
#6848 = LINE('',#6849,#6850);
#6849 = CARTESIAN_POINT('',(0.,0.));
#6850 = VECTOR('',#6851,1.);
#6851 = DIRECTION('',(0.,1.));
#6852 = ( GEOMETRIC_REPRESENTATION_CONTEXT(2) 
PARAMETRIC_REPRESENTATION_CONTEXT() REPRESENTATION_CONTEXT('2D SPACE',''
  ) );
#6853 = PCURVE('',#5377,#6854);
#6854 = DEFINITIONAL_REPRESENTATION('',(#6855),#6859);
#6855 = LINE('',#6856,#6857);
#6856 = CARTESIAN_POINT('',(0.,-32.));
#6857 = VECTOR('',#6858,1.);
#6858 = DIRECTION('',(1.,0.));
#6859 = ( GEOMETRIC_REPRESENTATION_CONTEXT(2) 
PARAMETRIC_REPRESENTATION_CONTEXT() REPRESENTATION_CONTEXT('2D SPACE',''
  ) );
#6860 = ADVANCED_FACE('',(#6861),#5377,.T.);
#6861 = FACE_BOUND('',#6862,.T.);
#6862 = EDGE_LOOP('',(#6863,#6864,#6865,#6866,#6867,#6868,#6889,#6890));
#6863 = ORIENTED_EDGE('',*,*,#6404,.F.);
#6864 = ORIENTED_EDGE('',*,*,#6511,.F.);
#6865 = ORIENTED_EDGE('',*,*,#6593,.T.);
#6866 = ORIENTED_EDGE('',*,*,#6691,.T.);
#6867 = ORIENTED_EDGE('',*,*,#6715,.T.);
#6868 = ORIENTED_EDGE('',*,*,#6869,.F.);
#6869 = EDGE_CURVE('',#5329,#6716,#6870,.T.);
#6870 = SURFACE_CURVE('',#6871,(#6875,#6882),.PCURVE_S1.);
#6871 = LINE('',#6872,#6873);
#6872 = CARTESIAN_POINT('',(1.4405E+03,-14.,-14.));
#6873 = VECTOR('',#6874,1.);
#6874 = DIRECTION('',(0.,0.,1.));
#6875 = PCURVE('',#5377,#6876);
#6876 = DEFINITIONAL_REPRESENTATION('',(#6877),#6881);
#6877 = LINE('',#6878,#6879);
#6878 = CARTESIAN_POINT('',(0.,-4.));
#6879 = VECTOR('',#6880,1.);
#6880 = DIRECTION('',(1.,0.));
#6881 = ( GEOMETRIC_REPRESENTATION_CONTEXT(2) 
PARAMETRIC_REPRESENTATION_CONTEXT() REPRESENTATION_CONTEXT('2D SPACE',''
  ) );
#6882 = PCURVE('',#5349,#6883);
#6883 = DEFINITIONAL_REPRESENTATION('',(#6884),#6888);
#6884 = LINE('',#6885,#6886);
#6885 = CARTESIAN_POINT('',(6.28318530718,0.));
#6886 = VECTOR('',#6887,1.);
#6887 = DIRECTION('',(-0.,1.));
#6888 = ( GEOMETRIC_REPRESENTATION_CONTEXT(2) 
PARAMETRIC_REPRESENTATION_CONTEXT() REPRESENTATION_CONTEXT('2D SPACE',''
  ) );
#6889 = ORIENTED_EDGE('',*,*,#5361,.T.);
#6890 = ORIENTED_EDGE('',*,*,#6840,.T.);
#6891 = ADVANCED_FACE('',(#6892),#5349,.T.);
#6892 = FACE_BOUND('',#6893,.T.);
#6893 = EDGE_LOOP('',(#6894,#6895,#6916,#6917));
#6894 = ORIENTED_EDGE('',*,*,#6785,.F.);
#6895 = ORIENTED_EDGE('',*,*,#6896,.F.);
#6896 = EDGE_CURVE('',#5301,#6763,#6897,.T.);
#6897 = SURFACE_CURVE('',#6898,(#6902,#6909),.PCURVE_S1.);
#6898 = LINE('',#6899,#6900);
#6899 = CARTESIAN_POINT('',(1.4365E+03,-18.,-14.));
#6900 = VECTOR('',#6901,1.);
#6901 = DIRECTION('',(0.,0.,1.));
#6902 = PCURVE('',#5349,#6903);
#6903 = DEFINITIONAL_REPRESENTATION('',(#6904),#6908);
#6904 = LINE('',#6905,#6906);
#6905 = CARTESIAN_POINT('',(4.712388980385,0.));
#6906 = VECTOR('',#6907,1.);
#6907 = DIRECTION('',(-0.,1.));
#6908 = ( GEOMETRIC_REPRESENTATION_CONTEXT(2) 
PARAMETRIC_REPRESENTATION_CONTEXT() REPRESENTATION_CONTEXT('2D SPACE',''
  ) );
#6909 = PCURVE('',#5316,#6910);
#6910 = DEFINITIONAL_REPRESENTATION('',(#6911),#6915);
#6911 = LINE('',#6912,#6913);
#6912 = CARTESIAN_POINT('',(0.,41.));
#6913 = VECTOR('',#6914,1.);
#6914 = DIRECTION('',(1.,0.));
#6915 = ( GEOMETRIC_REPRESENTATION_CONTEXT(2) 
PARAMETRIC_REPRESENTATION_CONTEXT() REPRESENTATION_CONTEXT('2D SPACE',''
  ) );
#6916 = ORIENTED_EDGE('',*,*,#5328,.F.);
#6917 = ORIENTED_EDGE('',*,*,#6869,.T.);
#6918 = ADVANCED_FACE('',(#6919),#5316,.F.);
#6919 = FACE_BOUND('',#6920,.F.);
#6920 = EDGE_LOOP('',(#6921,#6922,#6944,#6965,#6966,#6967,#6968,#6969,
    #6970,#6971));
#6921 = ORIENTED_EDGE('',*,*,#5300,.F.);
#6922 = ORIENTED_EDGE('',*,*,#6923,.T.);
#6923 = EDGE_CURVE('',#5268,#6924,#6926,.T.);
#6924 = VERTEX_POINT('',#6925);
#6925 = CARTESIAN_POINT('',(1.429582575695E+03,-18.,14.));
#6926 = SURFACE_CURVE('',#6927,(#6931,#6938),.PCURVE_S1.);
#6927 = LINE('',#6928,#6929);
#6928 = CARTESIAN_POINT('',(1.429582575695E+03,-18.,-14.));
#6929 = VECTOR('',#6930,1.);
#6930 = DIRECTION('',(0.,0.,1.));
#6931 = PCURVE('',#5316,#6932);
#6932 = DEFINITIONAL_REPRESENTATION('',(#6933),#6937);
#6933 = LINE('',#6934,#6935);
#6934 = CARTESIAN_POINT('',(0.,34.082575694956));
#6935 = VECTOR('',#6936,1.);
#6936 = DIRECTION('',(1.,0.));
#6937 = ( GEOMETRIC_REPRESENTATION_CONTEXT(2) 
PARAMETRIC_REPRESENTATION_CONTEXT() REPRESENTATION_CONTEXT('2D SPACE',''
  ) );
#6938 = PCURVE('',#5288,#6939);
#6939 = DEFINITIONAL_REPRESENTATION('',(#6940),#6943);
#6940 = B_SPLINE_CURVE_WITH_KNOTS('',1,(#6941,#6942),.UNSPECIFIED.,.F.,
  .F.,(2,2),(-5.999999999062E-07,28.0000006),.PIECEWISE_BEZIER_KNOTS.);
#6941 = CARTESIAN_POINT('',(5.871668461113,-5.999999999062E-07));
#6942 = CARTESIAN_POINT('',(5.871668461113,28.0000006));
#6943 = ( GEOMETRIC_REPRESENTATION_CONTEXT(2) 
PARAMETRIC_REPRESENTATION_CONTEXT() REPRESENTATION_CONTEXT('2D SPACE',''
  ) );
#6944 = ORIENTED_EDGE('',*,*,#6945,.T.);
#6945 = EDGE_CURVE('',#6924,#6275,#6946,.T.);
#6946 = SURFACE_CURVE('',#6947,(#6951,#6958),.PCURVE_S1.);
#6947 = LINE('',#6948,#6949);
#6948 = CARTESIAN_POINT('',(1.32275E+03,-18.,14.));
#6949 = VECTOR('',#6950,1.);
#6950 = DIRECTION('',(-1.,0.,0.));
#6951 = PCURVE('',#5316,#6952);
#6952 = DEFINITIONAL_REPRESENTATION('',(#6953),#6957);
#6953 = LINE('',#6954,#6955);
#6954 = CARTESIAN_POINT('',(28.,-72.75));
#6955 = VECTOR('',#6956,1.);
#6956 = DIRECTION('',(0.,-1.));
#6957 = ( GEOMETRIC_REPRESENTATION_CONTEXT(2) 
PARAMETRIC_REPRESENTATION_CONTEXT() REPRESENTATION_CONTEXT('2D SPACE',''
  ) );
#6958 = PCURVE('',#5117,#6959);
#6959 = DEFINITIONAL_REPRESENTATION('',(#6960),#6964);
#6960 = LINE('',#6961,#6962);
#6961 = CARTESIAN_POINT('',(72.75,3.));
#6962 = VECTOR('',#6963,1.);
#6963 = DIRECTION('',(-1.,0.));
#6964 = ( GEOMETRIC_REPRESENTATION_CONTEXT(2) 
PARAMETRIC_REPRESENTATION_CONTEXT() REPRESENTATION_CONTEXT('2D SPACE',''
  ) );
#6965 = ORIENTED_EDGE('',*,*,#6298,.T.);
#6966 = ORIENTED_EDGE('',*,*,#6348,.T.);
#6967 = ORIENTED_EDGE('',*,*,#6455,.F.);
#6968 = ORIENTED_EDGE('',*,*,#6615,.T.);
#6969 = ORIENTED_EDGE('',*,*,#6810,.T.);
#6970 = ORIENTED_EDGE('',*,*,#6762,.T.);
#6971 = ORIENTED_EDGE('',*,*,#6896,.F.);
#6972 = ADVANCED_FACE('',(#6973),#5288,.T.);
#6973 = FACE_BOUND('',#6974,.T.);
#6974 = EDGE_LOOP('',(#6975,#7003,#7024,#7025));
#6975 = ORIENTED_EDGE('',*,*,#6976,.T.);
#6976 = EDGE_CURVE('',#6924,#6977,#6979,.T.);
#6977 = VERTEX_POINT('',#6978);
#6978 = CARTESIAN_POINT('',(1.425E+03,-21.,14.));
#6979 = SURFACE_CURVE('',#6980,(#6985,#6992),.PCURVE_S1.);
#6980 = CIRCLE('',#6981,5.);
#6981 = AXIS2_PLACEMENT_3D('',#6982,#6983,#6984);
#6982 = CARTESIAN_POINT('',(1.425E+03,-16.,14.));
#6983 = DIRECTION('',(-0.,-0.,-1.));
#6984 = DIRECTION('',(0.,-1.,0.));
#6985 = PCURVE('',#5288,#6986);
#6986 = DEFINITIONAL_REPRESENTATION('',(#6987),#6991);
#6987 = LINE('',#6988,#6989);
#6988 = CARTESIAN_POINT('',(10.995574287565,28.));
#6989 = VECTOR('',#6990,1.);
#6990 = DIRECTION('',(-1.,0.));
#6991 = ( GEOMETRIC_REPRESENTATION_CONTEXT(2) 
PARAMETRIC_REPRESENTATION_CONTEXT() REPRESENTATION_CONTEXT('2D SPACE',''
  ) );
#6992 = PCURVE('',#5117,#6993);
#6993 = DEFINITIONAL_REPRESENTATION('',(#6994),#7002);
#6994 = ( BOUNDED_CURVE() B_SPLINE_CURVE(2,(#6995,#6996,#6997,#6998,
#6999,#7000,#7001),.UNSPECIFIED.,.T.,.F.) B_SPLINE_CURVE_WITH_KNOTS((1,2
    ,2,2,2,1),(-2.094395102393,0.,2.094395102393,4.188790204786,
6.28318530718,8.377580409573),.UNSPECIFIED.) CURVE() 
GEOMETRIC_REPRESENTATION_ITEM() RATIONAL_B_SPLINE_CURVE((1.,0.5,1.,0.5,
1.,0.5,1.)) REPRESENTATION_ITEM('') );
#6995 = CARTESIAN_POINT('',(175.,0.));
#6996 = CARTESIAN_POINT('',(166.33974596215,0.));
#6997 = CARTESIAN_POINT('',(170.66987298107,7.5));
#6998 = CARTESIAN_POINT('',(175.,15.));
#6999 = CARTESIAN_POINT('',(179.33012701892,7.5));
#7000 = CARTESIAN_POINT('',(183.66025403784,7.993605777301E-15));
#7001 = CARTESIAN_POINT('',(175.,0.));
#7002 = ( GEOMETRIC_REPRESENTATION_CONTEXT(2) 
PARAMETRIC_REPRESENTATION_CONTEXT() REPRESENTATION_CONTEXT('2D SPACE',''
  ) );
#7003 = ORIENTED_EDGE('',*,*,#7004,.F.);
#7004 = EDGE_CURVE('',#5240,#6977,#7005,.T.);
#7005 = SURFACE_CURVE('',#7006,(#7010,#7017),.PCURVE_S1.);
#7006 = LINE('',#7007,#7008);
#7007 = CARTESIAN_POINT('',(1.425E+03,-21.,-14.));
#7008 = VECTOR('',#7009,1.);
#7009 = DIRECTION('',(0.,0.,1.));
#7010 = PCURVE('',#5288,#7011);
#7011 = DEFINITIONAL_REPRESENTATION('',(#7012),#7016);
#7012 = LINE('',#7013,#7014);
#7013 = CARTESIAN_POINT('',(4.712388980385,0.));
#7014 = VECTOR('',#7015,1.);
#7015 = DIRECTION('',(-0.,1.));
#7016 = ( GEOMETRIC_REPRESENTATION_CONTEXT(2) 
PARAMETRIC_REPRESENTATION_CONTEXT() REPRESENTATION_CONTEXT('2D SPACE',''
  ) );
#7017 = PCURVE('',#5255,#7018);
#7018 = DEFINITIONAL_REPRESENTATION('',(#7019),#7023);
#7019 = LINE('',#7020,#7021);
#7020 = CARTESIAN_POINT('',(0.,175.));
#7021 = VECTOR('',#7022,1.);
#7022 = DIRECTION('',(1.,0.));
#7023 = ( GEOMETRIC_REPRESENTATION_CONTEXT(2) 
PARAMETRIC_REPRESENTATION_CONTEXT() REPRESENTATION_CONTEXT('2D SPACE',''
  ) );
#7024 = ORIENTED_EDGE('',*,*,#5267,.F.);
#7025 = ORIENTED_EDGE('',*,*,#6923,.T.);
#7026 = ADVANCED_FACE('',(#7027),#5255,.F.);
#7027 = FACE_BOUND('',#7028,.F.);
#7028 = EDGE_LOOP('',(#7029,#7030,#7053,#7074));
#7029 = ORIENTED_EDGE('',*,*,#5239,.F.);
#7030 = ORIENTED_EDGE('',*,*,#7031,.T.);
#7031 = EDGE_CURVE('',#5216,#7032,#7034,.T.);
#7032 = VERTEX_POINT('',#7033);
#7033 = CARTESIAN_POINT('',(1.255E+03,-21.,14.));
#7034 = SURFACE_CURVE('',#7035,(#7039,#7046),.PCURVE_S1.);
#7035 = LINE('',#7036,#7037);
#7036 = CARTESIAN_POINT('',(1.255E+03,-21.,-14.));
#7037 = VECTOR('',#7038,1.);
#7038 = DIRECTION('',(0.,0.,1.));
#7039 = PCURVE('',#5255,#7040);
#7040 = DEFINITIONAL_REPRESENTATION('',(#7041),#7045);
#7041 = LINE('',#7042,#7043);
#7042 = CARTESIAN_POINT('',(0.,5.));
#7043 = VECTOR('',#7044,1.);
#7044 = DIRECTION('',(1.,0.));
#7045 = ( GEOMETRIC_REPRESENTATION_CONTEXT(2) 
PARAMETRIC_REPRESENTATION_CONTEXT() REPRESENTATION_CONTEXT('2D SPACE',''
  ) );
#7046 = PCURVE('',#5145,#7047);
#7047 = DEFINITIONAL_REPRESENTATION('',(#7048),#7052);
#7048 = LINE('',#7049,#7050);
#7049 = CARTESIAN_POINT('',(1.570796326795,0.));
#7050 = VECTOR('',#7051,1.);
#7051 = DIRECTION('',(0.,1.));
#7052 = ( GEOMETRIC_REPRESENTATION_CONTEXT(2) 
PARAMETRIC_REPRESENTATION_CONTEXT() REPRESENTATION_CONTEXT('2D SPACE',''
  ) );
#7053 = ORIENTED_EDGE('',*,*,#7054,.T.);
#7054 = EDGE_CURVE('',#7032,#6977,#7055,.T.);
#7055 = SURFACE_CURVE('',#7056,(#7060,#7067),.PCURVE_S1.);
#7056 = LINE('',#7057,#7058);
#7057 = CARTESIAN_POINT('',(1.25E+03,-21.,14.));
#7058 = VECTOR('',#7059,1.);
#7059 = DIRECTION('',(1.,0.,0.));
#7060 = PCURVE('',#5255,#7061);
#7061 = DEFINITIONAL_REPRESENTATION('',(#7062),#7066);
#7062 = LINE('',#7063,#7064);
#7063 = CARTESIAN_POINT('',(28.,0.));
#7064 = VECTOR('',#7065,1.);
#7065 = DIRECTION('',(0.,1.));
#7066 = ( GEOMETRIC_REPRESENTATION_CONTEXT(2) 
PARAMETRIC_REPRESENTATION_CONTEXT() REPRESENTATION_CONTEXT('2D SPACE',''
  ) );
#7067 = PCURVE('',#5117,#7068);
#7068 = DEFINITIONAL_REPRESENTATION('',(#7069),#7073);
#7069 = LINE('',#7070,#7071);
#7070 = CARTESIAN_POINT('',(0.,0.));
#7071 = VECTOR('',#7072,1.);
#7072 = DIRECTION('',(1.,0.));
#7073 = ( GEOMETRIC_REPRESENTATION_CONTEXT(2) 
PARAMETRIC_REPRESENTATION_CONTEXT() REPRESENTATION_CONTEXT('2D SPACE',''
  ) );
#7074 = ORIENTED_EDGE('',*,*,#7004,.F.);
#7075 = ADVANCED_FACE('',(#7076),#5199,.T.);
#7076 = FACE_BOUND('',#7077,.T.);
#7077 = EDGE_LOOP('',(#7078,#7079,#7105,#7106));
#7078 = ORIENTED_EDGE('',*,*,#5185,.T.);
#7079 = ORIENTED_EDGE('',*,*,#7080,.T.);
#7080 = EDGE_CURVE('',#5097,#5892,#7081,.T.);
#7081 = SURFACE_CURVE('',#7082,(#7087,#7094),.PCURVE_S1.);
#7082 = CIRCLE('',#7083,5.);
#7083 = AXIS2_PLACEMENT_3D('',#7084,#7085,#7086);
#7084 = CARTESIAN_POINT('',(1.255E+03,16.,14.));
#7085 = DIRECTION('',(-0.,-0.,-1.));
#7086 = DIRECTION('',(0.,-1.,0.));
#7087 = PCURVE('',#5199,#7088);
#7088 = DEFINITIONAL_REPRESENTATION('',(#7089),#7093);
#7089 = LINE('',#7090,#7091);
#7090 = CARTESIAN_POINT('',(7.853981633975,28.));
#7091 = VECTOR('',#7092,1.);
#7092 = DIRECTION('',(-1.,0.));
#7093 = ( GEOMETRIC_REPRESENTATION_CONTEXT(2) 
PARAMETRIC_REPRESENTATION_CONTEXT() REPRESENTATION_CONTEXT('2D SPACE',''
  ) );
#7094 = PCURVE('',#5117,#7095);
#7095 = DEFINITIONAL_REPRESENTATION('',(#7096),#7104);
#7096 = ( BOUNDED_CURVE() B_SPLINE_CURVE(2,(#7097,#7098,#7099,#7100,
#7101,#7102,#7103),.UNSPECIFIED.,.T.,.F.) B_SPLINE_CURVE_WITH_KNOTS((1,2
    ,2,2,2,1),(-2.094395102393,0.,2.094395102393,4.188790204786,
6.28318530718,8.377580409573),.UNSPECIFIED.) CURVE() 
GEOMETRIC_REPRESENTATION_ITEM() RATIONAL_B_SPLINE_CURVE((1.,0.5,1.,0.5,
1.,0.5,1.)) REPRESENTATION_ITEM('') );
#7097 = CARTESIAN_POINT('',(5.,32.));
#7098 = CARTESIAN_POINT('',(-3.660254037844,32.));
#7099 = CARTESIAN_POINT('',(0.669872981078,39.5));
#7100 = CARTESIAN_POINT('',(5.,47.));
#7101 = CARTESIAN_POINT('',(9.330127018922,39.5));
#7102 = CARTESIAN_POINT('',(13.660254037844,32.));
#7103 = CARTESIAN_POINT('',(5.,32.));
#7104 = ( GEOMETRIC_REPRESENTATION_CONTEXT(2) 
PARAMETRIC_REPRESENTATION_CONTEXT() REPRESENTATION_CONTEXT('2D SPACE',''
  ) );
#7105 = ORIENTED_EDGE('',*,*,#5891,.F.);
#7106 = ORIENTED_EDGE('',*,*,#5503,.F.);
#7107 = ADVANCED_FACE('',(#7108),#5145,.T.);
#7108 = FACE_BOUND('',#7109,.T.);
#7109 = EDGE_LOOP('',(#7110,#7111,#7112,#7134));
#7110 = ORIENTED_EDGE('',*,*,#5215,.T.);
#7111 = ORIENTED_EDGE('',*,*,#7031,.T.);
#7112 = ORIENTED_EDGE('',*,*,#7113,.F.);
#7113 = EDGE_CURVE('',#5095,#7032,#7114,.T.);
#7114 = SURFACE_CURVE('',#7115,(#7120,#7127),.PCURVE_S1.);
#7115 = CIRCLE('',#7116,5.);
#7116 = AXIS2_PLACEMENT_3D('',#7117,#7118,#7119);
#7117 = CARTESIAN_POINT('',(1.255E+03,-16.,14.));
#7118 = DIRECTION('',(0.,0.,1.));
#7119 = DIRECTION('',(0.,-1.,0.));
#7120 = PCURVE('',#5145,#7121);
#7121 = DEFINITIONAL_REPRESENTATION('',(#7122),#7126);
#7122 = LINE('',#7123,#7124);
#7123 = CARTESIAN_POINT('',(-4.712388980385,28.));
#7124 = VECTOR('',#7125,1.);
#7125 = DIRECTION('',(1.,0.));
#7126 = ( GEOMETRIC_REPRESENTATION_CONTEXT(2) 
PARAMETRIC_REPRESENTATION_CONTEXT() REPRESENTATION_CONTEXT('2D SPACE',''
  ) );
#7127 = PCURVE('',#5117,#7128);
#7128 = DEFINITIONAL_REPRESENTATION('',(#7129),#7133);
#7129 = CIRCLE('',#7130,5.);
#7130 = AXIS2_PLACEMENT_2D('',#7131,#7132);
#7131 = CARTESIAN_POINT('',(5.,5.));
#7132 = DIRECTION('',(0.,-1.));
#7133 = ( GEOMETRIC_REPRESENTATION_CONTEXT(2) 
PARAMETRIC_REPRESENTATION_CONTEXT() REPRESENTATION_CONTEXT('2D SPACE',''
  ) );
#7134 = ORIENTED_EDGE('',*,*,#5129,.F.);
#7135 = ADVANCED_FACE('',(#7136,#7150,#7153),#5117,.T.);
#7136 = FACE_BOUND('',#7137,.T.);
#7137 = EDGE_LOOP('',(#7138,#7139,#7140,#7141,#7142,#7143,#7144,#7145,
    #7146,#7147,#7148,#7149));
#7138 = ORIENTED_EDGE('',*,*,#5094,.F.);
#7139 = ORIENTED_EDGE('',*,*,#7113,.T.);
#7140 = ORIENTED_EDGE('',*,*,#7054,.T.);
#7141 = ORIENTED_EDGE('',*,*,#6976,.F.);
#7142 = ORIENTED_EDGE('',*,*,#6945,.T.);
#7143 = ORIENTED_EDGE('',*,*,#6274,.F.);
#7144 = ORIENTED_EDGE('',*,*,#6248,.T.);
#7145 = ORIENTED_EDGE('',*,*,#6144,.F.);
#7146 = ORIENTED_EDGE('',*,*,#6012,.F.);
#7147 = ORIENTED_EDGE('',*,*,#5985,.T.);
#7148 = ORIENTED_EDGE('',*,*,#5914,.F.);
#7149 = ORIENTED_EDGE('',*,*,#7080,.F.);
#7150 = FACE_BOUND('',#7151,.T.);
#7151 = EDGE_LOOP('',(#7152));
#7152 = ORIENTED_EDGE('',*,*,#5860,.T.);
#7153 = FACE_BOUND('',#7154,.T.);
#7154 = EDGE_LOOP('',(#7155));
#7155 = ORIENTED_EDGE('',*,*,#5716,.T.);
#7156 = ( GEOMETRIC_REPRESENTATION_CONTEXT(3) 
GLOBAL_UNCERTAINTY_ASSIGNED_CONTEXT((#7160)) 
GLOBAL_UNIT_ASSIGNED_CONTEXT((#7157,#7158,#7159)) REPRESENTATION_CONTEXT
('Context #1','3D Context with UNIT and UNCERTAINTY') );
#7157 = ( LENGTH_UNIT() NAMED_UNIT(*) SI_UNIT(.MILLI.,.METRE.) );
#7158 = ( NAMED_UNIT(*) PLANE_ANGLE_UNIT() SI_UNIT($,.RADIAN.) );
#7159 = ( NAMED_UNIT(*) SI_UNIT($,.STERADIAN.) SOLID_ANGLE_UNIT() );
#7160 = UNCERTAINTY_MEASURE_WITH_UNIT(LENGTH_MEASURE(1.E-07),#7157,
  'distance_accuracy_value','confusion accuracy');
#7161 = CONTEXT_DEPENDENT_SHAPE_REPRESENTATION(#7162,#7164);
#7162 = ( REPRESENTATION_RELATIONSHIP('','',#5087,#10) 
REPRESENTATION_RELATIONSHIP_WITH_TRANSFORMATION(#7163) 
SHAPE_REPRESENTATION_RELATIONSHIP() );
#7163 = ITEM_DEFINED_TRANSFORMATION('','',#11,#27);
#7164 = PRODUCT_DEFINITION_SHAPE('Placement','Placement of an item',
  #7165);
#7165 = NEXT_ASSEMBLY_USAGE_OCCURRENCE('12','','',#5,#5082,$);
#7166 = PRODUCT_RELATED_PRODUCT_CATEGORY('part',$,(#5084));
ENDSEC;
END-ISO-10303-21;
