999
cadpy:sourcePath=总装图_Overall_Assembly.py
999
cadpy:sourceHash=b4eee1e75a1f6bfc58a65800de91b9bd174aace7efaac79c837d9fd5dab25f22
  0
SECTION
  2
HEADER
  9
$ACADVER
  1
AC1027
  9
$ACADMAINTVER
 70
105
  9
$DWGCODEPAGE
  3
ANSI_1252
  9
$LASTSAVEDBY
  1
ezdxf
  9
$REQUIREDVERSIONS
160
0
  9
$INSBASE
 10
0.0
 20
0.0
 30
0.0
  9
$EXTMIN
 10
1e+20
 20
1e+20
 30
1e+20
  9
$EXTMAX
 10
-1e+20
 20
-1e+20
 30
-1e+20
  9
$LIMMIN
 10
0.0
 20
0.0
  9
$LIMMAX
 10
420.0
 20
297.0
  9
$ORTHOMODE
 70
0
  9
$REGENMODE
 70
1
  9
$FILLMODE
 70
1
  9
$QTEXTMODE
 70
0
  9
$MIRRTEXT
 70
1
  9
$LTSCALE
 40
1.0
  9
$ATTMODE
 70
1
  9
$TEXTSIZE
 40
2.5
  9
$TRACEWID
 40
1.0
  9
$TEXTSTYLE
  7
OpenSans
  9
$CLAYER
  8
0
  9
$CELTYPE
  6
ByLayer
  9
$CECOLOR
 62
256
  9
$CELTSCALE
 40
1.0
  9
$DISPSILH
 70
0
  9
$DIMSCALE
 40
1.0
  9
$DIMASZ
 40
0.175
  9
$DIMEXO
 40
0.125
  9
$DIMDLI
 40
3.75
  9
$DIMRND
 40
0.0
  9
$DIMDLE
 40
0.0
  9
$DIMEXE
 40
0.375
  9
$DIMTP
 40
0.0
  9
$DIMTM
 40
0.0
  9
$DIMTXT
 40
0.25
  9
$DIMCEN
 40
2.5
  9
$DIMTSZ
 40
0.0
  9
$DIMTOL
 70
0
  9
$DIMLIM
 70
0
  9
$DIMTIH
 70
0
  9
$DIMTOH
 70
0
  9
$DIMSE1
 70
0
  9
$DIMSE2
 70
0
  9
$DIMTAD
 70
1
  9
$DIMZIN
 70
12
  9
$DIMBLK
  1
ARCHTICK
  9
$DIMASO
 70
1
  9
$DIMSHO
 70
1
  9
$DIMPOST
  1

  9
$DIMAPOST
  1

  9
$DIMALT
 70
0
  9
$DIMALTD
 70
3
  9
$DIMALTF
 40
0.03937007874
  9
$DIMLFAC
 40
100.0
  9
$DIMTOFL
 70
1
  9
$DIMTVP
 40
0.0
  9
$DIMTIX
 70
0
  9
$DIMSOXD
 70
0
  9
$DIMSAH
 70
0
  9
$DIMBLK1
  1

  9
$DIMBLK2
  1

  9
$DIMSTYLE
  2
EZDXF
  9
$DIMCLRD
 70
0
  9
$DIMCLRE
 70
0
  9
$DIMCLRT
 70
0
  9
$DIMTFAC
 40
0.5
  9
$DIMGAP
 40
0.1
  9
$DIMJUST
 70
0
  9
$DIMSD1
 70
0
  9
$DIMSD2
 70
0
  9
$DIMTOLJ
 70
0
  9
$DIMTZIN
 70
8
  9
$DIMALTZ
 70
0
  9
$DIMALTTZ
 70
0
  9
$DIMUPT
 70
1
  9
$DIMDEC
 70
2
  9
$DIMTDEC
 70
2
  9
$DIMALTU
 70
2
  9
$DIMALTTD
 70
3
  9
$DIMTXSTY
  7
OpenSansCondensed-Light
  9
$DIMAUNIT
 70
0
  9
$DIMADEC
 70
2
  9
$DIMALTRND
 40
0.0
  9
$DIMAZIN
 70
3
  9
$DIMDSEP
 70
46
  9
$DIMATFIT
 70
3
  9
$DIMFRAC
 70
0
  9
$DIMLDRBLK
  1

  9
$DIMLUNIT
 70
2
  9
$DIMLWD
 70
-2
  9
$DIMLWE
 70
-2
  9
$DIMTMOVE
 70
2
  9
$DIMFXL
 40
1.0
  9
$DIMFXLON
 70
0
  9
$DIMJOGANG
 40
0.785398163397
  9
$DIMTFILL
 70
0
  9
$DIMTFILLCLR
 70
0
  9
$DIMARCSYM
 70
0
  9
$DIMLTYPE
  6

  9
$DIMLTEX1
  6

  9
$DIMLTEX2
  6

  9
$DIMTXTDIRECTION
 70
0
  9
$LUNITS
 70
2
  9
$LUPREC
 70
4
  9
$SKETCHINC
 40
1.0
  9
$FILLETRAD
 40
10.0
  9
$AUNITS
 70
0
  9
$AUPREC
 70
2
  9
$MENU
  1
.
  9
$ELEVATION
 40
0.0
  9
$PELEVATION
 40
0.0
  9
$THICKNESS
 40
0.0
  9
$LIMCHECK
 70
0
  9
$CHAMFERA
 40
0.0
  9
$CHAMFERB
 40
0.0
  9
$CHAMFERC
 40
0.0
  9
$CHAMFERD
 40
0.0
  9
$SKPOLY
 70
0
  9
$TDCREATE
 40
2461238.038252315
  9
$TDUCREATE
 40
2458532.153996898
  9
$TDUPDATE
 40
2461238.038275463
  9
$TDUUPDATE
 40
2458532.1544311
  9
$TDINDWG
 40
0.0
  9
$TDUSRTIMER
 40
0.0
  9
$USRTIMER
 70
1
  9
$ANGBASE
 50
0.0
  9
$ANGDIR
 70
0
  9
$PDMODE
 70
0
  9
$PDSIZE
 40
0.0
  9
$PLINEWID
 40
0.0
  9
$SPLFRAME
 70
0
  9
$SPLINETYPE
 70
6
  9
$SPLINESEGS
 70
8
  9
$HANDSEED
  5
7ED
  9
$SURFTAB1
 70
6
  9
$SURFTAB2
 70
6
  9
$SURFTYPE
 70
6
  9
$SURFU
 70
6
  9
$SURFV
 70
6
  9
$UCSBASE
  2

  9
$UCSNAME
  2

  9
$UCSORG
 10
0.0
 20
0.0
 30
0.0
  9
$UCSXDIR
 10
1.0
 20
0.0
 30
0.0
  9
$UCSYDIR
 10
0.0
 20
1.0
 30
0.0
  9
$UCSORTHOREF
  2

  9
$UCSORTHOVIEW
 70
0
  9
$UCSORGTOP
 10
0.0
 20
0.0
 30
0.0
  9
$UCSORGBOTTOM
 10
0.0
 20
0.0
 30
0.0
  9
$UCSORGLEFT
 10
0.0
 20
0.0
 30
0.0
  9
$UCSORGRIGHT
 10
0.0
 20
0.0
 30
0.0
  9
$UCSORGFRONT
 10
0.0
 20
0.0
 30
0.0
  9
$UCSORGBACK
 10
0.0
 20
0.0
 30
0.0
  9
$PUCSBASE
  2

  9
$PUCSNAME
  2

  9
$PUCSORG
 10
0.0
 20
0.0
 30
0.0
  9
$PUCSXDIR
 10
1.0
 20
0.0
 30
0.0
  9
$PUCSYDIR
 10
0.0
 20
1.0
 30
0.0
  9
$PUCSORTHOREF
  2

  9
$PUCSORTHOVIEW
 70
0
  9
$PUCSORGTOP
 10
0.0
 20
0.0
 30
0.0
  9
$PUCSORGBOTTOM
 10
0.0
 20
0.0
 30
0.0
  9
$PUCSORGLEFT
 10
0.0
 20
0.0
 30
0.0
  9
$PUCSORGRIGHT
 10
0.0
 20
0.0
 30
0.0
  9
$PUCSORGFRONT
 10
0.0
 20
0.0
 30
0.0
  9
$PUCSORGBACK
 10
0.0
 20
0.0
 30
0.0
  9
$USERI1
 70
0
  9
$USERI2
 70
0
  9
$USERI3
 70
0
  9
$USERI4
 70
0
  9
$USERI5
 70
0
  9
$USERR1
 40
0.0
  9
$USERR2
 40
0.0
  9
$USERR3
 40
0.0
  9
$USERR4
 40
0.0
  9
$USERR5
 40
0.0
  9
$WORLDVIEW
 70
1
  9
$SHADEDGE
 70
3
  9
$SHADEDIF
 70
70
  9
$TILEMODE
 70
1
  9
$MAXACTVP
 70
64
  9
$PINSBASE
 10
0.0
 20
0.0
 30
0.0
  9
$PLIMCHECK
 70
0
  9
$PEXTMIN
 10
1e+20
 20
1e+20
 30
1e+20
  9
$PEXTMAX
 10
-1e+20
 20
-1e+20
 30
-1e+20
  9
$PLIMMIN
 10
0.0
 20
0.0
  9
$PLIMMAX
 10
420.0
 20
297.0
  9
$UNITMODE
 70
0
  9
$VISRETAIN
 70
1
  9
$PLINEGEN
 70
0
  9
$PSLTSCALE
 70
1
  9
$TREEDEPTH
 70
3020
  9
$CMLSTYLE
  2
Standard
  9
$CMLJUST
 70
0
  9
$CMLSCALE
 40
20.0
  9
$PROXYGRAPHICS
 70
1
  9
$MEASUREMENT
 70
1
  9
$CELWEIGHT
370
-1
  9
$ENDCAPS
280
0
  9
$JOINSTYLE
280
0
  9
$LWDISPLAY
290
0
  9
$INSUNITS
 70
4
  9
$HYPERLINKBASE
  1

  9
$STYLESHEET
  1

  9
$XEDIT
290
1
  9
$CEPSNTYPE
380
0
  9
$PSTYLEMODE
290
1
  9
$FINGERPRINTGUID
  2
{B0E4E985-61FB-47C4-A814-6D937D1CEA3C}
  9
$VERSIONGUID
  2
{0BD19A16-B1B3-42A3-8F0E-06436A46189E}
  9
$EXTNAMES
290
1
  9
$PSVPSCALE
 40
0.0
  9
$OLESTARTUP
290
0
  9
$SORTENTS
280
127
  9
$INDEXCTL
280
0
  9
$HIDETEXT
280
1
  9
$XCLIPFRAME
280
1
  9
$HALOGAP
280
0
  9
$OBSCOLOR
 70
257
  9
$OBSLTYPE
280
0
  9
$INTERSECTIONDISPLAY
280
0
  9
$INTERSECTIONCOLOR
 70
257
  9
$DIMASSOC
280
2
  9
$PROJECTNAME
  1

  9
$CAMERADISPLAY
290
0
  9
$LENSLENGTH
 40
50.0
  9
$CAMERAHEIGHT
 40
0.0
  9
$STEPSPERSEC
 40
24.0
  9
$STEPSIZE
 40
100.0
  9
$3DDWFPREC
 40
2.0
  9
$PSOLWIDTH
 40
0.005
  9
$PSOLHEIGHT
 40
0.08
  9
$LOFTANG1
 40
1.570796326795
  9
$LOFTANG2
 40
1.570796326795
  9
$LOFTMAG1
 40
0.0
  9
$LOFTMAG2
 40
0.0
  9
$LOFTPARAM
 70
7
  9
$LOFTNORMALS
280
1
  9
$LATITUDE
 40
37.795
  9
$LONGITUDE
 40
-122.394
  9
$NORTHDIRECTION
 40
0.0
  9
$TIMEZONE
 70
-8000
  9
$LIGHTGLYPHDISPLAY
280
1
  9
$TILEMODELIGHTSYNCH
280
1
  9
$CMATERIAL
347
20
  9
$SOLIDHIST
280
0
  9
$SHOWHIST
280
1
  9
$DWFFRAME
280
2
  9
$DGNFRAME
280
2
  9
$REALWORLDSCALE
290
1
  9
$INTERFERECOLOR
 62
256
  9
$CSHADOW
280
0
  9
$SHADOWPLANELOCATION
 40
0.0
  0
ENDSEC
  0
SECTION
  2
CLASSES
  0
CLASS
  1
ACDBDICTIONARYWDFLT
  2
AcDbDictionaryWithDefault
  3
ObjectDBX Classes
 90
0
 91
0
280
0
281
0
  0
CLASS
  1
SUN
  2
AcDbSun
  3
SCENEOE
 90
1153
 91
0
280
0
281
0
  0
CLASS
  1
VISUALSTYLE
  2
AcDbVisualStyle
  3
ObjectDBX Classes
 90
4095
 91
0
280
0
281
0
  0
CLASS
  1
MATERIAL
  2
AcDbMaterial
  3
ObjectDBX Classes
 90
1153
 91
0
280
0
281
0
  0
CLASS
  1
SCALE
  2
AcDbScale
  3
ObjectDBX Classes
 90
1153
 91
0
280
0
281
0
  0
CLASS
  1
TABLESTYLE
  2
AcDbTableStyle
  3
ObjectDBX Classes
 90
4095
 91
0
280
0
281
0
  0
CLASS
  1
MLEADERSTYLE
  2
AcDbMLeaderStyle
  3
ACDB_MLEADERSTYLE_CLASS
 90
4095
 91
0
280
0
281
0
  0
CLASS
  1
DICTIONARYVAR
  2
AcDbDictionaryVar
  3
ObjectDBX Classes
 90
0
 91
0
280
0
281
0
  0
CLASS
  1
CELLSTYLEMAP
  2
AcDbCellStyleMap
  3
ObjectDBX Classes
 90
1152
 91
0
280
0
281
0
  0
CLASS
  1
MENTALRAYRENDERSETTINGS
  2
AcDbMentalRayRenderSettings
  3
SCENEOE
 90
1024
 91
0
280
0
281
0
  0
CLASS
  1
ACDBDETAILVIEWSTYLE
  2
AcDbDetailViewStyle
  3
ObjectDBX Classes
 90
1025
 91
0
280
0
281
0
  0
CLASS
  1
ACDBSECTIONVIEWSTYLE
  2
AcDbSectionViewStyle
  3
ObjectDBX Classes
 90
1025
 91
0
280
0
281
0
  0
CLASS
  1
RASTERVARIABLES
  2
AcDbRasterVariables
  3
ISM
 90
0
 91
0
280
0
281
0
  0
CLASS
  1
ACDBPLACEHOLDER
  2
AcDbPlaceHolder
  3
ObjectDBX Classes
 90
0
 91
0
280
0
281
0
  0
CLASS
  1
LAYOUT
  2
AcDbLayout
  3
ObjectDBX Classes
 90
0
 91
0
280
0
281
0
  0
ENDSEC
  0
SECTION
  2
TABLES
  0
TABLE
  2
VPORT
  5
8
330
0
100
AcDbSymbolTable
 70
1
  0
VPORT
  5
23
330
8
100
AcDbSymbolTableRecord
100
AcDbViewportTableRecord
  2
*Active
 70
0
 10
0.0
 20
0.0
 11
1.0
 21
1.0
 12
0.0
 22
0.0
 13
0.0
 23
0.0
 14
0.5
 24
0.5
 15
0.5
 25
0.5
 16
0.0
 26
0.0
 36
1.0
 17
0.0
 27
0.0
 37
0.0
 40
1000.0
 41
1.34
 42
50.0
 43
0.0
 44
0.0
 50
0.0
 51
0.0
 71
0
 72
1000
 73
1
 74
3
 75
0
 76
0
 77
0
 78
0
281
0
 65
0
146
0.0
  0
ENDTAB
  0
TABLE
  2
LTYPE
  5
2
330
0
100
AcDbSymbolTable
 70
21
  0
LTYPE
  5
24
330
2
100
AcDbSymbolTableRecord
100
AcDbLinetypeTableRecord
  2
ByBlock
 70
0
  3

 72
65
 73
0
 40
0.0
  0
LTYPE
  5
25
330
2
100
AcDbSymbolTableRecord
100
AcDbLinetypeTableRecord
  2
ByLayer
 70
0
  3

 72
65
 73
0
 40
0.0
  0
LTYPE
  5
26
330
2
100
AcDbSymbolTableRecord
100
AcDbLinetypeTableRecord
  2
Continuous
 70
0
  3

 72
65
 73
0
 40
0.0
  0
LTYPE
  5
2F
330
2
100
AcDbSymbolTableRecord
100
AcDbLinetypeTableRecord
  2
CENTER
 70
0
  3
Center ____ _ ____ _ ____ _ ____ _ ____ _ ____
 72
65
 73
4
 40
5.08
 49
3.175
 74
0
 49
-0.635
 74
0
 49
0.635
 74
0
 49
-0.635
 74
0
  0
LTYPE
  5
30
330
2
100
AcDbSymbolTableRecord
100
AcDbLinetypeTableRecord
  2
CENTERX2
 70
0
  3
Center (2x) ________  __  ________  __  ________
 72
65
 73
4
 40
8.89
 49
6.35
 74
0
 49
-0.635
 74
0
 49
1.27
 74
0
 49
-0.635
 74
0
  0
LTYPE
  5
31
330
2
100
AcDbSymbolTableRecord
100
AcDbLinetypeTableRecord
  2
CENTER2
 70
0
  3
Center (.5x) ____ _ ____ _ ____ _ ____ _ ____
 72
65
 73
4
 40
2.54
 49
1.587
 74
0
 49
-0.318
 74
0
 49
0.318
 74
0
 49
-0.318
 74
0
  0
LTYPE
  5
32
330
2
100
AcDbSymbolTableRecord
100
AcDbLinetypeTableRecord
  2
DASHED
 70
0
  3
Dashed __ __ __ __ __ __ __ __ __ __ __ __ __ _
 72
65
 73
2
 40
1.524
 49
1.27
 74
0
 49
-0.254
 74
0
  0
LTYPE
  5
33
330
2
100
AcDbSymbolTableRecord
100
AcDbLinetypeTableRecord
  2
DASHEDX2
 70
0
  3
Dashed (2x) ____  ____  ____  ____  ____  ____
 72
65
 73
2
 40
3.048
 49
2.54
 74
0
 49
-0.508
 74
0
  0
LTYPE
  5
34
330
2
100
AcDbSymbolTableRecord
100
AcDbLinetypeTableRecord
  2
DASHED2
 70
0
  3
Dashed (.5x) _ _ _ _ _ _ _ _ _ _ _ _ _ _
 72
65
 73
2
 40
0.762
 49
0.635
 74
0
 49
-0.127
 74
0
  0
LTYPE
  5
35
330
2
100
AcDbSymbolTableRecord
100
AcDbLinetypeTableRecord
  2
PHANTOM
 70
0
  3
Phantom ______  __  __  ______  __  __  ______
 72
65
 73
6
 40
6.35
 49
3.175
 74
0
 49
-0.635
 74
0
 49
0.635
 74
0
 49
-0.635
 74
0
 49
0.635
 74
0
 49
-0.635
 74
0
  0
LTYPE
  5
36
330
2
100
AcDbSymbolTableRecord
100
AcDbLinetypeTableRecord
  2
PHANTOMX2
 70
0
  3
Phantom (2x)____________    ____    ____    ____________
 72
65
 73
6
 40
10.795
 49
6.35
 74
0
 49
-0.635
 74
0
 49
1.27
 74
0
 49
-0.635
 74
0
 49
1.27
 74
0
 49
-0.635
 74
0
  0
LTYPE
  5
37
330
2
100
AcDbSymbolTableRecord
100
AcDbLinetypeTableRecord
  2
PHANTOM2
 70
0
  3
Phantom (.5x) ___ _ _ ___ _ _ ___ _ _ ___ _ _ ___
 72
65
 73
6
 40
3.175
 49
1.587
 74
0
 49
-0.318
 74
0
 49
0.318
 74
0
 49
-0.318
 74
0
 49
0.318
 74
0
 49
-0.318
 74
0
  0
LTYPE
  5
38
330
2
100
AcDbSymbolTableRecord
100
AcDbLinetypeTableRecord
  2
DASHDOT
 70
0
  3
Dash dot __ . __ . __ . __ . __ . __ . __ . __
 72
65
 73
4
 40
3.556
 49
2.54
 74
0
 49
-0.508
 74
0
 49
0.0
 74
0
 49
-0.508
 74
0
  0
LTYPE
  5
39
330
2
100
AcDbSymbolTableRecord
100
AcDbLinetypeTableRecord
  2
DASHDOTX2
 70
0
  3
Dash dot (2x) ____  .  ____  .  ____  .  ____
 72
65
 73
4
 40
6.096
 49
5.08
 74
0
 49
-0.508
 74
0
 49
0.0
 74
0
 49
-0.508
 74
0
  0
LTYPE
  5
3A
330
2
100
AcDbSymbolTableRecord
100
AcDbLinetypeTableRecord
  2
DASHDOT2
 70
0
  3
Dash dot (.5x) _ . _ . _ . _ . _ . _ . _ . _
 72
65
 73
4
 40
1.778
 49
1.27
 74
0
 49
-0.254
 74
0
 49
0.0
 74
0
 49
-0.254
 74
0
  0
LTYPE
  5
3B
330
2
100
AcDbSymbolTableRecord
100
AcDbLinetypeTableRecord
  2
DOT
 70
0
  3
Dot .  .  .  .  .  .  .  .  .  .  .  .  .  .  .  .
 72
65
 73
2
 40
0.508
 49
0.0
 74
0
 49
-0.508
 74
0
  0
LTYPE
  5
3C
330
2
100
AcDbSymbolTableRecord
100
AcDbLinetypeTableRecord
  2
DOTX2
 70
0
  3
Dot (2x) .    .    .    .    .    .    .    . 
 72
65
 73
2
 40
1.016
 49
0.0
 74
0
 49
-1.016
 74
0
  0
LTYPE
  5
3D
330
2
100
AcDbSymbolTableRecord
100
AcDbLinetypeTableRecord
  2
DOT2
 70
0
  3
Dot (.5) . . . . . . . . . . . . . . . . . . . 
 72
65
 73
2
 40
0.254
 49
0.0
 74
0
 49
-0.254
 74
0
  0
LTYPE
  5
3E
330
2
100
AcDbSymbolTableRecord
100
AcDbLinetypeTableRecord
  2
DIVIDE
 70
0
  3
Divide __ . . __ . . __ . . __ . . __ . . __
 72
65
 73
6
 40
4.064
 49
2.54
 74
0
 49
-0.508
 74
0
 49
0.0
 74
0
 49
-0.508
 74
0
 49
0.0
 74
0
 49
-0.508
 74
0
  0
LTYPE
  5
3F
330
2
100
AcDbSymbolTableRecord
100
AcDbLinetypeTableRecord
  2
DIVIDEX2
 70
0
  3
Divide (2x) ____  . .  ____  . .  ____  . .  ____
 72
65
 73
6
 40
6.604
 49
5.08
 74
0
 49
-0.508
 74
0
 49
0.0
 74
0
 49
-0.508
 74
0
 49
0.0
 74
0
 49
-0.508
 74
0
  0
LTYPE
  5
40
330
2
100
AcDbSymbolTableRecord
100
AcDbLinetypeTableRecord
  2
DIVIDE2
 70
0
  3
Divide(.5x) _ . _ . _ . _ . _ . _ . _ . _
 72
65
 73
6
 40
2.032
 49
1.27
 74
0
 49
-0.254
 74
0
 49
0.0
 74
0
 49
-0.254
 74
0
 49
0.0
 74
0
 49
-0.254
 74
0
  0
ENDTAB
  0
TABLE
  2
LAYER
  5
1
330
0
100
AcDbSymbolTable
 70
10
  0
LAYER
  5
27
330
1
100
AcDbSymbolTableRecord
100
AcDbLayerTableRecord
  2
0
 70
0
 62
7
  6
Continuous
370
-3
390
13
347
21
  0
LAYER
  5
28
330
1
100
AcDbSymbolTableRecord
100
AcDbLayerTableRecord
  2
Defpoints
 70
0
 62
7
  6
Continuous
290
0
370
-3
390
13
347
21
  0
LAYER
  5
8A
330
1
100
AcDbSymbolTableRecord
100
AcDbLayerTableRecord
  2
BORDER
 70
0
 62
7
  6
CONTINUOUS
370
-3
390
13
347
21
  0
LAYER
  5
8B
330
1
100
AcDbSymbolTableRecord
100
AcDbLayerTableRecord
  2
OBJECT
 70
0
 62
7
  6
CONTINUOUS
370
-3
390
13
347
21
  0
LAYER
  5
8C
330
1
100
AcDbSymbolTableRecord
100
AcDbLayerTableRecord
  2
HIDDEN
 70
0
 62
5
  6
DASHED
370
-3
390
13
347
21
  0
LAYER
  5
8D
330
1
100
AcDbSymbolTableRecord
100
AcDbLayerTableRecord
  2
CENTER
 70
0
 62
1
  6
CENTER
370
-3
390
13
347
21
  0
LAYER
  5
8E
330
1
100
AcDbSymbolTableRecord
100
AcDbLayerTableRecord
  2
DIM
 70
0
 62
4
  6
CONTINUOUS
370
-3
390
13
347
21
  0
LAYER
  5
8F
330
1
100
AcDbSymbolTableRecord
100
AcDbLayerTableRecord
  2
TEXT
 70
0
 62
7
  6
CONTINUOUS
370
-3
390
13
347
21
  0
LAYER
  5
90
330
1
100
AcDbSymbolTableRecord
100
AcDbLayerTableRecord
  2
HATCH
 70
0
 62
3
  6
CONTINUOUS
370
-3
390
13
347
21
  0
LAYER
  5
91
330
1
100
AcDbSymbolTableRecord
100
AcDbLayerTableRecord
  2
BOM
 70
0
 62
7
  6
CONTINUOUS
370
-3
390
13
347
21
  0
ENDTAB
  0
TABLE
  2
STYLE
  5
5
330
0
100
AcDbSymbolTable
 70
27
  0
STYLE
  5
29
330
5
100
AcDbSymbolTableRecord
100
AcDbTextStyleTableRecord
  2
Standard
 70
0
 40
0.0
 41
1.0
 50
0.0
 71
0
 42
2.5
  3
txt
  4

  0
STYLE
  5
41
330
5
100
AcDbSymbolTableRecord
100
AcDbTextStyleTableRecord
  2
OpenSans-Light
 70
0
 40
0.0
 41
1.0
 50
0.0
 71
0
 42
2.5
  3
OpenSans-Light.ttf
  4

  0
STYLE
  5
42
330
5
100
AcDbSymbolTableRecord
100
AcDbTextStyleTableRecord
  2
OpenSans-Light-Italic
 70
0
 40
0.0
 41
1.0
 50
0.0
 71
0
 42
2.5
  3
OpenSans-LightItalic.ttf
  4

  0
STYLE
  5
43
330
5
100
AcDbSymbolTableRecord
100
AcDbTextStyleTableRecord
  2
OpenSans
 70
0
 40
0.0
 41
1.0
 50
0.0
 71
0
 42
2.5
  3
OpenSans-Regular.ttf
  4

  0
STYLE
  5
44
330
5
100
AcDbSymbolTableRecord
100
AcDbTextStyleTableRecord
  2
OpenSans-Italic
 70
0
 40
0.0
 41
1.0
 50
0.0
 71
0
 42
2.5
  3
OpenSans-Italic.ttf
  4

  0
STYLE
  5
45
330
5
100
AcDbSymbolTableRecord
100
AcDbTextStyleTableRecord
  2
OpenSans-SemiBold
 70
0
 40
0.0
 41
1.0
 50
0.0
 71
0
 42
2.5
  3
OpenSans-SemiBold.ttf
  4

  0
STYLE
  5
46
330
5
100
AcDbSymbolTableRecord
100
AcDbTextStyleTableRecord
  2
OpenSans-SemiBoldItalic
 70
0
 40
0.0
 41
1.0
 50
0.0
 71
0
 42
2.5
  3
OpenSans-SemiBoldItalic.ttf
  4

  0
STYLE
  5
47
330
5
100
AcDbSymbolTableRecord
100
AcDbTextStyleTableRecord
  2
OpenSans-Bold
 70
0
 40
0.0
 41
1.0
 50
0.0
 71
0
 42
2.5
  3
OpenSans-Bold.ttf
  4

  0
STYLE
  5
48
330
5
100
AcDbSymbolTableRecord
100
AcDbTextStyleTableRecord
  2
OpenSans-BoldItalic
 70
0
 40
0.0
 41
1.0
 50
0.0
 71
0
 42
2.5
  3
OpenSans-BoldItalic.ttf
  4

  0
STYLE
  5
49
330
5
100
AcDbSymbolTableRecord
100
AcDbTextStyleTableRecord
  2
OpenSans-ExtraBold
 70
0
 40
0.0
 41
1.0
 50
0.0
 71
0
 42
2.5
  3
OpenSans-ExtraBold.ttf
  4

  0
STYLE
  5
4A
330
5
100
AcDbSymbolTableRecord
100
AcDbTextStyleTableRecord
  2
OpenSans-ExtraBoldItalic
 70
0
 40
0.0
 41
1.0
 50
0.0
 71
0
 42
2.5
  3
OpenSans-ExtraBoldItalic.ttf
  4

  0
STYLE
  5
4B
330
5
100
AcDbSymbolTableRecord
100
AcDbTextStyleTableRecord
  2
OpenSansCondensed-Bold
 70
0
 40
0.0
 41
1.0
 50
0.0
 71
0
 42
2.5
  3
OpenSansCondensed-Bold.ttf
  4

  0
STYLE
  5
4C
330
5
100
AcDbSymbolTableRecord
100
AcDbTextStyleTableRecord
  2
OpenSansCondensed-Light
 70
0
 40
0.0
 41
1.0
 50
0.0
 71
0
 42
2.5
  3
OpenSansCondensed-Light.ttf
  4

  0
STYLE
  5
4D
330
5
100
AcDbSymbolTableRecord
100
AcDbTextStyleTableRecord
  2
OpenSansCondensed-Italic
 70
0
 40
0.0
 41
1.0
 50
0.0
 71
0
 42
2.5
  3
OpenSansCondensed-LightItalic.ttf
  4

  0
STYLE
  5
4E
330
5
100
AcDbSymbolTableRecord
100
AcDbTextStyleTableRecord
  2
LiberationSans
 70
0
 40
0.0
 41
1.0
 50
0.0
 71
0
 42
2.5
  3
LiberationSans-Regular.ttf
  4

  0
STYLE
  5
4F
330
5
100
AcDbSymbolTableRecord
100
AcDbTextStyleTableRecord
  2
LiberationSans-Bold
 70
0
 40
0.0
 41
1.0
 50
0.0
 71
0
 42
2.5
  3
LiberationSans-Bold.ttf
  4

  0
STYLE
  5
50
330
5
100
AcDbSymbolTableRecord
100
AcDbTextStyleTableRecord
  2
LiberationSans-BoldItalic
 70
0
 40
0.0
 41
1.0
 50
0.0
 71
0
 42
2.5
  3
LiberationSans-BoldItalic.ttf
  4

  0
STYLE
  5
51
330
5
100
AcDbSymbolTableRecord
100
AcDbTextStyleTableRecord
  2
LiberationSans-Italic
 70
0
 40
0.0
 41
1.0
 50
0.0
 71
0
 42
2.5
  3
LiberationSans-Italic.ttf
  4

  0
STYLE
  5
52
330
5
100
AcDbSymbolTableRecord
100
AcDbTextStyleTableRecord
  2
LiberationSerif
 70
0
 40
0.0
 41
1.0
 50
0.0
 71
0
 42
2.5
  3
LiberationSerif-Regular.ttf
  4

  0
STYLE
  5
53
330
5
100
AcDbSymbolTableRecord
100
AcDbTextStyleTableRecord
  2
LiberationSerif-Bold
 70
0
 40
0.0
 41
1.0
 50
0.0
 71
0
 42
2.5
  3
LiberationSerif-Bold.ttf
  4

  0
STYLE
  5
54
330
5
100
AcDbSymbolTableRecord
100
AcDbTextStyleTableRecord
  2
LiberationSerif-BoldItalic
 70
0
 40
0.0
 41
1.0
 50
0.0
 71
0
 42
2.5
  3
LiberationSerif-BoldItalic.ttf
  4

  0
STYLE
  5
55
330
5
100
AcDbSymbolTableRecord
100
AcDbTextStyleTableRecord
  2
LiberationSerif-Italic
 70
0
 40
0.0
 41
1.0
 50
0.0
 71
0
 42
2.5
  3
LiberationSerif-Italic.ttf
  4

  0
STYLE
  5
56
330
5
100
AcDbSymbolTableRecord
100
AcDbTextStyleTableRecord
  2
LiberationMono
 70
0
 40
0.0
 41
1.0
 50
0.0
 71
0
 42
2.5
  3
LiberationMono-Regular.ttf
  4

  0
STYLE
  5
57
330
5
100
AcDbSymbolTableRecord
100
AcDbTextStyleTableRecord
  2
LiberationMono-Bold
 70
0
 40
0.0
 41
1.0
 50
0.0
 71
0
 42
2.5
  3
LiberationMono-Bold.ttf
  4

  0
STYLE
  5
58
330
5
100
AcDbSymbolTableRecord
100
AcDbTextStyleTableRecord
  2
LiberationMono-BoldItalic
 70
0
 40
0.0
 41
1.0
 50
0.0
 71
0
 42
2.5
  3
LiberationMono-BoldItalic.ttf
  4

  0
STYLE
  5
59
330
5
100
AcDbSymbolTableRecord
100
AcDbTextStyleTableRecord
  2
LiberationMono-Italic
 70
0
 40
0.0
 41
1.0
 50
0.0
 71
0
 42
2.5
  3
LiberationMono-Italic.ttf
  4

  0
STYLE
  5
92
330
5
100
AcDbSymbolTableRecord
100
AcDbTextStyleTableRecord
  2
CJK
 70
0
 40
0.0
 41
1.0
 50
0.0
 71
0
 42
2.5
  3
simhei.ttf
  4

  0
ENDTAB
  0
TABLE
  2
VIEW
  5
7
330
0
100
AcDbSymbolTable
 70
0
  0
ENDTAB
  0
TABLE
  2
UCS
  5
6
330
0
100
AcDbSymbolTable
 70
0
  0
ENDTAB
  0
TABLE
  2
APPID
  5
3
330
0
100
AcDbSymbolTable
 70
3
  0
APPID
  5
2A
330
3
100
AcDbSymbolTableRecord
100
AcDbRegAppTableRecord
  2
ACAD
 70
0
  0
APPID
  5
7EA
330
3
100
AcDbSymbolTableRecord
100
AcDbRegAppTableRecord
  2
HATCHBACKGROUNDCOLOR
 70
0
  0
APPID
  5
7EB
330
3
100
AcDbSymbolTableRecord
100
AcDbRegAppTableRecord
  2
EZDXF
 70
0
  0
ENDTAB
  0
TABLE
  2
DIMSTYLE
  5
4
330
0
100
AcDbSymbolTable
 70
12
100
AcDbDimStyleTable
  0
DIMSTYLE
105
2B
330
4
100
AcDbSymbolTableRecord
100
AcDbDimStyleTableRecord
  2
Standard
 70
0
 40
1.0
 41
2.5
 42
0.625
 43
3.75
 44
1.25
 45
0.0
 46
0.0
 47
0.0
 48
0.0
 49
2.5
140
2.5
141
2.5
142
0.0
143
0.03937007874
144
1.0
145
0.0
146
1.0
147
0.625
148
0.0
 69
0
 70
0
 71
0
 72
0
 73
0
 74
0
 75
0
 76
0
 77
1
 78
8
 79
3
170
0
171
3
172
1
173
0
174
0
175
0
176
0
177
0
178
0
179
2
271
2
272
2
273
2
274
3
275
0
276
0
277
2
278
44
279
0
280
0
281
0
282
0
283
0
284
8
285
0
286
0
288
0
289
3
290
0
371
-2
372
-2
  0
DIMSTYLE
105
73
330
4
100
AcDbSymbolTableRecord
100
AcDbDimStyleTableRecord
  2
EZDXF
 70
0
 40
1.0
 41
0.175
 42
0.125
 43
3.75
 44
0.375
 45
0.0
 46
0.0
 47
0.0
 48
0.0
 49
2.5
140
0.25
141
2.5
142
0.0
143
0.03937007874
144
100.0
145
0.0
146
0.5
147
0.1
148
0.0
 69
0
 70
0
 71
0
 72
0
 73
0
 74
0
 75
0
 76
0
 77
1
 78
12
 79
3
170
0
171
3
172
1
173
0
174
0
175
0
176
0
177
0
178
0
179
2
271
2
272
2
273
2
274
3
275
0
276
0
277
2
278
46
279
2
280
0
281
0
282
0
283
0
284
8
285
0
286
0
288
1
289
3
290
0
340
4C
342
74
371
-2
372
-2
  0
DIMSTYLE
105
7C
330
4
100
AcDbSymbolTableRecord
100
AcDbDimStyleTableRecord
  2
EZ_M_100_H25_CM
 70
0
 40
1.0
 41
0.25
 42
0.125
 43
3.75
 44
0.375
 45
0.0
 46
0.0
 47
0.0
 48
0.0
 49
2.5
140
0.25
141
2.5
142
0.125
143
0.03937007874
144
100.0
145
0.0
146
0.5
147
0.1
148
0.0
 69
0
 70
0
 71
0
 72
0
 73
0
 74
0
 75
0
 76
0
 77
1
 78
12
 79
3
170
0
171
3
172
1
173
0
174
0
175
0
176
0
177
0
178
0
179
2
271
2
272
2
273
2
274
3
275
0
276
0
277
2
278
46
279
2
280
0
281
0
282
0
283
0
284
8
285
0
286
0
288
1
289
3
290
0
340
4C
371
-2
372
-2
  0
DIMSTYLE
105
7D
330
4
100
AcDbSymbolTableRecord
100
AcDbDimStyleTableRecord
  2
EZ_M_50_H25_CM
 70
0
 40
1.0
 41
0.125
 42
0.0625
 43
3.75
 44
0.1875
 45
0.0
 46
0.0
 47
0.0
 48
0.0
 49
2.5
140
0.125
141
2.5
142
0.0625
143
0.03937007874
144
100.0
145
0.0
146
0.5
147
0.05
148
0.0
 69
0
 70
0
 71
0
 72
0
 73
0
 74
0
 75
0
 76
0
 77
1
 78
12
 79
3
170
0
171
3
172
1
173
0
174
0
175
0
176
0
177
0
178
0
179
2
271
2
272
2
273
2
274
3
275
0
276
0
277
2
278
46
279
2
280
0
281
0
282
0
283
0
284
8
285
0
286
0
288
1
289
3
290
0
340
4C
371
-2
372
-2
  0
DIMSTYLE
105
7E
330
4
100
AcDbSymbolTableRecord
100
AcDbDimStyleTableRecord
  2
EZ_M_25_H25_CM
 70
0
 40
1.0
 41
0.0625
 42
0.03125
 43
3.75
 44
0.09375
 45
0.0
 46
0.0
 47
0.0
 48
0.0
 49
2.5
140
0.0625
141
2.5
142
0.03125
143
0.03937007874
144
100.0
145
0.0
146
0.5
147
0.025
148
0.0
 69
0
 70
0
 71
0
 72
0
 73
0
 74
0
 75
0
 76
0
 77
1
 78
12
 79
3
170
0
171
3
172
1
173
0
174
0
175
0
176
0
177
0
178
0
179
2
271
2
272
2
273
2
274
3
275
0
276
0
277
2
278
46
279
2
280
0
281
0
282
0
283
0
284
8
285
0
286
0
288
1
289
3
290
0
340
4C
371
-2
372
-2
  0
DIMSTYLE
105
7F
330
4
100
AcDbSymbolTableRecord
100
AcDbDimStyleTableRecord
  2
EZ_M_20_H25_CM
 70
0
 40
1.0
 41
0.05
 42
0.025
 43
3.75
 44
0.07500000000000001
 45
0.0
 46
0.0
 47
0.0
 48
0.0
 49
2.5
140
0.05
141
2.5
142
0.025
143
0.03937007874
144
100.0
145
0.0
146
0.5
147
0.020000000000000004
148
0.0
 69
0
 70
0
 71
0
 72
0
 73
0
 74
0
 75
0
 76
0
 77
1
 78
12
 79
3
170
0
171
3
172
1
173
0
174
0
175
0
176
0
177
0
178
0
179
2
271
2
272
2
273
2
274
3
275
0
276
0
277
2
278
46
279
2
280
0
281
0
282
0
283
0
284
8
285
0
286
0
288
1
289
3
290
0
340
4C
371
-2
372
-2
  0
DIMSTYLE
105
80
330
4
100
AcDbSymbolTableRecord
100
AcDbDimStyleTableRecord
  2
EZ_M_10_H25_CM
 70
0
 40
1.0
 41
0.025
 42
0.0125
 43
3.75
 44
0.037500000000000006
 45
0.0
 46
0.0
 47
0.0
 48
0.0
 49
2.5
140
0.025
141
2.5
142
0.0125
143
0.03937007874
144
100.0
145
0.0
146
0.5
147
0.010000000000000002
148
0.0
 69
0
 70
0
 71
0
 72
0
 73
0
 74
0
 75
0
 76
0
 77
1
 78
12
 79
3
170
0
171
3
172
1
173
0
174
0
175
0
176
0
177
0
178
0
179
2
271
2
272
2
273
2
274
3
275
0
276
0
277
2
278
46
279
2
280
0
281
0
282
0
283
0
284
8
285
0
286
0
288
1
289
3
290
0
340
4C
371
-2
372
-2
  0
DIMSTYLE
105
81
330
4
100
AcDbSymbolTableRecord
100
AcDbDimStyleTableRecord
  2
EZ_M_5_H25_CM
 70
0
 40
1.0
 41
0.0125
 42
0.00625
 43
3.75
 44
0.018750000000000003
 45
0.0
 46
0.0
 47
0.0
 48
0.0
 49
2.5
140
0.0125
141
2.5
142
0.00625
143
0.03937007874
144
100.0
145
0.0
146
0.5
147
0.005000000000000001
148
0.0
 69
0
 70
0
 71
0
 72
0
 73
0
 74
0
 75
0
 76
0
 77
1
 78
12
 79
3
170
0
171
3
172
1
173
0
174
0
175
0
176
0
177
0
178
0
179
2
271
2
272
2
273
2
274
3
275
0
276
0
277
2
278
46
279
2
280
0
281
0
282
0
283
0
284
8
285
0
286
0
288
1
289
3
290
0
340
4C
371
-2
372
-2
  0
DIMSTYLE
105
82
330
4
100
AcDbSymbolTableRecord
100
AcDbDimStyleTableRecord
  2
EZ_M_1_H25_CM
 70
0
 40
1.0
 41
0.0025
 42
0.00125
 43
3.75
 44
0.00375
 45
0.0
 46
0.0
 47
0.0
 48
0.0
 49
2.5
140
0.0025
141
2.5
142
0.00125
143
0.03937007874
144
100.0
145
0.0
146
0.5
147
0.001
148
0.0
 69
0
 70
0
 71
0
 72
0
 73
0
 74
0
 75
0
 76
0
 77
1
 78
12
 79
3
170
0
171
3
172
1
173
0
174
0
175
0
176
0
177
0
178
0
179
2
271
2
272
2
273
2
274
3
275
0
276
0
277
2
278
46
279
2
280
0
281
0
282
0
283
0
284
8
285
0
286
0
288
1
289
3
290
0
340
4C
371
-2
372
-2
  0
DIMSTYLE
105
83
330
4
100
AcDbSymbolTableRecord
100
AcDbDimStyleTableRecord
  2
EZ_RADIUS
 70
0
 40
1.0
 41
0.25
 42
0.125
 43
3.75
 44
0.375
 45
0.0
 46
0.0
 47
0.0
 48
0.0
 49
2.5
140
0.25
141
0.0
142
0.0
143
0.03937007874
144
100.0
145
0.0
146
0.5
147
0.1
148
0.0
 69
0
 70
0
 71
0
 72
0
 73
0
 74
0
 75
0
 76
0
 77
1
 78
12
 79
3
170
0
171
3
172
0
173
0
174
0
175
0
176
0
177
0
178
0
179
2
271
2
272
2
273
2
274
3
275
0
276
0
277
2
278
46
279
1
280
0
281
0
282
0
283
0
284
8
285
0
286
0
288
1
289
3
290
0
340
4C
342
84
371
-2
372
-2
  0
DIMSTYLE
105
88
330
4
100
AcDbSymbolTableRecord
100
AcDbDimStyleTableRecord
  2
EZ_RADIUS_INSIDE
 70
0
 40
1.0
 41
0.25
 42
0.125
 43
3.75
 44
0.375
 45
0.0
 46
0.0
 47
0.0
 48
0.0
 49
2.5
140
0.25
141
0.0
142
0.0
143
0.03937007874
144
100.0
145
0.0
146
0.5
147
0.1
148
0.0
 69
0
 70
0
 71
0
 72
0
 73
0
 74
0
 75
0
 76
0
 77
0
 78
12
 79
3
170
0
171
3
172
0
173
0
174
1
175
0
176
0
177
0
178
0
179
2
271
2
272
2
273
2
274
3
275
0
276
0
277
2
278
46
279
0
280
0
281
0
282
0
283
0
284
8
285
0
286
0
288
1
289
0
290
0
340
4C
342
84
371
-2
372
-2
  0
DIMSTYLE
105
89
330
4
100
AcDbSymbolTableRecord
100
AcDbDimStyleTableRecord
  2
EZ_CURVED
 70
0
 40
1.0
 41
0.25
 42
0.125
 43
3.75
 44
0.375
 45
0.0
 46
0.0
 47
0.0
 48
0.0
 49
2.5
140
0.25
141
2.5
142
0.0
143
0.03937007874
144
100.0
145
0.0
146
0.5
147
0.1
148
0.0
 69
0
 70
0
 71
0
 72
0
 73
0
 74
0
 75
0
 76
0
 77
1
 78
12
 79
2
 90
2
170
0
171
3
172
1
173
0
174
0
175
0
176
0
177
0
178
0
179
2
271
2
272
2
273
2
274
3
275
0
276
0
277
2
278
46
279
2
280
0
281
0
282
0
283
0
284
8
285
0
286
0
288
1
289
3
290
0
340
4C
371
-2
372
-2
  0
ENDTAB
  0
TABLE
  2
BLOCK_RECORD
  5
9
330
0
100
AcDbSymbolTable
 70
5
  0
BLOCK_RECORD
  5
17
330
9
100
AcDbSymbolTableRecord
100
AcDbBlockTableRecord
  2
*Model_Space
340
1A
 70
0
280
1
281
0
  0
BLOCK_RECORD
  5
1B
330
9
100
AcDbSymbolTableRecord
100
AcDbBlockTableRecord
  2
*Paper_Space
340
1E
 70
0
280
1
281
0
  0
BLOCK_RECORD
  5
74
330
9
100
AcDbSymbolTableRecord
100
AcDbBlockTableRecord
  2
_ARCHTICK
340
0
 70
0
280
1
281
0
  0
BLOCK_RECORD
  5
78
330
9
100
AcDbSymbolTableRecord
100
AcDbBlockTableRecord
  2
_CLOSEDFILLED
340
0
 70
0
280
1
281
0
  0
BLOCK_RECORD
  5
84
330
9
100
AcDbSymbolTableRecord
100
AcDbBlockTableRecord
  2
_CLOSEDBLANK
340
0
 70
0
280
1
281
0
  0
ENDTAB
  0
ENDSEC
  0
SECTION
  2
BLOCKS
  0
BLOCK
  5
18
330
17
100
AcDbEntity
  8
0
100
AcDbBlockBegin
  2
*Model_Space
 70
0
 10
0.0
 20
0.0
 30
0.0
  3
*Model_Space
  1

  0
ENDBLK
  5
19
330
17
100
AcDbEntity
  8
0
100
AcDbBlockEnd
  0
BLOCK
  5
1C
330
1B
100
AcDbEntity
  8
0
100
AcDbBlockBegin
  2
*Paper_Space
 70
0
 10
0.0
 20
0.0
 30
0.0
  3
*Paper_Space
  1

  0
ENDBLK
  5
1D
330
1B
100
AcDbEntity
  8
0
100
AcDbBlockEnd
  0
BLOCK
  5
75
330
74
100
AcDbEntity
  8
0
100
AcDbBlockBegin
  2
_ARCHTICK
 70
0
 10
0.0
 20
0.0
 30
0.0
  3
_ARCHTICK
  1

  0
LWPOLYLINE
  5
77
330
74
100
AcDbEntity
  8
0
  6
BYBLOCK
 62
0
100
AcDbPolyline
 90
2
 70
0
 43
0.15
 10
-0.5
 20
-0.5
 10
0.5
 20
0.5
  0
ENDBLK
  5
76
330
74
100
AcDbEntity
  8
0
100
AcDbBlockEnd
  0
BLOCK
  5
79
330
78
100
AcDbEntity
  8
0
100
AcDbBlockBegin
  2
_CLOSEDFILLED
 70
0
 10
0.0
 20
0.0
 30
0.0
  3
_CLOSEDFILLED
  1

  0
SOLID
  5
7B
330
78
100
AcDbEntity
  8
0
  6
BYBLOCK
 62
0
100
AcDbTrace
 10
-1.0
 20
0.16439898372402537
 30
0.0
 11
0.0
 21
0.0
 31
0.0
 12
-1.0
 22
-0.16439898372402537
 32
0.0
 13
-1.0
 23
-0.16439898372402537
 33
0.0
  0
ENDBLK
  5
7A
330
78
100
AcDbEntity
  8
0
100
AcDbBlockEnd
  0
BLOCK
  5
85
330
84
100
AcDbEntity
  8
0
100
AcDbBlockBegin
  2
_CLOSEDBLANK
 70
0
 10
0.0
 20
0.0
 30
0.0
  3
_CLOSEDBLANK
  1

  0
LWPOLYLINE
  5
87
330
84
100
AcDbEntity
  8
0
  6
BYBLOCK
 62
0
100
AcDbPolyline
 90
3
 70
1
 10
-1.0
 20
0.16439898372402537
 10
0.0
 20
0.0
 10
-1.0
 20
-0.16439898372402537
  0
ENDBLK
  5
86
330
84
100
AcDbEntity
  8
0
100
AcDbBlockEnd
  0
ENDSEC
  0
SECTION
  2
ENTITIES
  0
LWPOLYLINE
  5
93
330
17
100
AcDbEntity
  8
BORDER
370
50
100
AcDbPolyline
 90
4
 70
1
 10
10.0
 20
10.0
 10
584.0
 20
10.0
 10
584.0
 20
410.0
 10
10.0
 20
410.0
  0
LWPOLYLINE
  5
94
330
17
100
AcDbEntity
  8
BORDER
370
25
100
AcDbPolyline
 90
4
 70
1
 10
15.0
 20
15.0
 10
579.0
 20
15.0
 10
579.0
 20
405.0
 10
15.0
 20
405.0
  0
TEXT
  5
95
330
17
100
AcDbEntity
  8
TEXT
100
AcDbText
 10
148.5
 20
408.0
 30
0.0
 40
3.0
  1
1
  7
CJK
 72
1
 11
148.5
 21
408.0
 31
0.0
100
AcDbText
 73
2
  0
TEXT
  5
96
330
17
100
AcDbEntity
  8
TEXT
100
AcDbText
 10
297.0
 20
408.0
 30
0.0
 40
3.0
  1
2
  7
CJK
 72
1
 11
297.0
 21
408.0
 31
0.0
100
AcDbText
 73
2
  0
TEXT
  5
97
330
17
100
AcDbEntity
  8
TEXT
100
AcDbText
 10
445.5
 20
408.0
 30
0.0
 40
3.0
  1
3
  7
CJK
 72
1
 11
445.5
 21
408.0
 31
0.0
100
AcDbText
 73
2
  0
TEXT
  5
98
330
17
100
AcDbEntity
  8
TEXT
100
AcDbText
 10
12.0
 20
140.0
 30
0.0
 40
3.0
  1
A
  7
CJK
 72
1
 11
12.0
 21
140.0
 31
0.0
100
AcDbText
 73
2
  0
TEXT
  5
99
330
17
100
AcDbEntity
  8
TEXT
100
AcDbText
 10
582.0
 20
140.0
 30
0.0
 40
3.0
  1
A
  7
CJK
 72
1
 11
582.0
 21
140.0
 31
0.0
100
AcDbText
 73
2
  0
TEXT
  5
9A
330
17
100
AcDbEntity
  8
TEXT
100
AcDbText
 10
12.0
 20
280.0
 30
0.0
 40
3.0
  1
B
  7
CJK
 72
1
 11
12.0
 21
280.0
 31
0.0
100
AcDbText
 73
2
  0
TEXT
  5
9B
330
17
100
AcDbEntity
  8
TEXT
100
AcDbText
 10
582.0
 20
280.0
 30
0.0
 40
3.0
  1
B
  7
CJK
 72
1
 11
582.0
 21
280.0
 31
0.0
100
AcDbText
 73
2
  0
LWPOLYLINE
  5
9C
330
17
100
AcDbEntity
  8
BORDER
370
35
100
AcDbPolyline
 90
4
 70
1
 10
399.0
 20
15.0
 10
579.0
 20
15.0
 10
579.0
 20
70.0
 10
399.0
 20
70.0
  0
LINE
  5
9D
330
17
100
AcDbEntity
  8
BORDER
370
25
100
AcDbLine
 10
399.0
 20
27.0
 30
0.0
 11
579.0
 21
27.0
 31
0.0
  0
LINE
  5
9E
330
17
100
AcDbEntity
  8
BORDER
370
25
100
AcDbLine
 10
399.0
 20
39.0
 30
0.0
 11
579.0
 21
39.0
 31
0.0
  0
LINE
  5
9F
330
17
100
AcDbEntity
  8
BORDER
370
25
100
AcDbLine
 10
399.0
 20
53.0
 30
0.0
 11
579.0
 21
53.0
 31
0.0
  0
LINE
  5
A0
330
17
100
AcDbEntity
  8
BORDER
370
25
100
AcDbLine
 10
434.0
 20
15.0
 30
0.0
 11
434.0
 21
39.0
 31
0.0
  0
LINE
  5
A1
330
17
100
AcDbEntity
  8
BORDER
370
25
100
AcDbLine
 10
509.0
 20
15.0
 30
0.0
 11
509.0
 21
39.0
 31
0.0
  0
LINE
  5
A2
330
17
100
AcDbEntity
  8
BORDER
370
25
100
AcDbLine
 10
544.0
 20
15.0
 30
0.0
 11
544.0
 21
39.0
 31
0.0
  0
TEXT
  5
A3
330
17
100
AcDbEntity
  8
TEXT
100
AcDbText
 10
403.0
 20
58.0
 30
0.0
 40
5.0
  1
MKH-650四轴搬运机械手总装图
  7
CJK
 11
403.0
 21
58.0
 31
0.0
100
AcDbText
  0
TEXT
  5
A4
330
17
100
AcDbEntity
  8
TEXT
100
AcDbText
 10
403.0
 20
49.0
 30
0.0
 40
3.5
  1
MKH-650 4-Axis Manipulator Overall Assembly
  7
CJK
 11
403.0
 21
49.0
 31
0.0
100
AcDbText
  0
TEXT
  5
A5
330
17
100
AcDbEntity
  8
TEXT
100
AcDbText
 10
402.0
 20
30.0
 30
0.0
 40
2.6
  1
图号/DWG NO.
  7
CJK
 11
402.0
 21
30.0
 31
0.0
100
AcDbText
  0
TEXT
  5
A6
330
17
100
AcDbEntity
  8
TEXT
100
AcDbText
 10
437.0
 20
30.0
 30
0.0
 40
3.0
  1
MKH-000
  7
CJK
 11
437.0
 21
30.0
 31
0.0
100
AcDbText
  0
TEXT
  5
A7
330
17
100
AcDbEntity
  8
TEXT
100
AcDbText
 10
512.0
 20
30.0
 30
0.0
 40
2.6
  1
比例/SCALE
  7
CJK
 11
512.0
 21
30.0
 31
0.0
100
AcDbText
  0
TEXT
  5
A8
330
17
100
AcDbEntity
  8
TEXT
100
AcDbText
 10
547.0
 20
30.0
 30
0.0
 40
3.0
  1
1:5
  7
CJK
 11
547.0
 21
30.0
 31
0.0
100
AcDbText
  0
TEXT
  5
A9
330
17
100
AcDbEntity
  8
TEXT
100
AcDbText
 10
402.0
 20
19.0
 30
0.0
 40
2.6
  1
材料/MAT.
  7
CJK
 11
402.0
 21
19.0
 31
0.0
100
AcDbText
  0
TEXT
  5
AA
330
17
100
AcDbEntity
  8
TEXT
100
AcDbText
 10
437.0
 20
19.0
 30
0.0
 40
2.8
  1
见明细栏 / SEE BOM
  7
CJK
 11
437.0
 21
19.0
 31
0.0
100
AcDbText
  0
TEXT
  5
AB
330
17
100
AcDbEntity
  8
TEXT
100
AcDbText
 10
512.0
 20
19.0
 30
0.0
 40
2.6
  1
图幅/SHEET
  7
CJK
 11
512.0
 21
19.0
 31
0.0
100
AcDbText
  0
TEXT
  5
AC
330
17
100
AcDbEntity
  8
TEXT
100
AcDbText
 10
547.0
 20
19.0
 30
0.0
 40
3.0
  1
A2
  7
CJK
 11
547.0
 21
19.0
 31
0.0
100
AcDbText
  0
TEXT
  5
AD
330
17
100
AcDbEntity
  8
TEXT
100
AcDbText
 10
403.0
 20
42.0
 30
0.0
 40
2.7
  1
设计/DESIGN: ZIBIN LIU    日期/DATE: 2026-07-16    版本/REV: A
  7
CJK
 11
403.0
 21
42.0
 31
0.0
100
AcDbText
  0
LWPOLYLINE
  5
AE
330
17
100
AcDbEntity
  8
OBJECT
370
18
100
AcDbPolyline
 90
2
 70
0
 10
98.13348615052253
 20
122.9
 10
98.13348615052253
 20
127.45584239051544
  0
LWPOLYLINE
  5
AF
330
17
100
AcDbEntity
  8
OBJECT
370
18
100
AcDbPolyline
 90
2
 70
0
 10
213.5481600435805
 20
122.9
 10
213.5481600435805
 20
127.45584239051544
  0
LWPOLYLINE
  5
B0
330
17
100
AcDbEntity
  8
OBJECT
370
18
100
AcDbPolyline
 90
2
 70
0
 10
98.13348615052253
 20
122.9
 10
213.5481600435805
 20
122.9
  0
LWPOLYLINE
  5
B1
330
17
100
AcDbEntity
  8
OBJECT
370
18
100
AcDbPolyline
 90
2
 70
0
 10
98.13348615052253
 20
127.45584239051544
 10
213.5481600435805
 20
127.45584239051544
  0
LWPOLYLINE
  5
B2
330
17
100
AcDbEntity
  8
OBJECT
370
18
100
AcDbPolyline
 90
2
 70
0
 10
105.7265568013816
 20
127.45584239051544
 10
105.7265568013816
 20
139.60475543188997
  0
LWPOLYLINE
  5
B3
330
17
100
AcDbEntity
  8
OBJECT
370
18
100
AcDbPolyline
 90
2
 70
0
 10
205.95508939272142
 20
127.45584239051544
 10
205.95508939272142
 20
139.60475543188997
  0
LWPOLYLINE
  5
B4
330
17
100
AcDbEntity
  8
OBJECT
370
18
100
AcDbPolyline
 90
2
 70
0
 10
105.7265568013816
 20
139.60475543188997
 10
205.95508939272142
 20
139.60475543188997
  0
LWPOLYLINE
  5
B5
330
17
100
AcDbEntity
  8
OBJECT
370
18
100
AcDbPolyline
 90
2
 70
0
 10
116.35685571258432
 20
144.46432064843978
 10
195.3247904815187
 20
144.46432064843978
  0
LWPOLYLINE
  5
B6
330
17
100
AcDbEntity
  8
OBJECT
370
18
100
AcDbPolyline
 90
2
 70
0
 10
195.3247904815187
 20
139.60475543188997
 10
195.3247904815187
 20
144.46432064843978
  0
LWPOLYLINE
  5
B7
330
17
100
AcDbEntity
  8
OBJECT
370
18
100
AcDbPolyline
 90
2
 70
0
 10
124.7092334285293
 20
183.948288032907
 10
186.97241276557372
 20
183.948288032907
  0
LWPOLYLINE
  5
B8
330
17
100
AcDbEntity
  8
OBJECT
370
18
100
AcDbPolyline
 90
2
 70
0
 10
186.97241276557372
 20
144.828788039681
 10
186.97241276557372
 20
183.948288032907
  0
LWPOLYLINE
  5
B9
330
17
100
AcDbEntity
  8
OBJECT
370
18
100
AcDbPolyline
 90
2
 70
0
 10
180.89795624488647
 20
183.948288032907
 10
180.89795624488647
 20
184.85945651101008
  0
LWPOLYLINE
  5
BA
330
17
100
AcDbEntity
  8
OBJECT
370
18
100
AcDbPolyline
 90
2
 70
0
 10
120.91269810309976
 20
189.11157607549114
 10
190.76894809100327
 20
189.11157607549114
  0
LWPOLYLINE
  5
BB
330
17
100
AcDbEntity
  8
OBJECT
370
18
100
AcDbPolyline
 90
2
 70
0
 10
190.76894809100327
 20
184.85945651101008
 10
190.76894809100327
 20
189.11157607549114
  0
LWPOLYLINE
  5
BC
330
17
100
AcDbEntity
  8
OBJECT
370
18
100
AcDbPolyline
 90
2
 70
0
 10
120.91269810309976
 20
184.85945651101008
 10
190.76894809100327
 20
184.85945651101008
  0
LWPOLYLINE
  5
BD
330
17
100
AcDbEntity
  8
OBJECT
370
18
100
AcDbPolyline
 90
2
 70
0
 10
136.0988394048179
 20
183.948288032907
 10
136.0988394048179
 20
184.85945651101008
  0
LWPOLYLINE
  5
BE
330
17
100
AcDbEntity
  8
OBJECT
370
18
100
AcDbPolyline
 90
2
 70
0
 10
136.0988394048179
 20
189.11157607549114
 10
136.0988394048179
 20
190.78205161868016
  0
LWPOLYLINE
  5
BF
330
17
100
AcDbEntity
  8
OBJECT
370
18
100
AcDbPolyline
 90
2
 70
0
 10
136.0988394048179
 20
191.76915080329184
 10
136.0988394048179
 20
210.9796195499653
  0
LWPOLYLINE
  5
C0
330
17
100
AcDbEntity
  8
OBJECT
370
18
100
AcDbPolyline
 90
2
 70
0
 10
175.58280678928512
 20
183.948288032907
 10
175.58280678928512
 20
184.85945651101008
  0
LWPOLYLINE
  5
C1
330
17
100
AcDbEntity
  8
OBJECT
370
18
100
AcDbPolyline
 90
2
 70
0
 10
175.58280678928512
 20
189.11157607549114
 10
175.58280678928512
 20
190.78205161868016
  0
LWPOLYLINE
  5
C2
330
17
100
AcDbEntity
  8
OBJECT
370
18
100
AcDbPolyline
 90
2
 70
0
 10
175.58280678928512
 20
191.76915080329184
 10
175.58280678928512
 20
210.9796195499653
  0
LWPOLYLINE
  5
C3
330
17
100
AcDbEntity
  8
OBJECT
370
18
100
AcDbPolyline
 90
2
 70
0
 10
136.0988394048179
 20
210.9796195499653
 10
143.31225652313404
 20
210.9796195499653
  0
LWPOLYLINE
  5
C4
330
17
100
AcDbEntity
  8
OBJECT
370
18
100
AcDbPolyline
 90
2
 70
0
 10
168.36938967096899
 20
210.9796195499653
 10
175.58280678928512
 20
210.9796195499653
  0
LWPOLYLINE
  5
C5
330
17
100
AcDbEntity
  8
OBJECT
370
18
100
AcDbPolyline
 90
2
 70
0
 10
136.25070081783508
 20
172.254959230584
 10
136.25070081783508
 20
184.85945651101008
  0
LWPOLYLINE
  5
C6
330
17
100
AcDbEntity
  8
OBJECT
370
18
100
AcDbPolyline
 90
2
 70
0
 10
136.25070081783508
 20
189.11157607549114
 10
136.25070081783508
 20
204.14585596419212
  0
LWPOLYLINE
  5
C7
330
17
100
AcDbEntity
  8
OBJECT
370
18
100
AcDbPolyline
 90
2
 70
0
 10
138.98420625214436
 20
183.948288032907
 10
138.98420625214436
 20
184.85945651101008
  0
LWPOLYLINE
  5
C8
330
17
100
AcDbEntity
  8
OBJECT
370
18
100
AcDbPolyline
 90
2
 70
0
 10
138.98420625214436
 20
189.11157607549114
 10
138.98420625214436
 20
204.14585596419212
  0
LWPOLYLINE
  5
C9
330
17
100
AcDbEntity
  8
OBJECT
370
18
100
AcDbPolyline
 90
2
 70
0
 10
136.25070081783508
 20
172.254959230584
 10
138.98420625214436
 20
172.254959230584
  0
LWPOLYLINE
  5
CA
330
17
100
AcDbEntity
  8
OBJECT
370
18
100
AcDbPolyline
 90
2
 70
0
 10
136.25070081783508
 20
204.14585596419212
 10
138.98420625214436
 20
204.14585596419212
  0
LWPOLYLINE
  5
CB
330
17
100
AcDbEntity
  8
OBJECT
370
18
100
AcDbPolyline
 90
2
 70
0
 10
172.69743994195866
 20
183.948288032907
 10
172.69743994195866
 20
184.85945651101008
  0
LWPOLYLINE
  5
CC
330
17
100
AcDbEntity
  8
OBJECT
370
18
100
AcDbPolyline
 90
2
 70
0
 10
172.69743994195866
 20
189.11157607549114
 10
172.69743994195866
 20
204.14585596419212
  0
LWPOLYLINE
  5
CD
330
17
100
AcDbEntity
  8
OBJECT
370
18
100
AcDbPolyline
 90
2
 70
0
 10
175.4309453762679
 20
172.254959230584
 10
175.4309453762679
 20
184.85945651101008
  0
LWPOLYLINE
  5
CE
330
17
100
AcDbEntity
  8
OBJECT
370
18
100
AcDbPolyline
 90
2
 70
0
 10
175.4309453762679
 20
189.11157607549114
 10
175.4309453762679
 20
204.14585596419212
  0
LWPOLYLINE
  5
CF
330
17
100
AcDbEntity
  8
OBJECT
370
18
100
AcDbPolyline
 90
2
 70
0
 10
172.69743994195866
 20
172.254959230584
 10
175.4309453762679
 20
172.254959230584
  0
LWPOLYLINE
  5
D0
330
17
100
AcDbEntity
  8
OBJECT
370
18
100
AcDbPolyline
 90
2
 70
0
 10
172.69743994195866
 20
204.14585596419212
 10
175.4309453762679
 20
204.14585596419212
  0
LWPOLYLINE
  5
D1
330
17
100
AcDbEntity
  8
OBJECT
370
18
100
AcDbPolyline
 90
2
 70
0
 10
102.30967500849502
 20
150.61470787563564
 10
102.30967500849502
 20
177.1904551536424
  0
LWPOLYLINE
  5
D2
330
17
100
AcDbEntity
  8
OBJECT
370
18
100
AcDbPolyline
 90
2
 70
0
 10
102.30967500849502
 20
150.61470787563564
 10
130.4040364166736
 20
150.61470787563564
  0
LWPOLYLINE
  5
D3
330
17
100
AcDbEntity
  8
OBJECT
370
18
100
AcDbPolyline
 90
2
 70
0
 10
102.30967500849502
 20
177.1904551536424
 10
130.4040364166736
 20
177.1904551536424
  0
LWPOLYLINE
  5
D4
330
17
100
AcDbEntity
  8
OBJECT
370
18
100
AcDbPolyline
 90
2
 70
0
 10
127.29087744982138
 20
151.7536684732645
 10
127.29087744982138
 20
176.05149455601355
  0
LWPOLYLINE
  5
D5
330
17
100
AcDbEntity
  8
OBJECT
370
18
100
AcDbPolyline
 90
2
 70
0
 10
144.45121712076292
 20
189.11157607549114
 10
144.45121712076292
 20
190.842796183887
  0
LWPOLYLINE
  5
D6
330
17
100
AcDbEntity
  8
OBJECT
370
18
100
AcDbPolyline
 90
2
 70
0
 10
167.23042907334013
 20
189.11157607549114
 10
167.23042907334013
 20
190.842796183887
  0
LWPOLYLINE
  5
D7
330
17
100
AcDbEntity
  8
OBJECT
370
18
100
AcDbPolyline
 90
2
 70
0
 10
189.4740098486691
 20
144.828788039681
 10
192.07495624295103
 20
144.828788039681
  0
LWPOLYLINE
  5
D8
330
17
100
AcDbEntity
  8
OBJECT
370
18
100
AcDbPolyline
 90
2
 70
0
 10
192.07495624295103
 20
144.46432064843978
 10
192.07495624295103
 20
144.828788039681
  0
LWPOLYLINE
  5
D9
330
17
100
AcDbEntity
  8
OBJECT
370
18
100
AcDbPolyline
 90
2
 70
0
 10
119.60668995115199
 20
144.828788039681
 10
122.20763634544
 20
144.828788039681
  0
LWPOLYLINE
  5
DA
330
17
100
AcDbEntity
  8
OBJECT
370
18
100
AcDbPolyline
 90
2
 70
0
 10
122.20763634544
 20
144.828788039681
 10
126.33826677950734
 20
144.828788039681
  0
LWPOLYLINE
  5
DB
330
17
100
AcDbEntity
  8
OBJECT
370
18
100
AcDbPolyline
 90
2
 70
0
 10
126.33826677950734
 20
144.46432064843978
 10
126.33826677950734
 20
144.828788039681
  0
LWPOLYLINE
  5
DC
330
17
100
AcDbEntity
  8
OBJECT
370
18
100
AcDbPolyline
 90
2
 70
0
 10
129.61450501739944
 20
144.828788039681
 10
133.74513545146678
 20
144.828788039681
  0
LWPOLYLINE
  5
DD
330
17
100
AcDbEntity
  8
OBJECT
370
18
100
AcDbPolyline
 90
2
 70
0
 10
133.74513545146678
 20
144.46432064843978
 10
133.74513545146678
 20
144.828788039681
  0
LWPOLYLINE
  5
DE
330
17
100
AcDbEntity
  8
OBJECT
370
18
100
AcDbPolyline
 90
2
 70
0
 10
140.69966735514242
 20
144.828788039681
 10
144.83029778920977
 20
144.828788039681
  0
LWPOLYLINE
  5
DF
330
17
100
AcDbEntity
  8
OBJECT
370
18
100
AcDbPolyline
 90
2
 70
0
 10
144.83029778920977
 20
144.46432064843978
 10
144.83029778920977
 20
144.828788039681
  0
LWPOLYLINE
  5
E0
330
17
100
AcDbEntity
  8
OBJECT
370
18
100
AcDbPolyline
 90
2
 70
0
 10
153.77550788001784
 20
144.828788039681
 10
157.90613831408518
 20
144.828788039681
  0
LWPOLYLINE
  5
E1
330
17
100
AcDbEntity
  8
OBJECT
370
18
100
AcDbPolyline
 90
2
 70
0
 10
157.90613831408518
 20
144.46432064843978
 10
157.90613831408518
 20
144.828788039681
  0
LWPOLYLINE
  5
E2
330
17
100
AcDbEntity
  8
OBJECT
370
18
100
AcDbPolyline
 90
2
 70
0
 10
166.85134840489403
 20
144.828788039681
 10
170.98197883896137
 20
144.828788039681
  0
LWPOLYLINE
  5
E3
330
17
100
AcDbEntity
  8
OBJECT
370
18
100
AcDbPolyline
 90
2
 70
0
 10
170.98197883896137
 20
144.46432064843978
 10
170.98197883896137
 20
144.828788039681
  0
LWPOLYLINE
  5
E4
330
17
100
AcDbEntity
  8
OBJECT
370
18
100
AcDbPolyline
 90
2
 70
0
 10
177.93651074264687
 20
144.828788039681
 10
182.06714117671422
 20
144.828788039681
  0
LWPOLYLINE
  5
E5
330
17
100
AcDbEntity
  8
OBJECT
370
18
100
AcDbPolyline
 90
2
 70
0
 10
182.06714117671422
 20
144.46432064843978
 10
182.06714117671422
 20
144.828788039681
  0
LWPOLYLINE
  5
E6
330
17
100
AcDbEntity
  8
OBJECT
370
18
100
AcDbPolyline
 90
2
 70
0
 10
185.34337941460177
 20
144.828788039681
 10
189.4740098486691
 20
144.828788039681
  0
LWPOLYLINE
  5
E7
330
17
100
AcDbEntity
  8
OBJECT
370
18
100
AcDbPolyline
 90
2
 70
0
 10
189.4740098486691
 20
144.46432064843978
 10
189.4740098486691
 20
144.828788039681
  0
LWPOLYLINE
  5
E8
330
17
100
AcDbEntity
  8
OBJECT
370
18
100
AcDbPolyline
 90
2
 70
0
 10
186.21310570048783
 20
189.11157607549114
 10
186.21310570048783
 20
190.78205161868016
  0
LWPOLYLINE
  5
E9
330
17
100
AcDbEntity
  8
OBJECT
370
18
100
AcDbPolyline
 90
2
 70
0
 10
184.16297662475586
 20
191.76915080329184
 10
186.74462064604796
 20
191.76915080329184
  0
LWPOLYLINE
  5
EA
330
17
100
AcDbEntity
  8
OBJECT
370
18
100
AcDbPolyline
 90
2
 70
0
 10
186.74462064604796
 20
190.78205161868016
 10
186.74462064604796
 20
191.76915080329184
  0
LWPOLYLINE
  5
EB
330
17
100
AcDbEntity
  8
OBJECT
370
18
100
AcDbPolyline
 90
2
 70
0
 10
184.16297662475586
 20
190.78205161868016
 10
186.74462064604796
 20
190.78205161868016
  0
LWPOLYLINE
  5
EC
330
17
100
AcDbEntity
  8
OBJECT
370
18
100
AcDbPolyline
 90
2
 70
0
 10
129.91976111613872
 20
189.11157607549114
 10
129.91976111613872
 20
190.78205161868016
  0
LWPOLYLINE
  5
ED
330
17
100
AcDbEntity
  8
OBJECT
370
18
100
AcDbPolyline
 90
2
 70
0
 10
126.98715462378702
 20
189.11157607549114
 10
126.98715462378702
 20
190.78205161868016
  0
LWPOLYLINE
  5
EE
330
17
100
AcDbEntity
  8
OBJECT
370
18
100
AcDbPolyline
 90
2
 70
0
 10
124.93702554805508
 20
191.76915080329184
 10
127.51866956934715
 20
191.76915080329184
  0
LWPOLYLINE
  5
EF
330
17
100
AcDbEntity
  8
OBJECT
370
18
100
AcDbPolyline
 90
2
 70
0
 10
127.51866956934715
 20
190.78205161868016
 10
127.51866956934715
 20
191.76915080329184
  0
LWPOLYLINE
  5
F0
330
17
100
AcDbEntity
  8
OBJECT
370
18
100
AcDbPolyline
 90
2
 70
0
 10
124.93702554805508
 20
190.78205161868016
 10
127.51866956934715
 20
190.78205161868016
  0
LWPOLYLINE
  5
F1
330
17
100
AcDbEntity
  8
OBJECT
370
18
100
AcDbPolyline
 90
2
 70
0
 10
129.91976111613872
 20
189.11157607549114
 10
129.91976111613872
 20
190.78205161868016
  0
LWPOLYLINE
  5
F2
330
17
100
AcDbEntity
  8
OBJECT
370
18
100
AcDbPolyline
 90
2
 70
0
 10
127.86963204040677
 20
191.76915080329184
 10
130.45127606169885
 20
191.76915080329184
  0
LWPOLYLINE
  5
F3
330
17
100
AcDbEntity
  8
OBJECT
370
18
100
AcDbPolyline
 90
2
 70
0
 10
130.45127606169885
 20
190.78205161868016
 10
130.45127606169885
 20
191.76915080329184
  0
LWPOLYLINE
  5
F4
330
17
100
AcDbEntity
  8
OBJECT
370
18
100
AcDbPolyline
 90
2
 70
0
 10
127.86963204040677
 20
190.78205161868016
 10
130.45127606169885
 20
190.78205161868016
  0
LWPOLYLINE
  5
F5
330
17
100
AcDbEntity
  8
OBJECT
370
18
100
AcDbPolyline
 90
2
 70
0
 10
136.08661283555992
 20
191.76915080329184
 10
136.25070081783508
 20
191.76915080329184
  0
LWPOLYLINE
  5
F6
330
17
100
AcDbEntity
  8
OBJECT
370
18
100
AcDbPolyline
 90
2
 70
0
 10
136.08661283555992
 20
190.78205161868016
 10
136.25070081783508
 20
190.78205161868016
  0
LWPOLYLINE
  5
F7
330
17
100
AcDbEntity
  8
OBJECT
370
18
100
AcDbPolyline
 90
2
 70
0
 10
150.01062318811842
 20
189.11157607549114
 10
150.01062318811842
 20
190.78205161868016
  0
LWPOLYLINE
  5
F8
330
17
100
AcDbEntity
  8
OBJECT
370
18
100
AcDbPolyline
 90
2
 70
0
 10
150.54213813367852
 20
190.78205161868016
 10
150.54213813367852
 20
190.842796183887
  0
LWPOLYLINE
  5
F9
330
17
100
AcDbEntity
  8
OBJECT
370
18
100
AcDbPolyline
 90
2
 70
0
 10
147.96049411238644
 20
190.78205161868016
 10
150.54213813367852
 20
190.78205161868016
  0
LWPOLYLINE
  5
FA
330
17
100
AcDbEntity
  8
OBJECT
370
18
100
AcDbPolyline
 90
2
 70
0
 10
163.1896371361566
 20
189.11157607549114
 10
163.1896371361566
 20
190.78205161868016
  0
LWPOLYLINE
  5
FB
330
17
100
AcDbEntity
  8
OBJECT
370
18
100
AcDbPolyline
 90
2
 70
0
 10
163.72115208171672
 20
190.78205161868016
 10
163.72115208171672
 20
190.842796183887
  0
LWPOLYLINE
  5
FC
330
17
100
AcDbEntity
  8
OBJECT
370
18
100
AcDbPolyline
 90
2
 70
0
 10
161.13950806042465
 20
190.78205161868016
 10
163.72115208171672
 20
190.78205161868016
  0
LWPOLYLINE
  5
FD
330
17
100
AcDbEntity
  8
OBJECT
370
18
100
AcDbPolyline
 90
2
 70
0
 10
175.4309453762679
 20
191.76915080329184
 10
175.59503335855072
 20
191.76915080329184
  0
LWPOLYLINE
  5
FE
330
17
100
AcDbEntity
  8
OBJECT
370
18
100
AcDbPolyline
 90
2
 70
0
 10
175.59503335855072
 20
190.78205161868016
 10
175.59503335855072
 20
191.76915080329184
  0
LWPOLYLINE
  5
FF
330
17
100
AcDbEntity
  8
OBJECT
370
18
100
AcDbPolyline
 90
2
 70
0
 10
175.4309453762679
 20
190.78205161868016
 10
175.59503335855072
 20
190.78205161868016
  0
LWPOLYLINE
  5
100
330
17
100
AcDbEntity
  8
OBJECT
370
18
100
AcDbPolyline
 90
2
 70
0
 10
183.28049920814675
 20
189.11157607549114
 10
183.28049920814675
 20
190.78205161868016
  0
LWPOLYLINE
  5
101
330
17
100
AcDbEntity
  8
OBJECT
370
18
100
AcDbPolyline
 90
2
 70
0
 10
181.2303701324148
 20
191.76915080329184
 10
183.81201415370688
 20
191.76915080329184
  0
LWPOLYLINE
  5
102
330
17
100
AcDbEntity
  8
OBJECT
370
18
100
AcDbPolyline
 90
2
 70
0
 10
183.81201415370688
 20
190.78205161868016
 10
183.81201415370688
 20
191.76915080329184
  0
LWPOLYLINE
  5
103
330
17
100
AcDbEntity
  8
OBJECT
370
18
100
AcDbPolyline
 90
2
 70
0
 10
181.2303701324148
 20
190.78205161868016
 10
183.81201415370688
 20
190.78205161868016
  0
LWPOLYLINE
  5
104
330
17
100
AcDbEntity
  8
OBJECT
370
18
100
AcDbPolyline
 90
8
 70
0
 10
176.342113854371
 20
201.8679347689344
 10
176.32652315743007
 20
202.66731937746752
 10
176.2797747792441
 20
203.46548816370745
 10
176.20193982165787
 20
204.2612271545633
 10
176.09313666758197
 20
205.05332607253624
 10
175.9535308009385
 20
205.84058017648837
 10
175.7833345549687
 20
206.62179209399127
 10
175.58280678928512
 20
207.39577364246688
  0
LWPOLYLINE
  5
105
330
17
100
AcDbEntity
  8
OBJECT
370
18
100
AcDbPolyline
 90
7
 70
0
 10
174.2060109035316
 20
210.9796195499653
 10
173.83783227275177
 20
211.68682388359065
 10
173.4424337949043
 20
212.37917749077224
 10
173.02041349636085
 20
213.055633210889
 10
172.57240966806592
 20
213.71516792831827
 10
172.09909990014427
 20
214.35678411986223
 10
171.6012000570694
 20
214.97951136346688
  0
LWPOLYLINE
  5
106
330
17
100
AcDbEntity
  8
OBJECT
370
18
100
AcDbPolyline
 90
19
 70
0
 10
159.85835094712968
 20
221.9717252744585
 10
158.38874217939428
 20
222.21028053007973
 10
156.90569580204846
 20
222.34155117733442
 10
155.41703333438258
 20
222.36484490078624
 10
153.9306059146926
 20
222.28003885039487
 10
152.45425289373273
 20
222.08758028942134
 10
150.99576049033564
 20
221.7884842355821
 10
149.5628207272474
 20
221.38432810789146
 10
148.16299086374877
 20
220.87724340742548
 10
146.80365353901269
 20
220.26990447588182
 10
145.49197783640025
 20
219.56551439122313
 10
144.2348814740405
 20
218.76778807478928
 10
143.03899432109887
 20
217.88093269897064
 10
141.91062343214816
 20
216.90962549877193
 10
140.8557197840489
 20
215.8589891042871
 10
139.8798468907674
 20
214.7345645241806
 10
138.98815146165578
 20
213.54228192265919
 10
138.18533625794012
 20
212.28842934405503
 10
137.47563529057146
 20
210.9796195499653
  0
LWPOLYLINE
  5
107
330
17
100
AcDbEntity
  8
OBJECT
370
18
100
AcDbPolyline
 90
11
 70
0
 10
136.0988394048179
 20
207.39577364246688
 10
135.8265778243093
 20
206.31010866002325
 10
135.61397260471398
 20
205.2112029120511
 10
135.46165745734794
 20
204.1023319014244
 10
135.37008638721016
 20
202.98680083442574
 10
135.339532339732
 20
201.8679347689344
 10
135.37008638721016
 20
200.74906870344304
 10
135.46165745734794
 20
199.63353763644437
 10
135.61397260471398
 20
198.5246666258177
 10
135.8265778243093
 20
197.42576087784556
 10
136.0988394048179
 20
196.34009589540193
  0
LWPOLYLINE
  5
108
330
17
100
AcDbEntity
  8
OBJECT
370
18
100
AcDbPolyline
 90
8
 70
0
 10
175.58280678928512
 20
196.3400958954019
 10
175.7833345549687
 20
197.11407744387753
 10
175.9535308009385
 20
197.8952893613804
 10
176.09313666758197
 20
198.68254346533254
 10
176.20193982165787
 20
199.47464238330548
 10
176.2797747792441
 20
200.27038137416133
 10
176.32652315743007
 20
201.0685501604013
 10
176.342113854371
 20
201.8679347689344
  0
LWPOLYLINE
  5
109
330
17
100
AcDbEntity
  8
OBJECT
370
18
100
AcDbPolyline
 90
6
 70
0
 10
170.45393168898528
 20
210.9796195499653
 10
170.15017145985234
 20
211.44959911812384
 10
169.8313016373625
 20
211.90946117091215
 10
169.49765892401467
 20
212.3587201286629
 10
169.14959562136707
 20
212.79690160777793
 10
168.78747925803333
 20
213.2235429216416
  0
LWPOLYLINE
  5
10A
330
17
100
AcDbEntity
  8
OBJECT
370
18
100
AcDbPolyline
 90
14
 70
0
 10
155.22131177279667
 20
219.07787224667203
 10
153.93052349816628
 20
218.98273823584623
 10
152.65052576502737
 20
218.79092933850742
 10
151.38854878410524
 20
218.50352900872028
 10
150.1517209738856
 20
218.12216065947462
 10
148.9470286949434
 20
217.648978492655
 10
147.7812767867017
 20
217.08665533078997
 10
146.66105012953318
 20
216.4383675193141
 10
145.59267644932498
 20
215.70777698462493
 10
144.58219057460946
 20
214.8990105492807
 10
143.63530034815844
 20
214.01663662118068
 10
142.75735438559354
 20
213.06563938840077
 10
141.95331186313075
 20
212.05139066544825
 10
141.22771450511775
 20
210.9796195499653
  0
LWPOLYLINE
  5
10B
330
17
100
AcDbEntity
  8
OBJECT
370
18
100
AcDbPolyline
 90
28
 70
0
 10
160.09419220579178
 20
225.26597879042626
 10
158.07329834298767
 20
225.5444139641851
 10
156.0359773331665
 20
225.64863130269856
 10
153.9972203265371
 20
225.57786394705317
 10
151.97202903975491
 20
225.332632622286
 10
149.97530536929838
 20
224.91474180575125
 10
148.0217417393485
 20
224.32726644929565
 10
146.12571299102154
 20
223.57452935294438
 10
144.30117060846231
 20
222.66206935658806
 10
142.56154006011064
 20
221.5966005837246
 10
140.9196220105316
 20
220.38596303715167
 10
139.38749812971884
 20
219.03906491013956
 10
137.97644219295125
 20
217.56581703757416
 10
136.69683712535405
 20
215.97705996939627
 10
135.55809860157248
 20
214.28448420294995
 10
134.5686057627317
 20
212.50054416119175
 10
133.73563956048628
 20
210.63836654973187
 10
133.06532918184047
 20
208.7116537670408
 10
132.5626069489587
 20
206.73458307855444
 10
132.23117202582642
 20
204.72170229658204
 10
132.07346319881708
 20
202.68782273363124
 10
132.09064093145292
 20
200.64791021682885
 10
132.2825788254055
 20
198.61697496538173
 10
132.64786455056816
 20
196.609961141389
 10
133.18381023735702
 20
194.64163688672008
 10
133.88647225477047
 20
192.72648565509633
 10
134.75068022867595
 20
190.8785996389839
 10
135.77007508679858
 20
189.11157607549114
  0
LWPOLYLINE
  5
10C
330
17
100
AcDbEntity
  8
OBJECT
370
18
100
AcDbPolyline
 90
9
 70
0
 10
175.91157110730444
 20
189.11157607549114
 10
176.40559933498054
 20
189.9243343448258
 10
176.86673321062537
 20
190.75619697942687
 10
177.29423512835092
 20
191.60583337486528
 10
177.68742127820892
 20
192.47188449672387
 10
178.04566273997781
 20
193.35296505443827
 10
178.36838648915108
 20
194.24766571713624
 10
178.65507631351755
 20
195.1545553679303
 10
178.90527363886775
 20
196.07218339305828
  0
LWPOLYLINE
  5
10D
330
17
100
AcDbEntity
  8
OBJECT
370
18
100
AcDbPolyline
 90
2
 70
0
 10
143.31225652313404
 20
190.842796183887
 10
143.31225652313404
 20
212.89307335398178
  0
LWPOLYLINE
  5
10E
330
17
100
AcDbEntity
  8
OBJECT
370
18
100
AcDbPolyline
 90
2
 70
0
 10
168.36938967096899
 20
190.842796183887
 10
168.36938967096899
 20
212.89307335398178
  0
LWPOLYLINE
  5
10F
330
17
100
AcDbEntity
  8
OBJECT
370
18
100
AcDbPolyline
 90
2
 70
0
 10
143.31225652313404
 20
190.842796183887
 10
168.36938967096899
 20
190.842796183887
  0
LWPOLYLINE
  5
110
330
17
100
AcDbEntity
  8
OBJECT
370
18
100
AcDbPolyline
 90
2
 70
0
 10
143.31225652313404
 20
212.89307335398178
 10
150.0776824730495
 20
212.89307335398178
  0
LWPOLYLINE
  5
111
330
17
100
AcDbEntity
  8
OBJECT
370
18
100
AcDbPolyline
 90
2
 70
0
 10
161.60396372105356
 20
212.89307335398178
 10
168.36938967096899
 20
212.89307335398178
  0
LWPOLYLINE
  5
112
330
17
100
AcDbEntity
  8
OBJECT
370
18
100
AcDbPolyline
 90
2
 70
0
 10
150.0776824730495
 20
211.89078802806839
 10
150.0776824730495
 20
216.90221465763537
  0
LWPOLYLINE
  5
113
330
17
100
AcDbEntity
  8
OBJECT
370
18
100
AcDbPolyline
 90
2
 70
0
 10
161.60396372105356
 20
211.89078802806839
 10
161.60396372105356
 20
216.90221465763537
  0
LWPOLYLINE
  5
114
330
17
100
AcDbEntity
  8
OBJECT
370
18
100
AcDbPolyline
 90
2
 70
0
 10
150.0776824730495
 20
211.89078802806839
 10
161.60396372105356
 20
211.89078802806839
  0
LWPOLYLINE
  5
115
330
17
100
AcDbEntity
  8
OBJECT
370
18
100
AcDbPolyline
 90
2
 70
0
 10
150.0776824730495
 20
216.90221465763537
 10
161.60396372105356
 20
216.90221465763537
  0
LWPOLYLINE
  5
116
330
17
100
AcDbEntity
  8
OBJECT
370
18
100
AcDbPolyline
 90
2
 70
0
 10
175.58280678928512
 20
194.30559643275234
 10
227.82540370962963
 20
222.0834779497926
  0
LWPOLYLINE
  5
117
330
17
100
AcDbEntity
  8
OBJECT
370
18
100
AcDbPolyline
 90
2
 70
0
 10
159.73243483622707
 20
221.9964787000702
 10
160.65286958661733
 20
222.48588253808177
  0
LWPOLYLINE
  5
118
330
17
100
AcDbEntity
  8
OBJECT
370
18
100
AcDbPolyline
 90
9
 70
0
 10
179.15294782225305
 20
210.0240387130416
 10
179.08030332429144
 20
211.09785055330747
 10
178.8636936497092
 20
212.15209404522793
 10
178.50706613211568
 20
213.16755743948414
 10
178.01691968615512
 20
214.12573568641497
 10
177.40218637611952
 20
215.00916765827924
 10
176.67406864465224
 20
215.80175434786102
 10
175.8458351677648
 20
216.48905224480396
 10
174.93257905635366
 20
217.0585365434018
  0
LWPOLYLINE
  5
119
330
17
100
AcDbEntity
  8
OBJECT
370
18
100
AcDbPolyline
 90
8
 70
0
 10
176.24448474374205
 20
203.86631264199139
 10
176.97857509356075
 20
204.55197773821052
 10
177.62062194925414
 20
205.32450676741547
 10
178.16043340775258
 20
206.17163654209227
 10
178.58944045884732
 20
207.07991965653463
 10
178.90083301034315
 20
208.03493795203636
 10
179.08966799200564
 20
209.02153139189426
 10
179.15294782225305
 20
210.0240387130416
  0
LWPOLYLINE
  5
11A
330
17
100
AcDbEntity
  8
OBJECT
370
18
100
AcDbPolyline
 90
10
 70
0
 10
197.28133028074257
 20
219.66307064698717
 10
197.19800860426773
 20
220.81270493157268
 10
196.9497851381059
 20
221.9383099248592
 10
196.54184817044194
 20
223.01635858817554
 10
195.98272427042835
 20
224.0243178901806
 10
195.2841000685404
 20
224.9411197851402
 10
194.4605779863314
 20
225.74760157053842
 10
193.52937102124747
 20
226.4269064198102
 10
192.50994296601263
 20
226.96483571838493
 10
191.4236015826048
 20
227.35014583862642
  0
LWPOLYLINE
  5
11B
330
17
100
AcDbEntity
  8
OBJECT
370
18
100
AcDbPolyline
 90
19
 70
0
 10
181.47404296758148
 20
221.14089048391713
 10
181.3358914550578
 20
219.67540504337416
 10
181.469507882079
 20
218.20949915714337
 10
181.8703376317184
 20
216.79314152975542
 10
182.52471751896874
 20
215.4746119017158
 10
183.41034153118355
 20
214.29885532578498
 10
184.49702117876922
 20
213.30595011360253
 10
185.7477145378617
 20
212.52974167614641
 10
187.11978890774938
 20
211.99668882665276
 10
188.56647404252018
 20
211.72496187236007
 10
190.03845642025755
 20
211.72382323865295
 10
191.4855602055286
 20
211.99331173842646
 10
192.85845760577138
 20
212.524241249061
 10
194.11035032022997
 20
213.29851384210662
 10
195.19856476546326
 20
214.28973669194494
 10
196.08600670057172
 20
215.4641217347086
 10
196.7424256679645
 20
216.78163741055576
 10
197.14544614835486
 20
218.1973732295707
 10
197.28133028074257
 20
219.66307064698717
  0
LWPOLYLINE
  5
11C
330
17
100
AcDbEntity
  8
OBJECT
370
18
100
AcDbPolyline
 90
9
 70
0
 10
214.55541857057693
 20
232.89268540685208
 10
213.98608117650366
 20
233.84893848631526
 10
213.28913326692498
 20
234.71659546439298
 10
212.47815502571873
 20
235.47874985332152
 10
211.56894854294814
 20
236.12055090657782
 10
210.57922990764828
 20
236.6294929889538
 10
209.5282840059204
 20
236.99565925161923
 10
208.4365887506687
 20
237.21191486411047
 10
207.32541606494675
 20
237.27404603807702
  0
LWPOLYLINE
  5
11D
330
17
100
AcDbEntity
  8
OBJECT
370
18
100
AcDbPolyline
 90
20
 70
0
 10
200.3248850539735
 20
232.905200509587
 10
199.77305675330052
 20
231.49948289184013
 10
199.49619444684396
 20
230.0149278212782
 10
199.50423138053
 20
228.50479805799145
 10
199.79687920582964
 20
227.023273929057
 10
200.36363832510656
 20
225.6235094506593
 10
201.18417459542624
 20
224.35572527211886
 10
202.2290488754742
 20
223.26540686304662
 10
203.46077324095165
 20
222.39167258893536
 10
204.83515597362822
 20
221.7658702252549
 10
206.30288706863155
 20
221.4104522642176
 10
207.81130737525694
 20
221.33817036587695
 10
209.30629789819045
 20
221.55161785498495
 10
210.73422147493196
 20
222.04313667787312
 10
212.04384716605497
 20
222.79509215755132
 10
213.18818831516836
 20
223.78050568938122
 10
214.12618833279603
 20
224.96402267751364
 10
214.82419372174272
 20
226.30318098453674
 10
215.25716149484646
 20
227.74993438498933
 10
215.4095576654719
 20
229.25237636438362
  0
LWPOLYLINE
  5
11E
330
17
100
AcDbEntity
  8
OBJECT
370
18
100
AcDbPolyline
 90
9
 70
0
 10
242.57384927224692
 20
238.94113451487982
 10
242.54669273615795
 20
239.9018869438683
 10
242.46530984669576
 20
240.85957140785544
 10
242.32996048335588
 20
241.81112973875435
 10
242.14107685645303
 20
242.75352333102228
 10
241.89926212694638
 20
243.68374284482167
 10
241.6052884803695
 20
244.59881781572727
 10
241.2600946610146
 20
245.49582614029222
 10
240.86478297424622
 20
246.37190340718365
  0
LWPOLYLINE
  5
11F
330
17
100
AcDbEntity
  8
OBJECT
370
18
100
AcDbPolyline
 90
6
 70
0
 10
239.73699489657005
 20
248.346101776407
 10
239.7119104790545
 20
248.38379059370996
 10
239.6867258300248
 20
248.4214125076039
 10
239.6614411279201
 20
248.4589672515288
 10
239.63605655188837
 20
248.49645455940066
 10
239.61057228178518
 20
248.53387416561316
  0
LWPOLYLINE
  5
120
330
17
100
AcDbEntity
  8
OBJECT
370
18
100
AcDbPolyline
 90
6
 70
0
 10
238.0803877884252
 20
250.45906348645343
 10
237.78312546043398
 20
250.77391985666685
 10
237.47794431346153
 20
251.08110692188825
 10
237.1650421477068
 20
251.38042558180229
 10
236.84462176767207
 20
251.6716818359242
 10
236.51689085071717
 20
251.95468690933924
  0
LWPOLYLINE
  5
121
330
17
100
AcDbEntity
  8
OBJECT
370
18
100
AcDbPolyline
 90
6
 70
0
 10
235.738234518568
 20
252.57202519649988
 10
235.29442576412717
 20
252.892257277066
 10
234.8405440287908
 20
253.1980450568579
 10
234.37705923920294
 20
253.48907193837013
 10
233.90445126453395
 20
253.76503660679947
 10
233.42320941964763
 20
254.02565334201128
  0
LWPOLYLINE
  5
122
330
17
100
AcDbEntity
  8
OBJECT
370
18
100
AcDbPolyline
 90
6
 70
0
 10
232.0011650228115
 20
254.68498690654633
 10
231.67184737427368
 20
254.81561967552813
 10
231.33988027706732
 20
254.93936489904294
 10
231.00540776348404
 20
255.05616888710682
 10
230.66857495285348
 20
255.16598096136576
 10
230.32952798857963
 20
255.2687534770838
  0
LWPOLYLINE
  5
123
330
17
100
AcDbEntity
  8
OBJECT
370
18
100
AcDbPolyline
 90
9
 70
0
 10
226.98857690220163
 20
255.88996390368987
 10
225.9796493428023
 20
255.94456670126021
 10
224.96925976974882
 20
255.9391633427874
 10
223.9609739098733
 20
255.8737728970552
 10
222.9583500658749
 20
255.74862613096101
 10
221.96492655885115
 20
255.5641646951252
 10
220.98420924134558
 20
255.3210395652792
 10
220.01965912497886
 20
255.0201087449318
 10
219.07468016632635
 20
254.66243423742256
  0
LWPOLYLINE
  5
124
330
17
100
AcDbEntity
  8
OBJECT
370
18
100
AcDbPolyline
 90
7
 70
0
 10
209.08544710219653
 20
243.1483236597627
 10
208.9305612575561
 20
242.48675674609268
 10
208.80222205224226
 20
241.81953155583668
 10
208.70063429620737
 20
241.1477128794391
 10
208.62596010813868
 20
240.4723728378533
 10
208.57831865674126
 20
239.7945891715987
 10
208.55778597056278
 20
239.11544352084985
  0
LWPOLYLINE
  5
125
330
17
100
AcDbEntity
  8
OBJECT
370
18
100
AcDbPolyline
 90
6
 70
0
 10
208.57989143740227
 20
238.0569308096697
 10
208.58991749519996
 20
237.88174295818737
 10
208.60175038829044
 20
237.7066678663466
 10
208.61538885720287
 20
237.5317241688103
 10
208.63083145028435
 20
237.3569304862561
 10
208.64807652385431
 20
237.1823054233942
  0
LWPOLYLINE
  5
126
330
17
100
AcDbEntity
  8
OBJECT
370
18
100
AcDbPolyline
 90
26
 70
0
 10
214.64720458878284
 20
225.89958650268045
 10
215.8734992459165
 20
224.96415507456234
 10
217.17949058617805
 20
224.14365695635158
 10
218.55443938596864
 20
223.44483913976416
 10
219.98703938150015
 20
222.87344803410303
 10
221.46551024069421
 20
222.43418221328434
 10
222.97769443336526
 20
222.13065377925986
 10
224.5111572031201
 20
221.96535865954542
 10
226.05328881890057
 20
221.9396560831004
 10
227.59140826535057
 20
222.05375740332897
 10
229.11286751935694
 20
222.30672436011167
 10
230.6051555552937
 20
222.69647679515936
 10
232.05600122372988
 20
223.21980975724523
 10
233.45347415762512
 20
223.87241985665813
 10
234.7860828762569
 20
224.6489406521634
 10
236.04286928016614
 20
225.5429867794826
 10
237.21349876008594
 20
226.54720645842156
 10
238.2883451788829
 20
227.65334194687895
 10
239.25857002770172
 20
228.85229744461859
 10
240.1161951054078
 20
230.13421388843045
 10
240.8541681236822
 20
231.48855002363638
 10
241.4664206982954
 20
232.90416908528576
 10
241.9479182496946
 20
234.36943037625815
 10
242.29470140257052
 20
235.8722849892221
 10
242.5039185439727
 20
237.4003748853241
 10
242.57384927224692
 20
238.94113451487982
  0
LWPOLYLINE
  5
127
330
17
100
AcDbEntity
  8
OBJECT
370
18
100
AcDbPolyline
 90
10
 70
0
 10
239.85249275097902
 20
238.94113451487982
 10
239.81040560319303
 20
240.03696163624767
 10
239.68439212132677
 20
241.12633256036952
 10
239.47519472896022
 20
242.20282912746165
 10
239.18404593768417
 20
243.26010902856285
 10
238.81266108560962
 20
244.2919431720102
 10
238.3632282312473
 20
245.29225238288143
 10
237.83839526229775
 20
246.2551432191852
 10
237.24125429530264
 20
247.17494269378292
 10
236.57532345806825
 20
248.04623169747484
  0
LWPOLYLINE
  5
128
330
17
100
AcDbEntity
  8
OBJECT
370
18
100
AcDbPolyline
 90
6
 70
0
 10
236.06536211047285
 20
248.629892665376
 10
235.65126544761785
 20
249.06025409113073
 10
235.21954447114143
 20
249.472933144919
 10
234.7709535797672
 20
249.86720870229146
 10
234.30627665107875
 20
250.242391797473
 10
233.82632567175492
 20
250.59782682727652
  0
LWPOLYLINE
  5
129
330
17
100
AcDbEntity
  8
OBJECT
370
18
100
AcDbPolyline
 90
12
 70
0
 10
233.17593976433918
 20
251.03249882248844
 10
232.16195733185225
 20
251.6142121392543
 10
231.10381220864508
 20
252.11108199598516
 10
230.00858844297596
 20
252.51978195855963
 10
228.88361831643786
 20
252.83757587085458
 10
227.7364332559502
 20
253.06233617270695
 10
226.5747134125163
 20
253.19255814345985
 10
225.40623624430614
 20
253.22736997573557
 10
224.2388244482889
 20
253.16653861199373
 10
223.08029358900197
 20
253.01047130480003
 10
221.93839977506963
 20
252.76021289036032
 10
220.82078773376634
 20
252.41743879357236
  0
LWPOLYLINE
  5
12A
330
17
100
AcDbEntity
  8
OBJECT
370
18
100
AcDbPolyline
 90
10
 70
0
 10
213.48631216262345
 20
246.57121870676326
 10
212.8845963805458
 20
245.52291255773446
 10
212.37364358712867
 20
244.42749715370172
 10
211.95711094086084
 20
243.29281296015444
 10
211.6379797854647
 20
242.12698151000887
 10
211.4185343108478
 20
240.93834727351597
 10
211.30034520395154
 20
239.73541793248882
 10
211.2842584065168
 20
238.52680348633933
 10
211.3703890602329
 20
237.32115462577363
 10
211.5581206826078
 20
236.12710081523852
  0
LWPOLYLINE
  5
12B
330
17
100
AcDbEntity
  8
OBJECT
370
18
100
AcDbPolyline
 90
17
 70
0
 10
215.39967636425018
 20
228.90218537667167
 10
216.46454005376356
 20
227.92765534863216
 10
217.62230358264512
 20
227.0655491695646
 10
218.8611486843733
 20
226.32466708264468
 10
220.16842942458769
 20
225.71257189473735
 10
221.53080128878167
 20
225.23551177646368
 10
222.9343574009907
 20
224.89835648186573
 10
224.3647704829768
 20
224.7045476387296
 10
225.80743910481314
 20
224.6560636169946
 10
227.24763673396538
 20
224.75339933386675
 10
228.6706620614007
 20
224.99556120178232
 10
230.06198907021928
 20
225.38007727079207
 10
231.40741531493146
 20
225.90302246183455
 10
232.6932068977693
 20
226.5590586333206
 10
233.90623866213733
 20
227.34148907203638
 10
235.03412817212973
 20
228.24232685212988
 10
236.06536211047285
 20
229.25237636438365
  0
LWPOLYLINE
  5
12C
330
17
100
AcDbEntity
  8
OBJECT
370
18
100
AcDbPolyline
 90
10
 70
0
 10
236.57532345806825
 20
229.83603733228477
 10
237.24125429530264
 20
230.7073263359767
 10
237.83839526229775
 20
231.62712581057443
 10
238.3632282312473
 20
232.59001664687818
 10
238.8126610856096
 20
233.5903258577494
 10
239.18404593768415
 20
234.62216000119676
 10
239.47519472896022
 20
235.679439902298
 10
239.68439212132677
 20
236.75593646939012
 10
239.81040560319303
 20
237.84530739351194
 10
239.85249275097902
 20
238.94113451487982
  0
LWPOLYLINE
  5
12D
330
17
100
AcDbEntity
  8
OBJECT
370
18
100
AcDbPolyline
 90
6
 70
0
 10
236.62088188197342
 20
238.94113451487982
 10
236.61905834216745
 20
239.1419254583688
 10
236.61358832431338
 20
239.3426501633488
 10
236.60447363290402
 20
239.54324241316203
 10
236.59171727476613
 20
239.74363603484616
 10
236.57532345806825
 20
239.94376492096384
  0
LWPOLYLINE
  5
12E
330
17
100
AcDbEntity
  8
OBJECT
370
18
100
AcDbPolyline
 90
6
 70
0
 10
230.89005748827947
 20
248.629892665376
 10
230.83833256095136
 20
248.65814007588057
 10
230.78645778601677
 20
248.6861113474426
 10
230.7344346376588
 20
248.71380568517137
 10
230.68226459427706
 20
248.74122230204614
 10
230.6299491384456
 20
248.76836041893839
  0
LWPOLYLINE
  5
12F
330
17
100
AcDbEntity
  8
OBJECT
370
18
100
AcDbPolyline
 90
6
 70
0
 10
220.5007928901996
 20
248.76836041893839
 10
220.44847743436813
 20
248.74122230204614
 10
220.39630739098638
 20
248.71380568517137
 10
220.34428424262842
 20
248.6861113474426
 10
220.29240946769383
 20
248.65814007588057
 10
220.24068454036572
 20
248.629892665376
  0
LWPOLYLINE
  5
130
330
17
100
AcDbEntity
  8
OBJECT
370
18
100
AcDbPolyline
 90
6
 70
0
 10
214.55541857057693
 20
239.94376492096384
 10
214.52626839574117
 20
239.54324241316203
 10
214.51168368647774
 20
239.1419254583688
 10
214.51168368647774
 20
238.74034357139084
 10
214.52626839574117
 20
238.3390266165976
 10
214.55541857057693
 20
237.9385041087958
  0
LWPOLYLINE
  5
131
330
17
100
AcDbEntity
  8
OBJECT
370
18
100
AcDbPolyline
 90
11
 70
0
 10
220.24068454036572
 20
229.25237636438365
 10
221.2396663705456
 20
228.76702030874122
 10
222.28230488795035
 20
228.38434535554674
 10
223.35807738070025
 20
228.10821360869227
 10
224.45612673599908
 20
227.94141189675204
 10
225.56537101432258
 20
227.885623647229
 10
226.6746152926461
 20
227.94141189675204
 10
227.77266464794494
 20
228.10821360869227
 10
228.84843714069487
 20
228.38434535554674
 10
229.89107565809957
 20
228.76702030874122
 10
230.89005748827947
 20
229.25237636438362
  0
LWPOLYLINE
  5
132
330
17
100
AcDbEntity
  8
OBJECT
370
18
100
AcDbPolyline
 90
6
 70
0
 10
236.57532345806825
 20
237.9385041087958
 10
236.59171727476613
 20
238.13863299491345
 10
236.60447363290402
 20
238.3390266165976
 10
236.61358832431338
 20
238.53961886641082
 10
236.61905834216745
 20
238.7403435713908
 10
236.62088188197342
 20
238.94113451487982
  0
LWPOLYLINE
  5
133
330
17
100
AcDbEntity
  8
OBJECT
370
18
100
AcDbPolyline
 90
6
 70
0
 10
244.97497151615147
 20
242.48144365019948
 10
244.90616619178562
 20
242.83985511498003
 10
244.83074314313353
 20
243.19693257783547
 10
244.748728177249
 20
243.55255385970452
 10
244.66014935670262
 20
243.90659727977874
 10
244.56503698998003
 20
244.2589416971372
  0
LWPOLYLINE
  5
134
330
17
100
AcDbEntity
  8
OBJECT
370
18
100
AcDbPolyline
 90
16
 70
0
 10
243.89821136849022
 20
246.23314006636056
 10
243.3103855248319
 20
247.56556727512773
 10
242.62587671651573
 20
248.85100462501038
 10
241.84841446097226
 20
250.08244846471277
 10
240.9822347285768
 20
251.25318932430685
 10
240.03205686314305
 20
252.35684847149653
 10
239.00305786877706
 20
253.38741266587238
 10
237.90084420318817
 20
254.33926692179858
 10
236.73142123114025
 20
255.2072251014261
 10
235.50116050447448
 20
255.98655817114633
 10
234.21676504697743
 20
256.6730199675317
 10
232.88523283323792
 20
257.2628703323783
 10
231.51381866047726
 20
257.7528954908007
 10
230.1099946210917
 20
258.1404255613487
 10
228.6814093912717
 20
258.4233491027444
 10
227.2358465575116
 20
258.600124617981
  0
LWPOLYLINE
  5
135
330
17
100
AcDbEntity
  8
OBJECT
370
18
100
AcDbPolyline
 90
6
 70
0
 10
223.8948954711336
 20
258.600124617981
 10
223.3126656731743
 20
258.54194314769353
 10
222.73241722701385
 20
258.46652191828866
 10
222.15466048626206
 20
258.3739272660003
 10
221.57990361296598
 20
258.2642406318308
 10
221.00865213065947
 20
258.1375584899198
  0
LWPOLYLINE
  5
136
330
17
100
AcDbEntity
  8
OBJECT
370
18
100
AcDbPolyline
 90
6
 70
0
 10
218.91656909790947
 20
257.5169201911446
 10
218.6328638305894
 20
257.4129163607579
 10
218.35078463707447
 20
257.3045798294021
 10
218.07039768124667
 20
257.1919360082582
 10
217.79176873006048
 20
257.0750113188161
 10
217.5149631381166
 20
256.95383318667643
  0
LWPOLYLINE
  5
137
330
17
100
AcDbEntity
  8
OBJECT
370
18
100
AcDbPolyline
 90
6
 70
0
 10
214.40593216634161
 20
255.21176157754695
 10
214.32848621455418
 20
255.15837227014987
 10
214.2512956849167
 20
255.1046143337416
 10
214.17436233202315
 20
255.05048899027707
 10
214.09768790462178
 20
254.99599747006278
 10
214.02127414557526
 20
254.94114101172852
  0
LWPOLYLINE
  5
138
330
17
100
AcDbEntity
  8
OBJECT
370
18
100
AcDbPolyline
 90
6
 70
0
 10
211.62865434889997
 20
252.90660296394927
 10
211.40064225509016
 20
252.67528318130965
 10
211.17646906359323
 20
252.44024119149066
 10
210.95619552947187
 20
252.20154069519947
 10
210.73988135090977
 20
251.9592463846658
 10
210.5275851530324
 20
251.71342392610924
  0
LWPOLYLINE
  5
139
330
17
100
AcDbEntity
  8
OBJECT
370
18
100
AcDbPolyline
 90
9
 70
0
 10
222.79203749387537
 20
219.40718965986943
 10
223.80716723731558
 20
219.28979614079594
 10
224.82701364499314
 20
219.2251204955761
 10
225.84884081499405
 20
219.21333622702392
 10
226.86990753169107
 20
219.25447494833386
 10
227.88747461949507
 20
219.3484262982736
 10
228.89881229113402
 20
219.49493823724566
 10
229.901207470746
 20
219.693617723424
 10
230.89197107214133
 20
219.94393176715224
  0
LWPOLYLINE
  5
13A
330
17
100
AcDbEntity
  8
OBJECT
370
18
100
AcDbPolyline
 90
2
 70
0
 10
214.55541857057693
 20
229.25237636438365
 10
214.55541857057693
 20
248.62989266537602
  0
LWPOLYLINE
  5
13B
330
17
100
AcDbEntity
  8
OBJECT
370
18
100
AcDbPolyline
 90
2
 70
0
 10
236.57532345806825
 20
229.25237636438365
 10
236.57532345806825
 20
248.62989266537602
  0
LWPOLYLINE
  5
13C
330
17
100
AcDbEntity
  8
OBJECT
370
18
100
AcDbPolyline
 90
2
 70
0
 10
214.55541857057693
 20
229.25237636438365
 10
236.57532345806825
 20
229.25237636438365
  0
LWPOLYLINE
  5
13D
330
17
100
AcDbEntity
  8
OBJECT
370
18
100
AcDbPolyline
 90
2
 70
0
 10
214.55541857057693
 20
248.629892665376
 10
220.5007928901996
 20
248.629892665376
  0
LWPOLYLINE
  5
13E
330
17
100
AcDbEntity
  8
OBJECT
370
18
100
AcDbPolyline
 90
2
 70
0
 10
230.6299491384456
 20
248.629892665376
 10
236.57532345806825
 20
248.629892665376
  0
LWPOLYLINE
  5
13F
330
17
100
AcDbEntity
  8
OBJECT
370
18
100
AcDbPolyline
 90
2
 70
0
 10
220.5007928901996
 20
247.74909646987635
 10
220.5007928901996
 20
252.1530774473746
  0
LWPOLYLINE
  5
140
330
17
100
AcDbEntity
  8
OBJECT
370
18
100
AcDbPolyline
 90
2
 70
0
 10
230.6299491384456
 20
247.74909646987635
 10
230.6299491384456
 20
252.1530774473746
  0
LWPOLYLINE
  5
141
330
17
100
AcDbEntity
  8
OBJECT
370
18
100
AcDbPolyline
 90
2
 70
0
 10
220.5007928901996
 20
247.74909646987635
 10
230.6299491384456
 20
247.74909646987635
  0
LWPOLYLINE
  5
142
330
17
100
AcDbEntity
  8
OBJECT
370
18
100
AcDbPolyline
 90
2
 70
0
 10
220.5007928901996
 20
252.1530774473746
 10
230.6299491384456
 20
252.1530774473746
  0
LWPOLYLINE
  5
143
330
17
100
AcDbEntity
  8
OBJECT
370
18
100
AcDbPolyline
 90
2
 70
0
 10
227.6322977790923
 20
221.98080170521615
 10
280.3410462429614
 20
189.04472021264274
  0
LWPOLYLINE
  5
144
330
17
100
AcDbEntity
  8
OBJECT
370
18
100
AcDbPolyline
 90
2
 70
0
 10
241.61060018181504
 20
244.58373618546884
 10
248.6443469196808
 20
240.1885634198838
  0
LWPOLYLINE
  5
145
330
17
100
AcDbEntity
  8
OBJECT
370
18
100
AcDbPolyline
 90
2
 70
0
 10
248.8932711825914
 20
240.03301827704433
 10
251.73802835075034
 20
238.25541670903723
  0
LWPOLYLINE
  5
146
330
17
100
AcDbEntity
  8
OBJECT
370
18
100
AcDbPolyline
 90
2
 70
0
 10
252.27471676571997
 20
237.92005656699789
 10
254.83170978181838
 20
236.32226999819162
  0
LWPOLYLINE
  5
147
330
17
100
AcDbEntity
  8
OBJECT
370
18
100
AcDbPolyline
 90
2
 70
0
 10
255.6561623488485
 20
235.80709485695144
 10
257.9253912128864
 20
234.389123287346
  0
LWPOLYLINE
  5
148
330
17
100
AcDbEntity
  8
OBJECT
370
18
100
AcDbPolyline
 90
2
 70
0
 10
259.03760793197705
 20
233.69413314690502
 10
261.01907264395595
 20
232.4559765764994
  0
LWPOLYLINE
  5
149
330
17
100
AcDbEntity
  8
OBJECT
370
18
100
AcDbPolyline
 90
2
 70
0
 10
262.4190535151056
 20
231.5811714368586
 10
264.11275407502393
 20
230.52282986565382
  0
LWPOLYLINE
  5
14A
330
17
100
AcDbEntity
  8
OBJECT
370
18
100
AcDbPolyline
 90
2
 70
0
 10
265.8004990982341
 20
229.46820972681215
 10
267.20643550609196
 20
228.58968315480817
  0
LWPOLYLINE
  5
14B
330
17
100
AcDbEntity
  8
OBJECT
370
18
100
AcDbPolyline
 90
2
 70
0
 10
269.18194468136267
 20
227.3552480167657
 10
270.30011693716153
 20
226.6565364439616
  0
LWPOLYLINE
  5
14C
330
17
100
AcDbEntity
  8
OBJECT
370
18
100
AcDbPolyline
 90
2
 70
0
 10
272.5633902644912
 20
225.24228630671928
 10
273.3937983682295
 20
224.723389733116
  0
LWPOLYLINE
  5
14D
330
17
100
AcDbEntity
  8
OBJECT
370
18
100
AcDbPolyline
 90
2
 70
0
 10
275.9448358476198
 20
223.12932459667283
 10
276.4874797992991
 20
222.79024302226944
  0
LWPOLYLINE
  5
14E
330
17
100
AcDbEntity
  8
OBJECT
370
18
100
AcDbPolyline
 90
2
 70
0
 10
279.32628143074834
 20
221.01636288662638
 10
279.5811612303671
 20
220.85709631142382
  0
LWPOLYLINE
  5
14F
330
17
100
AcDbEntity
  8
OBJECT
370
18
100
AcDbPolyline
 90
2
 70
0
 10
282.7077270138769
 20
218.90340117657996
 10
282.9297947795611
 20
218.76463783575687
  0
LWPOLYLINE
  5
150
330
17
100
AcDbEntity
  8
OBJECT
370
18
100
AcDbPolyline
 90
2
 70
0
 10
286.0157937478131
 20
216.83629166047217
 10
294.42404668697145
 20
211.58223209569
  0
LWPOLYLINE
  5
151
330
17
100
AcDbEntity
  8
OBJECT
370
18
100
AcDbPolyline
 90
8
 70
0
 10
245.80908643296658
 20
230.443049675523
 10
245.73179889721868
 20
231.4535018741481
 10
245.50173442964552
 20
232.4404453120656
 10
245.12424561448896
 20
233.3809181736198
 10
244.60811494956266
 20
234.25303980826197
 10
243.9653505163099
 20
235.0365197966685
 10
243.21090660477347
 20
235.71313001919975
 10
242.36233579330167
 20
236.2671287437527
  0
LWPOLYLINE
  5
152
330
17
100
AcDbEntity
  8
OBJECT
370
18
100
AcDbPolyline
 90
12
 70
0
 10
235.33205619391748
 20
225.01632955204582
 10
236.47871852903492
 20
224.36645651075227
 10
237.73110323826046
 20
223.95572299534933
 10
239.03992371025183
 20
223.80029309901846
 10
240.35367234878515
 20
223.90628364260147
 10
241.62064761353355
 20
224.26952345194633
 10
242.79098869336298
 20
224.8757175111723
 10
243.818637739184
 20
225.70100953173244
 10
244.66315243423531
 20
226.7129207978124
 10
245.29129756952625
 20
227.8716283405459
 10
245.67835298924402
 20
229.13153213951003
 10
245.80908643296658
 20
230.443049675523
  0
LWPOLYLINE
  5
153
330
17
100
AcDbEntity
  8
OBJECT
370
18
100
AcDbPolyline
 90
27
 70
0
 10
261.8815520501342
 20
220.39985850173898
 10
261.6884913210234
 20
221.98985665518256
 10
261.1205291215195
 20
223.48744989535618
 10
260.2106733501993
 20
224.80560354667082
 10
259.01180151730057
 20
225.86771131020566
 10
257.59358769602966
 20
226.61204734334873
 10
256.0384533186814
 20
226.9953535414051
 10
254.43677714258368
 20
226.9953535414051
 10
252.88164276523537
 20
226.61204734334873
 10
251.4634289439645
 20
225.86771131020566
 10
250.26455711106578
 20
224.80560354667082
 10
249.35470133974553
 20
223.48744989535618
 10
248.78673914024168
 20
221.9898566551826
 10
248.59367841113084
 20
220.39985850173898
 10
248.78673914024168
 20
218.80986034829536
 10
249.35470133974553
 20
217.31226710812177
 10
250.26455711106578
 20
215.9941134568071
 10
251.4634289439645
 20
214.93200569327226
 10
252.88164276523537
 20
214.18766966012922
 10
254.43677714258365
 20
213.80436346207284
 10
256.0384533186814
 20
213.80436346207284
 10
257.59358769602966
 20
214.18766966012922
 10
259.01180151730057
 20
214.93200569327226
 10
260.2106733501993
 20
215.9941134568071
 10
261.1205291215195
 20
217.31226710812174
 10
261.6884913210234
 20
218.80986034829536
 10
261.8815520501342
 20
220.39985850173895
  0
LWPOLYLINE
  5
154
330
17
100
AcDbEntity
  8
OBJECT
370
18
100
AcDbPolyline
 90
27
 70
0
 10
277.95401766730185
 20
210.3566673279534
 10
277.760956938191
 20
211.946665481397
 10
277.19299473868716
 20
213.4442587215706
 10
276.2831389673669
 20
214.76241237288525
 10
275.0842671344682
 20
215.8245201364201
 10
273.66605331319727
 20
216.56885616956316
 10
272.110918935849
 20
216.9521623676195
 10
270.5092427597513
 20
216.9521623676195
 10
268.954108382403
 20
216.56885616956316
 10
267.5358945611321
 20
215.8245201364201
 10
266.3370227282334
 20
214.76241237288525
 10
265.42716695691314
 20
213.4442587215706
 10
264.8592047574093
 20
211.94666548139702
 10
264.66614402829845
 20
210.3566673279534
 10
264.8592047574093
 20
208.7666691745098
 10
265.42716695691314
 20
207.26907593433617
 10
266.3370227282334
 20
205.95092228302153
 10
267.5358945611321
 20
204.8888145194867
 10
268.954108382403
 20
204.14447848634364
 10
270.50924275975126
 20
203.76117228828727
 10
272.110918935849
 20
203.76117228828727
 10
273.66605331319727
 20
204.14447848634364
 10
275.0842671344682
 20
204.8888145194867
 10
276.2831389673669
 20
205.95092228302153
 10
277.19299473868716
 20
207.26907593433617
 10
277.760956938191
 20
208.7666691745098
 10
277.95401766730185
 20
210.35666732795337
  0
LWPOLYLINE
  5
155
330
17
100
AcDbEntity
  8
OBJECT
370
18
100
AcDbPolyline
 90
15
 70
0
 10
172.32281846727926
 20
232.00825238607683
 10
171.06442180999017
 20
232.68008116485834
 10
169.70569172208266
 20
233.11455625423667
 10
168.29096641095956
 20
233.2974998224293
 10
166.86641132538864
 20
233.22294203779586
 10
165.47851268025752
 20
232.89331587694292
 10
164.17256051405843
 20
232.31937773160377
 10
162.99117078011307
 20
231.51985640505646
 10
161.9728946987951
 20
230.52084195206237
 10
161.15096075049848
 20
229.35493430575715
 10
160.55219036075528
 20
228.06017947358148
 10
160.1961226609672
 20
226.6788280164052
 10
160.09437688564088
 20
225.25595632427036
 10
160.25027321244002
 20
223.83799567941242
 10
160.65872441783688
 20
222.4712171063124
  0
LWPOLYLINE
  5
156
330
17
100
AcDbEntity
  8
OBJECT
370
18
100
AcDbPolyline
 90
2
 70
0
 10
167.23393937749734
 20
226.57463418000947
 10
166.25739589511085
 20
228.08400681616152
  0
LWPOLYLINE
  5
157
330
17
100
AcDbEntity
  8
OBJECT
370
18
100
AcDbPolyline
 90
2
 70
0
 10
210.19670533273035
 20
249.78425732161355
 10
209.66799648529962
 20
250.60144435035008
  0
LWPOLYLINE
  5
158
330
17
100
AcDbEntity
  8
OBJECT
370
18
100
AcDbPolyline
 90
2
 70
0
 10
208.19421258108756
 20
252.8793655456078
 10
207.12827533911573
 20
254.5269076509074
  0
LWPOLYLINE
  5
159
330
17
100
AcDbEntity
  8
OBJECT
370
18
100
AcDbPolyline
 90
2
 70
0
 10
166.25739589511085
 20
228.0840068161615
 10
207.12827533911573
 20
254.5269076509074
  0
LWPOLYLINE
  5
15A
330
17
100
AcDbEntity
  8
OBJECT
370
18
100
AcDbPolyline
 90
2
 70
0
 10
148.64473582568985
 20
213.69166911444586
 10
148.06895945007858
 20
214.61427906862423
  0
LWPOLYLINE
  5
15B
330
17
100
AcDbEntity
  8
OBJECT
370
18
100
AcDbPolyline
 90
2
 70
0
 10
209.03940857856136
 20
238.34370325654135
 10
203.54020716794815
 20
247.15548883228155
  0
LWPOLYLINE
  5
15C
330
17
100
AcDbEntity
  8
OBJECT
370
18
100
AcDbPolyline
 90
2
 70
0
 10
202.84526425946524
 20
248.26904831841244
 10
202.6073660656464
 20
248.65025055420287
  0
LWPOLYLINE
  5
15D
330
17
100
AcDbEntity
  8
OBJECT
370
18
100
AcDbPolyline
 90
2
 70
0
 10
168.25794292137437
 20
212.89307335398178
 10
209.03940857856136
 20
238.34370325654132
  0
LWPOLYLINE
  5
15E
330
17
100
AcDbEntity
  8
OBJECT
370
18
100
AcDbPolyline
 90
2
 70
0
 10
148.06895945007858
 20
214.61427906862426
 10
150.0776824730495
 20
215.8678697724045
  0
LWPOLYLINE
  5
15F
330
17
100
AcDbEntity
  8
OBJECT
370
18
100
AcDbPolyline
 90
2
 70
0
 10
151.7350913692626
 20
216.90221465763537
 10
157.66754251899357
 20
220.60449990397763
  0
LWPOLYLINE
  5
160
330
17
100
AcDbEntity
  8
OBJECT
370
18
100
AcDbPolyline
 90
2
 70
0
 10
157.67178088431444
 20
220.60714495523888
 10
161.161231511536
 20
222.78481844111124
  0
LWPOLYLINE
  5
161
330
17
100
AcDbEntity
  8
OBJECT
370
18
100
AcDbPolyline
 90
2
 70
0
 10
161.36551055602476
 20
222.91230356883656
 10
164.65492050407823
 20
224.96513697824477
  0
LWPOLYLINE
  5
162
330
17
100
AcDbEntity
  8
OBJECT
370
18
100
AcDbPolyline
 90
2
 70
0
 10
165.05924022773507
 20
225.21746218243422
 10
168.14860949662065
 20
227.1454555153784
  0
LWPOLYLINE
  5
163
330
17
100
AcDbEntity
  8
OBJECT
370
18
100
AcDbPolyline
 90
2
 70
0
 10
168.75296989944542
 20
227.5226207960319
 10
171.64229848916153
 20
229.32577405251106
  0
LWPOLYLINE
  5
164
330
17
100
AcDbEntity
  8
OBJECT
370
18
100
AcDbPolyline
 90
2
 70
0
 10
172.44669957115573
 20
229.82777940962956
 10
175.1359874817044
 20
231.50609258964496
  0
LWPOLYLINE
  5
165
330
17
100
AcDbEntity
  8
OBJECT
370
18
100
AcDbPolyline
 90
2
 70
0
 10
176.1404292428685
 20
232.13293802322875
 10
178.62967647424728
 20
233.68641112677886
  0
LWPOLYLINE
  5
166
330
17
100
AcDbEntity
  8
OBJECT
370
18
100
AcDbPolyline
 90
2
 70
0
 10
179.8341589145788
 20
234.43809663682643
 10
182.1233654667886
 20
235.86672966391183
  0
LWPOLYLINE
  5
167
330
17
100
AcDbEntity
  8
OBJECT
370
18
100
AcDbPolyline
 90
2
 70
0
 10
183.52788858628915
 20
236.7432552504241
 10
185.61705445933148
 20
238.04704820104573
  0
LWPOLYLINE
  5
168
330
17
100
AcDbEntity
  8
OBJECT
370
18
100
AcDbPolyline
 90
2
 70
0
 10
187.22161825799947
 20
239.04841386402177
 10
189.11074345187436
 20
240.22736673817963
  0
LWPOLYLINE
  5
169
330
17
100
AcDbEntity
  8
OBJECT
370
18
100
AcDbPolyline
 90
2
 70
0
 10
190.91534792970978
 20
241.35357247761942
 10
192.60443244441572
 20
242.4076852753126
  0
LWPOLYLINE
  5
16A
330
17
100
AcDbEntity
  8
OBJECT
370
18
100
AcDbPolyline
 90
2
 70
0
 10
194.60907760142015
 20
243.65873109121713
 10
196.09812143695856
 20
244.5880038124465
  0
LWPOLYLINE
  5
16B
330
17
100
AcDbEntity
  8
OBJECT
370
18
100
AcDbPolyline
 90
2
 70
0
 10
198.30280727313047
 20
245.9638897048148
 10
199.59181042950144
 20
246.7683223495804
  0
LWPOLYLINE
  5
16C
330
17
100
AcDbEntity
  8
OBJECT
370
18
100
AcDbPolyline
 90
2
 70
0
 10
201.99653694484078
 20
248.26904831841244
 10
202.6073660656464
 20
248.65025055420287
  0
LWPOLYLINE
  5
16D
330
17
100
AcDbEntity
  8
OBJECT
370
18
100
AcDbPolyline
 90
2
 70
0
 10
207.22189565824465
 20
241.69889475891043
 10
205.82338732209115
 20
243.4969769053925
  0
LWPOLYLINE
  5
16E
330
17
100
AcDbEntity
  8
OBJECT
370
18
100
AcDbPolyline
 90
2
 70
0
 10
220.88942282978772
 20
252.32919367011635
 10
218.09240615747643
 20
255.92535796308607
  0
LWPOLYLINE
  5
16F
330
17
100
AcDbEntity
  8
OBJECT
370
18
100
AcDbPolyline
 90
2
 70
0
 10
207.22189565824465
 20
241.69889475891043
 10
214.55541857057693
 20
247.40274591294974
  0
LWPOLYLINE
  5
170
330
17
100
AcDbEntity
  8
OBJECT
370
18
100
AcDbPolyline
 90
2
 70
0
 10
216.1331786808384
 20
248.629892665376
 10
220.5007928901996
 20
252.02692593932545
  0
LWPOLYLINE
  5
171
330
17
100
AcDbEntity
  8
OBJECT
370
18
100
AcDbPolyline
 90
2
 70
0
 10
220.66298768626274
 20
252.1530774473746
 10
220.88942282978772
 20
252.32919367011638
  0
LWPOLYLINE
  5
172
330
17
100
AcDbEntity
  8
OBJECT
370
18
100
AcDbPolyline
 90
2
 70
0
 10
204.61093983525492
 20
245.43977304579695
 10
217.17492509035523
 20
255.21176157754695
  0
LWPOLYLINE
  5
173
330
17
100
AcDbEntity
  8
OBJECT
370
18
100
AcDbPolyline
 90
2
 70
0
 10
217.5149631381166
 20
255.47623561469482
 10
218.09240615747643
 20
255.92535796308607
  0
LWPOLYLINE
  5
174
330
17
100
AcDbEntity
  8
OBJECT
370
18
100
AcDbPolyline
 90
2
 70
0
 10
298.77215244125637
 20
214.5884489777844
 10
298.77215244125637
 20
186.03850333055425
  0
LWPOLYLINE
  5
175
330
17
100
AcDbEntity
  8
OBJECT
370
18
100
AcDbPolyline
 90
2
 70
0
 10
275.99294048867915
 20
186.03850333055425
 10
298.77215244125637
 20
186.03850333055425
  0
LWPOLYLINE
  5
176
330
17
100
AcDbEntity
  8
OBJECT
370
18
100
AcDbPolyline
 90
2
 70
0
 10
275.99294048867915
 20
214.5884489777844
 10
275.99294048867915
 20
186.03850333055425
  0
LWPOLYLINE
  5
177
330
17
100
AcDbEntity
  8
OBJECT
370
18
100
AcDbPolyline
 90
2
 70
0
 10
299.9111130388852
 20
211.55122071744074
 10
299.9111130388852
 20
189.07573159089787
  0
LWPOLYLINE
  5
178
330
17
100
AcDbEntity
  8
OBJECT
370
18
100
AcDbPolyline
 90
2
 70
0
 10
274.85397989105024
 20
189.07573159089787
 10
275.99294048867915
 20
189.07573159089787
  0
LWPOLYLINE
  5
179
330
17
100
AcDbEntity
  8
OBJECT
370
18
100
AcDbPolyline
 90
2
 70
0
 10
298.77215244125637
 20
189.07573159089787
 10
299.9111130388852
 20
189.07573159089787
  0
LWPOLYLINE
  5
17A
330
17
100
AcDbEntity
  8
OBJECT
370
18
100
AcDbPolyline
 90
2
 70
0
 10
274.85397989105024
 20
192.4734198078453
 10
274.85397989105024
 20
189.07573159089787
  0
LWPOLYLINE
  5
17B
330
17
100
AcDbEntity
  8
OBJECT
370
18
100
AcDbPolyline
 90
2
 70
0
 10
284.95276385669285
 20
218.76463783575687
 10
284.95276385669285
 20
226.43363919312455
  0
LWPOLYLINE
  5
17C
330
17
100
AcDbEntity
  8
OBJECT
370
18
100
AcDbPolyline
 90
2
 70
0
 10
273.6410680235395
 20
226.43363919312455
 10
284.95276385669285
 20
226.43363919312455
  0
LWPOLYLINE
  5
17D
330
17
100
AcDbEntity
  8
OBJECT
370
18
100
AcDbPolyline
 90
2
 70
0
 10
287.0028929324248
 20
216.21948363271358
 10
287.0028929324248
 20
221.57407397657474
  0
LWPOLYLINE
  5
17E
330
17
100
AcDbEntity
  8
OBJECT
370
18
100
AcDbPolyline
 90
2
 70
0
 10
284.95276385669285
 20
221.57407397657474
 10
287.0028929324248
 20
221.57407397657474
  0
LWPOLYLINE
  5
17F
330
17
100
AcDbEntity
  8
OBJECT
370
18
100
AcDbPolyline
 90
2
 70
0
 10
301.96124211461716
 20
211.2474978914064
 10
301.96124211461716
 20
189.37945441693225
  0
LWPOLYLINE
  5
180
330
17
100
AcDbEntity
  8
OBJECT
370
18
100
AcDbPolyline
 90
2
 70
0
 10
299.9111130388852
 20
189.37945441693225
 10
301.96124211461716
 20
189.37945441693225
  0
LWPOLYLINE
  5
181
330
17
100
AcDbEntity
  8
OBJECT
370
18
100
AcDbPolyline
 90
2
 70
0
 10
302.2649649406941
 20
193.47971256839614
 10
302.2649649406941
 20
207.14723973994248
  0
LWPOLYLINE
  5
182
330
17
100
AcDbEntity
  8
OBJECT
370
18
100
AcDbPolyline
 90
2
 70
0
 10
325.0441768932713
 20
193.47971256839614
 10
325.0441768932713
 20
207.14723973994248
  0
LWPOLYLINE
  5
183
330
17
100
AcDbEntity
  8
OBJECT
370
18
100
AcDbPolyline
 90
2
 70
0
 10
302.2649649406941
 20
193.47971256839614
 10
325.0441768932713
 20
193.47971256839614
  0
LWPOLYLINE
  5
184
330
17
100
AcDbEntity
  8
OBJECT
370
18
100
AcDbPolyline
 90
2
 70
0
 10
302.2649649406941
 20
207.14723973994248
 10
325.0441768932713
 20
207.14723973994248
  0
LWPOLYLINE
  5
185
330
17
100
AcDbEntity
  8
OBJECT
370
18
100
AcDbPolyline
 90
2
 70
0
 10
336.7375056955943
 20
198.0355549589116
 10
336.7375056955943
 20
202.59139734942704
  0
LWPOLYLINE
  5
186
330
17
100
AcDbEntity
  8
OBJECT
370
18
100
AcDbPolyline
 90
2
 70
0
 10
325.0441768932713
 20
198.0355549589116
 10
336.7375056955943
 20
198.0355549589116
  0
LWPOLYLINE
  5
187
330
17
100
AcDbEntity
  8
OBJECT
370
18
100
AcDbPolyline
 90
2
 70
0
 10
325.0441768932713
 20
202.59139734942704
 10
336.7375056955943
 20
202.59139734942704
  0
LWPOLYLINE
  5
188
330
17
100
AcDbEntity
  8
OBJECT
370
18
100
AcDbPolyline
 90
2
 70
0
 10
325.34789971930564
 20
190.4424843080525
 10
325.34789971930564
 20
198.0355549589116
  0
LWPOLYLINE
  5
189
330
17
100
AcDbEntity
  8
OBJECT
370
18
100
AcDbPolyline
 90
2
 70
0
 10
351.16433993222654
 20
190.4424843080525
 10
351.16433993222654
 20
201.07278321925523
  0
LWPOLYLINE
  5
18A
330
17
100
AcDbEntity
  8
OBJECT
370
18
100
AcDbPolyline
 90
2
 70
0
 10
325.34789971930564
 20
190.4424843080525
 10
351.16433993222654
 20
190.4424843080525
  0
LWPOLYLINE
  5
18B
330
17
100
AcDbEntity
  8
OBJECT
370
18
100
AcDbPolyline
 90
2
 70
0
 10
336.7375056955943
 20
201.07278321925523
 10
351.16433993222654
 20
201.07278321925523
  0
LWPOLYLINE
  5
18C
330
17
100
AcDbEntity
  8
OBJECT
370
18
100
AcDbPolyline
 90
2
 70
0
 10
342.0526551511956
 20
187.4052560477089
 10
342.0526551511956
 20
190.4424843080525
  0
LWPOLYLINE
  5
18D
330
17
100
AcDbEntity
  8
OBJECT
370
18
100
AcDbPolyline
 90
2
 70
0
 10
355.72018232274195
 20
187.4052560477089
 10
355.72018232274195
 20
199.55416908908342
  0
LWPOLYLINE
  5
18E
330
17
100
AcDbEntity
  8
OBJECT
370
18
100
AcDbPolyline
 90
2
 70
0
 10
342.0526551511956
 20
187.4052560477089
 10
355.72018232274195
 20
187.4052560477089
  0
LWPOLYLINE
  5
18F
330
17
100
AcDbEntity
  8
OBJECT
370
18
100
AcDbPolyline
 90
2
 70
0
 10
351.16433993222654
 20
199.55416908908342
 10
355.72018232274195
 20
199.55416908908342
  0
LWPOLYLINE
  5
190
330
17
100
AcDbEntity
  8
OBJECT
370
18
100
AcDbPolyline
 90
2
 70
0
 10
308.6431442874157
 20
207.6787546855026
 10
308.6431442874157
 20
216.03113240144762
  0
LWPOLYLINE
  5
191
330
17
100
AcDbEntity
  8
OBJECT
370
18
100
AcDbPolyline
 90
2
 70
0
 10
322.310671458962
 20
207.6787546855026
 10
322.310671458962
 20
216.03113240144762
  0
LWPOLYLINE
  5
192
330
17
100
AcDbEntity
  8
OBJECT
370
18
100
AcDbPolyline
 90
2
 70
0
 10
308.6431442874157
 20
207.6787546855026
 10
322.310671458962
 20
207.6787546855026
  0
LWPOLYLINE
  5
193
330
17
100
AcDbEntity
  8
OBJECT
370
18
100
AcDbPolyline
 90
2
 70
0
 10
308.6431442874157
 20
216.03113240144762
 10
322.310671458962
 20
216.03113240144762
  0
LWPOLYLINE
  5
194
330
17
100
AcDbEntity
  8
OBJECT
370
18
100
AcDbPolyline
 90
2
 70
0
 10
140.1990975562818
 20
206.8034306919928
 10
140.1990975562818
 20
209.08135188725052
  0
LWPOLYLINE
  5
195
330
17
100
AcDbEntity
  8
OBJECT
370
18
100
AcDbPolyline
 90
2
 70
0
 10
140.1990975562818
 20
206.8034306919928
 10
143.31225652313404
 20
206.8034306919928
  0
LWPOLYLINE
  5
196
330
17
100
AcDbEntity
  8
OBJECT
370
18
100
AcDbPolyline
 90
2
 70
0
 10
140.1990975562818
 20
209.08135188725052
 10
143.31225652313404
 20
209.08135188725052
  0
LWPOLYLINE
  5
197
330
17
100
AcDbEntity
  8
OBJECT
370
18
100
AcDbPolyline
 90
2
 70
0
 10
147.18647554136754
 20
212.89307335398178
 10
147.18647554136754
 20
213.69166911444586
  0
LWPOLYLINE
  5
198
330
17
100
AcDbEntity
  8
OBJECT
370
18
100
AcDbPolyline
 90
2
 70
0
 10
147.18647554136754
 20
213.69166911444586
 10
150.0776824730495
 20
213.69166911444586
  0
LWPOLYLINE
  5
199
330
17
100
AcDbEntity
  8
OBJECT
370
18
100
AcDbPolyline
 90
2
 70
0
 10
154.17385352645115
 20
216.90221465763537
 10
154.17385352645115
 20
218.3019863416412
  0
LWPOLYLINE
  5
19A
330
17
100
AcDbEntity
  8
OBJECT
370
18
100
AcDbPolyline
 90
2
 70
0
 10
158.12225026489787
 20
216.90221465763537
 10
158.12225026489787
 20
218.3019863416412
  0
LWPOLYLINE
  5
19B
330
17
100
AcDbEntity
  8
OBJECT
370
18
100
AcDbPolyline
 90
2
 70
0
 10
154.17385352645115
 20
218.3019863416412
 10
158.12225026489787
 20
218.3019863416412
  0
LWPOLYLINE
  5
19C
330
17
100
AcDbEntity
  8
OBJECT
370
18
100
AcDbPolyline
 90
2
 70
0
 10
157.66754251899357
 20
218.32922375998118
 10
157.66754251899357
 20
220.60714495523888
  0
LWPOLYLINE
  5
19D
330
17
100
AcDbEntity
  8
OBJECT
370
18
100
AcDbPolyline
 90
2
 70
0
 10
161.6159392574403
 20
218.32922375998118
 10
161.6159392574403
 20
220.60714495523888
  0
LWPOLYLINE
  5
19E
330
17
100
AcDbEntity
  8
OBJECT
370
18
100
AcDbPolyline
 90
2
 70
0
 10
157.66754251899357
 20
218.32922375998118
 10
161.6159392574403
 20
218.32922375998118
  0
LWPOLYLINE
  5
19F
330
17
100
AcDbEntity
  8
OBJECT
370
18
100
AcDbPolyline
 90
2
 70
0
 10
157.66754251899357
 20
220.60714495523888
 10
161.6159392574403
 20
220.60714495523888
  0
LWPOLYLINE
  5
1A0
330
17
100
AcDbEntity
  8
OBJECT
370
18
100
AcDbPolyline
 90
2
 70
0
 10
161.161231511536
 20
220.63438237357883
 10
161.161231511536
 20
222.91230356883656
  0
LWPOLYLINE
  5
1A1
330
17
100
AcDbEntity
  8
OBJECT
370
18
100
AcDbPolyline
 90
2
 70
0
 10
165.1096282499827
 20
220.63438237357883
 10
165.1096282499827
 20
222.91230356883656
  0
LWPOLYLINE
  5
1A2
330
17
100
AcDbEntity
  8
OBJECT
370
18
100
AcDbPolyline
 90
2
 70
0
 10
161.161231511536
 20
220.63438237357883
 10
165.1096282499827
 20
220.63438237357883
  0
LWPOLYLINE
  5
1A3
330
17
100
AcDbEntity
  8
OBJECT
370
18
100
AcDbPolyline
 90
2
 70
0
 10
161.161231511536
 20
222.91230356883656
 10
165.1096282499827
 20
222.91230356883656
  0
LWPOLYLINE
  5
1A4
330
17
100
AcDbEntity
  8
OBJECT
370
18
100
AcDbPolyline
 90
2
 70
0
 10
164.65492050407823
 20
222.9395409871765
 10
164.65492050407823
 20
225.21746218243422
  0
LWPOLYLINE
  5
1A5
330
17
100
AcDbEntity
  8
OBJECT
370
18
100
AcDbPolyline
 90
2
 70
0
 10
168.60331724252495
 20
222.9395409871765
 10
168.60331724252495
 20
225.21746218243422
  0
LWPOLYLINE
  5
1A6
330
17
100
AcDbEntity
  8
OBJECT
370
18
100
AcDbPolyline
 90
2
 70
0
 10
164.65492050407823
 20
222.9395409871765
 10
168.60331724252495
 20
222.9395409871765
  0
LWPOLYLINE
  5
1A7
330
17
100
AcDbEntity
  8
OBJECT
370
18
100
AcDbPolyline
 90
2
 70
0
 10
164.65492050407823
 20
225.21746218243422
 10
168.60331724252495
 20
225.21746218243422
  0
LWPOLYLINE
  5
1A8
330
17
100
AcDbEntity
  8
OBJECT
370
18
100
AcDbPolyline
 90
2
 70
0
 10
168.14860949662065
 20
225.24469960077417
 10
168.14860949662065
 20
227.5226207960319
  0
LWPOLYLINE
  5
1A9
330
17
100
AcDbEntity
  8
OBJECT
370
18
100
AcDbPolyline
 90
2
 70
0
 10
172.09700623506737
 20
225.24469960077417
 10
172.09700623506737
 20
227.5226207960319
  0
LWPOLYLINE
  5
1AA
330
17
100
AcDbEntity
  8
OBJECT
370
18
100
AcDbPolyline
 90
2
 70
0
 10
168.14860949662065
 20
225.24469960077417
 10
172.09700623506737
 20
225.24469960077417
  0
LWPOLYLINE
  5
1AB
330
17
100
AcDbEntity
  8
OBJECT
370
18
100
AcDbPolyline
 90
2
 70
0
 10
168.14860949662065
 20
227.5226207960319
 10
172.09700623506737
 20
227.5226207960319
  0
LWPOLYLINE
  5
1AC
330
17
100
AcDbEntity
  8
OBJECT
370
18
100
AcDbPolyline
 90
2
 70
0
 10
171.64229848916153
 20
227.54985821437185
 10
171.64229848916153
 20
229.82777940962956
  0
LWPOLYLINE
  5
1AD
330
17
100
AcDbEntity
  8
OBJECT
370
18
100
AcDbPolyline
 90
2
 70
0
 10
175.59069522760825
 20
227.54985821437185
 10
175.59069522760825
 20
229.82777940962956
  0
LWPOLYLINE
  5
1AE
330
17
100
AcDbEntity
  8
OBJECT
370
18
100
AcDbPolyline
 90
2
 70
0
 10
171.64229848916153
 20
227.54985821437185
 10
175.59069522760825
 20
227.54985821437185
  0
LWPOLYLINE
  5
1AF
330
17
100
AcDbEntity
  8
OBJECT
370
18
100
AcDbPolyline
 90
2
 70
0
 10
171.64229848916153
 20
229.82777940962956
 10
175.59069522760825
 20
229.82777940962956
  0
LWPOLYLINE
  5
1B0
330
17
100
AcDbEntity
  8
OBJECT
370
18
100
AcDbPolyline
 90
2
 70
0
 10
175.1359874817044
 20
229.85501682797104
 10
175.1359874817044
 20
232.13293802322875
  0
LWPOLYLINE
  5
1B1
330
17
100
AcDbEntity
  8
OBJECT
370
18
100
AcDbPolyline
 90
2
 70
0
 10
179.08438422015112
 20
229.85501682797104
 10
179.08438422015112
 20
232.13293802322875
  0
LWPOLYLINE
  5
1B2
330
17
100
AcDbEntity
  8
OBJECT
370
18
100
AcDbPolyline
 90
2
 70
0
 10
175.1359874817044
 20
229.85501682797104
 10
179.08438422015112
 20
229.85501682797104
  0
LWPOLYLINE
  5
1B3
330
17
100
AcDbEntity
  8
OBJECT
370
18
100
AcDbPolyline
 90
2
 70
0
 10
175.1359874817044
 20
232.13293802322875
 10
179.08438422015112
 20
232.13293802322875
  0
LWPOLYLINE
  5
1B4
330
17
100
AcDbEntity
  8
OBJECT
370
18
100
AcDbPolyline
 90
2
 70
0
 10
178.62967647424728
 20
232.1601754415687
 10
178.62967647424728
 20
234.43809663682643
  0
LWPOLYLINE
  5
1B5
330
17
100
AcDbEntity
  8
OBJECT
370
18
100
AcDbPolyline
 90
2
 70
0
 10
182.578073212694
 20
232.1601754415687
 10
182.578073212694
 20
234.43809663682643
  0
LWPOLYLINE
  5
1B6
330
17
100
AcDbEntity
  8
OBJECT
370
18
100
AcDbPolyline
 90
2
 70
0
 10
178.62967647424728
 20
232.1601754415687
 10
182.578073212694
 20
232.1601754415687
  0
LWPOLYLINE
  5
1B7
330
17
100
AcDbEntity
  8
OBJECT
370
18
100
AcDbPolyline
 90
2
 70
0
 10
178.62967647424728
 20
234.43809663682643
 10
182.578073212694
 20
234.43809663682643
  0
LWPOLYLINE
  5
1B8
330
17
100
AcDbEntity
  8
OBJECT
370
18
100
AcDbPolyline
 90
2
 70
0
 10
182.1233654667886
 20
234.46533405516638
 10
182.1233654667886
 20
236.7432552504241
  0
LWPOLYLINE
  5
1B9
330
17
100
AcDbEntity
  8
OBJECT
370
18
100
AcDbPolyline
 90
2
 70
0
 10
186.07176220523536
 20
234.46533405516638
 10
186.07176220523536
 20
236.7432552504241
  0
LWPOLYLINE
  5
1BA
330
17
100
AcDbEntity
  8
OBJECT
370
18
100
AcDbPolyline
 90
2
 70
0
 10
182.1233654667886
 20
234.46533405516638
 10
186.07176220523536
 20
234.46533405516638
  0
LWPOLYLINE
  5
1BB
330
17
100
AcDbEntity
  8
OBJECT
370
18
100
AcDbPolyline
 90
2
 70
0
 10
182.1233654667886
 20
236.7432552504241
 10
186.07176220523536
 20
236.7432552504241
  0
LWPOLYLINE
  5
1BC
330
17
100
AcDbEntity
  8
OBJECT
370
18
100
AcDbPolyline
 90
2
 70
0
 10
185.61705445933148
 20
236.77049266876404
 10
185.61705445933148
 20
239.04841386402177
  0
LWPOLYLINE
  5
1BD
330
17
100
AcDbEntity
  8
OBJECT
370
18
100
AcDbPolyline
 90
2
 70
0
 10
189.5654511977782
 20
236.77049266876404
 10
189.5654511977782
 20
239.04841386402177
  0
LWPOLYLINE
  5
1BE
330
17
100
AcDbEntity
  8
OBJECT
370
18
100
AcDbPolyline
 90
2
 70
0
 10
185.61705445933148
 20
236.77049266876404
 10
189.5654511977782
 20
236.77049266876404
  0
LWPOLYLINE
  5
1BF
330
17
100
AcDbEntity
  8
OBJECT
370
18
100
AcDbPolyline
 90
2
 70
0
 10
185.61705445933148
 20
239.04841386402177
 10
189.5654511977782
 20
239.04841386402177
  0
LWPOLYLINE
  5
1C0
330
17
100
AcDbEntity
  8
OBJECT
370
18
100
AcDbPolyline
 90
2
 70
0
 10
189.11074345187436
 20
239.07565128236172
 10
189.11074345187436
 20
241.35357247761942
  0
LWPOLYLINE
  5
1C1
330
17
100
AcDbEntity
  8
OBJECT
370
18
100
AcDbPolyline
 90
2
 70
0
 10
193.05914019032107
 20
239.07565128236172
 10
193.05914019032107
 20
241.35357247761942
  0
LWPOLYLINE
  5
1C2
330
17
100
AcDbEntity
  8
OBJECT
370
18
100
AcDbPolyline
 90
2
 70
0
 10
189.11074345187436
 20
239.07565128236172
 10
193.05914019032107
 20
239.07565128236172
  0
LWPOLYLINE
  5
1C3
330
17
100
AcDbEntity
  8
OBJECT
370
18
100
AcDbPolyline
 90
2
 70
0
 10
189.11074345187436
 20
241.35357247761942
 10
193.05914019032107
 20
241.35357247761942
  0
LWPOLYLINE
  5
1C4
330
17
100
AcDbEntity
  8
OBJECT
370
18
100
AcDbPolyline
 90
2
 70
0
 10
192.60443244441572
 20
241.3808098959594
 10
192.60443244441572
 20
243.65873109121713
  0
LWPOLYLINE
  5
1C5
330
17
100
AcDbEntity
  8
OBJECT
370
18
100
AcDbPolyline
 90
2
 70
0
 10
196.55282918286244
 20
241.3808098959594
 10
196.55282918286244
 20
243.65873109121713
  0
LWPOLYLINE
  5
1C6
330
17
100
AcDbEntity
  8
OBJECT
370
18
100
AcDbPolyline
 90
2
 70
0
 10
192.60443244441572
 20
241.3808098959594
 10
196.55282918286244
 20
241.3808098959594
  0
LWPOLYLINE
  5
1C7
330
17
100
AcDbEntity
  8
OBJECT
370
18
100
AcDbPolyline
 90
2
 70
0
 10
192.60443244441572
 20
243.65873109121713
 10
196.55282918286244
 20
243.65873109121713
  0
LWPOLYLINE
  5
1C8
330
17
100
AcDbEntity
  8
OBJECT
370
18
100
AcDbPolyline
 90
2
 70
0
 10
196.09812143695856
 20
243.68596850955709
 10
196.09812143695856
 20
245.9638897048148
  0
LWPOLYLINE
  5
1C9
330
17
100
AcDbEntity
  8
OBJECT
370
18
100
AcDbPolyline
 90
2
 70
0
 10
200.04651817540528
 20
243.68596850955709
 10
200.04651817540528
 20
245.9638897048148
  0
LWPOLYLINE
  5
1CA
330
17
100
AcDbEntity
  8
OBJECT
370
18
100
AcDbPolyline
 90
2
 70
0
 10
196.09812143695856
 20
243.68596850955709
 10
200.04651817540528
 20
243.68596850955709
  0
LWPOLYLINE
  5
1CB
330
17
100
AcDbEntity
  8
OBJECT
370
18
100
AcDbPolyline
 90
2
 70
0
 10
196.09812143695856
 20
245.9638897048148
 10
200.04651817540528
 20
245.9638897048148
  0
LWPOLYLINE
  5
1CC
330
17
100
AcDbEntity
  8
OBJECT
370
18
100
AcDbPolyline
 90
2
 70
0
 10
199.59181042950144
 20
245.99112712315474
 10
199.59181042950144
 20
248.26904831841244
  0
LWPOLYLINE
  5
1CD
330
17
100
AcDbEntity
  8
OBJECT
370
18
100
AcDbPolyline
 90
2
 70
0
 10
203.54020716794815
 20
245.99112712315474
 10
203.54020716794815
 20
248.26904831841244
  0
LWPOLYLINE
  5
1CE
330
17
100
AcDbEntity
  8
OBJECT
370
18
100
AcDbPolyline
 90
2
 70
0
 10
199.59181042950144
 20
245.99112712315474
 10
203.54020716794815
 20
245.99112712315474
  0
LWPOLYLINE
  5
1CF
330
17
100
AcDbEntity
  8
OBJECT
370
18
100
AcDbPolyline
 90
2
 70
0
 10
199.59181042950144
 20
248.26904831841244
 10
203.54020716794815
 20
248.26904831841244
  0
LWPOLYLINE
  5
1D0
330
17
100
AcDbEntity
  8
OBJECT
370
18
100
AcDbPolyline
 90
2
 70
0
 10
203.0854994220428
 20
248.2962857367524
 10
203.0854994220428
 20
250.57420693201013
  0
LWPOLYLINE
  5
1D1
330
17
100
AcDbEntity
  8
OBJECT
370
18
100
AcDbPolyline
 90
2
 70
0
 10
207.03389616048952
 20
248.2962857367524
 10
207.03389616048952
 20
250.57420693201013
  0
LWPOLYLINE
  5
1D2
330
17
100
AcDbEntity
  8
OBJECT
370
18
100
AcDbPolyline
 90
2
 70
0
 10
203.0854994220428
 20
248.2962857367524
 10
207.03389616048952
 20
248.2962857367524
  0
LWPOLYLINE
  5
1D3
330
17
100
AcDbEntity
  8
OBJECT
370
18
100
AcDbPolyline
 90
2
 70
0
 10
203.0854994220428
 20
250.57420693201013
 10
207.03389616048952
 20
250.57420693201013
  0
LWPOLYLINE
  5
1D4
330
17
100
AcDbEntity
  8
OBJECT
370
18
100
AcDbPolyline
 90
2
 70
0
 10
206.57918841458567
 20
250.60144435035008
 10
206.57918841458567
 20
252.8793655456078
  0
LWPOLYLINE
  5
1D5
330
17
100
AcDbEntity
  8
OBJECT
370
18
100
AcDbPolyline
 90
2
 70
0
 10
210.5275851530324
 20
250.60144435035008
 10
210.5275851530324
 20
252.8793655456078
  0
LWPOLYLINE
  5
1D6
330
17
100
AcDbEntity
  8
OBJECT
370
18
100
AcDbPolyline
 90
2
 70
0
 10
206.57918841458567
 20
250.60144435035008
 10
210.5275851530324
 20
250.60144435035008
  0
LWPOLYLINE
  5
1D7
330
17
100
AcDbEntity
  8
OBJECT
370
18
100
AcDbPolyline
 90
2
 70
0
 10
206.57918841458567
 20
252.8793655456078
 10
210.5275851530324
 20
252.8793655456078
  0
LWPOLYLINE
  5
1D8
330
17
100
AcDbEntity
  8
OBJECT
370
18
100
AcDbPolyline
 90
2
 70
0
 10
210.07287740712852
 20
252.90660296394927
 10
210.07287740712852
 20
255.184524159207
  0
LWPOLYLINE
  5
1D9
330
17
100
AcDbEntity
  8
OBJECT
370
18
100
AcDbPolyline
 90
2
 70
0
 10
214.02127414557526
 20
252.90660296394927
 10
214.02127414557526
 20
255.184524159207
  0
LWPOLYLINE
  5
1DA
330
17
100
AcDbEntity
  8
OBJECT
370
18
100
AcDbPolyline
 90
2
 70
0
 10
210.07287740712852
 20
252.90660296394927
 10
214.02127414557526
 20
252.90660296394927
  0
LWPOLYLINE
  5
1DB
330
17
100
AcDbEntity
  8
OBJECT
370
18
100
AcDbPolyline
 90
2
 70
0
 10
210.07287740712852
 20
255.184524159207
 10
214.02127414557526
 20
255.184524159207
  0
LWPOLYLINE
  5
1DC
330
17
100
AcDbEntity
  8
OBJECT
370
18
100
AcDbPolyline
 90
2
 70
0
 10
213.56656639966988
 20
255.21176157754695
 10
213.56656639966988
 20
257.48968277280466
  0
LWPOLYLINE
  5
1DD
330
17
100
AcDbEntity
  8
OBJECT
370
18
100
AcDbPolyline
 90
2
 70
0
 10
217.5149631381166
 20
255.21176157754695
 10
217.5149631381166
 20
257.48968277280466
  0
LWPOLYLINE
  5
1DE
330
17
100
AcDbEntity
  8
OBJECT
370
18
100
AcDbPolyline
 90
2
 70
0
 10
213.56656639966988
 20
255.21176157754695
 10
217.5149631381166
 20
255.21176157754695
  0
LWPOLYLINE
  5
1DF
330
17
100
AcDbEntity
  8
OBJECT
370
18
100
AcDbPolyline
 90
2
 70
0
 10
213.56656639966988
 20
257.48968277280466
 10
217.5149631381166
 20
257.48968277280466
  0
LWPOLYLINE
  5
1E0
330
17
100
AcDbEntity
  8
OBJECT
370
18
100
AcDbPolyline
 90
2
 70
0
 10
217.06025539221272
 20
257.5169201911446
 10
217.06025539221272
 20
259.7948413864023
  0
LWPOLYLINE
  5
1E1
330
17
100
AcDbEntity
  8
OBJECT
370
18
100
AcDbPolyline
 90
2
 70
0
 10
221.00865213065947
 20
257.5169201911446
 10
221.00865213065947
 20
259.7948413864023
  0
LWPOLYLINE
  5
1E2
330
17
100
AcDbEntity
  8
OBJECT
370
18
100
AcDbPolyline
 90
2
 70
0
 10
217.06025539221272
 20
257.5169201911446
 10
221.00865213065947
 20
257.5169201911446
  0
LWPOLYLINE
  5
1E3
330
17
100
AcDbEntity
  8
OBJECT
370
18
100
AcDbPolyline
 90
2
 70
0
 10
217.06025539221272
 20
259.7948413864023
 10
221.00865213065947
 20
259.7948413864023
  0
LWPOLYLINE
  5
1E4
330
17
100
AcDbEntity
  8
OBJECT
370
18
100
AcDbPolyline
 90
2
 70
0
 10
220.5539443847556
 20
259.82207880474226
 10
220.5539443847556
 20
262.1
  0
LWPOLYLINE
  5
1E5
330
17
100
AcDbEntity
  8
OBJECT
370
18
100
AcDbPolyline
 90
2
 70
0
 10
224.5023411232023
 20
259.82207880474226
 10
224.5023411232023
 20
262.1
  0
LWPOLYLINE
  5
1E6
330
17
100
AcDbEntity
  8
OBJECT
370
18
100
AcDbPolyline
 90
2
 70
0
 10
220.5539443847556
 20
259.82207880474226
 10
224.5023411232023
 20
259.82207880474226
  0
LWPOLYLINE
  5
1E7
330
17
100
AcDbEntity
  8
OBJECT
370
18
100
AcDbPolyline
 90
2
 70
0
 10
220.5539443847556
 20
262.1
 10
224.5023411232023
 20
262.1
  0
LWPOLYLINE
  5
1E8
330
17
100
AcDbEntity
  8
OBJECT
370
18
100
AcDbPolyline
 90
2
 70
0
 10
223.8948954711336
 20
256.9367119574158
 10
223.8948954711336
 20
258.91091032663917
  0
LWPOLYLINE
  5
1E9
330
17
100
AcDbEntity
  8
OBJECT
370
18
100
AcDbPolyline
 90
2
 70
0
 10
227.2358465575116
 20
256.9367119574158
 10
227.2358465575116
 20
258.91091032663917
  0
LWPOLYLINE
  5
1EA
330
17
100
AcDbEntity
  8
OBJECT
370
18
100
AcDbPolyline
 90
2
 70
0
 10
223.8948954711336
 20
256.9367119574158
 10
227.2358465575116
 20
256.9367119574158
  0
LWPOLYLINE
  5
1EB
330
17
100
AcDbEntity
  8
OBJECT
370
18
100
AcDbPolyline
 90
2
 70
0
 10
223.8948954711336
 20
258.91091032663917
 10
227.2358465575116
 20
258.91091032663917
  0
LWPOLYLINE
  5
1EC
330
17
100
AcDbEntity
  8
OBJECT
370
18
100
AcDbPolyline
 90
2
 70
0
 10
226.98857690220163
 20
254.8237502473694
 10
226.98857690220163
 20
256.79794861659275
  0
LWPOLYLINE
  5
1ED
330
17
100
AcDbEntity
  8
OBJECT
370
18
100
AcDbPolyline
 90
2
 70
0
 10
230.32952798857963
 20
254.8237502473694
 10
230.32952798857963
 20
256.79794861659275
  0
LWPOLYLINE
  5
1EE
330
17
100
AcDbEntity
  8
OBJECT
370
18
100
AcDbPolyline
 90
2
 70
0
 10
226.98857690220163
 20
254.8237502473694
 10
230.32952798857963
 20
254.8237502473694
  0
LWPOLYLINE
  5
1EF
330
17
100
AcDbEntity
  8
OBJECT
370
18
100
AcDbPolyline
 90
2
 70
0
 10
226.98857690220163
 20
256.79794861659275
 10
230.32952798857963
 20
256.79794861659275
  0
LWPOLYLINE
  5
1F0
330
17
100
AcDbEntity
  8
OBJECT
370
18
100
AcDbPolyline
 90
2
 70
0
 10
230.08225833326964
 20
252.71078853732297
 10
230.08225833326964
 20
254.68498690654633
  0
LWPOLYLINE
  5
1F1
330
17
100
AcDbEntity
  8
OBJECT
370
18
100
AcDbPolyline
 90
2
 70
0
 10
233.42320941964763
 20
252.71078853732297
 10
233.42320941964763
 20
254.68498690654633
  0
LWPOLYLINE
  5
1F2
330
17
100
AcDbEntity
  8
OBJECT
370
18
100
AcDbPolyline
 90
2
 70
0
 10
230.08225833326964
 20
252.71078853732297
 10
233.42320941964763
 20
252.71078853732297
  0
LWPOLYLINE
  5
1F3
330
17
100
AcDbEntity
  8
OBJECT
370
18
100
AcDbPolyline
 90
2
 70
0
 10
230.08225833326964
 20
254.68498690654633
 10
233.42320941964763
 20
254.68498690654633
  0
LWPOLYLINE
  5
1F4
330
17
100
AcDbEntity
  8
OBJECT
370
18
100
AcDbPolyline
 90
2
 70
0
 10
233.17593976433918
 20
250.59782682727652
 10
233.17593976433918
 20
252.57202519649988
  0
LWPOLYLINE
  5
1F5
330
17
100
AcDbEntity
  8
OBJECT
370
18
100
AcDbPolyline
 90
2
 70
0
 10
236.51689085071717
 20
250.59782682727652
 10
236.51689085071717
 20
252.57202519649988
  0
LWPOLYLINE
  5
1F6
330
17
100
AcDbEntity
  8
OBJECT
370
18
100
AcDbPolyline
 90
2
 70
0
 10
233.17593976433918
 20
250.59782682727652
 10
236.51689085071717
 20
250.59782682727652
  0
LWPOLYLINE
  5
1F7
330
17
100
AcDbEntity
  8
OBJECT
370
18
100
AcDbPolyline
 90
2
 70
0
 10
233.17593976433918
 20
252.57202519649988
 10
236.51689085071717
 20
252.57202519649988
  0
LWPOLYLINE
  5
1F8
330
17
100
AcDbEntity
  8
OBJECT
370
18
100
AcDbPolyline
 90
2
 70
0
 10
236.26962119540718
 20
248.629892665376
 10
236.26962119540718
 20
250.45906348645343
  0
LWPOLYLINE
  5
1F9
330
17
100
AcDbEntity
  8
OBJECT
370
18
100
AcDbPolyline
 90
2
 70
0
 10
239.61057228178518
 20
248.48486511723007
 10
239.61057228178518
 20
250.45906348645343
  0
LWPOLYLINE
  5
1FA
330
17
100
AcDbEntity
  8
OBJECT
370
18
100
AcDbPolyline
 90
2
 70
0
 10
236.57532345806825
 20
248.48486511723007
 10
239.61057228178518
 20
248.48486511723007
  0
LWPOLYLINE
  5
1FB
330
17
100
AcDbEntity
  8
OBJECT
370
18
100
AcDbPolyline
 90
2
 70
0
 10
236.26962119540718
 20
250.45906348645343
 10
239.61057228178518
 20
250.45906348645343
  0
LWPOLYLINE
  5
1FC
330
17
100
AcDbEntity
  8
OBJECT
370
18
100
AcDbPolyline
 90
2
 70
0
 10
239.36330262647522
 20
246.37190340718365
 10
239.36330262647522
 20
248.346101776407
  0
LWPOLYLINE
  5
1FD
330
17
100
AcDbEntity
  8
OBJECT
370
18
100
AcDbPolyline
 90
2
 70
0
 10
242.70425371285322
 20
246.37190340718365
 10
242.70425371285322
 20
248.346101776407
  0
LWPOLYLINE
  5
1FE
330
17
100
AcDbEntity
  8
OBJECT
370
18
100
AcDbPolyline
 90
2
 70
0
 10
239.36330262647522
 20
246.37190340718365
 10
242.70425371285322
 20
246.37190340718365
  0
LWPOLYLINE
  5
1FF
330
17
100
AcDbEntity
  8
OBJECT
370
18
100
AcDbPolyline
 90
2
 70
0
 10
239.36330262647522
 20
248.346101776407
 10
242.70425371285322
 20
248.346101776407
  0
LWPOLYLINE
  5
200
330
17
100
AcDbEntity
  8
OBJECT
370
18
100
AcDbPolyline
 90
2
 70
0
 10
242.45698405754476
 20
244.2589416971372
 10
242.45698405754476
 20
246.23314006636056
  0
LWPOLYLINE
  5
201
330
17
100
AcDbEntity
  8
OBJECT
370
18
100
AcDbPolyline
 90
2
 70
0
 10
245.79793514392276
 20
244.2589416971372
 10
245.79793514392276
 20
246.23314006636056
  0
LWPOLYLINE
  5
202
330
17
100
AcDbEntity
  8
OBJECT
370
18
100
AcDbPolyline
 90
2
 70
0
 10
242.45698405754476
 20
244.2589416971372
 10
245.79793514392276
 20
244.2589416971372
  0
LWPOLYLINE
  5
203
330
17
100
AcDbEntity
  8
OBJECT
370
18
100
AcDbPolyline
 90
2
 70
0
 10
242.45698405754476
 20
246.23314006636056
 10
245.79793514392276
 20
246.23314006636056
  0
LWPOLYLINE
  5
204
330
17
100
AcDbEntity
  8
OBJECT
370
18
100
AcDbPolyline
 90
2
 70
0
 10
245.5506654886128
 20
242.14597998709075
 10
245.5506654886128
 20
244.1201783563141
  0
LWPOLYLINE
  5
205
330
17
100
AcDbEntity
  8
OBJECT
370
18
100
AcDbPolyline
 90
2
 70
0
 10
248.8916165749908
 20
242.14597998709075
 10
248.8916165749908
 20
244.1201783563141
  0
LWPOLYLINE
  5
206
330
17
100
AcDbEntity
  8
OBJECT
370
18
100
AcDbPolyline
 90
2
 70
0
 10
245.5506654886128
 20
242.14597998709075
 10
248.8916165749908
 20
242.14597998709075
  0
LWPOLYLINE
  5
207
330
17
100
AcDbEntity
  8
OBJECT
370
18
100
AcDbPolyline
 90
2
 70
0
 10
245.5506654886128
 20
244.1201783563141
 10
248.8916165749908
 20
244.1201783563141
  0
LWPOLYLINE
  5
208
330
17
100
AcDbEntity
  8
OBJECT
370
18
100
AcDbPolyline
 90
2
 70
0
 10
248.6443469196808
 20
240.03301827704433
 10
248.6443469196808
 20
242.0072166462677
  0
LWPOLYLINE
  5
209
330
17
100
AcDbEntity
  8
OBJECT
370
18
100
AcDbPolyline
 90
2
 70
0
 10
251.98529800605883
 20
240.03301827704433
 10
251.98529800605883
 20
242.0072166462677
  0
LWPOLYLINE
  5
20A
330
17
100
AcDbEntity
  8
OBJECT
370
18
100
AcDbPolyline
 90
2
 70
0
 10
248.6443469196808
 20
240.03301827704433
 10
251.98529800605883
 20
240.03301827704433
  0
LWPOLYLINE
  5
20B
330
17
100
AcDbEntity
  8
OBJECT
370
18
100
AcDbPolyline
 90
2
 70
0
 10
248.6443469196808
 20
242.0072166462677
 10
251.98529800605883
 20
242.0072166462677
  0
LWPOLYLINE
  5
20C
330
17
100
AcDbEntity
  8
OBJECT
370
18
100
AcDbPolyline
 90
2
 70
0
 10
251.73802835075034
 20
237.92005656699789
 10
251.73802835075034
 20
239.89425493622124
  0
LWPOLYLINE
  5
20D
330
17
100
AcDbEntity
  8
OBJECT
370
18
100
AcDbPolyline
 90
2
 70
0
 10
255.07897943712834
 20
237.92005656699789
 10
255.07897943712834
 20
239.89425493622124
  0
LWPOLYLINE
  5
20E
330
17
100
AcDbEntity
  8
OBJECT
370
18
100
AcDbPolyline
 90
2
 70
0
 10
251.73802835075034
 20
237.92005656699789
 10
255.07897943712834
 20
237.92005656699789
  0
LWPOLYLINE
  5
20F
330
17
100
AcDbEntity
  8
OBJECT
370
18
100
AcDbPolyline
 90
2
 70
0
 10
251.73802835075034
 20
239.89425493622124
 10
255.07897943712834
 20
239.89425493622124
  0
LWPOLYLINE
  5
210
330
17
100
AcDbEntity
  8
OBJECT
370
18
100
AcDbPolyline
 90
2
 70
0
 10
254.83170978181838
 20
235.80709485695144
 10
254.83170978181838
 20
237.78129322617482
  0
LWPOLYLINE
  5
211
330
17
100
AcDbEntity
  8
OBJECT
370
18
100
AcDbPolyline
 90
2
 70
0
 10
258.1726608681964
 20
235.80709485695144
 10
258.1726608681964
 20
237.78129322617482
  0
LWPOLYLINE
  5
212
330
17
100
AcDbEntity
  8
OBJECT
370
18
100
AcDbPolyline
 90
2
 70
0
 10
254.83170978181838
 20
235.80709485695144
 10
258.1726608681964
 20
235.80709485695144
  0
LWPOLYLINE
  5
213
330
17
100
AcDbEntity
  8
OBJECT
370
18
100
AcDbPolyline
 90
2
 70
0
 10
254.83170978181838
 20
237.78129322617482
 10
258.1726608681964
 20
237.78129322617482
  0
LWPOLYLINE
  5
214
330
17
100
AcDbEntity
  8
OBJECT
370
18
100
AcDbPolyline
 90
2
 70
0
 10
257.9253912128864
 20
233.69413314690502
 10
257.9253912128864
 20
235.66833151612838
  0
LWPOLYLINE
  5
215
330
17
100
AcDbEntity
  8
OBJECT
370
18
100
AcDbPolyline
 90
2
 70
0
 10
261.2663422992644
 20
233.69413314690502
 10
261.2663422992644
 20
235.66833151612838
  0
LWPOLYLINE
  5
216
330
17
100
AcDbEntity
  8
OBJECT
370
18
100
AcDbPolyline
 90
2
 70
0
 10
257.9253912128864
 20
233.69413314690502
 10
261.2663422992644
 20
233.69413314690502
  0
LWPOLYLINE
  5
217
330
17
100
AcDbEntity
  8
OBJECT
370
18
100
AcDbPolyline
 90
2
 70
0
 10
257.9253912128864
 20
235.66833151612838
 10
261.2663422992644
 20
235.66833151612838
  0
LWPOLYLINE
  5
218
330
17
100
AcDbEntity
  8
OBJECT
370
18
100
AcDbPolyline
 90
2
 70
0
 10
261.01907264395595
 20
231.5811714368586
 10
261.01907264395595
 20
233.55536980608196
  0
LWPOLYLINE
  5
219
330
17
100
AcDbEntity
  8
OBJECT
370
18
100
AcDbPolyline
 90
2
 70
0
 10
264.3600237303339
 20
231.5811714368586
 10
264.3600237303339
 20
233.55536980608196
  0
LWPOLYLINE
  5
21A
330
17
100
AcDbEntity
  8
OBJECT
370
18
100
AcDbPolyline
 90
2
 70
0
 10
261.01907264395595
 20
231.5811714368586
 10
264.3600237303339
 20
231.5811714368586
  0
LWPOLYLINE
  5
21B
330
17
100
AcDbEntity
  8
OBJECT
370
18
100
AcDbPolyline
 90
2
 70
0
 10
261.01907264395595
 20
233.55536980608196
 10
264.3600237303339
 20
233.55536980608196
  0
LWPOLYLINE
  5
21C
330
17
100
AcDbEntity
  8
OBJECT
370
18
100
AcDbPolyline
 90
2
 70
0
 10
264.11275407502393
 20
229.46820972681215
 10
264.11275407502393
 20
231.4424080960355
  0
LWPOLYLINE
  5
21D
330
17
100
AcDbEntity
  8
OBJECT
370
18
100
AcDbPolyline
 90
2
 70
0
 10
267.45370516140196
 20
229.46820972681215
 10
267.45370516140196
 20
231.4424080960355
  0
LWPOLYLINE
  5
21E
330
17
100
AcDbEntity
  8
OBJECT
370
18
100
AcDbPolyline
 90
2
 70
0
 10
264.11275407502393
 20
229.46820972681215
 10
267.45370516140196
 20
229.46820972681215
  0
LWPOLYLINE
  5
21F
330
17
100
AcDbEntity
  8
OBJECT
370
18
100
AcDbPolyline
 90
2
 70
0
 10
264.11275407502393
 20
231.4424080960355
 10
267.45370516140196
 20
231.4424080960355
  0
LWPOLYLINE
  5
220
330
17
100
AcDbEntity
  8
OBJECT
370
18
100
AcDbPolyline
 90
2
 70
0
 10
267.20643550609196
 20
227.3552480167657
 10
267.20643550609196
 20
229.32944638598906
  0
LWPOLYLINE
  5
221
330
17
100
AcDbEntity
  8
OBJECT
370
18
100
AcDbPolyline
 90
2
 70
0
 10
270.54738659247
 20
227.3552480167657
 10
270.54738659247
 20
229.32944638598906
  0
LWPOLYLINE
  5
222
330
17
100
AcDbEntity
  8
OBJECT
370
18
100
AcDbPolyline
 90
2
 70
0
 10
267.20643550609196
 20
227.3552480167657
 10
270.54738659247
 20
227.3552480167657
  0
LWPOLYLINE
  5
223
330
17
100
AcDbEntity
  8
OBJECT
370
18
100
AcDbPolyline
 90
2
 70
0
 10
267.20643550609196
 20
229.32944638598906
 10
270.54738659247
 20
229.32944638598906
  0
LWPOLYLINE
  5
224
330
17
100
AcDbEntity
  8
OBJECT
370
18
100
AcDbPolyline
 90
2
 70
0
 10
270.30011693716153
 20
225.24228630671928
 10
270.30011693716153
 20
227.21648467594264
  0
LWPOLYLINE
  5
225
330
17
100
AcDbEntity
  8
OBJECT
370
18
100
AcDbPolyline
 90
2
 70
0
 10
273.6410680235395
 20
225.24228630671928
 10
273.6410680235395
 20
227.21648467594264
  0
LWPOLYLINE
  5
226
330
17
100
AcDbEntity
  8
OBJECT
370
18
100
AcDbPolyline
 90
2
 70
0
 10
270.30011693716153
 20
225.24228630671928
 10
273.6410680235395
 20
225.24228630671928
  0
LWPOLYLINE
  5
227
330
17
100
AcDbEntity
  8
OBJECT
370
18
100
AcDbPolyline
 90
2
 70
0
 10
270.30011693716153
 20
227.21648467594264
 10
273.6410680235395
 20
227.21648467594264
  0
LWPOLYLINE
  5
228
330
17
100
AcDbEntity
  8
OBJECT
370
18
100
AcDbPolyline
 90
2
 70
0
 10
273.3937983682295
 20
223.12932459667283
 10
273.3937983682295
 20
225.1035229658962
  0
LWPOLYLINE
  5
229
330
17
100
AcDbEntity
  8
OBJECT
370
18
100
AcDbPolyline
 90
2
 70
0
 10
276.73474945460754
 20
223.12932459667283
 10
276.73474945460754
 20
225.1035229658962
  0
LWPOLYLINE
  5
22A
330
17
100
AcDbEntity
  8
OBJECT
370
18
100
AcDbPolyline
 90
2
 70
0
 10
273.3937983682295
 20
223.12932459667283
 10
276.73474945460754
 20
223.12932459667283
  0
LWPOLYLINE
  5
22B
330
17
100
AcDbEntity
  8
OBJECT
370
18
100
AcDbPolyline
 90
2
 70
0
 10
273.3937983682295
 20
225.1035229658962
 10
276.73474945460754
 20
225.1035229658962
  0
LWPOLYLINE
  5
22C
330
17
100
AcDbEntity
  8
OBJECT
370
18
100
AcDbPolyline
 90
2
 70
0
 10
276.4874797992991
 20
221.01636288662638
 10
276.4874797992991
 20
222.99056125584974
  0
LWPOLYLINE
  5
22D
330
17
100
AcDbEntity
  8
OBJECT
370
18
100
AcDbPolyline
 90
2
 70
0
 10
279.8284308856771
 20
221.01636288662638
 10
279.8284308856771
 20
222.99056125584974
  0
LWPOLYLINE
  5
22E
330
17
100
AcDbEntity
  8
OBJECT
370
18
100
AcDbPolyline
 90
2
 70
0
 10
276.4874797992991
 20
221.01636288662638
 10
279.8284308856771
 20
221.01636288662638
  0
LWPOLYLINE
  5
22F
330
17
100
AcDbEntity
  8
OBJECT
370
18
100
AcDbPolyline
 90
2
 70
0
 10
276.4874797992991
 20
222.99056125584974
 10
279.8284308856771
 20
222.99056125584974
  0
LWPOLYLINE
  5
230
330
17
100
AcDbEntity
  8
OBJECT
370
18
100
AcDbPolyline
 90
2
 70
0
 10
279.5811612303671
 20
218.90340117657996
 10
279.5811612303671
 20
220.87759954580332
  0
LWPOLYLINE
  5
231
330
17
100
AcDbEntity
  8
OBJECT
370
18
100
AcDbPolyline
 90
2
 70
0
 10
282.9221123167451
 20
218.90340117657996
 10
282.9221123167451
 20
220.87759954580332
  0
LWPOLYLINE
  5
232
330
17
100
AcDbEntity
  8
OBJECT
370
18
100
AcDbPolyline
 90
2
 70
0
 10
279.5811612303671
 20
218.90340117657996
 10
282.9221123167451
 20
218.90340117657996
  0
LWPOLYLINE
  5
233
330
17
100
AcDbEntity
  8
OBJECT
370
18
100
AcDbPolyline
 90
2
 70
0
 10
279.5811612303671
 20
220.87759954580332
 10
282.9221123167451
 20
220.87759954580332
  0
LWPOLYLINE
  5
234
330
17
100
AcDbEntity
  8
OBJECT
370
18
100
AcDbPolyline
 90
2
 70
0
 10
282.67484266143515
 20
216.7904394665335
 10
282.67484266143515
 20
218.76463783575687
  0
LWPOLYLINE
  5
235
330
17
100
AcDbEntity
  8
OBJECT
370
18
100
AcDbPolyline
 90
2
 70
0
 10
286.0157937478131
 20
216.7904394665335
 10
286.0157937478131
 20
218.76463783575687
  0
LWPOLYLINE
  5
236
330
17
100
AcDbEntity
  8
OBJECT
370
18
100
AcDbPolyline
 90
2
 70
0
 10
282.67484266143515
 20
216.7904394665335
 10
286.0157937478131
 20
216.7904394665335
  0
LWPOLYLINE
  5
237
330
17
100
AcDbEntity
  8
OBJECT
370
18
100
AcDbPolyline
 90
2
 70
0
 10
282.67484266143515
 20
218.76463783575687
 10
286.0157937478131
 20
218.76463783575687
  0
LWPOLYLINE
  5
238
330
17
100
AcDbEntity
  8
OBJECT
370
18
100
AcDbPolyline
 90
2
 70
0
 10
69.27981767725805
 20
164.8137499927421
 10
69.27981767725805
 20
167.54725542705137
  0
LWPOLYLINE
  5
239
330
17
100
AcDbEntity
  8
OBJECT
370
18
100
AcDbPolyline
 90
2
 70
0
 10
69.27981767725805
 20
164.8137499927421
 10
70.79843180742986
 20
164.8137499927421
  0
LWPOLYLINE
  5
23A
330
17
100
AcDbEntity
  8
OBJECT
370
18
100
AcDbPolyline
 90
2
 70
0
 10
98.13348615052253
 20
164.8137499927421
 10
102.30967500849502
 20
164.8137499927421
  0
LWPOLYLINE
  5
23B
330
17
100
AcDbEntity
  8
OBJECT
370
18
100
AcDbPolyline
 90
2
 70
0
 10
69.27981767725805
 20
167.54725542705137
 10
70.79843180742986
 20
167.54725542705137
  0
LWPOLYLINE
  5
23C
330
17
100
AcDbEntity
  8
OBJECT
370
18
100
AcDbPolyline
 90
2
 70
0
 10
98.13348615052253
 20
167.54725542705137
 10
102.30967500849502
 20
167.54725542705137
  0
LWPOLYLINE
  5
23D
330
17
100
AcDbEntity
  8
OBJECT
370
18
100
AcDbPolyline
 90
2
 70
0
 10
70.79843180742986
 20
127.45584239051544
 10
70.79843180742986
 20
150.99436140817858
  0
LWPOLYLINE
  5
23E
330
17
100
AcDbEntity
  8
OBJECT
370
18
100
AcDbPolyline
 90
2
 70
0
 10
70.79843180742986
 20
185.92248640213035
 10
70.79843180742986
 20
206.42377715944986
  0
LWPOLYLINE
  5
23F
330
17
100
AcDbEntity
  8
OBJECT
370
18
100
AcDbPolyline
 90
2
 70
0
 10
76.87288832811711
 20
127.45584239051544
 10
76.87288832811711
 20
150.99436140817858
  0
LWPOLYLINE
  5
240
330
17
100
AcDbEntity
  8
OBJECT
370
18
100
AcDbPolyline
 90
2
 70
0
 10
76.87288832811711
 20
186.30213993467328
 10
76.87288832811711
 20
206.42377715944986
  0
LWPOLYLINE
  5
241
330
17
100
AcDbEntity
  8
OBJECT
370
18
100
AcDbPolyline
 90
2
 70
0
 10
70.79843180742986
 20
127.45584239051544
 10
76.87288832811711
 20
127.45584239051544
  0
LWPOLYLINE
  5
242
330
17
100
AcDbEntity
  8
OBJECT
370
18
100
AcDbPolyline
 90
2
 70
0
 10
70.79843180742986
 20
206.42377715944986
 10
76.87288832811711
 20
206.42377715944986
  0
LWPOLYLINE
  5
243
330
17
100
AcDbEntity
  8
OBJECT
370
18
100
AcDbPolyline
 90
2
 70
0
 10
125.46854049361521
 20
183.948288032907
 10
125.46854049361521
 20
184.85945651101008
  0
LWPOLYLINE
  5
244
330
17
100
AcDbEntity
  8
OBJECT
370
18
100
AcDbPolyline
 90
2
 70
0
 10
125.46854049361521
 20
191.76915080329184
 10
125.46854049361521
 20
206.42377715944986
  0
LWPOLYLINE
  5
245
330
17
100
AcDbEntity
  8
OBJECT
370
18
100
AcDbPolyline
 90
2
 70
0
 10
131.54299701430247
 20
189.11157607549114
 10
131.54299701430247
 20
206.42377715944986
  0
LWPOLYLINE
  5
246
330
17
100
AcDbEntity
  8
OBJECT
370
18
100
AcDbPolyline
 90
2
 70
0
 10
125.46854049361521
 20
206.42377715944986
 10
131.54299701430247
 20
206.42377715944986
  0
LWPOLYLINE
  5
247
330
17
100
AcDbEntity
  8
OBJECT
370
18
100
AcDbPolyline
 90
2
 70
0
 10
76.87288832811711
 20
199.96966710621962
 10
125.46854049361521
 20
199.96966710621962
  0
LWPOLYLINE
  5
248
330
17
100
AcDbEntity
  8
OBJECT
370
18
100
AcDbPolyline
 90
2
 70
0
 10
76.87288832811711
 20
203.76620243164916
 10
125.46854049361521
 20
203.76620243164916
  0
LWPOLYLINE
  5
249
330
17
100
AcDbEntity
  8
OBJECT
370
18
100
AcDbPolyline
 90
2
 70
0
 10
70.79843180742986
 20
150.99436140817858
 10
70.79843180742986
 20
185.92248640213035
  0
LWPOLYLINE
  5
24A
330
17
100
AcDbEntity
  8
OBJECT
370
18
100
AcDbPolyline
 90
2
 70
0
 10
98.13348615052253
 20
150.99436140817858
 10
98.13348615052253
 20
185.92248640213035
  0
LWPOLYLINE
  5
24B
330
17
100
AcDbEntity
  8
OBJECT
370
18
100
AcDbPolyline
 90
2
 70
0
 10
70.79843180742986
 20
150.99436140817858
 10
98.13348615052253
 20
150.99436140817858
  0
LWPOLYLINE
  5
24C
330
17
100
AcDbEntity
  8
OBJECT
370
18
100
AcDbPolyline
 90
2
 70
0
 10
70.79843180742986
 20
185.92248640213035
 10
74.59496713285938
 20
185.92248640213035
  0
LWPOLYLINE
  5
24D
330
17
100
AcDbEntity
  8
OBJECT
370
18
100
AcDbPolyline
 90
2
 70
0
 10
82.18803778371847
 20
185.92248640213035
 10
98.13348615052253
 20
185.92248640213035
  0
LWPOLYLINE
  5
24E
330
17
100
AcDbEntity
  8
OBJECT
370
18
100
AcDbPolyline
 90
2
 70
0
 10
74.59496713285938
 20
155.55020379869404
 10
74.59496713285938
 20
181.36664401161488
  0
LWPOLYLINE
  5
24F
330
17
100
AcDbEntity
  8
OBJECT
370
18
100
AcDbPolyline
 90
2
 70
0
 10
94.336950825093
 20
155.55020379869404
 10
94.336950825093
 20
181.36664401161488
  0
LWPOLYLINE
  5
250
330
17
100
AcDbEntity
  8
OBJECT
370
18
100
AcDbPolyline
 90
2
 70
0
 10
74.59496713285938
 20
155.55020379869404
 10
94.336950825093
 20
155.55020379869404
  0
LWPOLYLINE
  5
251
330
17
100
AcDbEntity
  8
OBJECT
370
18
100
AcDbPolyline
 90
2
 70
0
 10
74.59496713285938
 20
181.36664401161488
 10
94.336950825093
 20
181.36664401161488
  0
LWPOLYLINE
  5
252
330
17
100
AcDbEntity
  8
OBJECT
370
18
100
AcDbPolyline
 90
2
 70
0
 10
74.59496713285938
 20
186.30213993467328
 10
82.18803778371847
 20
186.30213993467328
  0
LWPOLYLINE
  5
253
330
17
100
AcDbEntity
  8
OBJECT
370
18
100
AcDbPolyline
 90
2
 70
0
 10
82.18803778371847
 20
182.50560460924376
 10
82.18803778371847
 20
186.30213993467328
  0
LWPOLYLINE
  5
254
330
17
100
AcDbEntity
  8
OBJECT
370
18
100
AcDbPolyline
 90
2
 70
0
 10
74.59496713285938
 20
182.50560460924376
 10
82.18803778371847
 20
182.50560460924376
  0
LWPOLYLINE
  5
255
330
17
100
AcDbEntity
  8
OBJECT
370
18
100
AcDbPolyline
 90
2
 70
0
 10
116.35685571258432
 20
139.60475543188997
 10
116.35685571258432
 20
144.46432064843978
  0
LWPOLYLINE
  5
256
330
17
100
AcDbEntity
  8
OBJECT
370
18
100
AcDbPolyline
 90
2
 70
0
 10
124.7092334285293
 20
144.828788039681
 10
124.7092334285293
 20
150.61470787563564
  0
LWPOLYLINE
  5
257
330
17
100
AcDbEntity
  8
OBJECT
370
18
100
AcDbPolyline
 90
2
 70
0
 10
124.7092334285293
 20
177.1904551536424
 10
124.7092334285293
 20
183.948288032907
  0
LWPOLYLINE
  5
258
330
17
100
AcDbEntity
  8
OBJECT
370
18
100
AcDbPolyline
 90
2
 70
0
 10
130.78368994921658
 20
183.948288032907
 10
130.78368994921658
 20
184.85945651101008
  0
LWPOLYLINE
  5
259
330
17
100
AcDbEntity
  8
OBJECT
370
18
100
AcDbPolyline
 90
2
 70
0
 10
120.91269810309976
 20
184.85945651101008
 10
120.91269810309976
 20
189.11157607549114
  0
LWPOLYLINE
  5
25A
330
17
100
AcDbEntity
  8
OBJECT
370
18
100
AcDbPolyline
 90
2
 70
0
 10
119.60668995115199
 20
144.46432064843978
 10
119.60668995115199
 20
144.828788039681
  0
LWPOLYLINE
  5
25B
330
17
100
AcDbEntity
  8
OBJECT
370
18
100
AcDbPolyline
 90
2
 70
0
 10
122.20763634544
 20
144.46432064843978
 10
122.20763634544
 20
144.828788039681
  0
LWPOLYLINE
  5
25C
330
17
100
AcDbEntity
  8
OBJECT
370
18
100
AcDbPolyline
 90
2
 70
0
 10
129.61450501739944
 20
144.46432064843978
 10
129.61450501739944
 20
144.828788039681
  0
LWPOLYLINE
  5
25D
330
17
100
AcDbEntity
  8
OBJECT
370
18
100
AcDbPolyline
 90
2
 70
0
 10
140.69966735514242
 20
144.46432064843978
 10
140.69966735514242
 20
144.828788039681
  0
LWPOLYLINE
  5
25E
330
17
100
AcDbEntity
  8
OBJECT
370
18
100
AcDbPolyline
 90
2
 70
0
 10
153.77550788001784
 20
144.46432064843978
 10
153.77550788001784
 20
144.828788039681
  0
LWPOLYLINE
  5
25F
330
17
100
AcDbEntity
  8
OBJECT
370
18
100
AcDbPolyline
 90
2
 70
0
 10
166.85134840489403
 20
144.46432064843978
 10
166.85134840489403
 20
144.828788039681
  0
LWPOLYLINE
  5
260
330
17
100
AcDbEntity
  8
OBJECT
370
18
100
AcDbPolyline
 90
2
 70
0
 10
177.93651074264687
 20
144.46432064843978
 10
177.93651074264687
 20
144.828788039681
  0
LWPOLYLINE
  5
261
330
17
100
AcDbEntity
  8
OBJECT
370
18
100
AcDbPolyline
 90
2
 70
0
 10
185.34337941460177
 20
144.46432064843978
 10
185.34337941460177
 20
144.828788039681
  0
LWPOLYLINE
  5
262
330
17
100
AcDbEntity
  8
OBJECT
370
18
100
AcDbPolyline
 90
2
 70
0
 10
184.69449157031602
 20
189.11157607549114
 10
184.69449157031602
 20
190.78205161868016
  0
LWPOLYLINE
  5
263
330
17
100
AcDbEntity
  8
OBJECT
370
18
100
AcDbPolyline
 90
2
 70
0
 10
184.16297662475586
 20
190.78205161868016
 10
184.16297662475586
 20
191.76915080329184
  0
LWPOLYLINE
  5
264
330
17
100
AcDbEntity
  8
OBJECT
370
18
100
AcDbPolyline
 90
2
 70
0
 10
125.46854049361521
 20
189.11157607549114
 10
125.46854049361521
 20
190.78205161868016
  0
LWPOLYLINE
  5
265
330
17
100
AcDbEntity
  8
OBJECT
370
18
100
AcDbPolyline
 90
2
 70
0
 10
124.93702554805508
 20
190.78205161868016
 10
124.93702554805508
 20
191.76915080329184
  0
LWPOLYLINE
  5
266
330
17
100
AcDbEntity
  8
OBJECT
370
18
100
AcDbPolyline
 90
2
 70
0
 10
128.4011469859669
 20
189.11157607549114
 10
128.4011469859669
 20
190.78205161868016
  0
LWPOLYLINE
  5
267
330
17
100
AcDbEntity
  8
OBJECT
370
18
100
AcDbPolyline
 90
2
 70
0
 10
127.86963204040677
 20
190.78205161868016
 10
127.86963204040677
 20
191.76915080329184
  0
LWPOLYLINE
  5
268
330
17
100
AcDbEntity
  8
OBJECT
370
18
100
AcDbPolyline
 90
2
 70
0
 10
136.08661283555992
 20
190.78205161868016
 10
136.08661283555992
 20
191.76915080329184
  0
LWPOLYLINE
  5
269
330
17
100
AcDbEntity
  8
OBJECT
370
18
100
AcDbPolyline
 90
2
 70
0
 10
148.49200905794658
 20
189.11157607549114
 10
148.49200905794658
 20
190.78205161868016
  0
LWPOLYLINE
  5
26A
330
17
100
AcDbEntity
  8
OBJECT
370
18
100
AcDbPolyline
 90
2
 70
0
 10
147.96049411238644
 20
190.78205161868016
 10
147.96049411238644
 20
190.842796183887
  0
LWPOLYLINE
  5
26B
330
17
100
AcDbEntity
  8
OBJECT
370
18
100
AcDbPolyline
 90
2
 70
0
 10
161.67102300598478
 20
189.11157607549114
 10
161.67102300598478
 20
190.78205161868016
  0
LWPOLYLINE
  5
26C
330
17
100
AcDbEntity
  8
OBJECT
370
18
100
AcDbPolyline
 90
2
 70
0
 10
161.13950806042465
 20
190.78205161868016
 10
161.13950806042465
 20
190.842796183887
  0
LWPOLYLINE
  5
26D
330
17
100
AcDbEntity
  8
OBJECT
370
18
100
AcDbPolyline
 90
2
 70
0
 10
181.76188507797494
 20
189.11157607549114
 10
181.76188507797494
 20
190.78205161868016
  0
LWPOLYLINE
  5
26E
330
17
100
AcDbEntity
  8
OBJECT
370
18
100
AcDbPolyline
 90
2
 70
0
 10
181.2303701324148
 20
190.78205161868016
 10
181.2303701324148
 20
191.76915080329184
  0
LWPOLYLINE
  5
26F
330
17
100
AcDbEntity
  8
OBJECT
370
18
100
AcDbPolyline
 90
2
 70
0
 10
289.61309400877025
 20
214.5884489777844
 10
298.77215244125637
 20
214.5884489777844
  0
LWPOLYLINE
  5
270
330
17
100
AcDbEntity
  8
OBJECT
370
18
100
AcDbPolyline
 90
2
 70
0
 10
298.77215244125637
 20
211.55122071744074
 10
299.9111130388852
 20
211.55122071744074
  0
LWPOLYLINE
  5
271
330
17
100
AcDbEntity
  8
OBJECT
370
18
100
AcDbPolyline
 90
2
 70
0
 10
299.9111130388852
 20
211.2474978914064
 10
301.96124211461716
 20
211.2474978914064
  0
LWPOLYLINE
  5
272
330
17
100
AcDbEntity
  8
OBJECT
370
18
100
AcDbPolyline
 90
2
 70
0
 10
74.59496713285938
 20
182.50560460924376
 10
74.59496713285938
 20
186.30213993467328
  0
LWPOLYLINE
  5
273
330
17
100
AcDbEntity
  8
HIDDEN
370
13
100
AcDbPolyline
 90
2
 70
0
 10
98.13348615052253
 20
122.9
 10
98.13348615052253
 20
127.45584239051544
  0
LWPOLYLINE
  5
274
330
17
100
AcDbEntity
  8
HIDDEN
370
13
100
AcDbPolyline
 90
2
 70
0
 10
105.7265568013816
 20
127.45584239051544
 10
105.7265568013816
 20
139.60475543188997
  0
LWPOLYLINE
  5
275
330
17
100
AcDbEntity
  8
HIDDEN
370
13
100
AcDbPolyline
 90
2
 70
0
 10
105.7265568013816
 20
139.60475543188997
 10
205.95508939272142
 20
139.60475543188997
  0
LWPOLYLINE
  5
276
330
17
100
AcDbEntity
  8
HIDDEN
370
13
100
AcDbPolyline
 90
2
 70
0
 10
186.97241276557372
 20
183.948288032907
 10
124.7092334285293
 20
183.948288032907
  0
LWPOLYLINE
  5
277
330
17
100
AcDbEntity
  8
HIDDEN
370
13
100
AcDbPolyline
 90
2
 70
0
 10
180.89795624488647
 20
184.85945651101008
 10
130.78368994921658
 20
184.85945651101008
  0
LWPOLYLINE
  5
278
330
17
100
AcDbEntity
  8
HIDDEN
370
13
100
AcDbPolyline
 90
2
 70
0
 10
130.78368994921658
 20
143.5531521703367
 10
180.89795624488647
 20
143.5531521703367
  0
LWPOLYLINE
  5
279
330
17
100
AcDbEntity
  8
HIDDEN
370
13
100
AcDbPolyline
 90
2
 70
0
 10
136.0988394048179
 20
184.85945651101008
 10
136.0988394048179
 20
189.11157607549114
  0
LWPOLYLINE
  5
27A
330
17
100
AcDbEntity
  8
HIDDEN
370
13
100
AcDbPolyline
 90
2
 70
0
 10
175.58280678928512
 20
184.85945651101008
 10
175.58280678928512
 20
189.11157607549114
  0
LWPOLYLINE
  5
27B
330
17
100
AcDbEntity
  8
HIDDEN
370
13
100
AcDbPolyline
 90
2
 70
0
 10
143.31225652313404
 20
210.9796195499653
 10
168.36938967096899
 20
210.9796195499653
  0
LWPOLYLINE
  5
27C
330
17
100
AcDbEntity
  8
HIDDEN
370
13
100
AcDbPolyline
 90
2
 70
0
 10
136.25070081783508
 20
172.254959230584
 10
136.25070081783508
 20
204.14585596419212
  0
LWPOLYLINE
  5
27D
330
17
100
AcDbEntity
  8
HIDDEN
370
13
100
AcDbPolyline
 90
2
 70
0
 10
136.25070081783508
 20
172.254959230584
 10
138.98420625214436
 20
172.254959230584
  0
LWPOLYLINE
  5
27E
330
17
100
AcDbEntity
  8
HIDDEN
370
13
100
AcDbPolyline
 90
2
 70
0
 10
172.69743994195866
 20
172.254959230584
 10
172.69743994195866
 20
204.14585596419212
  0
LWPOLYLINE
  5
27F
330
17
100
AcDbEntity
  8
HIDDEN
370
13
100
AcDbPolyline
 90
2
 70
0
 10
172.69743994195866
 20
204.14585596419212
 10
175.4309453762679
 20
204.14585596419212
  0
LWPOLYLINE
  5
280
330
17
100
AcDbEntity
  8
HIDDEN
370
13
100
AcDbPolyline
 90
2
 70
0
 10
102.30967500849502
 20
150.61470787563564
 10
130.4040364166736
 20
150.61470787563564
  0
LWPOLYLINE
  5
281
330
17
100
AcDbEntity
  8
HIDDEN
370
13
100
AcDbPolyline
 90
2
 70
0
 10
132.75788831843994
 20
151.7536684732645
 10
132.75788831843994
 20
176.05149455601355
  0
LWPOLYLINE
  5
282
330
17
100
AcDbEntity
  8
HIDDEN
370
13
100
AcDbPolyline
 90
2
 70
0
 10
127.29087744982138
 20
176.05149455601355
 10
132.75788831843994
 20
176.05149455601355
  0
LWPOLYLINE
  5
283
330
17
100
AcDbEntity
  8
HIDDEN
370
13
100
AcDbPolyline
 90
2
 70
0
 10
167.23042907334013
 20
182.1259510767008
 10
167.23042907334013
 20
189.11157607549114
  0
LWPOLYLINE
  5
284
330
17
100
AcDbEntity
  8
HIDDEN
370
13
100
AcDbPolyline
 90
2
 70
0
 10
144.45121712076292
 20
206.42377715944986
 10
167.23042907334013
 20
206.42377715944986
  0
LWPOLYLINE
  5
285
330
17
100
AcDbEntity
  8
HIDDEN
370
13
100
AcDbPolyline
 90
2
 70
0
 10
188.7947497217799
 20
143.2494293443023
 10
191.2245323300548
 20
143.2494293443023
  0
LWPOLYLINE
  5
286
330
17
100
AcDbEntity
  8
HIDDEN
370
13
100
AcDbPolyline
 90
2
 70
0
 10
192.07495624295103
 20
144.828788039681
 10
187.9443258088837
 20
144.828788039681
  0
LWPOLYLINE
  5
287
330
17
100
AcDbEntity
  8
HIDDEN
370
13
100
AcDbPolyline
 90
2
 70
0
 10
187.9443258088837
 20
143.2494293443023
 10
192.07495624295103
 20
143.2494293443023
  0
LWPOLYLINE
  5
288
330
17
100
AcDbEntity
  8
HIDDEN
370
13
100
AcDbPolyline
 90
2
 70
0
 10
188.6235859357729
 20
140.51592390999306
 10
186.193803327498
 20
140.51592390999306
  0
LWPOLYLINE
  5
289
330
17
100
AcDbEntity
  8
HIDDEN
370
13
100
AcDbPolyline
 90
2
 70
0
 10
189.4740098486691
 20
143.2494293443023
 10
189.4740098486691
 20
144.828788039681
  0
LWPOLYLINE
  5
28A
330
17
100
AcDbEntity
  8
HIDDEN
370
13
100
AcDbPolyline
 90
2
 70
0
 10
178.7869346555431
 20
143.2494293443023
 10
181.216717263818
 20
143.2494293443023
  0
LWPOLYLINE
  5
28B
330
17
100
AcDbEntity
  8
HIDDEN
370
13
100
AcDbPolyline
 90
2
 70
0
 10
182.06714117671422
 20
144.828788039681
 10
177.93651074264687
 20
144.828788039681
  0
LWPOLYLINE
  5
28C
330
17
100
AcDbEntity
  8
HIDDEN
370
13
100
AcDbPolyline
 90
2
 70
0
 10
177.93651074264687
 20
143.2494293443023
 10
182.06714117671422
 20
143.2494293443023
  0
LWPOLYLINE
  5
28D
330
17
100
AcDbEntity
  8
HIDDEN
370
13
100
AcDbPolyline
 90
2
 70
0
 10
170.13155492606512
 20
140.51592390999306
 10
167.70177231779024
 20
140.51592390999306
  0
LWPOLYLINE
  5
28E
330
17
100
AcDbEntity
  8
HIDDEN
370
13
100
AcDbPolyline
 90
2
 70
0
 10
170.98197883896137
 20
143.2494293443023
 10
170.98197883896137
 20
144.828788039681
  0
LWPOLYLINE
  5
28F
330
17
100
AcDbEntity
  8
HIDDEN
370
13
100
AcDbPolyline
 90
2
 70
0
 10
154.62593179291406
 20
143.2494293443023
 10
157.05571440118896
 20
143.2494293443023
  0
LWPOLYLINE
  5
290
330
17
100
AcDbEntity
  8
HIDDEN
370
13
100
AcDbPolyline
 90
2
 70
0
 10
157.90613831408518
 20
144.828788039681
 10
153.77550788001784
 20
144.828788039681
  0
LWPOLYLINE
  5
291
330
17
100
AcDbEntity
  8
HIDDEN
370
13
100
AcDbPolyline
 90
2
 70
0
 10
153.77550788001784
 20
143.2494293443023
 10
157.90613831408518
 20
143.2494293443023
  0
LWPOLYLINE
  5
292
330
17
100
AcDbEntity
  8
HIDDEN
370
13
100
AcDbPolyline
 90
2
 70
0
 10
143.97987387631355
 20
140.51592390999306
 10
141.55009126803867
 20
140.51592390999306
  0
LWPOLYLINE
  5
293
330
17
100
AcDbEntity
  8
HIDDEN
370
13
100
AcDbPolyline
 90
2
 70
0
 10
144.83029778920977
 20
143.2494293443023
 10
144.83029778920977
 20
144.828788039681
  0
LWPOLYLINE
  5
294
330
17
100
AcDbEntity
  8
HIDDEN
370
13
100
AcDbPolyline
 90
2
 70
0
 10
130.46492893029566
 20
143.2494293443023
 10
132.89471153857056
 20
143.2494293443023
  0
LWPOLYLINE
  5
295
330
17
100
AcDbEntity
  8
HIDDEN
370
13
100
AcDbPolyline
 90
2
 70
0
 10
133.74513545146678
 20
144.828788039681
 10
129.61450501739944
 20
144.828788039681
  0
LWPOLYLINE
  5
296
330
17
100
AcDbEntity
  8
HIDDEN
370
13
100
AcDbPolyline
 90
2
 70
0
 10
129.61450501739944
 20
143.2494293443023
 10
133.74513545146678
 20
143.2494293443023
  0
LWPOLYLINE
  5
297
330
17
100
AcDbEntity
  8
HIDDEN
370
13
100
AcDbPolyline
 90
2
 70
0
 10
125.48784286661112
 20
140.51592390999306
 10
123.05806025833621
 20
140.51592390999306
  0
LWPOLYLINE
  5
298
330
17
100
AcDbEntity
  8
HIDDEN
370
13
100
AcDbPolyline
 90
2
 70
0
 10
126.33826677950734
 20
143.2494293443023
 10
126.33826677950734
 20
144.828788039681
  0
LWPOLYLINE
  5
299
330
17
100
AcDbEntity
  8
HIDDEN
370
13
100
AcDbPolyline
 90
2
 70
0
 10
120.45711386404821
 20
143.2494293443023
 10
122.88689647232312
 20
143.2494293443023
  0
LWPOLYLINE
  5
29A
330
17
100
AcDbEntity
  8
HIDDEN
370
13
100
AcDbPolyline
 90
2
 70
0
 10
123.73732038521933
 20
144.828788039681
 10
119.60668995115199
 20
144.828788039681
  0
LWPOLYLINE
  5
29B
330
17
100
AcDbEntity
  8
HIDDEN
370
13
100
AcDbPolyline
 90
2
 70
0
 10
119.60668995115199
 20
143.2494293443023
 10
123.73732038521933
 20
143.2494293443023
  0
LWPOLYLINE
  5
29C
330
17
100
AcDbEntity
  8
HIDDEN
370
13
100
AcDbPolyline
 90
2
 70
0
 10
125.48784286661112
 20
140.51592390999306
 10
123.05806025833621
 20
140.51592390999306
  0
LWPOLYLINE
  5
29D
330
17
100
AcDbEntity
  8
HIDDEN
370
13
100
AcDbPolyline
 90
2
 70
0
 10
126.33826677950734
 20
143.2494293443023
 10
122.20763634544
 20
143.2494293443023
  0
LWPOLYLINE
  5
29E
330
17
100
AcDbEntity
  8
HIDDEN
370
13
100
AcDbPolyline
 90
2
 70
0
 10
132.89471153857056
 20
140.51592390999306
 10
132.89471153857056
 20
143.2494293443023
  0
LWPOLYLINE
  5
29F
330
17
100
AcDbEntity
  8
HIDDEN
370
13
100
AcDbPolyline
 90
2
 70
0
 10
133.74513545146678
 20
143.2494293443023
 10
133.74513545146678
 20
144.46432064843978
  0
LWPOLYLINE
  5
2A0
330
17
100
AcDbEntity
  8
HIDDEN
370
13
100
AcDbPolyline
 90
2
 70
0
 10
141.55009126803867
 20
143.2494293443023
 10
143.97987387631355
 20
143.2494293443023
  0
LWPOLYLINE
  5
2A1
330
17
100
AcDbEntity
  8
HIDDEN
370
13
100
AcDbPolyline
 90
2
 70
0
 10
144.83029778920977
 20
144.828788039681
 10
140.69966735514242
 20
144.828788039681
  0
LWPOLYLINE
  5
2A2
330
17
100
AcDbEntity
  8
HIDDEN
370
13
100
AcDbPolyline
 90
2
 70
0
 10
157.05571440118896
 20
143.2494293443023
 10
154.62593179291406
 20
143.2494293443023
  0
LWPOLYLINE
  5
2A3
330
17
100
AcDbEntity
  8
HIDDEN
370
13
100
AcDbPolyline
 90
2
 70
0
 10
154.62593179291406
 20
140.51592390999306
 10
157.05571440118896
 20
140.51592390999306
  0
LWPOLYLINE
  5
2A4
330
17
100
AcDbEntity
  8
HIDDEN
370
13
100
AcDbPolyline
 90
2
 70
0
 10
153.77550788001784
 20
143.2494293443023
 10
157.90613831408518
 20
143.2494293443023
  0
LWPOLYLINE
  5
2A5
330
17
100
AcDbEntity
  8
HIDDEN
370
13
100
AcDbPolyline
 90
2
 70
0
 10
170.13155492606512
 20
140.51592390999306
 10
167.70177231779024
 20
140.51592390999306
  0
LWPOLYLINE
  5
2A6
330
17
100
AcDbEntity
  8
HIDDEN
370
13
100
AcDbPolyline
 90
2
 70
0
 10
170.98197883896137
 20
143.2494293443023
 10
166.85134840489403
 20
143.2494293443023
  0
LWPOLYLINE
  5
2A7
330
17
100
AcDbEntity
  8
HIDDEN
370
13
100
AcDbPolyline
 90
2
 70
0
 10
181.216717263818
 20
140.51592390999306
 10
181.216717263818
 20
143.2494293443023
  0
LWPOLYLINE
  5
2A8
330
17
100
AcDbEntity
  8
HIDDEN
370
13
100
AcDbPolyline
 90
2
 70
0
 10
182.06714117671422
 20
143.2494293443023
 10
182.06714117671422
 20
144.46432064843978
  0
LWPOLYLINE
  5
2A9
330
17
100
AcDbEntity
  8
HIDDEN
370
13
100
AcDbPolyline
 90
2
 70
0
 10
186.193803327498
 20
143.2494293443023
 10
188.6235859357729
 20
143.2494293443023
  0
LWPOLYLINE
  5
2AA
330
17
100
AcDbEntity
  8
HIDDEN
370
13
100
AcDbPolyline
 90
2
 70
0
 10
189.4740098486691
 20
144.828788039681
 10
185.34337941460177
 20
144.828788039681
  0
LWPOLYLINE
  5
2AB
330
17
100
AcDbEntity
  8
HIDDEN
370
13
100
AcDbPolyline
 90
2
 70
0
 10
186.21310570048783
 20
190.78205161868016
 10
184.69449157031602
 20
190.78205161868016
  0
LWPOLYLINE
  5
2AC
330
17
100
AcDbEntity
  8
HIDDEN
370
13
100
AcDbPolyline
 90
2
 70
0
 10
184.69449157031602
 20
188.04854618437088
 10
186.21310570048783
 20
188.04854618437088
  0
LWPOLYLINE
  5
2AD
330
17
100
AcDbEntity
  8
HIDDEN
370
13
100
AcDbPolyline
 90
2
 70
0
 10
181.76188507797494
 20
190.78205161868016
 10
183.28049920814675
 20
190.78205161868016
  0
LWPOLYLINE
  5
2AE
330
17
100
AcDbEntity
  8
HIDDEN
370
13
100
AcDbPolyline
 90
2
 70
0
 10
183.81201415370688
 20
191.76915080329184
 10
181.2303701324148
 20
191.76915080329184
  0
LWPOLYLINE
  5
2AF
330
17
100
AcDbEntity
  8
HIDDEN
370
13
100
AcDbPolyline
 90
2
 70
0
 10
181.2303701324148
 20
190.78205161868016
 10
183.81201415370688
 20
190.78205161868016
  0
LWPOLYLINE
  5
2B0
330
17
100
AcDbEntity
  8
HIDDEN
370
13
100
AcDbPolyline
 90
2
 70
0
 10
175.06351841299056
 20
188.04854618437088
 10
173.54490428281878
 20
188.04854618437088
  0
LWPOLYLINE
  5
2B1
330
17
100
AcDbEntity
  8
HIDDEN
370
13
100
AcDbPolyline
 90
2
 70
0
 10
175.59503335855072
 20
190.78205161868016
 10
175.59503335855072
 20
191.76915080329184
  0
LWPOLYLINE
  5
2B2
330
17
100
AcDbEntity
  8
HIDDEN
370
13
100
AcDbPolyline
 90
2
 70
0
 10
161.67102300598478
 20
190.78205161868016
 10
163.1896371361566
 20
190.78205161868016
  0
LWPOLYLINE
  5
2B3
330
17
100
AcDbEntity
  8
HIDDEN
370
13
100
AcDbPolyline
 90
2
 70
0
 10
163.72115208171672
 20
191.76915080329184
 10
161.13950806042465
 20
191.76915080329184
  0
LWPOLYLINE
  5
2B4
330
17
100
AcDbEntity
  8
HIDDEN
370
13
100
AcDbPolyline
 90
2
 70
0
 10
161.13950806042465
 20
190.78205161868016
 10
163.72115208171672
 20
190.78205161868016
  0
LWPOLYLINE
  5
2B5
330
17
100
AcDbEntity
  8
HIDDEN
370
13
100
AcDbPolyline
 90
2
 70
0
 10
150.01062318811842
 20
188.04854618437088
 10
148.49200905794658
 20
188.04854618437088
  0
LWPOLYLINE
  5
2B6
330
17
100
AcDbEntity
  8
HIDDEN
370
13
100
AcDbPolyline
 90
2
 70
0
 10
150.54213813367852
 20
190.78205161868016
 10
150.54213813367852
 20
191.76915080329184
  0
LWPOLYLINE
  5
2B7
330
17
100
AcDbEntity
  8
HIDDEN
370
13
100
AcDbPolyline
 90
2
 70
0
 10
136.61812778112005
 20
190.78205161868016
 10
138.13674191129186
 20
190.78205161868016
  0
LWPOLYLINE
  5
2B8
330
17
100
AcDbEntity
  8
HIDDEN
370
13
100
AcDbPolyline
 90
2
 70
0
 10
138.668256856852
 20
191.76915080329184
 10
136.08661283555992
 20
191.76915080329184
  0
LWPOLYLINE
  5
2B9
330
17
100
AcDbEntity
  8
HIDDEN
370
13
100
AcDbPolyline
 90
2
 70
0
 10
136.08661283555992
 20
190.78205161868016
 10
138.668256856852
 20
190.78205161868016
  0
LWPOLYLINE
  5
2BA
330
17
100
AcDbEntity
  8
HIDDEN
370
13
100
AcDbPolyline
 90
2
 70
0
 10
129.91976111613872
 20
188.04854618437088
 10
128.4011469859669
 20
188.04854618437088
  0
LWPOLYLINE
  5
2BB
330
17
100
AcDbEntity
  8
HIDDEN
370
13
100
AcDbPolyline
 90
2
 70
0
 10
130.45127606169885
 20
190.78205161868016
 10
130.45127606169885
 20
191.76915080329184
  0
LWPOLYLINE
  5
2BC
330
17
100
AcDbEntity
  8
HIDDEN
370
13
100
AcDbPolyline
 90
2
 70
0
 10
125.46854049361521
 20
190.78205161868016
 10
126.98715462378702
 20
190.78205161868016
  0
LWPOLYLINE
  5
2BD
330
17
100
AcDbEntity
  8
HIDDEN
370
13
100
AcDbPolyline
 90
2
 70
0
 10
127.51866956934715
 20
191.76915080329184
 10
124.93702554805508
 20
191.76915080329184
  0
LWPOLYLINE
  5
2BE
330
17
100
AcDbEntity
  8
HIDDEN
370
13
100
AcDbPolyline
 90
2
 70
0
 10
129.91976111613872
 20
188.04854618437088
 10
129.91976111613872
 20
189.11157607549114
  0
LWPOLYLINE
  5
2BF
330
17
100
AcDbEntity
  8
HIDDEN
370
13
100
AcDbPolyline
 90
2
 70
0
 10
130.45127606169885
 20
190.78205161868016
 10
127.86963204040677
 20
190.78205161868016
  0
LWPOLYLINE
  5
2C0
330
17
100
AcDbEntity
  8
HIDDEN
370
13
100
AcDbPolyline
 90
2
 70
0
 10
138.13674191129186
 20
188.04854618437088
 10
136.61812778112005
 20
188.04854618437088
  0
LWPOLYLINE
  5
2C1
330
17
100
AcDbEntity
  8
HIDDEN
370
13
100
AcDbPolyline
 90
2
 70
0
 10
138.668256856852
 20
190.78205161868016
 10
138.668256856852
 20
191.76915080329184
  0
LWPOLYLINE
  5
2C2
330
17
100
AcDbEntity
  8
HIDDEN
370
13
100
AcDbPolyline
 90
2
 70
0
 10
148.49200905794658
 20
190.78205161868016
 10
150.01062318811842
 20
190.78205161868016
  0
LWPOLYLINE
  5
2C3
330
17
100
AcDbEntity
  8
HIDDEN
370
13
100
AcDbPolyline
 90
2
 70
0
 10
150.54213813367852
 20
191.76915080329184
 10
147.96049411238644
 20
191.76915080329184
  0
LWPOLYLINE
  5
2C4
330
17
100
AcDbEntity
  8
HIDDEN
370
13
100
AcDbPolyline
 90
2
 70
0
 10
163.1896371361566
 20
190.78205161868016
 10
161.67102300598478
 20
190.78205161868016
  0
LWPOLYLINE
  5
2C5
330
17
100
AcDbEntity
  8
HIDDEN
370
13
100
AcDbPolyline
 90
2
 70
0
 10
161.67102300598478
 20
188.04854618437088
 10
163.1896371361566
 20
188.04854618437088
  0
LWPOLYLINE
  5
2C6
330
17
100
AcDbEntity
  8
HIDDEN
370
13
100
AcDbPolyline
 90
2
 70
0
 10
163.72115208171672
 20
190.78205161868016
 10
161.13950806042465
 20
190.78205161868016
  0
LWPOLYLINE
  5
2C7
330
17
100
AcDbEntity
  8
HIDDEN
370
13
100
AcDbPolyline
 90
2
 70
0
 10
175.06351841299056
 20
188.04854618437088
 10
173.54490428281878
 20
188.04854618437088
  0
LWPOLYLINE
  5
2C8
330
17
100
AcDbEntity
  8
HIDDEN
370
13
100
AcDbPolyline
 90
2
 70
0
 10
175.59503335855072
 20
190.78205161868016
 10
173.01338933725862
 20
190.78205161868016
  0
LWPOLYLINE
  5
2C9
330
17
100
AcDbEntity
  8
HIDDEN
370
13
100
AcDbPolyline
 90
2
 70
0
 10
183.28049920814675
 20
188.04854618437088
 10
183.28049920814675
 20
189.11157607549114
  0
LWPOLYLINE
  5
2CA
330
17
100
AcDbEntity
  8
HIDDEN
370
13
100
AcDbPolyline
 90
2
 70
0
 10
183.81201415370688
 20
190.78205161868016
 10
181.2303701324148
 20
190.78205161868016
  0
LWPOLYLINE
  5
2CB
330
17
100
AcDbEntity
  8
HIDDEN
370
13
100
AcDbPolyline
 90
28
 70
0
 10
136.0988394048179
 20
196.34009589540193
 10
136.72057561756634
 20
194.47070156729777
 10
137.51887337629663
 20
192.66961529490632
 10
138.48636098320065
 20
190.95346879688296
 10
139.61410439556914
 20
189.33810943499157
 10
140.8916897251628
 20
187.83845387527202
 10
142.30731940287814
 20
186.46835034350428
 10
143.8479211206969
 20
185.24045074693925
 10
145.49926854492065
 20
184.16609384315902
 10
147.24611268599074
 20
183.25520053491715
 10
149.07232271178964
 20
182.51618225783443
 10
150.96103490411554
 20
181.9558633069233
 10
152.8948083828256
 20
181.57941781919854
 10
154.8557861596488
 20
181.39032199429423
 10
156.8258600344542
 20
181.39032199429423
 10
158.7868378112774
 20
181.57941781919854
 10
160.72061128998746
 20
181.95586330692328
 10
162.60932348231339
 20
182.51618225783443
 10
164.4355335081123
 20
183.25520053491715
 10
166.18237764918237
 20
184.16609384315902
 10
167.83372507340613
 20
185.24045074693925
 10
169.37432679122492
 20
186.4683503435043
 10
170.7899564689402
 20
187.838453875272
 10
172.0675417985339
 20
189.33810943499154
 10
173.19528521090237
 20
190.95346879688296
 10
174.1627728178064
 20
192.66961529490632
 10
174.96107057653668
 20
194.47070156729777
 10
175.58280678928512
 20
196.3400958954019
  0
LWPOLYLINE
  5
2CC
330
17
100
AcDbEntity
  8
HIDDEN
370
13
100
AcDbPolyline
 90
28
 70
0
 10
141.22771450511775
 20
210.9796195499653
 10
140.12020268056838
 20
208.8984280652382
 10
139.30731110193432
 20
206.6854780615094
 10
138.80427417539386
 20
204.3822424486912
 10
138.62051931914522
 20
202.0318861798625
 10
138.75949028410298
 20
199.67845729661235
 10
139.21858261454037
 20
197.36606142441596
 10
139.9891924582106
 20
195.13803518883077
 10
141.05687781119582
 20
193.0361340435249
 10
142.40162917559303
 20
191.0997497310577
 10
143.99824455764008
 20
189.3651720419852
 10
145.8168017784389
 20
187.86490870766755
 10
147.82321924569806
 20
186.6270761726715
 10
149.97989467706782
 20
185.67487266430618
 10
152.24640980474993
 20
185.02614343449957
 10
154.58028785450787
 20
184.69304632182
 10
156.93778960315962
 20
184.6818239013473
 10
159.27473309563393
 20
184.992686492534
 10
161.5473216592676
 20
185.6198082176072
 10
163.71296469752286
 20
186.55143618438032
 10
165.73107588062442
 20
187.7701107472796
 10
167.5638337742206
 20
189.2529927186712
 10
169.1768906511219
 20
190.97229139822014
 10
170.540016202272
 20
192.89578539857968
 10
171.62766408315943
 20
194.98742650661384
 10
172.41945067802052
 20
197.2080152631862
 10
172.9005371093103
 20
199.5159356004696
 10
173.06190733319988
 20
201.8679347689344
  0
LWPOLYLINE
  5
2CD
330
17
100
AcDbEntity
  8
HIDDEN
370
13
100
AcDbPolyline
 90
26
 70
0
 10
161.99121032424736
 20
201.8679347689344
 10
161.79798459973404
 20
203.3974738744859
 10
161.2304485090997
 20
204.83090641278426
 10
160.32426243217066
 20
206.0781645456521
 10
159.13636537287962
 20
207.06087845750676
 10
157.74139727224164
 20
207.7173006190975
 10
156.2270091063536
 20
208.0061856118597
 10
154.68835545320832
 20
207.90938172925345
 10
153.2221155806052
 20
207.43297151524268
 10
151.92041873219296
 20
206.60688957568786
 10
150.86505530826346
 20
205.48304167696813
 10
150.12233767409737
 20
204.13204331578342
 10
149.73893351017372
 20
202.63878268779146
 10
149.73893351017372
 20
201.09708685007735
 10
150.12233767409737
 20
199.60382622208536
 10
150.86505530826346
 20
198.25282786090068
 10
151.92041873219296
 20
197.12897996218092
 10
153.2221155806052
 20
196.30289802262612
 10
154.6883554532083
 20
195.82648780861535
 10
156.2270091063536
 20
195.7296839260091
 10
157.74139727224164
 20
196.0185689187713
 10
159.13636537287962
 20
196.67499108036202
 10
160.32426243217066
 20
197.6577049922167
 10
161.2304485090997
 20
198.90496312508452
 10
161.79798459973404
 20
200.3383956633829
 10
161.99121032424736
 20
201.8679347689344
  0
LWPOLYLINE
  5
2CE
330
17
100
AcDbEntity
  8
HIDDEN
370
13
100
AcDbPolyline
 90
8
 70
0
 10
178.90527363886775
 20
196.07218339305828
 10
179.09480351933266
 20
196.886769510983
 10
179.25557337062423
 20
197.7075162283206
 10
179.38738435600442
 20
198.5334084629601
 10
179.49007345444562
 20
199.36342476892406
 10
179.56351366225152
 20
200.1965385996712
 10
179.60761415013266
 20
201.03171957770732
 10
179.62232037554213
 20
201.8679347689344
  0
LWPOLYLINE
  5
2CF
330
17
100
AcDbEntity
  8
HIDDEN
370
13
100
AcDbPolyline
 90
2
 70
0
 10
150.0776824730495
 20
212.89307335398178
 10
161.60396372105356
 20
212.89307335398178
  0
LWPOLYLINE
  5
2D0
330
17
100
AcDbEntity
  8
HIDDEN
370
13
100
AcDbPolyline
 90
2
 70
0
 10
161.60396372105356
 20
211.89078802806839
 10
161.60396372105356
 20
216.90221465763537
  0
LWPOLYLINE
  5
2D1
330
17
100
AcDbEntity
  8
HIDDEN
370
13
100
AcDbPolyline
 90
7
 70
0
 10
175.104443338281
 20
201.8679347689344
 10
174.80072051224664
 20
202.3939981350443
 10
174.1932748601779
 20
202.3939981350443
 10
173.88955203414355
 20
201.8679347689344
 10
174.1932748601779
 20
201.34187140282447
 10
174.80072051224664
 20
201.34187140282447
 10
175.104443338281
 20
201.8679347689344
  0
LWPOLYLINE
  5
2D2
330
17
100
AcDbEntity
  8
HIDDEN
370
13
100
AcDbPolyline
 90
7
 70
0
 10
172.6049898807699
 20
211.19602206351476
 10
172.30126705473555
 20
211.72208542962468
 10
171.6938214026668
 20
211.72208542962468
 10
171.39009857663245
 20
211.19602206351476
 10
171.6938214026668
 20
210.66995869740484
 10
172.30126705473555
 20
210.66995869740484
 10
172.6049898807699
 20
211.19602206351476
  0
LWPOLYLINE
  5
2D3
330
17
100
AcDbEntity
  8
HIDDEN
370
13
100
AcDbPolyline
 90
7
 70
0
 10
165.77635604370062
 20
218.02465590058407
 10
165.47263321766627
 20
218.550719266694
 10
164.86518756559752
 20
218.550719266694
 10
164.56146473956318
 20
218.02465590058407
 10
164.86518756559752
 20
217.49859253447414
 10
165.47263321766627
 20
217.49859253447414
 10
165.77635604370062
 20
218.02465590058407
  0
LWPOLYLINE
  5
2D4
330
17
100
AcDbEntity
  8
HIDDEN
370
13
100
AcDbPolyline
 90
7
 70
0
 10
156.44826874912025
 20
220.52410935809516
 10
156.14454592308587
 20
221.05017272420508
 10
155.53710027101715
 20
221.05017272420508
 10
155.23337744498278
 20
220.52410935809516
 10
155.53710027101715
 20
219.99804599198524
 10
156.14454592308587
 20
219.99804599198524
 10
156.44826874912025
 20
220.52410935809516
  0
LWPOLYLINE
  5
2D5
330
17
100
AcDbEntity
  8
HIDDEN
370
13
100
AcDbPolyline
 90
7
 70
0
 10
147.12018145453987
 20
218.02465590058407
 10
146.8164586285055
 20
218.550719266694
 10
146.20901297643678
 20
218.550719266694
 10
145.9052901504024
 20
218.02465590058407
 10
146.20901297643678
 20
217.49859253447414
 10
146.8164586285055
 20
217.49859253447414
 10
147.12018145453987
 20
218.02465590058407
  0
LWPOLYLINE
  5
2D6
330
17
100
AcDbEntity
  8
HIDDEN
370
13
100
AcDbPolyline
 90
7
 70
0
 10
140.29154761747208
 20
211.19602206351476
 10
139.98782479143773
 20
211.72208542962468
 10
139.380379139369
 20
211.72208542962468
 10
139.07665631333464
 20
211.19602206351476
 10
139.380379139369
 20
210.66995869740484
 10
139.98782479143773
 20
210.66995869740484
 10
140.29154761747208
 20
211.19602206351476
  0
LWPOLYLINE
  5
2D7
330
17
100
AcDbEntity
  8
HIDDEN
370
13
100
AcDbPolyline
 90
7
 70
0
 10
137.7920941599595
 20
201.8679347689344
 10
137.4883713339251
 20
202.3939981350443
 10
136.8809256818564
 20
202.3939981350443
 10
136.57720285582204
 20
201.8679347689344
 10
136.8809256818564
 20
201.34187140282447
 10
137.4883713339251
 20
201.34187140282447
 10
137.7920941599595
 20
201.8679347689344
  0
LWPOLYLINE
  5
2D8
330
17
100
AcDbEntity
  8
HIDDEN
370
13
100
AcDbPolyline
 90
7
 70
0
 10
140.29154761747208
 20
192.53984747435402
 10
139.98782479143773
 20
193.06591084046394
 10
139.380379139369
 20
193.06591084046394
 10
139.07665631333464
 20
192.53984747435402
 10
139.380379139369
 20
192.0137841082441
 10
139.98782479143773
 20
192.0137841082441
 10
140.29154761747208
 20
192.53984747435402
  0
LWPOLYLINE
  5
2D9
330
17
100
AcDbEntity
  8
HIDDEN
370
13
100
AcDbPolyline
 90
7
 70
0
 10
147.12018145453987
 20
185.7112136372832
 10
146.8164586285055
 20
186.23727700339313
 10
146.20901297643678
 20
186.23727700339313
 10
145.9052901504024
 20
185.7112136372832
 10
146.20901297643678
 20
185.18515027117328
 10
146.8164586285055
 20
185.18515027117328
 10
147.12018145453987
 20
185.7112136372832
  0
LWPOLYLINE
  5
2DA
330
17
100
AcDbEntity
  8
HIDDEN
370
13
100
AcDbPolyline
 90
7
 70
0
 10
156.44826874912025
 20
183.21176017977365
 10
156.14454592308587
 20
183.73782354588357
 10
155.53710027101715
 20
183.73782354588357
 10
155.23337744498278
 20
183.21176017977365
 10
155.53710027101715
 20
182.68569681366372
 10
156.14454592308587
 20
182.68569681366372
 10
156.44826874912025
 20
183.21176017977365
  0
LWPOLYLINE
  5
2DB
330
17
100
AcDbEntity
  8
HIDDEN
370
13
100
AcDbPolyline
 90
7
 70
0
 10
165.77635604370062
 20
185.7112136372832
 10
165.47263321766627
 20
186.23727700339313
 10
164.86518756559752
 20
186.23727700339313
 10
164.56146473956318
 20
185.7112136372832
 10
164.86518756559752
 20
185.18515027117328
 10
165.47263321766627
 20
185.18515027117328
 10
165.77635604370062
 20
185.7112136372832
  0
LWPOLYLINE
  5
2DC
330
17
100
AcDbEntity
  8
HIDDEN
370
13
100
AcDbPolyline
 90
7
 70
0
 10
172.6049898807699
 20
192.53984747435402
 10
172.30126705473555
 20
193.06591084046394
 10
171.6938214026668
 20
193.06591084046394
 10
171.39009857663245
 20
192.53984747435402
 10
171.6938214026668
 20
192.0137841082441
 10
172.30126705473555
 20
192.0137841082441
 10
172.6049898807699
 20
192.53984747435402
  0
LWPOLYLINE
  5
2DD
330
17
100
AcDbEntity
  8
HIDDEN
370
13
100
AcDbPolyline
 90
2
 70
0
 10
163.3267576611376
 20
187.7889395164089
 10
148.3548885329654
 20
215.94693002145988
  0
LWPOLYLINE
  5
2DE
330
17
100
AcDbEntity
  8
HIDDEN
370
13
100
AcDbPolyline
 90
2
 70
0
 10
227.82540370962963
 20
222.0834779497926
 10
233.05130557840673
 20
224.86213926235916
  0
LWPOLYLINE
  5
2DF
330
17
100
AcDbEntity
  8
HIDDEN
370
13
100
AcDbPolyline
 90
2
 70
0
 10
148.3548885329654
 20
215.94693002145988
 10
218.0794364502345
 20
253.02012976741014
  0
LWPOLYLINE
  5
2E0
330
17
100
AcDbEntity
  8
HIDDEN
370
13
100
AcDbPolyline
 90
2
 70
0
 10
233.05130557840673
 20
224.86213926235916
 10
218.0794364502345
 20
253.02012976741014
  0
LWPOLYLINE
  5
2E1
330
17
100
AcDbEntity
  8
HIDDEN
370
13
100
AcDbPolyline
 90
2
 70
0
 10
148.3548885329654
 20
215.94693002145988
 10
218.0794364502345
 20
253.02012976741014
  0
LWPOLYLINE
  5
2E2
330
17
100
AcDbEntity
  8
HIDDEN
370
13
100
AcDbPolyline
 90
2
 70
0
 10
226.06443331859302
 20
238.00253483138295
 10
225.06630871004822
 20
239.87973419838633
  0
LWPOLYLINE
  5
2E3
330
17
100
AcDbEntity
  8
HIDDEN
370
13
100
AcDbPolyline
 90
2
 70
0
 10
155.3417607927791
 20
202.8065344524361
 10
225.0663087100482
 20
239.87973419838636
  0
LWPOLYLINE
  5
2E4
330
17
100
AcDbEntity
  8
HIDDEN
370
13
100
AcDbPolyline
 90
2
 70
0
 10
225.99313870369696
 20
226.01807974168352
 10
225.13760332494425
 20
227.62710777054357
  0
LWPOLYLINE
  5
2E5
330
17
100
AcDbEntity
  8
HIDDEN
370
13
100
AcDbPolyline
 90
2
 70
0
 10
155.41305540767516
 20
190.55390802459334
 10
225.13760332494428
 20
227.6271077705436
  0
LWPOLYLINE
  5
2E6
330
17
100
AcDbEntity
  8
HIDDEN
370
13
100
AcDbPolyline
 90
2
 70
0
 10
165.27079873824434
 20
194.83599591434904
 10
165.27079873824434
 20
217.7974415625469
  0
LWPOLYLINE
  5
2E7
330
17
100
AcDbEntity
  8
HIDDEN
370
13
100
AcDbPolyline
 90
2
 70
0
 10
163.1447389560038
 20
217.7974415625469
 10
165.27079873824434
 20
217.7974415625469
  0
LWPOLYLINE
  5
2E8
330
17
100
AcDbEntity
  8
HIDDEN
370
13
100
AcDbPolyline
 90
2
 70
0
 10
174.33498996748955
 20
199.65551188132108
 10
174.33498996748955
 20
222.6169575295189
  0
LWPOLYLINE
  5
2E9
330
17
100
AcDbEntity
  8
HIDDEN
370
13
100
AcDbPolyline
 90
2
 70
0
 10
172.20893018524902
 20
222.6169575295189
 10
174.33498996748955
 20
222.6169575295189
  0
LWPOLYLINE
  5
2EA
330
17
100
AcDbEntity
  8
HIDDEN
370
13
100
AcDbPolyline
 90
2
 70
0
 10
183.3991811967343
 20
204.4750278482946
 10
183.3991811967343
 20
227.43647349649245
  0
LWPOLYLINE
  5
2EB
330
17
100
AcDbEntity
  8
HIDDEN
370
13
100
AcDbPolyline
 90
2
 70
0
 10
181.27312141449377
 20
227.43647349649245
 10
183.3991811967343
 20
227.43647349649245
  0
LWPOLYLINE
  5
2EC
330
17
100
AcDbEntity
  8
HIDDEN
370
13
100
AcDbPolyline
 90
2
 70
0
 10
192.46337242597906
 20
209.29454381526662
 10
192.46337242597906
 20
232.25598946346446
  0
LWPOLYLINE
  5
2ED
330
17
100
AcDbEntity
  8
HIDDEN
370
13
100
AcDbPolyline
 90
2
 70
0
 10
190.33731264373853
 20
232.2559894634645
 10
192.46337242597906
 20
232.2559894634645
  0
LWPOLYLINE
  5
2EE
330
17
100
AcDbEntity
  8
HIDDEN
370
13
100
AcDbPolyline
 90
2
 70
0
 10
201.52756365522535
 20
214.1140597822402
 10
201.52756365522535
 20
237.07550543043803
  0
LWPOLYLINE
  5
2EF
330
17
100
AcDbEntity
  8
HIDDEN
370
13
100
AcDbPolyline
 90
2
 70
0
 10
199.4015038729848
 20
237.07550543043803
 10
201.52756365522535
 20
237.07550543043803
  0
LWPOLYLINE
  5
2F0
330
17
100
AcDbEntity
  8
HIDDEN
370
13
100
AcDbPolyline
 90
2
 70
0
 10
210.5917548844701
 20
218.93357574921373
 10
210.5917548844701
 20
241.89502139741157
  0
LWPOLYLINE
  5
2F1
330
17
100
AcDbEntity
  8
HIDDEN
370
13
100
AcDbPolyline
 90
2
 70
0
 10
208.46569510222955
 20
241.89502139741157
 10
210.5917548844701
 20
241.89502139741157
  0
LWPOLYLINE
  5
2F2
330
17
100
AcDbEntity
  8
HIDDEN
370
13
100
AcDbPolyline
 90
2
 70
0
 10
219.65594611371486
 20
223.75309171618574
 10
219.65594611371486
 20
246.7145373643836
  0
LWPOLYLINE
  5
2F3
330
17
100
AcDbEntity
  8
HIDDEN
370
13
100
AcDbPolyline
 90
2
 70
0
 10
217.5298863314743
 20
246.7145373643836
 10
219.65594611371486
 20
246.7145373643836
  0
LWPOLYLINE
  5
2F4
330
17
100
AcDbEntity
  8
HIDDEN
370
13
100
AcDbPolyline
 90
28
 70
0
 10
179.15294782225305
 20
210.0240387130416
 10
178.9380420100581
 20
211.86267544278616
 10
178.3049102014349
 20
213.60219079051683
 10
177.28768469606644
 20
215.14880703358065
 10
175.94120438424613
 20
216.41914568998737
 10
174.33805836810762
 20
217.34472247395522
 10
172.56467266433987
 20
217.87563930148383
 10
170.7166509552567
 20
217.98327430897848
 10
168.89362056953743
 20
217.6618248653248
 10
167.19386154715002
 20
216.9286203932343
 10
165.70900833695757
 20
215.82318813558024
 10
164.51910975986146
 20
214.40512223150324
 10
163.6883135561468
 20
212.7508709809448
 10
163.26140816419934
 20
210.94961549700943
 10
163.26140816419934
 20
209.09846192907375
 10
163.6883135561468
 20
207.2972064451384
 10
164.51910975986146
 20
205.64295519457994
 10
165.70900833695757
 20
204.22488929050294
 10
167.19386154715002
 20
203.11945703284889
 10
168.89362056953743
 20
202.38625256075838
 10
170.7166509552567
 20
202.0648031171047
 10
172.56467266433987
 20
202.17243812459935
 10
174.33805836810762
 20
202.70335495212797
 10
175.94120438424613
 20
203.6289317360958
 10
177.28768469606644
 20
204.89927039250253
 10
178.3049102014349
 20
206.44588663556638
 10
178.9380420100581
 20
208.18540198329703
 10
179.15294782225305
 20
210.0240387130416
  0
LWPOLYLINE
  5
2F5
330
17
100
AcDbEntity
  8
HIDDEN
370
13
100
AcDbPolyline
 90
28
 70
0
 10
197.28133028074257
 20
219.66307064698717
 10
197.0664244685476
 20
221.50170737673173
 10
196.4332926599244
 20
223.2412227244624
 10
195.41606715455595
 20
224.78783896752623
 10
194.06958684273565
 20
226.05817762393295
 10
192.46644082659714
 20
226.9837544079008
 10
190.69305512282938
 20
227.51467123542943
 10
188.84503341374622
 20
227.62230624292405
 10
187.02200302802694
 20
227.30085679927038
 10
185.32224400563953
 20
226.56765232717987
 10
183.83739079544708
 20
225.4622200695258
 10
182.64749221835098
 20
224.04415416544882
 10
181.8166960146363
 20
222.38990291489037
 10
181.38979062268882
 20
220.588647430955
 10
181.38979062268882
 20
218.73749386301932
 10
181.8166960146363
 20
216.936238379084
 10
182.64749221835098
 20
215.28198712852551
 10
183.83739079544708
 20
213.86392122444852
 10
185.3222440056395
 20
212.75848896679446
 10
187.02200302802694
 20
212.02528449470395
 10
188.84503341374622
 20
211.70383505105028
 10
190.69305512282938
 20
211.81147005854493
 10
192.46644082659714
 20
212.34238688607354
 10
194.06958684273565
 20
213.26796367004138
 10
195.41606715455595
 20
214.5383023264481
 10
196.4332926599244
 20
216.08491856951196
 10
197.0664244685476
 20
217.8244339172426
 10
197.28133028074257
 20
219.66307064698717
  0
LWPOLYLINE
  5
2F6
330
17
100
AcDbEntity
  8
HIDDEN
370
13
100
AcDbPolyline
 90
28
 70
0
 10
215.4097127392336
 20
229.30210258093427
 10
215.19480692703863
 20
231.14073931067884
 10
214.56167511841545
 20
232.88025465840948
 10
213.544449613047
 20
234.4268709014733
 10
212.19796930122666
 20
235.69720955788006
 10
210.59482328508818
 20
236.62278634184787
 10
208.8214375813204
 20
237.1537031693765
 10
206.97341587223724
 20
237.26133817687113
 10
205.150385486518
 20
236.93988873321746
 10
203.45062646413055
 20
236.20668426112695
 10
201.9657732539381
 20
235.1012520034729
 10
200.77587467684202
 20
233.68318609939593
 10
199.94507847312732
 20
232.02893484883745
 10
199.51817308117987
 20
230.2276793649021
 10
199.51817308117987
 20
228.37652579696643
 10
199.94507847312732
 20
226.57527031303107
 10
200.77587467684202
 20
224.92101906247262
 10
201.9657732539381
 20
223.5029531583956
 10
203.45062646413055
 20
222.39752090074157
 10
205.150385486518
 20
221.66431642865103
 10
206.97341587223724
 20
221.34286698499739
 10
208.8214375813204
 20
221.450501992492
 10
210.59482328508818
 20
221.98141882002065
 10
212.19796930122666
 20
222.9069956039885
 10
213.544449613047
 20
224.1773342603952
 10
214.56167511841545
 20
225.72395050345904
 10
215.19480692703863
 20
227.46346585118968
 10
215.4097127392336
 20
229.30210258093427
  0
LWPOLYLINE
  5
2F7
330
17
100
AcDbEntity
  8
HIDDEN
370
13
100
AcDbPolyline
 90
2
 70
0
 10
159.26021324318722
 20
215.88162265007708
 10
158.49588947160305
 20
217.19387188271122
  0
LWPOLYLINE
  5
2F8
330
17
100
AcDbEntity
  8
HIDDEN
370
13
100
AcDbPolyline
 90
2
 70
0
 10
158.49588947160305
 20
217.1938718827112
 10
222.14598086818438
 20
254.26707162865947
  0
LWPOLYLINE
  5
2F9
330
17
100
AcDbEntity
  8
HIDDEN
370
13
100
AcDbPolyline
 90
6
 70
0
 10
239.61057228178518
 20
248.53387416561316
 10
239.3270863785243
 20
248.93630949508798
 10
239.0320731608708
 20
249.33037250168323
 10
238.72577974264877
 20
249.71573310386128
 10
238.40846268638947
 20
250.09206850953564
 10
238.0803877884252
 20
250.45906348645343
  0
LWPOLYLINE
  5
2FA
330
17
100
AcDbEntity
  8
HIDDEN
370
13
100
AcDbPolyline
 90
13
 70
0
 10
219.07468016632635
 20
254.66243423742256
 10
217.87786576409025
 20
254.11316785513895
 10
216.7271319692153
 20
253.47295694814073
 10
215.62937653467247
 20
252.74563908225372
 10
214.5911796494192
 20
251.935573961688
 10
213.61876449529092
 20
251.0476172960064
 10
212.7179599438722
 20
250.08709169392696
 10
211.89416561695083
 20
249.0597547584287
 10
211.15231951999021
 20
247.97176457440543
 10
210.49686844263192
 20
246.8296427957423
 10
209.9317413036548
 20
245.64023555307966
 10
209.46032560016658
 20
244.41067241659118
 10
209.08544710219653
 20
243.1483236597627
  0
LWPOLYLINE
  5
2FB
330
17
100
AcDbEntity
  8
HIDDEN
370
13
100
AcDbPolyline
 90
6
 70
0
 10
236.57532345806825
 20
248.04623169747484
 10
236.47587664968916
 20
248.1651636940767
 10
236.37514517524104
 20
248.2830096001066
 10
236.27314089543063
 20
248.3997555397056
 10
236.1698758208321
 20
248.51538776653126
 10
236.06536211047285
 20
248.629892665376
  0
LWPOLYLINE
  5
2FC
330
17
100
AcDbEntity
  8
HIDDEN
370
13
100
AcDbPolyline
 90
6
 70
0
 10
236.06536211047285
 20
229.25237636438365
 10
236.1698758208321
 20
229.36688126322838
 10
236.27314089543063
 20
229.48251349005403
 10
236.37514517524104
 20
229.59925942965305
 10
236.47587664968916
 20
229.71710533568293
 10
236.57532345806825
 20
229.83603733228477
  0
LWPOLYLINE
  5
2FD
330
17
100
AcDbEntity
  8
HIDDEN
370
13
100
AcDbPolyline
 90
10
 70
0
 10
220.24068454036572
 20
248.629892665376
 10
219.2218556293583
 20
247.99564350794324
 10
218.2777783377641
 20
247.25469653878486
 10
217.41957761793455
 20
246.41578303424888
 10
216.65736645765256
 20
245.48878870268564
 10
216.00012670926785
 20
244.4846371918308
 10
215.45560324806692
 20
243.4151613651706
 10
215.03021270710937
 20
242.29296386416078
 10
214.72896786399406
 20
241.13126859942687
 10
214.55541857057693
 20
239.94376492096384
  0
LWPOLYLINE
  5
2FE
330
17
100
AcDbEntity
  8
HIDDEN
370
13
100
AcDbPolyline
 90
22
 70
0
 10
230.6679144916999
 20
238.94113451487982
 10
230.44122280164578
 20
240.4451356074934
 10
229.7812902829649
 20
241.81549960282814
 10
228.74675483600814
 20
242.9304636461553
 10
227.42953947522167
 20
243.69095828928607
 10
225.9466845659158
 20
244.02941024580252
 10
224.4299482741839
 20
243.91574657409626
 10
223.01409927563395
 20
243.36006679020315
 10
221.8249419671381
 20
242.41174548148268
 10
220.9681381940871
 20
241.1550451578542
 10
220.51981873173796
 20
239.70162915801058
 10
220.51981873173796
 20
238.18063987174907
 10
220.9681381940871
 20
236.72722387190544
 10
221.8249419671381
 20
235.47052354827696
 10
223.01409927563395
 20
234.5222022395565
 10
224.4299482741839
 20
233.96652245566338
 10
225.9466845659158
 20
233.85285878395712
 10
227.42953947522167
 20
234.19131074047357
 10
228.74675483600814
 20
234.95180538360435
 10
229.78129028296487
 20
236.06676942693147
 10
230.44122280164578
 20
237.43713342226624
 10
230.6679144916999
 20
238.94113451487982
  0
LWPOLYLINE
  5
2FF
330
17
100
AcDbEntity
  8
HIDDEN
370
13
100
AcDbPolyline
 90
6
 70
0
 10
227.2358465575116
 20
258.600124617981
 10
226.5684251200394
 20
258.64545543378557
 10
225.89985055706737
 20
258.6681338774212
 10
225.23089147157785
 20
258.6681338774212
 10
224.5623169086058
 20
258.64545543378557
 10
223.8948954711336
 20
258.600124617981
  0
LWPOLYLINE
  5
300
330
17
100
AcDbEntity
  8
HIDDEN
370
13
100
AcDbPolyline
 90
28
 70
0
 10
210.5275851530324
 20
251.71342392610924
 10
209.56614894681306
 20
250.4863185172567
 10
208.70459412690084
 20
249.18713779258803
 10
207.94829928541913
 20
247.82399239468924
 10
207.3019858880057
 20
246.4053922905766
 10
206.7696887982215
 20
244.94019364490708
 10
206.35473108834026
 20
243.43754353191514
 10
206.0597032937735
 20
241.90682283123274
 10
205.88644724064227
 20
240.35758766408804
 10
205.83604454745895
 20
238.79950973548998
 10
205.90880987270185
 20
237.24231595483616
 10
206.10428895043665
 20
235.69572771188575
 10
206.4212614262489
 20
234.1694001871906
 10
206.8577484757825
 20
232.67286207586366
 10
207.41102515832293
 20
231.21545610098173
 10
208.07763742830284
 20
229.8062806879913
 10
208.85342369852918
 20
228.45413316423776
 10
209.73354082051503
 20
227.16745483821688
 10
210.7124943197237
 20
225.9542783014129
 10
211.78417269696988
 20
224.82217728171213
 10
212.94188558183788
 20
223.7782193614514
 10
214.17840549992937
 20
222.8289218552777
 10
215.48601299319228
 20
221.98021112326876
 10
216.85654481164977
 20
221.23738557331768
 10
218.28144487567323
 20
220.60508258375452
 10
219.75181769064775
 20
220.0872495527026
 10
221.25848388056818
 20
219.6871192549055
 10
222.79203749387537
 20
219.40718965986943
  0
LWPOLYLINE
  5
301
330
17
100
AcDbEntity
  8
HIDDEN
370
13
100
AcDbPolyline
 90
2
 70
0
 10
236.57532345806825
 20
229.25237636438365
 10
236.57532345806825
 20
248.62989266537602
  0
LWPOLYLINE
  5
302
330
17
100
AcDbEntity
  8
HIDDEN
370
13
100
AcDbPolyline
 90
2
 70
0
 10
220.5007928901996
 20
247.74909646987635
 10
220.5007928901996
 20
252.1530774473746
  0
LWPOLYLINE
  5
303
330
17
100
AcDbEntity
  8
HIDDEN
370
13
100
AcDbPolyline
 90
7
 70
0
 10
241.65053188110247
 20
238.94113451487982
 10
241.34680905506812
 20
239.46719788098974
 10
240.73936340299937
 20
239.46719788098974
 10
240.43564057696503
 20
238.94113451487982
 10
240.73936340299937
 20
238.4150711487699
 10
241.34680905506812
 20
238.4150711487699
 10
241.65053188110247
 20
238.94113451487982
  0
LWPOLYLINE
  5
304
330
17
100
AcDbEntity
  8
HIDDEN
370
13
100
AcDbPolyline
 90
7
 70
0
 10
239.5769112348721
 20
246.67999212223538
 10
239.27318840883774
 20
247.20605548834533
 10
238.66574275676902
 20
247.20605548834533
 10
238.36201993073465
 20
246.67999212223538
 10
238.66574275676902
 20
246.15392875612548
 10
239.27318840883774
 20
246.15392875612548
 10
239.5769112348721
 20
246.67999212223538
  0
LWPOLYLINE
  5
305
330
17
100
AcDbEntity
  8
HIDDEN
370
13
100
AcDbPolyline
 90
7
 70
0
 10
233.91167427374688
 20
252.3452290833606
 10
233.60795144771254
 20
252.8712924494705
 10
233.00050579564382
 20
252.8712924494705
 10
232.69678296960944
 20
252.3452290833606
 10
233.00050579564382
 20
251.81916571725068
 10
233.60795144771254
 20
251.81916571725068
 10
233.91167427374688
 20
252.3452290833606
  0
LWPOLYLINE
  5
306
330
17
100
AcDbEntity
  8
HIDDEN
370
13
100
AcDbPolyline
 90
7
 70
0
 10
226.17281666639133
 20
254.41884972959096
 10
225.86909384035695
 20
254.94491309570088
 10
225.26164818828823
 20
254.94491309570088
 10
224.95792536225386
 20
254.41884972959096
 10
225.26164818828823
 20
253.89278636348104
 10
225.86909384035695
 20
253.89278636348104
 10
226.17281666639133
 20
254.41884972959096
  0
LWPOLYLINE
  5
307
330
17
100
AcDbEntity
  8
HIDDEN
370
13
100
AcDbPolyline
 90
7
 70
0
 10
218.43395905903574
 20
252.3452290833606
 10
218.1302362330014
 20
252.8712924494705
 10
217.52279058093268
 20
252.8712924494705
 10
217.2190677548983
 20
252.3452290833606
 10
217.52279058093268
 20
251.81916571725068
 10
218.1302362330014
 20
251.81916571725068
 10
218.43395905903574
 20
252.3452290833606
  0
LWPOLYLINE
  5
308
330
17
100
AcDbEntity
  8
HIDDEN
370
13
100
AcDbPolyline
 90
7
 70
0
 10
212.76872209791054
 20
246.67999212223538
 10
212.4649992718762
 20
247.20605548834533
 10
211.85755361980748
 20
247.20605548834533
 10
211.5538307937731
 20
246.67999212223538
 10
211.85755361980748
 20
246.15392875612548
 10
212.4649992718762
 20
246.15392875612548
 10
212.76872209791054
 20
246.67999212223538
  0
LWPOLYLINE
  5
309
330
17
100
AcDbEntity
  8
HIDDEN
370
13
100
AcDbPolyline
 90
7
 70
0
 10
210.6951014516802
 20
238.94113451487982
 10
210.3913786256458
 20
239.46719788098974
 10
209.7839329735771
 20
239.46719788098974
 10
209.48021014754272
 20
238.94113451487982
 10
209.7839329735771
 20
238.4150711487699
 10
210.3913786256458
 20
238.4150711487699
 10
210.6951014516802
 20
238.94113451487982
  0
LWPOLYLINE
  5
30A
330
17
100
AcDbEntity
  8
HIDDEN
370
13
100
AcDbPolyline
 90
7
 70
0
 10
212.76872209791054
 20
231.20227690752426
 10
212.4649992718762
 20
231.72834027363416
 10
211.85755361980748
 20
231.72834027363416
 10
211.5538307937731
 20
231.20227690752426
 10
211.85755361980748
 20
230.67621354141434
 10
212.4649992718762
 20
230.67621354141434
 10
212.76872209791054
 20
231.20227690752426
  0
LWPOLYLINE
  5
30B
330
17
100
AcDbEntity
  8
HIDDEN
370
13
100
AcDbPolyline
 90
7
 70
0
 10
218.43395905903574
 20
225.53703994639906
 10
218.1302362330014
 20
226.06310331250899
 10
217.52279058093268
 20
226.06310331250899
 10
217.2190677548983
 20
225.53703994639906
 10
217.52279058093268
 20
225.01097658028914
 10
218.1302362330014
 20
225.01097658028914
 10
218.43395905903574
 20
225.53703994639906
  0
LWPOLYLINE
  5
30C
330
17
100
AcDbEntity
  8
HIDDEN
370
13
100
AcDbPolyline
 90
7
 70
0
 10
226.17281666639133
 20
223.46341930016868
 10
225.86909384035695
 20
223.9894826662786
 10
225.26164818828823
 20
223.9894826662786
 10
224.95792536225386
 20
223.46341930016868
 10
225.26164818828823
 20
222.93735593405876
 10
225.86909384035695
 20
222.93735593405876
 10
226.17281666639133
 20
223.46341930016868
  0
LWPOLYLINE
  5
30D
330
17
100
AcDbEntity
  8
HIDDEN
370
13
100
AcDbPolyline
 90
7
 70
0
 10
233.91167427374688
 20
225.53703994639906
 10
233.60795144771254
 20
226.06310331250899
 10
233.00050579564382
 20
226.06310331250899
 10
232.69678296960944
 20
225.53703994639906
 10
233.00050579564382
 20
225.01097658028914
 10
233.60795144771254
 20
225.01097658028914
 10
233.91167427374688
 20
225.53703994639906
  0
LWPOLYLINE
  5
30E
330
17
100
AcDbEntity
  8
HIDDEN
370
13
100
AcDbPolyline
 90
7
 70
0
 10
239.5769112348721
 20
231.20227690752426
 10
239.27318840883774
 20
231.72834027363416
 10
238.66574275676902
 20
231.72834027363416
 10
238.36201993073465
 20
231.20227690752426
 10
238.66574275676902
 20
230.67621354141434
 10
239.27318840883774
 20
230.67621354141434
 10
239.5769112348721
 20
231.20227690752426
  0
LWPOLYLINE
  5
30F
330
17
100
AcDbEntity
  8
HIDDEN
370
13
100
AcDbPolyline
 90
2
 70
0
 10
218.52387079231752
 20
227.67237857335618
 10
232.60687123632766
 20
250.20989045640343
  0
LWPOLYLINE
  5
310
330
17
100
AcDbEntity
  8
HIDDEN
370
13
100
AcDbPolyline
 90
2
 70
0
 10
218.52387079231752
 20
227.67237857335618
 10
227.6322977790923
 20
221.98080170521615
  0
LWPOLYLINE
  5
311
330
17
100
AcDbEntity
  8
HIDDEN
370
13
100
AcDbPolyline
 90
2
 70
0
 10
254.83170978181838
 20
236.32226999819162
 10
255.6561623488485
 20
235.80709485695144
  0
LWPOLYLINE
  5
312
330
17
100
AcDbEntity
  8
HIDDEN
370
13
100
AcDbPolyline
 90
2
 70
0
 10
267.20643550609196
 20
228.58968315480817
 10
269.18194468136267
 20
227.3552480167657
  0
LWPOLYLINE
  5
313
330
17
100
AcDbEntity
  8
HIDDEN
370
13
100
AcDbPolyline
 90
2
 70
0
 10
279.5811612303671
 20
220.85709631142382
 10
282.7077270138769
 20
218.90340117657996
  0
LWPOLYLINE
  5
314
330
17
100
AcDbEntity
  8
HIDDEN
370
13
100
AcDbPolyline
 90
2
 70
0
 10
218.52387079231752
 20
227.67237857335618
 10
232.60687123632766
 20
250.20989045640343
  0
LWPOLYLINE
  5
315
330
17
100
AcDbEntity
  8
HIDDEN
370
13
100
AcDbPolyline
 90
2
 70
0
 10
218.52387079231752
 20
227.67237857335618
 10
280.3410462429614
 20
189.04472021264274
  0
LWPOLYLINE
  5
316
330
17
100
AcDbEntity
  8
HIDDEN
370
13
100
AcDbPolyline
 90
2
 70
0
 10
225.0020509965622
 20
238.0396340395579
 10
226.128691032083
 20
239.8426349902017
  0
LWPOLYLINE
  5
317
330
17
100
AcDbEntity
  8
HIDDEN
370
13
100
AcDbPolyline
 90
2
 70
0
 10
225.0020509965622
 20
238.0396340395579
 10
286.819226447206
 20
199.41197567884447
  0
LWPOLYLINE
  5
318
330
17
100
AcDbEntity
  8
HIDDEN
370
13
100
AcDbPolyline
 90
2
 70
0
 10
225.08252528481367
 20
228.0696358561042
 10
226.04821674383152
 20
229.6150652423703
  0
LWPOLYLINE
  5
319
330
17
100
AcDbEntity
  8
HIDDEN
370
13
100
AcDbPolyline
 90
2
 70
0
 10
225.08252528481367
 20
228.0696358561042
 10
286.8997007354575
 20
189.44197749539074
  0
LWPOLYLINE
  5
31A
330
17
100
AcDbEntity
  8
HIDDEN
370
13
100
AcDbPolyline
 90
2
 70
0
 10
231.9204021772798
 20
224.73854649151255
 10
231.9204021772798
 20
243.87308453167742
  0
LWPOLYLINE
  5
31B
330
17
100
AcDbEntity
  8
HIDDEN
370
13
100
AcDbPolyline
 90
2
 70
0
 10
231.9204021772798
 20
224.73854649151255
 10
234.04646195952034
 20
224.73854649151255
  0
LWPOLYLINE
  5
31C
330
17
100
AcDbEntity
  8
HIDDEN
370
13
100
AcDbPolyline
 90
2
 70
0
 10
239.95663498586362
 20
219.716950904619
 10
239.95663498586362
 20
238.85148894478388
  0
LWPOLYLINE
  5
31D
330
17
100
AcDbEntity
  8
HIDDEN
370
13
100
AcDbPolyline
 90
2
 70
0
 10
239.95663498586362
 20
219.716950904619
 10
242.08269476810415
 20
219.716950904619
  0
LWPOLYLINE
  5
31E
330
17
100
AcDbEntity
  8
HIDDEN
370
13
100
AcDbPolyline
 90
2
 70
0
 10
247.99286779444742
 20
214.69535531772698
 10
247.99286779444742
 20
233.82989335789185
  0
LWPOLYLINE
  5
31F
330
17
100
AcDbEntity
  8
HIDDEN
370
13
100
AcDbPolyline
 90
2
 70
0
 10
247.99286779444742
 20
214.69535531772698
 10
250.11892757668798
 20
214.69535531772698
  0
LWPOLYLINE
  5
320
330
17
100
AcDbEntity
  8
HIDDEN
370
13
100
AcDbPolyline
 90
2
 70
0
 10
256.0291006030312
 20
209.67375973083495
 10
256.0291006030312
 20
228.80829777099981
  0
LWPOLYLINE
  5
321
330
17
100
AcDbEntity
  8
HIDDEN
370
13
100
AcDbPolyline
 90
2
 70
0
 10
256.0291006030312
 20
209.67375973083495
 10
258.15516038527176
 20
209.67375973083495
  0
LWPOLYLINE
  5
322
330
17
100
AcDbEntity
  8
HIDDEN
370
13
100
AcDbPolyline
 90
2
 70
0
 10
264.06533341161503
 20
204.6521641439429
 10
264.06533341161503
 20
223.78670218410778
  0
LWPOLYLINE
  5
323
330
17
100
AcDbEntity
  8
HIDDEN
370
13
100
AcDbPolyline
 90
2
 70
0
 10
264.06533341161503
 20
204.6521641439429
 10
266.19139319385556
 20
204.6521641439429
  0
LWPOLYLINE
  5
324
330
17
100
AcDbEntity
  8
HIDDEN
370
13
100
AcDbPolyline
 90
2
 70
0
 10
272.10156622019883
 20
199.63056855705088
 10
272.10156622019883
 20
218.76510659721575
  0
LWPOLYLINE
  5
325
330
17
100
AcDbEntity
  8
HIDDEN
370
13
100
AcDbPolyline
 90
2
 70
0
 10
272.10156622019883
 20
199.63056855705088
 10
274.22762600243937
 20
199.63056855705088
  0
LWPOLYLINE
  5
326
330
17
100
AcDbEntity
  8
HIDDEN
370
13
100
AcDbPolyline
 90
2
 70
0
 10
280.13779902878264
 20
194.6089729701573
 10
280.13779902878264
 20
213.7435110103222
  0
LWPOLYLINE
  5
327
330
17
100
AcDbEntity
  8
HIDDEN
370
13
100
AcDbPolyline
 90
2
 70
0
 10
280.13779902878264
 20
194.6089729701573
 10
282.26385881102317
 20
194.6089729701573
  0
LWPOLYLINE
  5
328
330
17
100
AcDbEntity
  8
HIDDEN
370
13
100
AcDbPolyline
 90
16
 70
0
 10
242.36233579330167
 20
236.2671287437527
 10
241.12941125252942
 20
236.7899837916794
 10
239.81667898068997
 20
237.0549636151606
 10
238.47747514340944
 20
237.05130211355566
 10
237.16621144306205
 20
236.77914805326597
 10
235.9361643773782
 20
236.24955902337257
 10
234.83731062129044
 20
235.48405216702656
 10
233.9142964802115
 20
234.51372994232528
 10
233.20462391563032
 20
233.37801643291297
 10
232.73712684460435
 20
232.12305555186407
 10
232.53079962092895
 20
230.79983621964763
 10
232.59402529666372
 20
229.46212068998193
 10
232.92423501966334
 20
228.16426019546898
 10
233.50801240575325
 20
226.9589866630827
 10
234.3216386449208
 20
225.895270221864
 10
235.33205619391748
 20
225.01632955204582
  0
LWPOLYLINE
  5
329
330
17
100
AcDbEntity
  8
HIDDEN
370
13
100
AcDbPolyline
 90
27
 70
0
 10
261.8815520501342
 20
220.39985850173898
 10
261.6884913210234
 20
221.98985665518256
 10
261.1205291215195
 20
223.48744989535618
 10
260.2106733501993
 20
224.80560354667082
 10
259.01180151730057
 20
225.86771131020566
 10
257.59358769602966
 20
226.61204734334873
 10
256.0384533186814
 20
226.9953535414051
 10
254.43677714258368
 20
226.9953535414051
 10
252.88164276523537
 20
226.61204734334873
 10
251.4634289439645
 20
225.86771131020566
 10
250.26455711106578
 20
224.80560354667082
 10
249.35470133974553
 20
223.48744989535618
 10
248.78673914024168
 20
221.9898566551826
 10
248.59367841113084
 20
220.39985850173898
 10
248.78673914024168
 20
218.80986034829536
 10
249.35470133974553
 20
217.31226710812177
 10
250.26455711106578
 20
215.9941134568071
 10
251.4634289439645
 20
214.93200569327226
 10
252.88164276523537
 20
214.18766966012922
 10
254.43677714258365
 20
213.80436346207284
 10
256.0384533186814
 20
213.80436346207284
 10
257.59358769602966
 20
214.18766966012922
 10
259.01180151730057
 20
214.93200569327226
 10
260.2106733501993
 20
215.9941134568071
 10
261.1205291215195
 20
217.31226710812174
 10
261.6884913210234
 20
218.80986034829536
 10
261.8815520501342
 20
220.39985850173895
  0
LWPOLYLINE
  5
32A
330
17
100
AcDbEntity
  8
HIDDEN
370
13
100
AcDbPolyline
 90
27
 70
0
 10
277.95401766730185
 20
210.3566673279534
 10
277.760956938191
 20
211.946665481397
 10
277.19299473868716
 20
213.4442587215706
 10
276.2831389673669
 20
214.76241237288525
 10
275.0842671344682
 20
215.8245201364201
 10
273.66605331319727
 20
216.56885616956316
 10
272.110918935849
 20
216.9521623676195
 10
270.5092427597513
 20
216.9521623676195
 10
268.954108382403
 20
216.56885616956316
 10
267.5358945611321
 20
215.8245201364201
 10
266.3370227282334
 20
214.76241237288525
 10
265.42716695691314
 20
213.4442587215706
 10
264.8592047574093
 20
211.94666548139702
 10
264.66614402829845
 20
210.3566673279534
 10
264.8592047574093
 20
208.7666691745098
 10
265.42716695691314
 20
207.26907593433617
 10
266.3370227282334
 20
205.95092228302153
 10
267.5358945611321
 20
204.8888145194867
 10
268.954108382403
 20
204.14447848634364
 10
270.50924275975126
 20
203.76117228828727
 10
272.110918935849
 20
203.76117228828727
 10
273.66605331319727
 20
204.14447848634364
 10
275.0842671344682
 20
204.8888145194867
 10
276.2831389673669
 20
205.95092228302153
 10
277.19299473868716
 20
207.26907593433617
 10
277.760956938191
 20
208.7666691745098
 10
277.95401766730185
 20
210.35666732795337
  0
LWPOLYLINE
  5
32B
330
17
100
AcDbEntity
  8
HIDDEN
370
13
100
AcDbPolyline
 90
2
 70
0
 10
283.91283649185095
 20
211.914215113397
 10
284.7777999173852
 20
213.16242469068982
  0
LWPOLYLINE
  5
32C
330
17
100
AcDbEntity
  8
HIDDEN
370
13
100
AcDbPolyline
 90
2
 70
0
 10
228.1701175618991
 20
250.54187347411653
 10
283.91283649185095
 20
211.914215113397
  0
LWPOLYLINE
  5
32D
330
17
100
AcDbEntity
  8
HIDDEN
370
13
100
AcDbPolyline
 90
28
 70
0
 10
175.8865296153195
 20
225.40645378659752
 10
175.6736705251454
 20
227.22757969034456
 10
175.046568543271
 20
228.95052822523968
 10
174.03903089985846
 20
230.48241478979813
 10
172.70537421005548
 20
231.7406549828105
 10
171.11749625121354
 20
232.65741674978818
 10
169.3609999351007
 20
233.1832772265784
 10
167.5305784327707
 20
233.2898871387636
 10
165.72491024120114
 20
232.9714991183828
 10
164.0413393999793
 20
232.2452775460265
 10
162.57062764893155
 20
231.1503732146358
 10
161.3920614392364
 20
229.74581270012146
 10
160.56917758031898
 20
228.10731622337784
 10
160.1463379540091
 20
226.3232155535752
 10
160.1463379540091
 20
224.48969201961987
 10
160.56917758031898
 20
222.70559134981724
 10
161.3920614392364
 20
221.06709487307361
 10
162.57062764893155
 20
219.66253435855924
 10
164.0413393999793
 20
218.56763002716858
 10
165.72491024120114
 20
217.84140845481227
 10
167.5305784327707
 20
217.5230204344315
 10
169.3609999351007
 20
217.62963034661664
 10
171.11749625121354
 20
218.1554908234069
 10
172.70537421005548
 20
219.07225259038455
 10
174.03903089985846
 20
220.33049278339695
 10
175.046568543271
 20
221.8623793479554
 10
175.6736705251454
 20
223.58532788285055
 10
175.8865296153195
 20
225.40645378659752
  0
LWPOLYLINE
  5
32E
330
17
100
AcDbEntity
  8
HIDDEN
370
13
100
AcDbPolyline
 90
2
 70
0
 10
209.66799648529962
 20
250.60144435035008
 10
208.19421258108756
 20
252.8793655456078
  0
LWPOLYLINE
  5
32F
330
17
100
AcDbEntity
  8
HIDDEN
370
13
100
AcDbPolyline
 90
2
 70
0
 10
166.25739589511085
 20
228.0840068161615
 10
207.12827533911573
 20
254.5269076509074
  0
LWPOLYLINE
  5
330
330
17
100
AcDbEntity
  8
HIDDEN
370
13
100
AcDbPolyline
 90
2
 70
0
 10
210.59295582574612
 20
249.17180159177946
 10
207.12827533911573
 20
254.5269076509074
  0
LWPOLYLINE
  5
331
330
17
100
AcDbEntity
  8
HIDDEN
370
13
100
AcDbPolyline
 90
2
 70
0
 10
166.25739589511085
 20
228.0840068161615
 10
207.12827533911573
 20
254.5269076509074
  0
LWPOLYLINE
  5
332
330
17
100
AcDbEntity
  8
HIDDEN
370
13
100
AcDbPolyline
 90
2
 70
0
 10
209.03940857856136
 20
238.34370325654135
 10
202.6073660656464
 20
248.65025055420287
  0
LWPOLYLINE
  5
333
330
17
100
AcDbEntity
  8
HIDDEN
370
13
100
AcDbPolyline
 90
2
 70
0
 10
161.161231511536
 20
222.78481844111124
 10
161.36551055602476
 20
222.91230356883656
  0
LWPOLYLINE
  5
334
330
17
100
AcDbEntity
  8
HIDDEN
370
13
100
AcDbPolyline
 90
2
 70
0
 10
175.1359874817044
 20
231.50609258964496
 10
176.1404292428685
 20
232.13293802322875
  0
LWPOLYLINE
  5
335
330
17
100
AcDbEntity
  8
HIDDEN
370
13
100
AcDbPolyline
 90
2
 70
0
 10
189.11074345187436
 20
240.22736673817963
 10
190.91534792970978
 20
241.35357247761942
  0
LWPOLYLINE
  5
336
330
17
100
AcDbEntity
  8
HIDDEN
370
13
100
AcDbPolyline
 90
2
 70
0
 10
154.50100196299354
 20
204.3077317709627
 10
209.03940857856136
 20
238.34370325654132
  0
LWPOLYLINE
  5
337
330
17
100
AcDbEntity
  8
HIDDEN
370
13
100
AcDbPolyline
 90
2
 70
0
 10
220.88942282978772
 20
252.32919367011635
 10
218.09240615747643
 20
255.92535796308607
  0
LWPOLYLINE
  5
338
330
17
100
AcDbEntity
  8
HIDDEN
370
13
100
AcDbPolyline
 90
2
 70
0
 10
217.17492509035523
 20
255.21176157754695
 10
217.5149631381166
 20
255.47623561469482
  0
LWPOLYLINE
  5
339
330
17
100
AcDbEntity
  8
HIDDEN
370
13
100
AcDbPolyline
 90
2
 70
0
 10
275.99294048867915
 20
186.03850333055425
 10
275.99294048867915
 20
214.5884489777844
  0
LWPOLYLINE
  5
33A
330
17
100
AcDbEntity
  8
HIDDEN
370
13
100
AcDbPolyline
 90
2
 70
0
 10
274.85397989105024
 20
211.55122071744074
 10
274.85397989105024
 20
192.4734198078453
  0
LWPOLYLINE
  5
33B
330
17
100
AcDbEntity
  8
HIDDEN
370
13
100
AcDbPolyline
 90
2
 70
0
 10
284.95276385669285
 20
210.03260658726893
 10
284.95276385669285
 20
226.43363919312455
  0
LWPOLYLINE
  5
33C
330
17
100
AcDbEntity
  8
HIDDEN
370
13
100
AcDbPolyline
 90
2
 70
0
 10
267.03311712066545
 20
226.43363919312455
 10
284.95276385669285
 20
226.43363919312455
  0
LWPOLYLINE
  5
33D
330
17
100
AcDbEntity
  8
HIDDEN
370
13
100
AcDbPolyline
 90
2
 70
0
 10
287.0028929324248
 20
203.35070441451296
 10
287.0028929324248
 20
221.57407397657474
  0
LWPOLYLINE
  5
33E
330
17
100
AcDbEntity
  8
HIDDEN
370
13
100
AcDbPolyline
 90
2
 70
0
 10
281.68774347682347
 20
221.57407397657474
 10
287.0028929324248
 20
221.57407397657474
  0
LWPOLYLINE
  5
33F
330
17
100
AcDbEntity
  8
HIDDEN
370
13
100
AcDbPolyline
 90
2
 70
0
 10
298.6202910282392
 20
211.2474978914064
 10
298.6202910282392
 20
189.37945441693225
  0
LWPOLYLINE
  5
340
330
17
100
AcDbEntity
  8
HIDDEN
370
13
100
AcDbPolyline
 90
2
 70
0
 10
302.2649649406941
 20
207.14723973994248
 10
325.0441768932713
 20
207.14723973994248
  0
LWPOLYLINE
  5
341
330
17
100
AcDbEntity
  8
HIDDEN
370
13
100
AcDbPolyline
 90
2
 70
0
 10
315.47690787318885
 20
198.0355549589116
 10
325.0441768932713
 20
198.0355549589116
  0
LWPOLYLINE
  5
342
330
17
100
AcDbEntity
  8
HIDDEN
370
13
100
AcDbPolyline
 90
2
 70
0
 10
315.47690787318885
 20
198.0355549589116
 10
315.47690787318885
 20
202.59139734942704
  0
LWPOLYLINE
  5
343
330
17
100
AcDbEntity
  8
HIDDEN
370
13
100
AcDbPolyline
 90
2
 70
0
 10
315.47690787318885
 20
198.0355549589116
 10
336.7375056955943
 20
198.0355549589116
  0
LWPOLYLINE
  5
344
330
17
100
AcDbEntity
  8
HIDDEN
370
13
100
AcDbPolyline
 90
2
 70
0
 10
325.34789971930564
 20
198.0355549589116
 10
325.34789971930564
 20
201.07278321925523
  0
LWPOLYLINE
  5
345
330
17
100
AcDbEntity
  8
HIDDEN
370
13
100
AcDbPolyline
 90
2
 70
0
 10
325.34789971930564
 20
190.4424843080525
 10
351.16433993222654
 20
190.4424843080525
  0
LWPOLYLINE
  5
346
330
17
100
AcDbEntity
  8
HIDDEN
370
13
100
AcDbPolyline
 90
2
 70
0
 10
351.16433993222654
 20
190.4424843080525
 10
351.16433993222654
 20
201.07278321925523
  0
LWPOLYLINE
  5
347
330
17
100
AcDbEntity
  8
HIDDEN
370
13
100
AcDbPolyline
 90
2
 70
0
 10
325.34789971930564
 20
190.4424843080525
 10
351.16433993222654
 20
190.4424843080525
  0
LWPOLYLINE
  5
348
330
17
100
AcDbEntity
  8
HIDDEN
370
13
100
AcDbPolyline
 90
2
 70
0
 10
355.72018232274195
 20
187.4052560477089
 10
355.72018232274195
 20
199.55416908908342
  0
LWPOLYLINE
  5
349
330
17
100
AcDbEntity
  8
HIDDEN
370
13
100
AcDbPolyline
 90
2
 70
0
 10
342.0526551511956
 20
187.4052560477089
 10
342.0526551511956
 20
199.55416908908342
  0
LWPOLYLINE
  5
34A
330
17
100
AcDbEntity
  8
HIDDEN
370
13
100
AcDbPolyline
 90
2
 70
0
 10
342.0526551511956
 20
187.4052560477089
 10
355.72018232274195
 20
187.4052560477089
  0
LWPOLYLINE
  5
34B
330
17
100
AcDbEntity
  8
HIDDEN
370
13
100
AcDbPolyline
 90
2
 70
0
 10
308.6431442874157
 20
207.6787546855026
 10
308.6431442874157
 20
216.03113240144762
  0
LWPOLYLINE
  5
34C
330
17
100
AcDbEntity
  8
HIDDEN
370
13
100
AcDbPolyline
 90
2
 70
0
 10
140.1990975562818
 20
206.8034306919928
 10
140.1990975562818
 20
209.08135188725052
  0
LWPOLYLINE
  5
34D
330
17
100
AcDbEntity
  8
HIDDEN
370
13
100
AcDbPolyline
 90
2
 70
0
 10
143.31225652313404
 20
209.08135188725052
 10
144.14749429472852
 20
209.08135188725052
  0
LWPOLYLINE
  5
34E
330
17
100
AcDbEntity
  8
HIDDEN
370
13
100
AcDbPolyline
 90
2
 70
0
 10
143.6927865488247
 20
209.10858930559047
 10
143.6927865488247
 20
211.3865105008482
  0
LWPOLYLINE
  5
34F
330
17
100
AcDbEntity
  8
HIDDEN
370
13
100
AcDbPolyline
 90
2
 70
0
 10
143.6927865488247
 20
211.3865105008482
 10
147.64118328727142
 20
211.3865105008482
  0
LWPOLYLINE
  5
350
330
17
100
AcDbEntity
  8
HIDDEN
370
13
100
AcDbPolyline
 90
2
 70
0
 10
147.18647554136754
 20
211.41374791918813
 10
147.18647554136754
 20
213.69166911444586
  0
LWPOLYLINE
  5
351
330
17
100
AcDbEntity
  8
HIDDEN
370
13
100
AcDbPolyline
 90
2
 70
0
 10
150.0776824730495
 20
213.69166911444586
 10
151.13487227981426
 20
213.69166911444586
  0
LWPOLYLINE
  5
352
330
17
100
AcDbEntity
  8
HIDDEN
370
13
100
AcDbPolyline
 90
2
 70
0
 10
150.6801645339089
 20
213.7189065327858
 10
150.6801645339089
 20
215.99682772804354
  0
LWPOLYLINE
  5
353
330
17
100
AcDbEntity
  8
HIDDEN
370
13
100
AcDbPolyline
 90
2
 70
0
 10
150.6801645339089
 20
215.99682772804354
 10
154.62856127235563
 20
215.99682772804354
  0
LWPOLYLINE
  5
354
330
17
100
AcDbEntity
  8
HIDDEN
370
13
100
AcDbPolyline
 90
2
 70
0
 10
154.17385352645115
 20
216.02406514638346
 10
154.17385352645115
 20
218.3019863416412
  0
LWPOLYLINE
  5
355
330
17
100
AcDbEntity
  8
HIDDEN
370
13
100
AcDbPolyline
 90
2
 70
0
 10
154.17385352645115
 20
216.02406514638346
 10
158.12225026489787
 20
216.02406514638346
  0
LWPOLYLINE
  5
356
330
17
100
AcDbEntity
  8
HIDDEN
370
13
100
AcDbPolyline
 90
2
 70
0
 10
157.66754251899357
 20
218.32922375998118
 10
161.6159392574403
 20
218.32922375998118
  0
LWPOLYLINE
  5
357
330
17
100
AcDbEntity
  8
HIDDEN
370
13
100
AcDbPolyline
 90
2
 70
0
 10
161.161231511536
 20
220.63438237357883
 10
165.1096282499827
 20
220.63438237357883
  0
LWPOLYLINE
  5
358
330
17
100
AcDbEntity
  8
HIDDEN
370
13
100
AcDbPolyline
 90
2
 70
0
 10
164.65492050407823
 20
222.9395409871765
 10
168.60331724252495
 20
222.9395409871765
  0
LWPOLYLINE
  5
359
330
17
100
AcDbEntity
  8
HIDDEN
370
13
100
AcDbPolyline
 90
2
 70
0
 10
168.14860949662065
 20
225.24469960077417
 10
172.09700623506737
 20
225.24469960077417
  0
LWPOLYLINE
  5
35A
330
17
100
AcDbEntity
  8
HIDDEN
370
13
100
AcDbPolyline
 90
2
 70
0
 10
171.64229848916153
 20
227.54985821437185
 10
175.59069522760825
 20
227.54985821437185
  0
LWPOLYLINE
  5
35B
330
17
100
AcDbEntity
  8
HIDDEN
370
13
100
AcDbPolyline
 90
2
 70
0
 10
175.1359874817044
 20
229.85501682797104
 10
179.08438422015112
 20
229.85501682797104
  0
LWPOLYLINE
  5
35C
330
17
100
AcDbEntity
  8
HIDDEN
370
13
100
AcDbPolyline
 90
2
 70
0
 10
178.62967647424728
 20
232.1601754415687
 10
182.578073212694
 20
232.1601754415687
  0
LWPOLYLINE
  5
35D
330
17
100
AcDbEntity
  8
HIDDEN
370
13
100
AcDbPolyline
 90
2
 70
0
 10
182.1233654667886
 20
234.46533405516638
 10
186.07176220523536
 20
234.46533405516638
  0
LWPOLYLINE
  5
35E
330
17
100
AcDbEntity
  8
HIDDEN
370
13
100
AcDbPolyline
 90
2
 70
0
 10
185.61705445933148
 20
236.77049266876404
 10
189.5654511977782
 20
236.77049266876404
  0
LWPOLYLINE
  5
35F
330
17
100
AcDbEntity
  8
HIDDEN
370
13
100
AcDbPolyline
 90
2
 70
0
 10
189.11074345187436
 20
239.07565128236172
 10
193.05914019032107
 20
239.07565128236172
  0
LWPOLYLINE
  5
360
330
17
100
AcDbEntity
  8
HIDDEN
370
13
100
AcDbPolyline
 90
2
 70
0
 10
192.60443244441572
 20
241.3808098959594
 10
196.55282918286244
 20
241.3808098959594
  0
LWPOLYLINE
  5
361
330
17
100
AcDbEntity
  8
HIDDEN
370
13
100
AcDbPolyline
 90
2
 70
0
 10
196.09812143695856
 20
243.68596850955709
 10
200.04651817540528
 20
243.68596850955709
  0
LWPOLYLINE
  5
362
330
17
100
AcDbEntity
  8
HIDDEN
370
13
100
AcDbPolyline
 90
2
 70
0
 10
199.59181042950144
 20
245.99112712315474
 10
203.54020716794815
 20
245.99112712315474
  0
LWPOLYLINE
  5
363
330
17
100
AcDbEntity
  8
HIDDEN
370
13
100
AcDbPolyline
 90
2
 70
0
 10
203.0854994220428
 20
248.2962857367524
 10
207.03389616048952
 20
248.2962857367524
  0
LWPOLYLINE
  5
364
330
17
100
AcDbEntity
  8
HIDDEN
370
13
100
AcDbPolyline
 90
2
 70
0
 10
206.57918841458567
 20
250.60144435035008
 10
210.5275851530324
 20
250.60144435035008
  0
LWPOLYLINE
  5
365
330
17
100
AcDbEntity
  8
HIDDEN
370
13
100
AcDbPolyline
 90
2
 70
0
 10
210.07287740712852
 20
252.90660296394927
 10
214.02127414557526
 20
252.90660296394927
  0
LWPOLYLINE
  5
366
330
17
100
AcDbEntity
  8
HIDDEN
370
13
100
AcDbPolyline
 90
2
 70
0
 10
213.56656639966988
 20
255.21176157754695
 10
217.5149631381166
 20
255.21176157754695
  0
LWPOLYLINE
  5
367
330
17
100
AcDbEntity
  8
HIDDEN
370
13
100
AcDbPolyline
 90
2
 70
0
 10
217.06025539221272
 20
257.5169201911446
 10
221.00865213065947
 20
257.5169201911446
  0
LWPOLYLINE
  5
368
330
17
100
AcDbEntity
  8
HIDDEN
370
13
100
AcDbPolyline
 90
2
 70
0
 10
220.5539443847556
 20
259.82207880474226
 10
224.5023411232023
 20
259.82207880474226
  0
LWPOLYLINE
  5
369
330
17
100
AcDbEntity
  8
HIDDEN
370
13
100
AcDbPolyline
 90
2
 70
0
 10
223.8948954711336
 20
256.9367119574158
 10
227.2358465575116
 20
256.9367119574158
  0
LWPOLYLINE
  5
36A
330
17
100
AcDbEntity
  8
HIDDEN
370
13
100
AcDbPolyline
 90
2
 70
0
 10
226.98857690220163
 20
254.8237502473694
 10
230.32952798857963
 20
254.8237502473694
  0
LWPOLYLINE
  5
36B
330
17
100
AcDbEntity
  8
HIDDEN
370
13
100
AcDbPolyline
 90
2
 70
0
 10
230.08225833326964
 20
252.71078853732297
 10
233.42320941964763
 20
252.71078853732297
  0
LWPOLYLINE
  5
36C
330
17
100
AcDbEntity
  8
HIDDEN
370
13
100
AcDbPolyline
 90
2
 70
0
 10
233.17593976433918
 20
250.59782682727652
 10
236.51689085071717
 20
250.59782682727652
  0
LWPOLYLINE
  5
36D
330
17
100
AcDbEntity
  8
HIDDEN
370
13
100
AcDbPolyline
 90
2
 70
0
 10
239.61057228178518
 20
248.48486511723007
 10
239.61057228178518
 20
250.45906348645343
  0
LWPOLYLINE
  5
36E
330
17
100
AcDbEntity
  8
HIDDEN
370
13
100
AcDbPolyline
 90
2
 70
0
 10
239.36330262647522
 20
246.37190340718365
 10
239.36330262647522
 20
248.346101776407
  0
LWPOLYLINE
  5
36F
330
17
100
AcDbEntity
  8
HIDDEN
370
13
100
AcDbPolyline
 90
2
 70
0
 10
242.45698405754476
 20
244.2589416971372
 10
242.45698405754476
 20
246.23314006636056
  0
LWPOLYLINE
  5
370
330
17
100
AcDbEntity
  8
HIDDEN
370
13
100
AcDbPolyline
 90
2
 70
0
 10
245.5506654886128
 20
242.14597998709075
 10
245.5506654886128
 20
244.1201783563141
  0
LWPOLYLINE
  5
371
330
17
100
AcDbEntity
  8
HIDDEN
370
13
100
AcDbPolyline
 90
2
 70
0
 10
248.6443469196808
 20
240.03301827704433
 10
248.6443469196808
 20
242.0072166462677
  0
LWPOLYLINE
  5
372
330
17
100
AcDbEntity
  8
HIDDEN
370
13
100
AcDbPolyline
 90
2
 70
0
 10
251.73802835075034
 20
237.92005656699789
 10
251.73802835075034
 20
239.89425493622124
  0
LWPOLYLINE
  5
373
330
17
100
AcDbEntity
  8
HIDDEN
370
13
100
AcDbPolyline
 90
2
 70
0
 10
254.83170978181838
 20
235.80709485695144
 10
254.83170978181838
 20
237.78129322617482
  0
LWPOLYLINE
  5
374
330
17
100
AcDbEntity
  8
HIDDEN
370
13
100
AcDbPolyline
 90
2
 70
0
 10
257.9253912128864
 20
233.69413314690502
 10
257.9253912128864
 20
235.66833151612838
  0
LWPOLYLINE
  5
375
330
17
100
AcDbEntity
  8
HIDDEN
370
13
100
AcDbPolyline
 90
2
 70
0
 10
261.01907264395595
 20
231.5811714368586
 10
261.01907264395595
 20
233.55536980608196
  0
LWPOLYLINE
  5
376
330
17
100
AcDbEntity
  8
HIDDEN
370
13
100
AcDbPolyline
 90
2
 70
0
 10
264.11275407502393
 20
229.46820972681215
 10
264.11275407502393
 20
231.4424080960355
  0
LWPOLYLINE
  5
377
330
17
100
AcDbEntity
  8
HIDDEN
370
13
100
AcDbPolyline
 90
2
 70
0
 10
267.20643550609196
 20
227.3552480167657
 10
267.20643550609196
 20
229.32944638598906
  0
LWPOLYLINE
  5
378
330
17
100
AcDbEntity
  8
HIDDEN
370
13
100
AcDbPolyline
 90
2
 70
0
 10
270.30011693716153
 20
225.24228630671928
 10
270.30011693716153
 20
227.21648467594264
  0
LWPOLYLINE
  5
379
330
17
100
AcDbEntity
  8
HIDDEN
370
13
100
AcDbPolyline
 90
2
 70
0
 10
273.3937983682295
 20
223.12932459667283
 10
273.3937983682295
 20
225.1035229658962
  0
LWPOLYLINE
  5
37A
330
17
100
AcDbEntity
  8
HIDDEN
370
13
100
AcDbPolyline
 90
2
 70
0
 10
276.4874797992991
 20
221.01636288662638
 10
276.4874797992991
 20
222.99056125584974
  0
LWPOLYLINE
  5
37B
330
17
100
AcDbEntity
  8
HIDDEN
370
13
100
AcDbPolyline
 90
2
 70
0
 10
279.5811612303671
 20
218.90340117657996
 10
279.5811612303671
 20
220.87759954580332
  0
LWPOLYLINE
  5
37C
330
17
100
AcDbEntity
  8
HIDDEN
370
13
100
AcDbPolyline
 90
2
 70
0
 10
282.67484266143515
 20
216.7904394665335
 10
282.67484266143515
 20
218.76463783575687
  0
LWPOLYLINE
  5
37D
330
17
100
AcDbEntity
  8
HIDDEN
370
13
100
AcDbPolyline
 90
2
 70
0
 10
69.27981767725805
 20
164.8137499927421
 10
69.27981767725805
 20
167.54725542705137
  0
LWPOLYLINE
  5
37E
330
17
100
AcDbEntity
  8
HIDDEN
370
13
100
AcDbPolyline
 90
2
 70
0
 10
102.30967500849502
 20
164.8137499927421
 10
133.06161114447428
 20
164.8137499927421
  0
LWPOLYLINE
  5
37F
330
17
100
AcDbEntity
  8
HIDDEN
370
13
100
AcDbPolyline
 90
2
 70
0
 10
69.27981767725805
 20
167.54725542705137
 10
133.06161114447428
 20
167.54725542705137
  0
LWPOLYLINE
  5
380
330
17
100
AcDbEntity
  8
HIDDEN
370
13
100
AcDbPolyline
 90
2
 70
0
 10
76.87288832811711
 20
127.45584239051544
 10
76.87288832811711
 20
206.42377715944986
  0
LWPOLYLINE
  5
381
330
17
100
AcDbEntity
  8
HIDDEN
370
13
100
AcDbPolyline
 90
2
 70
0
 10
125.46854049361521
 20
184.85945651101008
 10
125.46854049361521
 20
191.76915080329184
  0
LWPOLYLINE
  5
382
330
17
100
AcDbEntity
  8
HIDDEN
370
13
100
AcDbPolyline
 90
2
 70
0
 10
125.46854049361521
 20
127.45584239051544
 10
131.54299701430247
 20
127.45584239051544
  0
LWPOLYLINE
  5
383
330
17
100
AcDbEntity
  8
HIDDEN
370
13
100
AcDbPolyline
 90
2
 70
0
 10
70.79843180742986
 20
199.96966710621962
 10
70.79843180742986
 20
203.76620243164916
  0
LWPOLYLINE
  5
384
330
17
100
AcDbEntity
  8
HIDDEN
370
13
100
AcDbPolyline
 90
2
 70
0
 10
125.46854049361521
 20
199.96966710621962
 10
131.54299701430247
 20
199.96966710621962
  0
LWPOLYLINE
  5
385
330
17
100
AcDbEntity
  8
HIDDEN
370
13
100
AcDbPolyline
 90
2
 70
0
 10
70.79843180742986
 20
203.76620243164916
 10
131.54299701430247
 20
203.76620243164916
  0
LWPOLYLINE
  5
386
330
17
100
AcDbEntity
  8
HIDDEN
370
13
100
AcDbPolyline
 90
2
 70
0
 10
70.79843180742986
 20
150.99436140817858
 10
98.13348615052253
 20
150.99436140817858
  0
LWPOLYLINE
  5
387
330
17
100
AcDbEntity
  8
HIDDEN
370
13
100
AcDbPolyline
 90
2
 70
0
 10
74.59496713285938
 20
155.55020379869404
 10
94.336950825093
 20
155.55020379869404
  0
LWPOLYLINE
  5
388
330
17
100
AcDbEntity
  8
HIDDEN
370
13
100
AcDbPolyline
 90
2
 70
0
 10
166.4711220082542
 20
215.8391847665151
 10
166.4711220082542
 20
221.30619563513363
  0
LWPOLYLINE
  5
389
330
17
100
AcDbEntity
  8
HIDDEN
370
13
100
AcDbPolyline
 90
2
 70
0
 10
166.4711220082542
 20
215.8391847665151
 10
181.65726330997236
 20
215.8391847665151
  0
LWPOLYLINE
  5
38A
330
17
100
AcDbEntity
  8
HIDDEN
370
13
100
AcDbPolyline
 90
2
 70
0
 10
172.5455785289415
 20
217.35779889668692
 10
172.5455785289415
 20
219.78758150496182
  0
LWPOLYLINE
  5
38B
330
17
100
AcDbEntity
  8
HIDDEN
370
13
100
AcDbPolyline
 90
2
 70
0
 10
160.39666548756696
 20
219.78758150496182
 10
160.39666548756696
 20
217.35779889668692
  0
LWPOLYLINE
  5
38C
330
17
100
AcDbEntity
  8
HIDDEN
370
13
100
AcDbPolyline
 90
2
 70
0
 10
163.13017092187624
 20
217.35779889668692
 10
163.13017092187624
 20
219.78758150496182
  0
LWPOLYLINE
  5
38D
330
17
100
AcDbEntity
  8
HIDDEN
370
13
100
AcDbPolyline
 90
2
 70
0
 10
165.8636763561855
 20
217.35779889668692
 10
178.01258939756002
 20
217.35779889668692
  0
LWPOLYLINE
  5
38E
330
17
100
AcDbEntity
  8
HIDDEN
370
13
100
AcDbPolyline
 90
2
 70
0
 10
180.7460948318693
 20
219.78758150496182
 10
180.7460948318693
 20
217.35779889668692
  0
LWPOLYLINE
  5
38F
330
17
100
AcDbEntity
  8
HIDDEN
370
13
100
AcDbPolyline
 90
2
 70
0
 10
183.47960026617855
 20
217.35779889668692
 10
183.47960026617855
 20
219.78758150496182
  0
LWPOLYLINE
  5
390
330
17
100
AcDbEntity
  8
HIDDEN
370
13
100
AcDbPolyline
 90
2
 70
0
 10
171.33068722480402
 20
219.78758150496182
 10
171.33068722480402
 20
217.35779889668692
  0
LWPOLYLINE
  5
391
330
17
100
AcDbEntity
  8
HIDDEN
370
13
100
AcDbPolyline
 90
2
 70
0
 10
174.0641926591133
 20
217.35779889668692
 10
174.0641926591133
 20
219.78758150496182
  0
LWPOLYLINE
  5
392
330
17
100
AcDbEntity
  8
HIDDEN
370
13
100
AcDbPolyline
 90
2
 70
0
 10
176.79769809342258
 20
217.35779889668692
 10
188.94661113479708
 20
217.35779889668692
  0
LWPOLYLINE
  5
393
330
17
100
AcDbEntity
  8
HIDDEN
370
13
100
AcDbPolyline
 90
2
 70
0
 10
191.68011656910636
 20
219.78758150496182
 10
191.68011656910636
 20
217.35779889668692
  0
LWPOLYLINE
  5
394
330
17
100
AcDbEntity
  8
HIDDEN
370
13
100
AcDbPolyline
 90
2
 70
0
 10
124.7092334285293
 20
144.46432064843978
 10
124.7092334285293
 20
144.828788039681
  0
LWPOLYLINE
  5
395
330
17
100
AcDbEntity
  8
HIDDEN
370
13
100
AcDbPolyline
 90
2
 70
0
 10
187.9443258088837
 20
143.2494293443023
 10
187.9443258088837
 20
144.828788039681
  0
LWPOLYLINE
  5
396
330
17
100
AcDbEntity
  8
HIDDEN
370
13
100
AcDbPolyline
 90
2
 70
0
 10
177.93651074264687
 20
143.2494293443023
 10
177.93651074264687
 20
144.828788039681
  0
LWPOLYLINE
  5
397
330
17
100
AcDbEntity
  8
HIDDEN
370
13
100
AcDbPolyline
 90
2
 70
0
 10
153.77550788001784
 20
143.2494293443023
 10
153.77550788001784
 20
144.828788039681
  0
LWPOLYLINE
  5
398
330
17
100
AcDbEntity
  8
HIDDEN
370
13
100
AcDbPolyline
 90
2
 70
0
 10
129.61450501739944
 20
143.2494293443023
 10
129.61450501739944
 20
144.828788039681
  0
LWPOLYLINE
  5
399
330
17
100
AcDbEntity
  8
HIDDEN
370
13
100
AcDbPolyline
 90
2
 70
0
 10
119.60668995115199
 20
143.2494293443023
 10
119.60668995115199
 20
144.46432064843978
  0
LWPOLYLINE
  5
39A
330
17
100
AcDbEntity
  8
HIDDEN
370
13
100
AcDbPolyline
 90
2
 70
0
 10
129.61450501739944
 20
143.2494293443023
 10
129.61450501739944
 20
144.46432064843978
  0
LWPOLYLINE
  5
39B
330
17
100
AcDbEntity
  8
HIDDEN
370
13
100
AcDbPolyline
 90
2
 70
0
 10
153.77550788001784
 20
143.2494293443023
 10
153.77550788001784
 20
144.46432064843978
  0
LWPOLYLINE
  5
39C
330
17
100
AcDbEntity
  8
HIDDEN
370
13
100
AcDbPolyline
 90
2
 70
0
 10
177.93651074264687
 20
143.2494293443023
 10
177.93651074264687
 20
144.46432064843978
  0
LWPOLYLINE
  5
39D
330
17
100
AcDbEntity
  8
HIDDEN
370
13
100
AcDbPolyline
 90
2
 70
0
 10
181.76188507797494
 20
188.04854618437088
 10
181.76188507797494
 20
190.78205161868016
  0
LWPOLYLINE
  5
39E
330
17
100
AcDbEntity
  8
HIDDEN
370
13
100
AcDbPolyline
 90
2
 70
0
 10
161.67102300598478
 20
188.04854618437088
 10
161.67102300598478
 20
190.78205161868016
  0
LWPOLYLINE
  5
39F
330
17
100
AcDbEntity
  8
HIDDEN
370
13
100
AcDbPolyline
 90
2
 70
0
 10
136.61812778112005
 20
188.04854618437088
 10
136.61812778112005
 20
190.78205161868016
  0
LWPOLYLINE
  5
3A0
330
17
100
AcDbEntity
  8
HIDDEN
370
13
100
AcDbPolyline
 90
2
 70
0
 10
125.46854049361521
 20
188.04854618437088
 10
125.46854049361521
 20
189.11157607549114
  0
LWPOLYLINE
  5
3A1
330
17
100
AcDbEntity
  8
HIDDEN
370
13
100
AcDbPolyline
 90
2
 70
0
 10
147.96049411238644
 20
190.842796183887
 10
147.96049411238644
 20
191.76915080329184
  0
LWPOLYLINE
  5
3A2
330
17
100
AcDbEntity
  8
HIDDEN
370
13
100
AcDbPolyline
 90
2
 70
0
 10
173.01338933725862
 20
190.78205161868016
 10
173.01338933725862
 20
191.76915080329184
  0
LWPOLYLINE
  5
3A3
330
17
100
AcDbEntity
  8
HIDDEN
370
13
100
AcDbPolyline
 90
2
 70
0
 10
298.6202910282392
 20
211.2474978914064
 10
299.9111130388852
 20
211.2474978914064
  0
LWPOLYLINE
  5
3A4
330
17
100
AcDbEntity
  8
HIDDEN
370
13
100
AcDbPolyline
 90
2
 70
0
 10
168.59718179049477
 20
219.78758150496182
 10
180.7460948318693
 20
219.78758150496182
  0
LWPOLYLINE
  5
3A5
330
17
100
AcDbEntity
  8
HIDDEN
370
13
100
AcDbPolyline
 90
2
 70
0
 10
179.53120352773183
 20
219.78758150496182
 10
191.68011656910636
 20
219.78758150496182
  0
TEXT
  5
3A6
330
17
100
AcDbEntity
  8
TEXT
100
AcDbText
 10
212.5
 20
271.0
 30
0.0
 40
3.2
  1
主视图 / FRONT VIEW
  7
CJK
 72
1
 11
212.5
 21
271.0
 31
0.0
100
AcDbText
 73
2
  0
LWPOLYLINE
  5
3A7
330
17
100
AcDbEntity
  8
OBJECT
370
18
100
AcDbPolyline
 90
2
 70
0
 10
54.25592538719789
 20
295.13340318760726
 10
54.25592538719789
 20
298.49254537438577
  0
LWPOLYLINE
  5
3A8
330
17
100
AcDbEntity
  8
OBJECT
370
18
100
AcDbPolyline
 90
2
 70
0
 10
54.25592538719789
 20
306.89040084133205
 10
54.25592538719789
 20
335.4431094289493
  0
LWPOLYLINE
  5
3A9
330
17
100
AcDbEntity
  8
OBJECT
370
18
100
AcDbPolyline
 90
2
 70
0
 10
118.07962693598941
 20
295.13340318760726
 10
118.07962693598941
 20
311.425242793483
  0
LWPOLYLINE
  5
3AA
330
17
100
AcDbEntity
  8
OBJECT
370
18
100
AcDbPolyline
 90
2
 70
0
 10
118.07962693598941
 20
333.25966700754327
 10
118.07962693598941
 20
353.91839145623106
  0
LWPOLYLINE
  5
3AB
330
17
100
AcDbEntity
  8
OBJECT
370
18
100
AcDbPolyline
 90
2
 70
0
 10
54.25592538719789
 20
295.13340318760726
 10
118.07962693598941
 20
295.13340318760726
  0
LWPOLYLINE
  5
3AC
330
17
100
AcDbEntity
  8
OBJECT
370
18
100
AcDbPolyline
 90
2
 70
0
 10
73.57099296117427
 20
353.91839145623106
 10
118.07962693598941
 20
353.91839145623106
  0
LWPOLYLINE
  5
3AD
330
17
100
AcDbEntity
  8
OBJECT
370
18
100
AcDbPolyline
 90
2
 70
0
 10
58.45485312067102
 20
299.3323309210804
 10
58.45485312067102
 20
317.1777737883412
  0
LWPOLYLINE
  5
3AE
330
17
100
AcDbEntity
  8
OBJECT
370
18
100
AcDbPolyline
 90
2
 70
0
 10
58.45485312067102
 20
331.8740208554971
 10
58.45485312067102
 20
335.4431094289493
  0
LWPOLYLINE
  5
3AF
330
17
100
AcDbEntity
  8
OBJECT
370
18
100
AcDbPolyline
 90
2
 70
0
 10
113.88069920251628
 20
299.3323309210804
 10
113.88069920251628
 20
311.425242793483
  0
LWPOLYLINE
  5
3B0
330
17
100
AcDbEntity
  8
OBJECT
370
18
100
AcDbPolyline
 90
2
 70
0
 10
113.88069920251628
 20
333.25966700754327
 10
113.88069920251628
 20
349.7194637227579
  0
LWPOLYLINE
  5
3B1
330
17
100
AcDbEntity
  8
OBJECT
370
18
100
AcDbPolyline
 90
2
 70
0
 10
58.45485312067102
 20
299.3323309210804
 10
113.88069920251628
 20
299.3323309210804
  0
LWPOLYLINE
  5
3B2
330
17
100
AcDbEntity
  8
OBJECT
370
18
100
AcDbPolyline
 90
2
 70
0
 10
73.57099296117427
 20
349.7194637227579
 10
113.88069920251628
 20
349.7194637227579
  0
LWPOLYLINE
  5
3B3
330
17
100
AcDbEntity
  8
OBJECT
370
18
100
AcDbPolyline
 90
9
 70
0
 10
106.35049090477003
 20
332.8565699451298
 10
106.15102911749325
 20
333.3242882009419
 10
105.94073007089777
 20
333.787234939136
 10
105.71970781374768
 20
334.2451590957906
 10
105.48808221018729
 20
334.6978123308158
 10
105.2459788747367
 20
335.1449491626327
 10
104.99352910416901
 20
335.5863271013019
 10
104.73086980630569
 20
336.02170678003006
 10
104.45814342576924
 20
336.45085208498284
  0
LWPOLYLINE
  5
3B4
330
17
100
AcDbEntity
  8
OBJECT
370
18
100
AcDbPolyline
 90
28
 70
0
 10
103.50807679236244
 20
337.7945089596942
 10
102.72738673301605
 20
338.7568979361548
 10
101.89335527568707
 20
339.67344637402425
 10
101.00866898137302
 20
340.541201910698
 10
100.07617757914882
 20
341.35736935402883
 10
99.09888478669171
 20
342.11931968612834
 10
98.07993863478194
 20
342.82459853189323
 10
97.02262132694582
 20
343.47093406497595
 10
95.93033866690489
 20
344.0562443257343
 10
94.80660908788721
 20
344.5786439275871
 10
93.65505231913951
 20
345.0364501301734
 10
92.47937772614692
 20
345.4281882597534
 10
91.28337236211897
 20
345.75259645939013
 10
90.07088876922968
 20
346.00862975361076
 10
88.84583256890639
 20
346.1954634144553
 10
87.61214988114087
 20
346.31249561806953
 10
86.3738146133477
 20
346.35934938328455
 10
85.1348156597144
 20
346.335873785939
 10
83.89914405227643
 20
346.2421444450322
 10
82.67078010510602
 20
346.0784632791422
 10
81.45368059302533
 20
345.8453575338932
 10
80.25176600614358
 20
345.5435780836053
 10
79.06890792127379
 20
345.17409701259726
 10
77.90891653090742
 20
344.73810448393294
 10
76.7755283699191
 20
344.23700490569854
 10
75.67239427953507
 20
343.6724124071585
 10
74.60306764733582
 20
343.0461456393633
 10
73.57099296117427
 20
342.360221916957
  0
LWPOLYLINE
  5
3B5
330
17
100
AcDbEntity
  8
OBJECT
370
18
100
AcDbPolyline
 90
8
 70
0
 10
67.2586101152114
 20
335.4431094289493
 10
66.98362736497742
 20
334.9523308304986
 10
66.72137976707359
 20
334.4546307772365
 10
66.47204141122069
 20
333.9503396609911
 10
66.23577781750396
 20
333.4397922489837
 10
66.01274582649461
 20
332.92332746159747
 10
65.80309349513331
 20
332.40128814739
 10
65.60695999844442
 20
331.8740208554971
  0
LWPOLYLINE
  5
3B6
330
17
100
AcDbEntity
  8
OBJECT
370
18
100
AcDbPolyline
 90
24
 70
0
 10
65.60695999844442
 20
317.1777737883412
 10
65.91181527448677
 20
316.374938525585
 10
66.24800487345503
 20
315.58471213270684
 10
66.61500873740098
 20
314.8083170256226
 10
67.01225914121635
 20
314.0469542243746
 10
67.43914157085734
 20
313.3018014952516
 10
67.89499567394785
 20
312.57401152887996
 10
68.37911628129089
 20
311.86471015710526
 10
68.89075449770786
 20
311.17499461142194
 10
69.42911886051859
 20
310.5059318256454
 10
69.99337656386946
 20
309.85855678545244
 10
70.58265474701652
 20
309.2338709273425
 10
71.19604184456983
 20
308.6328405894969
 10
71.8325889966111
 20
308.05639551693247
 10
72.49131151650255
 20
307.50542742326144
 10
73.17119041411723
 20
306.9807886112832
 10
73.87117397213363
 20
306.4832906545413
 10
74.59017937295685
 20
306.01370314188506
 10
75.32709437374936
 20
305.5727524869784
 10
76.08077902698
 20
305.16112080459686
 10
76.8500674438302
 20
304.7794448554518
 10
77.6337695977289
 20
304.4283150611731
 10
78.430673165227
 20
304.1082745909753
 10
79.23954540136299
 20
303.8198185214187
  0
LWPOLYLINE
  5
3B7
330
17
100
AcDbEntity
  8
OBJECT
370
18
100
AcDbPolyline
 90
18
 70
0
 10
93.09600692182431
 20
303.8198185214187
 10
93.82764296891835
 20
304.0791733482948
 10
94.5495976795739
 20
304.36437087176506
 10
95.26095857233105
 20
304.67505062953353
 10
95.96082655529885
 20
305.01081995220596
 10
96.64831706252124
 20
305.37125445958617
 10
97.32256117198357
 20
305.75589859705184
 10
97.98270670384642
 20
306.16426621133195
 10
98.6279192975193
 20
306.59584116495785
 10
99.25738346621239
 20
307.0500779886114
 10
99.87030362763333
 20
307.5264025705458
 10
100.4659051095272
 20
308.024212882208
 10
101.04343512878759
 20
308.5428797391445
 10
101.6021637429024
 20
309.0817475962307
 10
102.14138477253105
 20
309.64013537621656
 10
102.66041669404736
 20
310.21733733054316
 10
103.15860350092
 20
310.8126239313409
 10
103.63531553284184
 20
311.425242793483
  0
LWPOLYLINE
  5
3B8
330
17
100
AcDbEntity
  8
OBJECT
370
18
100
AcDbPolyline
 90
9
 70
0
 10
103.5939555774083
 20
332.8565699451298
 10
103.35886989428484
 20
333.33147121923554
 10
103.1108451509895
 20
333.79974488416894
 10
102.85006802599244
 20
334.2610384887584
 10
102.57673479597993
 20
334.7150048354492
 10
102.29105118812473
 20
335.16130224162544
 10
101.99323222524328
 20
335.59959479678133
 10
101.6835020639565
 20
336.0295526153474
 10
101.3620938259759
 20
336.45085208498284
  0
LWPOLYLINE
  5
3B9
330
17
100
AcDbEntity
  8
OBJECT
370
18
100
AcDbPolyline
 90
28
 70
0
 10
97.6439918274238
 20
340.06192993576974
 10
95.59506699033344
 20
341.38407109660875
 10
93.39588667351872
 20
342.43752074958957
 10
91.08150218700142
 20
343.2054886433187
 10
88.68880100541296
 20
343.6757346351738
 10
86.25591884243902
 20
343.8407637790057
 10
83.8216318303907
 20
343.6979457822282
 10
81.42473849255819
 20
343.2495569283472
 10
79.10344135868905
 20
342.50274379675295
 10
76.89473807962153
 20
341.4694093580222
 10
74.83383174570193
 20
340.1660232601829
 10
72.95356980753886
 20
338.61335932966676
 10
71.2839205417728
 20
336.8361644707507
 10
69.85149540613398
 20
334.8627642406857
 10
68.67912489666139
 20
332.72461138699407
 10
67.78549466722059
 20
330.45578454250807
 10
67.18484771097474
 20
328.09244506812377
 10
66.8867573505459
 20
325.6722607003017
 10
66.89597465502924
 20
323.2338051894243
 10
67.2123527157813
 20
320.81594349778317
 10
67.83084898790175
 20
318.4572123561302
 10
68.74160566008896
 20
316.19520605169663
 10
69.93010677190665
 20
314.0659772372103
 10
71.37740957427096
 20
312.1034623110253
 10
73.06044644565348
 20
310.33894052685895
 10
74.95239255195315
 20
308.80053545403575
 10
77.02309339014482
 20
307.5127667341396
 10
79.23954540136299
 20
306.49615927833497
  0
LWPOLYLINE
  5
3BA
330
17
100
AcDbEntity
  8
OBJECT
370
18
100
AcDbPolyline
 90
13
 70
0
 10
93.0960069218243
 20
306.49615927833497
 10
93.7797175768743
 20
306.77399085310265
 10
94.45231549598745
 20
307.0777385822654
 10
95.11281874792446
 20
307.40695902201276
 10
95.76026305855034
 20
307.7611715407145
 10
96.39370321858593
 20
308.1398590205985
 10
97.01221446352685
 20
308.5424686126954
 10
97.61489382371481
 20
308.96841254394724
 10
98.20086144259032
 20
309.41706897530224
 10
98.76926186120266
 20
309.8877829095427
 10
99.3192652671014
 20
310.37986714752094
 10
99.85006870578638
 20
310.8926032914069
 10
100.3608972529477
 20
311.425242793483
  0
LWPOLYLINE
  5
3BB
330
17
100
AcDbEntity
  8
OBJECT
370
18
100
AcDbPolyline
 90
2
 70
0
 10
75.25056405456351
 20
314.02857798823635
 10
75.25056405456351
 20
333.3436455622127
  0
LWPOLYLINE
  5
3BC
330
17
100
AcDbEntity
  8
OBJECT
370
18
100
AcDbPolyline
 90
2
 70
0
 10
75.25056405456351
 20
334.5193453275852
 10
75.25056405456351
 20
335.02321665560197
  0
LWPOLYLINE
  5
3BD
330
17
100
AcDbEntity
  8
OBJECT
370
18
100
AcDbPolyline
 90
2
 70
0
 10
97.08498826862377
 20
332.8565699451298
 10
97.08498826862377
 20
333.3436455622127
  0
LWPOLYLINE
  5
3BE
330
17
100
AcDbEntity
  8
OBJECT
370
18
100
AcDbPolyline
 90
2
 70
0
 10
75.25056405456351
 20
314.02857798823635
 10
79.23954540136299
 20
314.02857798823635
  0
LWPOLYLINE
  5
3BF
330
17
100
AcDbEntity
  8
OBJECT
370
18
100
AcDbPolyline
 90
2
 70
0
 10
75.25056405456351
 20
335.02321665560197
 10
76.89728098600172
 20
335.02321665560197
  0
LWPOLYLINE
  5
3C0
330
17
100
AcDbEntity
  8
OBJECT
370
18
100
AcDbPolyline
 90
2
 70
0
 10
77.56910942335742
 20
335.02321665560197
 10
80.67347922234407
 20
335.02321665560197
  0
LWPOLYLINE
  5
3C1
330
17
100
AcDbEntity
  8
OBJECT
370
18
100
AcDbPolyline
 90
2
 70
0
 10
81.34530765969976
 20
335.02321665560197
 10
85.8318619429158
 20
335.02321665560197
  0
LWPOLYLINE
  5
3C2
330
17
100
AcDbEntity
  8
OBJECT
370
18
100
AcDbPolyline
 90
2
 70
0
 10
86.50369038027151
 20
335.02321665560197
 10
90.99024466348753
 20
335.02321665560197
  0
LWPOLYLINE
  5
3C3
330
17
100
AcDbEntity
  8
OBJECT
370
18
100
AcDbPolyline
 90
2
 70
0
 10
91.66207310084323
 20
335.02321665560197
 10
92.04627498845602
 20
335.02321665560197
  0
LWPOLYLINE
  5
3C4
330
17
100
AcDbEntity
  8
OBJECT
370
18
100
AcDbPolyline
 90
2
 70
0
 10
75.33454260923298
 20
310.2495430281105
 10
75.33454260923298
 20
314.02857798823635
  0
LWPOLYLINE
  5
3C5
330
17
100
AcDbEntity
  8
OBJECT
370
18
100
AcDbPolyline
 90
2
 70
0
 10
75.33454260923298
 20
335.02321665560197
 10
75.33454260923298
 20
338.8022516157278
  0
LWPOLYLINE
  5
3C6
330
17
100
AcDbEntity
  8
OBJECT
370
18
100
AcDbPolyline
 90
2
 70
0
 10
76.84615659328331
 20
310.2495430281105
 10
76.84615659328331
 20
314.02857798823635
  0
LWPOLYLINE
  5
3C7
330
17
100
AcDbEntity
  8
OBJECT
370
18
100
AcDbPolyline
 90
2
 70
0
 10
76.84615659328331
 20
335.02321665560197
 10
76.84615659328331
 20
335.3591308742798
  0
LWPOLYLINE
  5
3C8
330
17
100
AcDbEntity
  8
OBJECT
370
18
100
AcDbPolyline
 90
2
 70
0
 10
76.84615659328331
 20
335.795819358561
 10
76.84615659328331
 20
338.8022516157278
  0
LWPOLYLINE
  5
3C9
330
17
100
AcDbEntity
  8
OBJECT
370
18
100
AcDbPolyline
 90
2
 70
0
 10
75.33454260923298
 20
310.2495430281105
 10
76.84615659328331
 20
310.2495430281105
  0
LWPOLYLINE
  5
3CA
330
17
100
AcDbEntity
  8
OBJECT
370
18
100
AcDbPolyline
 90
2
 70
0
 10
75.33454260923298
 20
338.8022516157278
 10
76.84615659328331
 20
338.8022516157278
  0
LWPOLYLINE
  5
3CB
330
17
100
AcDbEntity
  8
OBJECT
370
18
100
AcDbPolyline
 90
2
 70
0
 10
95.48939572990399
 20
310.2495430281105
 10
95.48939572990399
 20
311.425242793483
  0
LWPOLYLINE
  5
3CC
330
17
100
AcDbEntity
  8
OBJECT
370
18
100
AcDbPolyline
 90
2
 70
0
 10
97.00100971395432
 20
310.2495430281105
 10
97.00100971395432
 20
311.425242793483
  0
LWPOLYLINE
  5
3CD
330
17
100
AcDbEntity
  8
OBJECT
370
18
100
AcDbPolyline
 90
2
 70
0
 10
95.48939572990399
 20
310.2495430281105
 10
97.00100971395432
 20
310.2495430281105
  0
LWPOLYLINE
  5
3CE
330
17
100
AcDbEntity
  8
OBJECT
370
18
100
AcDbPolyline
 90
2
 70
0
 10
56.56533564060811
 20
317.1777737883412
 10
56.56533564060811
 20
331.8740208554971
  0
LWPOLYLINE
  5
3CF
330
17
100
AcDbEntity
  8
OBJECT
370
18
100
AcDbPolyline
 90
2
 70
0
 10
56.56533564060811
 20
317.1777737883412
 10
68.30505195943032
 20
317.1777737883412
  0
LWPOLYLINE
  5
3D0
330
17
100
AcDbEntity
  8
OBJECT
370
18
100
AcDbPolyline
 90
2
 70
0
 10
56.56533564060811
 20
331.8740208554971
 10
68.30505195943033
 20
331.8740208554971
  0
LWPOLYLINE
  5
3D1
330
17
100
AcDbEntity
  8
OBJECT
370
18
100
AcDbPolyline
 90
6
 70
0
 10
103.93261288835332
 20
332.8565699451298
 10
103.86226699864723
 20
332.8738825045744
 10
103.79096502801781
 20
332.8867003787127
 10
103.71899385826963
 20
332.89497199512914
 10
103.64664306371415
 20
332.89866407316936
 10
103.57420374607437
 20
332.89776175784397
  0
LWPOLYLINE
  5
3D2
330
17
100
AcDbEntity
  8
OBJECT
370
18
100
AcDbPolyline
 90
6
 70
0
 10
100.67079073832805
 20
337.8868035551489
 10
100.6614203249652
 20
338.0328044110402
 10
100.63346284375092
 20
338.17640954260503
 10
100.58737704828252
 20
338.3152625368963
 10
100.52391915920431
 20
338.4470849586664
 10
100.44413045540227
 20
338.56971373715334
  0
LWPOLYLINE
  5
3D3
330
17
100
AcDbEntity
  8
OBJECT
370
18
100
AcDbPolyline
 90
6
 70
0
 10
100.6670554338369
 20
337.7945089596942
 10
100.66839967399835
 20
337.8129388690466
 10
100.6694455592272
 20
337.83138811467984
 10
100.67019281573184
 20
337.8498518669546
 10
100.6706412478956
 20
337.868325292434
 10
100.67079073832805
 20
337.8868035551489
  0
LWPOLYLINE
  5
3D4
330
17
100
AcDbEntity
  8
OBJECT
370
18
100
AcDbPolyline
 90
7
 70
0
 10
94.5407548529414
 20
341.98276258344345
 10
94.45057047050223
 20
342.4275855239931
 10
94.19425979480692
 20
342.8021592934963
 10
93.81230098212082
 20
343.04732890149575
 10
93.36501531428233
 20
343.1243756575695
 10
92.92304089135848
 20
343.02113186474725
 10
92.55617702899556
 20
342.753902416955
  0
LWPOLYLINE
  5
3D5
330
17
100
AcDbEntity
  8
OBJECT
370
18
100
AcDbPolyline
 90
6
 70
0
 10
94.53964059751846
 20
341.93232490639986
 10
94.54004168771765
 20
341.9424077163261
 10
94.54035367923531
 20
341.95249367640184
 10
94.54057654771702
 20
341.96258199930486
 10
94.54071027576538
 20
341.9726718975286
 10
94.5407548529414
 20
341.98276258344345
  0
LWPOLYLINE
  5
3D6
330
17
100
AcDbEntity
  8
OBJECT
370
18
100
AcDbPolyline
 90
7
 70
0
 10
87.24121890966029
 20
343.8111133189957
 10
86.99879935395245
 20
344.20453362260093
 10
86.62033198813782
 20
344.46969249816755
 10
86.16777616159365
 20
344.5631804660529
 10
85.71522033504948
 20
344.46969249816755
 10
85.33675296923485
 20
344.20453362260093
 10
85.09433341352701
 20
343.8111133189957
  0
LWPOLYLINE
  5
3D7
330
17
100
AcDbEntity
  8
OBJECT
370
18
100
AcDbPolyline
 90
7
 70
0
 10
79.77937529419205
 20
342.7539024169551
 10
79.40485339624736
 20
343.0246054354796
 10
78.95372323462391
 20
343.12474710289115
 10
78.49983987272586
 20
343.0379331059178
 10
78.11750910369821
 20
342.7783758688137
 10
77.8693227593225
 20
342.38856782022594
 10
77.79591172566926
 20
341.9323249064001
  0
LWPOLYLINE
  5
3D8
330
17
100
AcDbEntity
  8
OBJECT
370
18
100
AcDbPolyline
 90
6
 70
0
 10
68.761348577113
 20
332.89776175784414
 10
68.41922984904667
 20
332.86100208001005
 10
68.1035859073618
 20
332.72401521901304
 10
67.84306655943979
 20
332.4992349543845
 10
67.66131816166958
 20
332.2070637410247
 10
67.57483732906687
 20
331.8740208554971
  0
LWPOLYLINE
  5
3D9
330
17
100
AcDbEntity
  8
OBJECT
370
18
100
AcDbPolyline
 90
6
 70
0
 10
67.57483732906691
 20
317.1777737883412
 10
67.66131816166971
 20
316.84473090281375
 10
67.8430665594399
 20
316.5525596894541
 10
68.10358590736185
 20
316.3277794248257
 10
68.4192298490466
 20
316.1907925638287
 10
68.7613485771128
 20
316.15403288599464
  0
LWPOLYLINE
  5
3DA
330
17
100
AcDbEntity
  8
OBJECT
370
18
100
AcDbPolyline
 90
7
 70
0
 10
71.77203050704225
 20
311.6482289601101
 10
71.66525685424358
 20
311.1986222838434
 10
71.74537805606532
 20
310.74350980401647
 10
71.99927737382791
 20
310.35739853415345
 10
72.38538864369096
 20
310.10349921639084
 10
72.84050112351787
 20
310.02337801456906
 10
73.29010779978458
 20
310.1301516673678
  0
LWPOLYLINE
  5
3DB
330
17
100
AcDbEntity
  8
OBJECT
370
18
100
AcDbPolyline
 90
7
 70
0
 10
77.79591172566911
 20
307.1194697374383
 10
77.83607869678588
 20
306.76474415913157
 10
77.98379868917826
 20
306.4397481201998
 10
78.2246391627682
 20
306.1762343866777
 10
78.5350695193529
 20
305.9999487798221
 10
78.88476008933047
 20
305.9281147576424
 10
79.23954540136299
 20
305.9677506484453
  0
LWPOLYLINE
  5
3DC
330
17
100
AcDbEntity
  8
OBJECT
370
18
100
AcDbPolyline
 90
6
 70
0
 10
94.5407548529414
 20
307.06903206039823
 10
94.54071027576538
 20
307.0791227463124
 10
94.54057654771704
 20
307.0892126445355
 10
94.54035367923537
 20
307.0993009674379
 10
94.54004168771775
 20
307.10938692751296
 10
94.5396405975186
 20
307.1194697374385
  0
LWPOLYLINE
  5
3DD
330
17
100
AcDbEntity
  8
OBJECT
370
18
100
AcDbPolyline
 90
7
 70
0
 10
93.0960069218243
 20
305.9677506484454
 10
93.44239065131904
 20
305.9277617513329
 10
93.78469710313534
 20
305.99414769107847
 10
94.09102078330024
 20
306.16072080692015
 10
94.3328100583887
 20
306.41195525201704
 10
94.4875283790073
 20
306.7244341172478
 10
94.5407548529414
 20
307.06903206039823
  0
LWPOLYLINE
  5
3DE
330
17
100
AcDbEntity
  8
OBJECT
370
18
100
AcDbPolyline
 90
6
 70
0
 10
100.67079073832805
 20
311.16499108869533
 10
100.66958376534598
 20
311.2174842410359
 10
100.6659653974428
 20
311.26986644450375
 10
100.65994328235584
 20
311.32202698472634
 10
100.6515301483525
 20
311.37385561583574
 10
100.640743777328
 20
311.425242793483
  0
LWPOLYLINE
  5
3DF
330
17
100
AcDbEntity
  8
OBJECT
370
18
100
AcDbPolyline
 90
7
 70
0
 10
99.04544452340474
 20
310.13015166736955
 10
99.41208997188178
 20
310.02884951511584
 10
99.79166836058002
 20
310.053573142953
 10
100.14207519860344
 20
310.2015800982173
 10
100.42444183072632
 20
310.45645280370724
 10
100.60744691820668
 20
310.7899196669733
 10
100.67079073832805
 20
311.16499108869533
  0
LWPOLYLINE
  5
3E0
330
17
100
AcDbEntity
  8
OBJECT
370
18
100
AcDbPolyline
 90
9
 70
0
 10
90.52555622766735
 20
340.4911395314482
 10
90.31648385956561
 20
340.9958848780369
 10
89.81173851297692
 20
341.20495724613863
 10
89.30699316638822
 20
340.9958848780369
 10
89.09792079828648
 20
340.4911395314482
 10
89.30699316638822
 20
339.98639418485953
 10
89.81173851297692
 20
339.77732181675776
 10
90.31648385956561
 20
339.98639418485953
 10
90.52555622766735
 20
340.4911395314482
  0
LWPOLYLINE
  5
3E1
330
17
100
AcDbEntity
  8
OBJECT
370
18
100
AcDbPolyline
 90
9
 70
0
 10
83.2376315249009
 20
340.4911395314482
 10
83.02855915679916
 20
340.9958848780369
 10
82.52381381021047
 20
341.20495724613863
 10
82.01906846362178
 20
340.9958848780369
 10
81.80999609552003
 20
340.4911395314482
 10
82.01906846362178
 20
339.98639418485953
 10
82.52381381021047
 20
339.77732181675776
 10
83.02855915679916
 20
339.98639418485953
 10
83.2376315249009
 20
340.4911395314482
  0
LWPOLYLINE
  5
3E2
330
17
100
AcDbEntity
  8
OBJECT
370
18
100
AcDbPolyline
 90
6
 70
0
 10
75.33454260923298
 20
337.6773228170969
 10
75.27692630702992
 20
337.54394863396425
 10
75.24750882339563
 20
337.40167100865904
 10
75.24750882339563
 20
337.2563840133502
 10
75.27692630702992
 20
337.11410638804495
 10
75.33454260923298
 20
336.9807322049123
  0
LWPOLYLINE
  5
3E3
330
17
100
AcDbEntity
  8
OBJECT
370
18
100
AcDbPolyline
 90
9
 70
0
 10
72.12749152720782
 20
331.6310985365257
 10
71.91841915910608
 20
332.13584388311443
 10
71.41367381251739
 20
332.34491625121615
 10
70.90892846592871
 20
332.13584388311443
 10
70.69985609782697
 20
331.6310985365257
 10
70.90892846592871
 20
331.12635318993705
 10
71.41367381251739
 20
330.9172808218353
 10
71.91841915910608
 20
331.12635318993705
 10
72.12749152720782
 20
331.6310985365257
  0
LWPOLYLINE
  5
3E4
330
17
100
AcDbEntity
  8
OBJECT
370
18
100
AcDbPolyline
 90
9
 70
0
 10
70.50577571573888
 20
324.52589732191916
 10
70.29670334763713
 20
325.0306426685078
 10
69.79195800104846
 20
325.2397150366096
 10
69.28721265445978
 20
325.0306426685078
 10
69.07814028635804
 20
324.52589732191916
 10
69.28721265445978
 20
324.0211519753305
 10
69.79195800104846
 20
323.8120796072287
 10
70.29670334763713
 20
324.0211519753305
 10
70.50577571573888
 20
324.52589732191916
  0
LWPOLYLINE
  5
3E5
330
17
100
AcDbEntity
  8
OBJECT
370
18
100
AcDbPolyline
 90
9
 70
0
 10
72.12749152720782
 20
317.4206961073129
 10
71.91841915910608
 20
317.9254414539016
 10
71.41367381251739
 20
318.1345138220033
 10
70.90892846592871
 20
317.9254414539016
 10
70.69985609782697
 20
317.4206961073129
 10
70.90892846592871
 20
316.91595076072423
 10
71.41367381251739
 20
316.7068783926225
 10
71.91841915910608
 20
316.91595076072423
 10
72.12749152720782
 20
317.4206961073129
  0
LWPOLYLINE
  5
3E6
330
17
100
AcDbEntity
  8
OBJECT
370
18
100
AcDbPolyline
 90
6
 70
0
 10
75.33454260923298
 20
312.0710624389311
 10
75.27692630702992
 20
311.9376882557984
 10
75.24750882339563
 20
311.79541063049317
 10
75.24750882339563
 20
311.65012363518434
 10
75.27692630702992
 20
311.50784600987913
 10
75.33454260923298
 20
311.3744718267464
  0
LWPOLYLINE
  5
3E7
330
17
100
AcDbEntity
  8
OBJECT
370
18
100
AcDbPolyline
 90
6
 70
0
 10
97.00100971395432
 20
311.3744718267389
 10
97.00648826129753
 20
311.38445886827753
 10
97.01180674401182
 20
311.3945320614805
 10
97.01696380772256
 20
311.4046888411655
 10
97.02195813916113
 20
311.41492662086466
 10
97.0267884664994
 20
311.425242793483
  0
LWPOLYLINE
  5
3E8
330
17
100
AcDbEntity
  8
OBJECT
370
18
100
AcDbPolyline
 90
2
 70
0
 10
97.50488104197109
 20
315.7081490816256
 10
74.83067128121621
 20
315.7081490816256
  0
LWPOLYLINE
  5
3E9
330
17
100
AcDbEntity
  8
OBJECT
370
18
100
AcDbPolyline
 90
2
 70
0
 10
97.50488104197109
 20
333.3436455622127
 10
97.50488104197109
 20
332.8565699451298
  0
LWPOLYLINE
  5
3EA
330
17
100
AcDbEntity
  8
OBJECT
370
18
100
AcDbPolyline
 90
2
 70
0
 10
95.6909442611107
 20
315.3722348629477
 10
76.6446080620766
 20
315.3722348629477
  0
LWPOLYLINE
  5
3EB
330
17
100
AcDbEntity
  8
OBJECT
370
18
100
AcDbPolyline
 90
2
 70
0
 10
81.86997685106647
 20
315.12029919893934
 10
78.79865798934831
 20
315.12029919893934
  0
LWPOLYLINE
  5
3EC
330
17
100
AcDbEntity
  8
OBJECT
370
18
100
AcDbPolyline
 90
2
 70
0
 10
99.31881782283148
 20
333.3436455622127
 10
73.01673450035582
 20
333.3436455622127
  0
LWPOLYLINE
  5
3ED
330
17
100
AcDbEntity
  8
OBJECT
370
18
100
AcDbPolyline
 90
2
 70
0
 10
99.31881782283148
 20
334.18343110890737
 10
99.31881782283148
 20
333.3436455622127
  0
LWPOLYLINE
  5
3EE
330
17
100
AcDbEntity
  8
OBJECT
370
18
100
AcDbPolyline
 90
2
 70
0
 10
99.31881782283148
 20
334.5193453275852
 10
73.01673450035582
 20
334.5193453275852
  0
LWPOLYLINE
  5
3EF
330
17
100
AcDbEntity
  8
OBJECT
370
18
100
AcDbPolyline
 90
2
 70
0
 10
79.23954540136299
 20
301.99025217636887
 10
79.23954540136299
 20
314.18393831437487
  0
LWPOLYLINE
  5
3F0
330
17
100
AcDbEntity
  8
OBJECT
370
18
100
AcDbPolyline
 90
2
 70
0
 10
93.09600692182431
 20
301.99025217636887
 10
93.09600692182431
 20
311.425242793483
  0
LWPOLYLINE
  5
3F1
330
17
100
AcDbEntity
  8
OBJECT
370
18
100
AcDbPolyline
 90
2
 70
0
 10
79.23954540136299
 20
301.99025217636887
 10
82.98079001188755
 20
301.99025217636887
  0
LWPOLYLINE
  5
3F2
330
17
100
AcDbEntity
  8
OBJECT
370
18
100
AcDbPolyline
 90
2
 70
0
 10
89.35476231129975
 20
301.99025217636887
 10
93.09600692182431
 20
301.99025217636887
  0
LWPOLYLINE
  5
3F3
330
17
100
AcDbEntity
  8
OBJECT
370
18
100
AcDbPolyline
 90
2
 70
0
 10
79.23954540136299
 20
314.18393831437487
 10
81.3819679375433
 20
314.18393831437487
  0
LWPOLYLINE
  5
3F4
330
17
100
AcDbEntity
  8
OBJECT
370
18
100
AcDbPolyline
 90
2
 70
0
 10
82.98079001188755
 20
299.7732183330951
 10
82.98079001188755
 20
303.9301567892335
  0
LWPOLYLINE
  5
3F5
330
17
100
AcDbEntity
  8
OBJECT
370
18
100
AcDbPolyline
 90
2
 70
0
 10
89.35476231129975
 20
299.7732183330951
 10
89.35476231129975
 20
303.9301567892335
  0
LWPOLYLINE
  5
3F6
330
17
100
AcDbEntity
  8
OBJECT
370
18
100
AcDbPolyline
 90
2
 70
0
 10
82.98079001188755
 20
299.7732183330951
 10
89.35476231129975
 20
299.7732183330951
  0
LWPOLYLINE
  5
3F7
330
17
100
AcDbEntity
  8
OBJECT
370
18
100
AcDbPolyline
 90
2
 70
0
 10
82.98079001188755
 20
303.9301567892335
 10
89.35476231129975
 20
303.9301567892335
  0
LWPOLYLINE
  5
3F8
330
17
100
AcDbEntity
  8
OBJECT
370
18
100
AcDbPolyline
 90
2
 70
0
 10
91.66207310084323
 20
335.3591308742798
 10
91.66207310084323
 20
334.5193453275852
  0
LWPOLYLINE
  5
3F9
330
17
100
AcDbEntity
  8
OBJECT
370
18
100
AcDbPolyline
 90
2
 70
0
 10
91.89721305391774
 20
335.3591308742798
 10
90.75510471041304
 20
335.3591308742798
  0
LWPOLYLINE
  5
3FA
330
17
100
AcDbEntity
  8
OBJECT
370
18
100
AcDbPolyline
 90
2
 70
0
 10
91.89721305391774
 20
335.795819358561
 10
91.89721305391774
 20
335.3591308742798
  0
LWPOLYLINE
  5
3FB
330
17
100
AcDbEntity
  8
OBJECT
370
18
100
AcDbPolyline
 90
2
 70
0
 10
91.89721305391774
 20
335.795819358561
 10
90.75510471041304
 20
335.795819358561
  0
LWPOLYLINE
  5
3FC
330
17
100
AcDbEntity
  8
OBJECT
370
18
100
AcDbPolyline
 90
2
 70
0
 10
86.50369038027151
 20
335.3591308742798
 10
86.50369038027151
 20
334.5193453275852
  0
LWPOLYLINE
  5
3FD
330
17
100
AcDbEntity
  8
OBJECT
370
18
100
AcDbPolyline
 90
2
 70
0
 10
86.73883033334599
 20
335.3591308742798
 10
85.5967219898413
 20
335.3591308742798
  0
LWPOLYLINE
  5
3FE
330
17
100
AcDbEntity
  8
OBJECT
370
18
100
AcDbPolyline
 90
2
 70
0
 10
86.73883033334599
 20
335.795819358561
 10
86.73883033334599
 20
335.3591308742798
  0
LWPOLYLINE
  5
3FF
330
17
100
AcDbEntity
  8
OBJECT
370
18
100
AcDbPolyline
 90
2
 70
0
 10
86.73883033334599
 20
335.795819358561
 10
85.5967219898413
 20
335.795819358561
  0
LWPOLYLINE
  5
400
330
17
100
AcDbEntity
  8
OBJECT
370
18
100
AcDbPolyline
 90
2
 70
0
 10
81.34530765969976
 20
335.3591308742798
 10
81.34530765969976
 20
334.5193453275852
  0
LWPOLYLINE
  5
401
330
17
100
AcDbEntity
  8
OBJECT
370
18
100
AcDbPolyline
 90
2
 70
0
 10
81.58044761277426
 20
335.3591308742798
 10
80.43833926926956
 20
335.3591308742798
  0
LWPOLYLINE
  5
402
330
17
100
AcDbEntity
  8
OBJECT
370
18
100
AcDbPolyline
 90
2
 70
0
 10
81.58044761277426
 20
335.795819358561
 10
81.58044761277426
 20
335.3591308742798
  0
LWPOLYLINE
  5
403
330
17
100
AcDbEntity
  8
OBJECT
370
18
100
AcDbPolyline
 90
2
 70
0
 10
81.58044761277426
 20
335.795819358561
 10
80.43833926926956
 20
335.795819358561
  0
LWPOLYLINE
  5
404
330
17
100
AcDbEntity
  8
OBJECT
370
18
100
AcDbPolyline
 90
2
 70
0
 10
77.56910942335742
 20
335.3591308742798
 10
77.56910942335742
 20
334.5193453275852
  0
LWPOLYLINE
  5
405
330
17
100
AcDbEntity
  8
OBJECT
370
18
100
AcDbPolyline
 90
2
 70
0
 10
77.80424937643191
 20
335.3591308742798
 10
76.66214103292722
 20
335.3591308742798
  0
LWPOLYLINE
  5
406
330
17
100
AcDbEntity
  8
OBJECT
370
18
100
AcDbPolyline
 90
2
 70
0
 10
77.80424937643191
 20
335.795819358561
 10
77.80424937643191
 20
335.3591308742798
  0
LWPOLYLINE
  5
407
330
17
100
AcDbEntity
  8
OBJECT
370
18
100
AcDbPolyline
 90
2
 70
0
 10
77.80424937643191
 20
335.795819358561
 10
76.66214103292722
 20
335.795819358561
  0
LWPOLYLINE
  5
408
330
17
100
AcDbEntity
  8
OBJECT
370
18
100
AcDbPolyline
 90
2
 70
0
 10
75.33454260923298
 20
335.3591308742798
 10
75.27995654869784
 20
335.3591308742798
  0
LWPOLYLINE
  5
409
330
17
100
AcDbEntity
  8
OBJECT
370
18
100
AcDbPolyline
 90
2
 70
0
 10
75.33454260923298
 20
335.795819358561
 10
75.27995654869784
 20
335.795819358561
  0
LWPOLYLINE
  5
40A
330
17
100
AcDbEntity
  8
OBJECT
370
18
100
AcDbPolyline
 90
2
 70
0
 10
116.44541470237381
 20
317.0769995227378
 10
120.58539871749907
 20
317.0769995227378
  0
LWPOLYLINE
  5
40B
330
17
100
AcDbEntity
  8
OBJECT
370
18
100
AcDbPolyline
 90
2
 70
0
 10
116.44541470237381
 20
318.2526992881103
 10
120.58539871749907
 20
318.2526992881103
  0
LWPOLYLINE
  5
40C
330
17
100
AcDbEntity
  8
OBJECT
370
18
100
AcDbPolyline
 90
2
 70
0
 10
82.02809411497
 20
330.799095355728
 10
91.92808558325885
 20
330.799095355728
  0
LWPOLYLINE
  5
40D
330
17
100
AcDbEntity
  8
OBJECT
370
18
100
AcDbPolyline
 90
2
 70
0
 10
116.44541470237381
 20
330.799095355728
 10
120.58539871749907
 20
330.799095355728
  0
LWPOLYLINE
  5
40E
330
17
100
AcDbEntity
  8
OBJECT
370
18
100
AcDbPolyline
 90
2
 70
0
 10
82.02809411497
 20
331.9747951211005
 10
91.92808558325885
 20
331.9747951211005
  0
LWPOLYLINE
  5
40F
330
17
100
AcDbEntity
  8
OBJECT
370
18
100
AcDbPolyline
 90
2
 70
0
 10
116.44541470237381
 20
331.9747951211005
 10
120.58539871749907
 20
331.9747951211005
  0
LWPOLYLINE
  5
410
330
17
100
AcDbEntity
  8
OBJECT
370
18
100
AcDbPolyline
 90
2
 70
0
 10
85.8917973584854
 20
319.5795604518878
 10
87.63601376228752
 20
319.5795604518878
  0
LWPOLYLINE
  5
411
330
17
100
AcDbEntity
  8
OBJECT
370
18
100
AcDbPolyline
 90
2
 70
0
 10
85.8917973584854
 20
329.4722341919505
 10
87.63601376228752
 20
329.4722341919505
  0
LWPOLYLINE
  5
412
330
17
100
AcDbEntity
  8
OBJECT
370
18
100
AcDbPolyline
 90
2
 70
0
 10
99.059257294297
 20
332.8565699451298
 10
90.24150905400344
 20
332.8565699451298
  0
LWPOLYLINE
  5
413
330
17
100
AcDbEntity
  8
OBJECT
370
18
100
AcDbPolyline
 90
2
 70
0
 10
109.08415649095431
 20
332.8565699451298
 10
100.26640825066075
 20
332.8565699451298
  0
LWPOLYLINE
  5
414
330
17
100
AcDbEntity
  8
OBJECT
370
18
100
AcDbPolyline
 90
2
 70
0
 10
113.81458694146725
 20
332.8565699451298
 10
110.2913074473189
 20
332.8565699451298
  0
LWPOLYLINE
  5
415
330
17
100
AcDbEntity
  8
OBJECT
370
18
100
AcDbPolyline
 90
2
 70
0
 10
120.58539871749907
 20
317.98396791316804
 10
122.83417617803782
 20
317.98396791316804
  0
LWPOLYLINE
  5
416
330
17
100
AcDbEntity
  8
OBJECT
370
18
100
AcDbPolyline
 90
2
 70
0
 10
120.58539871749907
 20
331.0678267306703
 10
122.83417617803782
 20
331.0678267306703
  0
LWPOLYLINE
  5
417
330
17
100
AcDbEntity
  8
OBJECT
370
18
100
AcDbPolyline
 90
2
 70
0
 10
134.1306788871036
 20
316.96782740166753
 10
116.44541470237381
 20
316.96782740166753
  0
LWPOLYLINE
  5
418
330
17
100
AcDbEntity
  8
OBJECT
370
18
100
AcDbPolyline
 90
2
 70
0
 10
134.1306788871036
 20
332.0839672421708
 10
134.1306788871036
 20
330.8914717658644
  0
LWPOLYLINE
  5
419
330
17
100
AcDbEntity
  8
OBJECT
370
18
100
AcDbPolyline
 90
2
 70
0
 10
134.1306788871036
 20
318.1603228779739
 10
134.1306788871036
 20
316.96782740166753
  0
LWPOLYLINE
  5
41A
330
17
100
AcDbEntity
  8
OBJECT
370
18
100
AcDbPolyline
 90
2
 70
0
 10
132.62578318742686
 20
316.6319131829897
 10
120.59257089670527
 20
316.6319131829897
  0
LWPOLYLINE
  5
41B
330
17
100
AcDbEntity
  8
OBJECT
370
18
100
AcDbPolyline
 90
2
 70
0
 10
132.62578318742686
 20
316.96782740166753
 10
132.62578318742686
 20
316.6319131829897
  0
LWPOLYLINE
  5
41C
330
17
100
AcDbEntity
  8
OBJECT
370
18
100
AcDbPolyline
 90
2
 70
0
 10
123.80131666275973
 20
316.3799775189813
 10
122.13930625798177
 20
316.3799775189813
  0
LWPOLYLINE
  5
41D
330
17
100
AcDbEntity
  8
OBJECT
370
18
100
AcDbPolyline
 90
2
 70
0
 10
130.8387195440607
 20
316.6319131829897
 10
130.8387195440607
 20
316.5567744761806
  0
LWPOLYLINE
  5
41E
330
17
100
AcDbEntity
  8
OBJECT
370
18
100
AcDbPolyline
 90
2
 70
0
 10
123.80131666275973
 20
316.12804185497293
 10
122.13930625798177
 20
316.12804185497293
  0
LWPOLYLINE
  5
41F
330
17
100
AcDbEntity
  8
OBJECT
370
18
100
AcDbPolyline
 90
2
 70
0
 10
135.6355745867804
 20
332.0839672421708
 10
114.5294647985902
 20
332.0839672421708
  0
LWPOLYLINE
  5
420
330
17
100
AcDbEntity
  8
OBJECT
370
18
100
AcDbPolyline
 90
2
 70
0
 10
135.6355745867804
 20
333.25966700754327
 10
135.6355745867804
 20
332.0839672421708
  0
LWPOLYLINE
  5
421
330
17
100
AcDbEntity
  8
OBJECT
370
18
100
AcDbPolyline
 90
2
 70
0
 10
135.6355745867804
 20
333.25966700754327
 10
113.81458694146725
 20
333.25966700754327
  0
LWPOLYLINE
  5
422
330
17
100
AcDbEntity
  8
OBJECT
370
18
100
AcDbPolyline
 90
2
 70
0
 10
118.63663555058778
 20
304.9127058788662
 10
118.63663555058778
 20
311.425242793483
  0
LWPOLYLINE
  5
423
330
17
100
AcDbEntity
  8
OBJECT
370
18
100
AcDbPolyline
 90
2
 70
0
 10
130.81352597765985
 20
304.9127058788662
 10
130.81352597765985
 20
313.53354650807995
  0
LWPOLYLINE
  5
424
330
17
100
AcDbEntity
  8
OBJECT
370
18
100
AcDbPolyline
 90
2
 70
0
 10
118.63663555058778
 20
304.9127058788662
 10
121.92439596589725
 20
304.9127058788662
  0
LWPOLYLINE
  5
425
330
17
100
AcDbEntity
  8
OBJECT
370
18
100
AcDbPolyline
 90
2
 70
0
 10
127.5257655623504
 20
304.9127058788662
 10
130.81352597765985
 20
304.9127058788662
  0
LWPOLYLINE
  5
426
330
17
100
AcDbEntity
  8
OBJECT
370
18
100
AcDbPolyline
 90
2
 70
0
 10
122.13930625798177
 20
315.6283694546896
 10
123.80131666275973
 20
315.6283694546896
  0
LWPOLYLINE
  5
427
330
17
100
AcDbEntity
  8
OBJECT
370
18
100
AcDbPolyline
 90
2
 70
0
 10
121.92439596589725
 20
302.96440341053466
 10
121.92439596589725
 20
306.6174705386563
  0
LWPOLYLINE
  5
428
330
17
100
AcDbEntity
  8
OBJECT
370
18
100
AcDbPolyline
 90
2
 70
0
 10
127.5257655623504
 20
302.96440341053466
 10
127.5257655623504
 20
306.6174705386563
  0
LWPOLYLINE
  5
429
330
17
100
AcDbEntity
  8
OBJECT
370
18
100
AcDbPolyline
 90
2
 70
0
 10
121.92439596589725
 20
302.96440341053466
 10
127.52576556235039
 20
302.96440341053466
  0
LWPOLYLINE
  5
42A
330
17
100
AcDbEntity
  8
OBJECT
370
18
100
AcDbPolyline
 90
2
 70
0
 10
121.92439596589725
 20
306.6174705386563
 10
127.52576556235039
 20
306.6174705386563
  0
LWPOLYLINE
  5
42B
330
17
100
AcDbEntity
  8
OBJECT
370
18
100
AcDbPolyline
 90
2
 70
0
 10
133.6200892747133
 20
334.09945255423787
 10
133.6200892747133
 20
333.25966700754327
  0
LWPOLYLINE
  5
42C
330
17
100
AcDbEntity
  8
OBJECT
370
18
100
AcDbPolyline
 90
2
 70
0
 10
133.8552292277878
 20
334.09945255423787
 10
132.71312088428311
 20
334.09945255423787
  0
LWPOLYLINE
  5
42D
330
17
100
AcDbEntity
  8
OBJECT
370
18
100
AcDbPolyline
 90
2
 70
0
 10
133.8552292277878
 20
334.5361410385191
 10
133.8552292277878
 20
334.09945255423787
  0
LWPOLYLINE
  5
42E
330
17
100
AcDbEntity
  8
OBJECT
370
18
100
AcDbPolyline
 90
2
 70
0
 10
133.8552292277878
 20
334.5361410385191
 10
132.71312088428311
 20
334.5361410385191
  0
LWPOLYLINE
  5
42F
330
17
100
AcDbEntity
  8
OBJECT
370
18
100
AcDbPolyline
 90
2
 70
0
 10
132.4733880729835
 20
334.09945255423787
 10
132.4733880729835
 20
333.25966700754327
  0
LWPOLYLINE
  5
430
330
17
100
AcDbEntity
  8
OBJECT
370
18
100
AcDbPolyline
 90
2
 70
0
 10
132.70852802605802
 20
334.09945255423787
 10
131.56641968255332
 20
334.09945255423787
  0
LWPOLYLINE
  5
431
330
17
100
AcDbEntity
  8
OBJECT
370
18
100
AcDbPolyline
 90
2
 70
0
 10
132.70852802605802
 20
334.5361410385191
 10
132.70852802605802
 20
334.09945255423787
  0
LWPOLYLINE
  5
432
330
17
100
AcDbEntity
  8
OBJECT
370
18
100
AcDbPolyline
 90
2
 70
0
 10
132.70852802605802
 20
334.5361410385191
 10
131.56641968255332
 20
334.5361410385191
  0
LWPOLYLINE
  5
433
330
17
100
AcDbEntity
  8
OBJECT
370
18
100
AcDbPolyline
 90
2
 70
0
 10
129.34054212875748
 20
334.09945255423787
 10
129.34054212875748
 20
333.25966700754327
  0
LWPOLYLINE
  5
434
330
17
100
AcDbEntity
  8
OBJECT
370
18
100
AcDbPolyline
 90
2
 70
0
 10
129.57568208183199
 20
334.09945255423787
 10
128.43357373832728
 20
334.09945255423787
  0
LWPOLYLINE
  5
435
330
17
100
AcDbEntity
  8
OBJECT
370
18
100
AcDbPolyline
 90
2
 70
0
 10
129.57568208183199
 20
334.5361410385191
 10
129.57568208183199
 20
334.09945255423787
  0
LWPOLYLINE
  5
436
330
17
100
AcDbEntity
  8
OBJECT
370
18
100
AcDbPolyline
 90
2
 70
0
 10
129.57568208183199
 20
334.5361410385191
 10
128.43357373832728
 20
334.5361410385191
  0
LWPOLYLINE
  5
437
330
17
100
AcDbEntity
  8
OBJECT
370
18
100
AcDbPolyline
 90
2
 70
0
 10
125.06099498280167
 20
334.09945255423787
 10
125.06099498280167
 20
333.25966700754327
  0
LWPOLYLINE
  5
438
330
17
100
AcDbEntity
  8
OBJECT
370
18
100
AcDbPolyline
 90
2
 70
0
 10
125.29613493587617
 20
334.09945255423787
 10
124.15402659237148
 20
334.09945255423787
  0
LWPOLYLINE
  5
439
330
17
100
AcDbEntity
  8
OBJECT
370
18
100
AcDbPolyline
 90
2
 70
0
 10
125.29613493587617
 20
334.5361410385191
 10
125.29613493587617
 20
334.09945255423787
  0
LWPOLYLINE
  5
43A
330
17
100
AcDbEntity
  8
OBJECT
370
18
100
AcDbPolyline
 90
2
 70
0
 10
125.29613493587617
 20
334.5361410385191
 10
124.15402659237148
 20
334.5361410385191
  0
LWPOLYLINE
  5
43B
330
17
100
AcDbEntity
  8
OBJECT
370
18
100
AcDbPolyline
 90
2
 70
0
 10
120.78144783684586
 20
334.09945255423787
 10
120.78144783684586
 20
333.25966700754327
  0
LWPOLYLINE
  5
43C
330
17
100
AcDbEntity
  8
OBJECT
370
18
100
AcDbPolyline
 90
2
 70
0
 10
121.01658778992037
 20
334.09945255423787
 10
119.87447944641566
 20
334.09945255423787
  0
LWPOLYLINE
  5
43D
330
17
100
AcDbEntity
  8
OBJECT
370
18
100
AcDbPolyline
 90
2
 70
0
 10
121.01658778992037
 20
334.5361410385191
 10
121.01658778992037
 20
334.09945255423787
  0
LWPOLYLINE
  5
43E
330
17
100
AcDbEntity
  8
OBJECT
370
18
100
AcDbPolyline
 90
2
 70
0
 10
121.01658778992037
 20
334.5361410385191
 10
119.87447944641566
 20
334.5361410385191
  0
LWPOLYLINE
  5
43F
330
17
100
AcDbEntity
  8
OBJECT
370
18
100
AcDbPolyline
 90
2
 70
0
 10
117.64860189261982
 20
334.09945255423787
 10
117.64860189261982
 20
333.25966700754327
  0
LWPOLYLINE
  5
440
330
17
100
AcDbEntity
  8
OBJECT
370
18
100
AcDbPolyline
 90
2
 70
0
 10
117.88374184569432
 20
334.09945255423787
 10
116.74163350218963
 20
334.09945255423787
  0
LWPOLYLINE
  5
441
330
17
100
AcDbEntity
  8
OBJECT
370
18
100
AcDbPolyline
 90
2
 70
0
 10
117.88374184569432
 20
334.5361410385191
 10
117.88374184569432
 20
334.09945255423787
  0
LWPOLYLINE
  5
442
330
17
100
AcDbEntity
  8
OBJECT
370
18
100
AcDbPolyline
 90
2
 70
0
 10
117.88374184569432
 20
334.5361410385191
 10
116.74163350218963
 20
334.5361410385191
  0
LWPOLYLINE
  5
443
330
17
100
AcDbEntity
  8
OBJECT
370
18
100
AcDbPolyline
 90
2
 70
0
 10
116.50190069089005
 20
334.09945255423787
 10
116.50190069089005
 20
333.25966700754327
  0
LWPOLYLINE
  5
444
330
17
100
AcDbEntity
  8
OBJECT
370
18
100
AcDbPolyline
 90
2
 70
0
 10
116.73704064396455
 20
334.09945255423787
 10
115.59493230045986
 20
334.09945255423787
  0
LWPOLYLINE
  5
445
330
17
100
AcDbEntity
  8
OBJECT
370
18
100
AcDbPolyline
 90
2
 70
0
 10
116.73704064396455
 20
334.5361410385191
 10
116.73704064396455
 20
334.09945255423787
  0
LWPOLYLINE
  5
446
330
17
100
AcDbEntity
  8
OBJECT
370
18
100
AcDbPolyline
 90
2
 70
0
 10
116.73704064396455
 20
334.5361410385191
 10
115.59493230045986
 20
334.5361410385191
  0
LWPOLYLINE
  5
447
330
17
100
AcDbEntity
  8
OBJECT
370
18
100
AcDbPolyline
 90
2
 70
0
 10
162.80356261512628
 20
318.1603228779739
 10
162.80356261512628
 20
319.3360226433464
  0
LWPOLYLINE
  5
448
330
17
100
AcDbEntity
  8
OBJECT
370
18
100
AcDbPolyline
 90
2
 70
0
 10
128.61899298053248
 20
318.1603228779739
 10
162.80356261512628
 20
318.1603228779739
  0
LWPOLYLINE
  5
449
330
17
100
AcDbEntity
  8
OBJECT
370
18
100
AcDbPolyline
 90
2
 70
0
 10
128.61899298053248
 20
319.3360226433464
 10
162.80356261512628
 20
319.3360226433464
  0
LWPOLYLINE
  5
44A
330
17
100
AcDbEntity
  8
OBJECT
370
18
100
AcDbPolyline
 90
2
 70
0
 10
162.80356261512628
 20
329.71577200049194
 10
162.80356261512628
 20
330.8914717658644
  0
LWPOLYLINE
  5
44B
330
17
100
AcDbEntity
  8
OBJECT
370
18
100
AcDbPolyline
 90
2
 70
0
 10
128.61899298053248
 20
329.71577200049194
 10
162.80356261512628
 20
329.71577200049194
  0
LWPOLYLINE
  5
44C
330
17
100
AcDbEntity
  8
OBJECT
370
18
100
AcDbPolyline
 90
2
 70
0
 10
128.61899298053248
 20
330.8914717658644
 10
162.80356261512628
 20
330.8914717658644
  0
LWPOLYLINE
  5
44D
330
17
100
AcDbEntity
  8
OBJECT
370
18
100
AcDbPolyline
 90
2
 70
0
 10
135.9197478505238
 20
317.40451588594874
 10
134.1306788871036
 20
317.40451588594874
  0
LWPOLYLINE
  5
44E
330
17
100
AcDbEntity
  8
OBJECT
370
18
100
AcDbPolyline
 90
2
 70
0
 10
135.9197478505238
 20
318.1603228779739
 10
135.9197478505238
 20
317.40451588594874
  0
LWPOLYLINE
  5
44F
330
17
100
AcDbEntity
  8
OBJECT
370
18
100
AcDbPolyline
 90
2
 70
0
 10
135.9197478505238
 20
331.6472787578896
 10
135.9197478505238
 20
330.8914717658644
  0
LWPOLYLINE
  5
450
330
17
100
AcDbEntity
  8
OBJECT
370
18
100
AcDbPolyline
 90
2
 70
0
 10
135.9197478505238
 20
331.6472787578896
 10
134.1306788871036
 20
331.6472787578896
  0
LWPOLYLINE
  5
451
330
17
100
AcDbEntity
  8
OBJECT
370
18
100
AcDbPolyline
 90
2
 70
0
 10
144.80773595551832
 20
317.40451588594874
 10
137.45961242194034
 20
317.40451588594874
  0
LWPOLYLINE
  5
452
330
17
100
AcDbEntity
  8
OBJECT
370
18
100
AcDbPolyline
 90
2
 70
0
 10
144.80773595551832
 20
318.1603228779739
 10
144.80773595551832
 20
317.40451588594874
  0
LWPOLYLINE
  5
453
330
17
100
AcDbEntity
  8
OBJECT
370
18
100
AcDbPolyline
 90
2
 70
0
 10
144.80773595551832
 20
331.6472787578896
 10
144.80773595551832
 20
330.8914717658644
  0
LWPOLYLINE
  5
454
330
17
100
AcDbEntity
  8
OBJECT
370
18
100
AcDbPolyline
 90
2
 70
0
 10
144.80773595551832
 20
331.6472787578896
 10
137.45961242194034
 20
331.6472787578896
  0
LWPOLYLINE
  5
455
330
17
100
AcDbEntity
  8
OBJECT
370
18
100
AcDbPolyline
 90
2
 70
0
 10
153.69572406051282
 20
317.40451588594874
 10
146.34760052693485
 20
317.40451588594874
  0
LWPOLYLINE
  5
456
330
17
100
AcDbEntity
  8
OBJECT
370
18
100
AcDbPolyline
 90
2
 70
0
 10
153.69572406051282
 20
318.1603228779739
 10
153.69572406051282
 20
317.40451588594874
  0
LWPOLYLINE
  5
457
330
17
100
AcDbEntity
  8
OBJECT
370
18
100
AcDbPolyline
 90
2
 70
0
 10
153.69572406051282
 20
331.6472787578896
 10
153.69572406051282
 20
330.8914717658644
  0
LWPOLYLINE
  5
458
330
17
100
AcDbEntity
  8
OBJECT
370
18
100
AcDbPolyline
 90
2
 70
0
 10
153.69572406051282
 20
331.6472787578896
 10
146.34760052693485
 20
331.6472787578896
  0
LWPOLYLINE
  5
459
330
17
100
AcDbEntity
  8
OBJECT
370
18
100
AcDbPolyline
 90
2
 70
0
 10
126.64381194721307
 20
319.01690413560243
 10
128.61899298053248
 20
319.01690413560243
  0
LWPOLYLINE
  5
45A
330
17
100
AcDbEntity
  8
OBJECT
370
18
100
AcDbPolyline
 90
2
 70
0
 10
126.64381194721307
 20
330.0348905082359
 10
128.61899298053248
 20
330.0348905082359
  0
LWPOLYLINE
  5
45B
330
17
100
AcDbEntity
  8
OBJECT
370
18
100
AcDbPolyline
 90
2
 70
0
 10
97.2529453779627
 20
316.5479346283202
 10
88.51917569233859
 20
316.5479346283202
  0
LWPOLYLINE
  5
45C
330
17
100
AcDbEntity
  8
OBJECT
370
18
100
AcDbPolyline
 90
2
 70
0
 10
97.2529453779627
 20
332.5038600155181
 10
88.51917569233859
 20
332.5038600155181
  0
LWPOLYLINE
  5
45D
330
17
100
AcDbEntity
  8
OBJECT
370
18
100
AcDbPolyline
 90
2
 70
0
 10
91.92808558325885
 20
316.2120204096424
 10
91.92808558325885
 20
316.5479346283202
  0
LWPOLYLINE
  5
45E
330
17
100
AcDbEntity
  8
OBJECT
370
18
100
AcDbPolyline
 90
2
 70
0
 10
116.44541470237381
 20
316.2120204096424
 10
114.5294647985902
 20
316.2120204096424
  0
LWPOLYLINE
  5
45F
330
17
100
AcDbEntity
  8
OBJECT
370
18
100
AcDbPolyline
 90
2
 70
0
 10
116.44541470237381
 20
316.8838488469981
 10
116.44541470237381
 20
319.0672912684041
  0
LWPOLYLINE
  5
460
330
17
100
AcDbEntity
  8
OBJECT
370
18
100
AcDbPolyline
 90
2
 70
0
 10
116.44541470237381
 20
319.0672912684041
 10
114.5294647985902
 20
319.0672912684041
  0
LWPOLYLINE
  5
461
330
17
100
AcDbEntity
  8
OBJECT
370
18
100
AcDbPolyline
 90
2
 70
0
 10
114.5294647985902
 20
316.2120204096424
 10
114.5294647985902
 20
319.0672912684041
  0
LWPOLYLINE
  5
462
330
17
100
AcDbEntity
  8
OBJECT
370
18
100
AcDbPolyline
 90
2
 70
0
 10
91.92808558325885
 20
316.2120204096424
 10
114.5294647985902
 20
316.2120204096424
  0
LWPOLYLINE
  5
463
330
17
100
AcDbEntity
  8
OBJECT
370
18
100
AcDbPolyline
 90
2
 70
0
 10
91.92808558325885
 20
319.0672912684041
 10
114.5294647985902
 20
319.0672912684041
  0
LWPOLYLINE
  5
464
330
17
100
AcDbEntity
  8
OBJECT
370
18
100
AcDbPolyline
 90
2
 70
0
 10
91.92808558325885
 20
332.5038600155181
 10
91.92808558325885
 20
332.83977423419594
  0
LWPOLYLINE
  5
465
330
17
100
AcDbEntity
  8
OBJECT
370
18
100
AcDbPolyline
 90
2
 70
0
 10
116.44541470237381
 20
329.9845033754342
 10
114.5294647985902
 20
329.9845033754342
  0
LWPOLYLINE
  5
466
330
17
100
AcDbEntity
  8
OBJECT
370
18
100
AcDbPolyline
 90
2
 70
0
 10
116.44541470237381
 20
329.9845033754342
 10
116.44541470237381
 20
332.0839672421708
  0
LWPOLYLINE
  5
467
330
17
100
AcDbEntity
  8
OBJECT
370
18
100
AcDbPolyline
 90
2
 70
0
 10
116.44541470237381
 20
332.83977423419594
 10
114.5294647985902
 20
332.83977423419594
  0
LWPOLYLINE
  5
468
330
17
100
AcDbEntity
  8
OBJECT
370
18
100
AcDbPolyline
 90
2
 70
0
 10
114.5294647985902
 20
329.9845033754342
 10
114.5294647985902
 20
332.83977423419594
  0
LWPOLYLINE
  5
469
330
17
100
AcDbEntity
  8
OBJECT
370
18
100
AcDbPolyline
 90
2
 70
0
 10
91.92808558325885
 20
329.9845033754342
 10
114.5294647985902
 20
329.9845033754342
  0
LWPOLYLINE
  5
46A
330
17
100
AcDbEntity
  8
OBJECT
370
18
100
AcDbPolyline
 90
2
 70
0
 10
91.92808558325885
 20
332.83977423419594
 10
114.5294647985902
 20
332.83977423419594
  0
LWPOLYLINE
  5
46B
330
17
100
AcDbEntity
  8
OBJECT
370
18
100
AcDbPolyline
 90
2
 70
0
 10
81.86997685106647
 20
312.85287822286386
 10
81.86997685106647
 20
315.3722348629477
  0
LWPOLYLINE
  5
46C
330
17
100
AcDbEntity
  8
OBJECT
370
18
100
AcDbPolyline
 90
2
 70
0
 10
112.02942598665864
 20
312.85287822286386
 10
112.02942598665864
 20
316.2120204096424
  0
LWPOLYLINE
  5
46D
330
17
100
AcDbEntity
  8
OBJECT
370
18
100
AcDbPolyline
 90
2
 70
0
 10
81.86997685106647
 20
312.85287822286386
 10
110.36183973932039
 20
312.85287822286386
  0
LWPOLYLINE
  5
46E
330
17
100
AcDbEntity
  8
OBJECT
370
18
100
AcDbPolyline
 90
2
 70
0
 10
81.86997685106647
 20
318.5634199403873
 10
91.92808558325885
 20
318.5634199403873
  0
LWPOLYLINE
  5
46F
330
17
100
AcDbEntity
  8
OBJECT
370
18
100
AcDbPolyline
 90
2
 70
0
 10
122.13930625798177
 20
314.95234208960045
 10
122.13930625798177
 20
316.6319131829897
  0
LWPOLYLINE
  5
470
330
17
100
AcDbEntity
  8
OBJECT
370
18
100
AcDbPolyline
 90
2
 70
0
 10
122.13930625798177
 20
316.8838488469981
 10
120.59257089670527
 20
316.8838488469981
  0
LWPOLYLINE
  5
471
330
17
100
AcDbEntity
  8
OBJECT
370
18
100
AcDbPolyline
 90
2
 70
0
 10
120.59257089670527
 20
314.95234208960045
 10
120.59257089670527
 20
316.8838488469981
  0
LWPOLYLINE
  5
472
330
17
100
AcDbEntity
  8
OBJECT
370
18
100
AcDbPolyline
 90
2
 70
0
 10
114.5294647985902
 20
316.8838488469981
 10
120.59257089670527
 20
316.8838488469981
  0
LWPOLYLINE
  5
473
330
17
100
AcDbEntity
  8
OBJECT
370
18
100
AcDbPolyline
 90
2
 70
0
 10
165.20804199892802
 20
332.4198814608486
 10
165.20804199892802
 20
316.6319131829897
  0
LWPOLYLINE
  5
474
330
17
100
AcDbEntity
  8
OBJECT
370
18
100
AcDbPolyline
 90
2
 70
0
 10
152.61125879850866
 20
332.4198814608486
 10
152.61125879850866
 20
331.6472787578896
  0
LWPOLYLINE
  5
475
330
17
100
AcDbEntity
  8
OBJECT
370
18
100
AcDbPolyline
 90
2
 70
0
 10
152.61125879850866
 20
317.40451588594874
 10
152.61125879850866
 20
317.0871653477785
  0
LWPOLYLINE
  5
476
330
17
100
AcDbEntity
  8
OBJECT
370
18
100
AcDbPolyline
 90
2
 70
0
 10
165.837881158949
 20
330.74031036745936
 10
165.837881158949
 20
318.3114842763789
  0
LWPOLYLINE
  5
477
330
17
100
AcDbEntity
  8
OBJECT
370
18
100
AcDbPolyline
 90
2
 70
0
 10
147.65652407301036
 20
319.9070768150987
 10
147.65652407301036
 20
329.1447178287396
  0
LWPOLYLINE
  5
478
330
17
100
AcDbEntity
  8
OBJECT
370
18
100
AcDbPolyline
 90
2
 70
0
 10
157.56599352400696
 20
319.9070768150987
 10
157.56599352400696
 20
329.1447178287396
  0
LWPOLYLINE
  5
479
330
17
100
AcDbEntity
  8
OBJECT
370
18
100
AcDbPolyline
 90
2
 70
0
 10
147.65652407301036
 20
319.9070768150987
 10
157.56599352400696
 20
319.9070768150987
  0
LWPOLYLINE
  5
47A
330
17
100
AcDbEntity
  8
OBJECT
370
18
100
AcDbPolyline
 90
2
 70
0
 10
147.65652407301036
 20
329.1447178287396
 10
157.56599352400696
 20
329.1447178287396
  0
LWPOLYLINE
  5
47B
330
17
100
AcDbEntity
  8
OBJECT
370
18
100
AcDbPolyline
 90
2
 70
0
 10
158.6997040120447
 20
320.1170232017724
 10
158.6997040120447
 20
328.93477144206594
  0
LWPOLYLINE
  5
47C
330
17
100
AcDbEntity
  8
OBJECT
370
18
100
AcDbPolyline
 90
2
 70
0
 10
157.56599352400696
 20
320.1170232017724
 10
158.6997040120447
 20
320.1170232017724
  0
LWPOLYLINE
  5
47D
330
17
100
AcDbEntity
  8
OBJECT
370
18
100
AcDbPolyline
 90
2
 70
0
 10
157.56599352400696
 20
328.93477144206594
 10
158.6997040120447
 20
328.93477144206594
  0
LWPOLYLINE
  5
47E
330
17
100
AcDbEntity
  8
OBJECT
370
18
100
AcDbPolyline
 90
2
 70
0
 10
166.97159164698672
 20
330.5723532581205
 10
166.97159164698672
 20
318.47944138571785
  0
LWPOLYLINE
  5
47F
330
17
100
AcDbEntity
  8
OBJECT
370
18
100
AcDbPolyline
 90
2
 70
0
 10
167.13954875634917
 20
316.96782740166753
 10
167.13954875634917
 20
332.0839672421708
  0
LWPOLYLINE
  5
480
330
17
100
AcDbEntity
  8
OBJECT
370
18
100
AcDbPolyline
 90
2
 70
0
 10
179.73633195676857
 20
316.96782740166753
 10
179.73633195676857
 20
332.0839672421708
  0
LWPOLYLINE
  5
481
330
17
100
AcDbEntity
  8
OBJECT
370
18
100
AcDbPolyline
 90
2
 70
0
 10
167.13954875634917
 20
316.96782740166753
 10
179.73633195676857
 20
316.96782740166753
  0
LWPOLYLINE
  5
482
330
17
100
AcDbEntity
  8
OBJECT
370
18
100
AcDbPolyline
 90
2
 70
0
 10
167.13954875634917
 20
332.0839672421708
 10
179.73633195676857
 20
332.0839672421708
  0
LWPOLYLINE
  5
483
330
17
100
AcDbEntity
  8
OBJECT
370
18
100
AcDbPolyline
 90
2
 70
0
 10
186.20268066631718
 20
317.7236343936927
 10
186.20268066631718
 20
320.57890525245443
  0
LWPOLYLINE
  5
484
330
17
100
AcDbEntity
  8
OBJECT
370
18
100
AcDbPolyline
 90
2
 70
0
 10
179.73633195676857
 20
317.7236343936927
 10
186.20268066631718
 20
317.7236343936927
  0
LWPOLYLINE
  5
485
330
17
100
AcDbEntity
  8
OBJECT
370
18
100
AcDbPolyline
 90
2
 70
0
 10
179.73633195676857
 20
320.57890525245443
 10
186.20268066631718
 20
320.57890525245443
  0
LWPOLYLINE
  5
486
330
17
100
AcDbEntity
  8
OBJECT
370
18
100
AcDbPolyline
 90
2
 70
0
 10
186.20268066631718
 20
328.4728893913839
 10
186.20268066631718
 20
331.32816025014563
  0
LWPOLYLINE
  5
487
330
17
100
AcDbEntity
  8
OBJECT
370
18
100
AcDbPolyline
 90
2
 70
0
 10
179.73633195676857
 20
328.4728893913839
 10
186.20268066631718
 20
328.4728893913839
  0
LWPOLYLINE
  5
488
330
17
100
AcDbEntity
  8
OBJECT
370
18
100
AcDbPolyline
 90
2
 70
0
 10
179.73633195676857
 20
331.32816025014563
 10
186.20268066631718
 20
331.32816025014563
  0
LWPOLYLINE
  5
489
330
17
100
AcDbEntity
  8
OBJECT
370
18
100
AcDbPolyline
 90
2
 70
0
 10
194.18064335991613
 20
318.22750572170946
 10
194.18064335991613
 20
320.07503392443766
  0
LWPOLYLINE
  5
48A
330
17
100
AcDbEntity
  8
OBJECT
370
18
100
AcDbPolyline
 90
2
 70
0
 10
186.20268066631718
 20
318.22750572170946
 10
194.18064335991613
 20
318.22750572170946
  0
LWPOLYLINE
  5
48B
330
17
100
AcDbEntity
  8
OBJECT
370
18
100
AcDbPolyline
 90
2
 70
0
 10
186.20268066631718
 20
320.07503392443766
 10
194.18064335991613
 20
320.07503392443766
  0
LWPOLYLINE
  5
48C
330
17
100
AcDbEntity
  8
OBJECT
370
18
100
AcDbPolyline
 90
2
 70
0
 10
194.18064335991613
 20
328.97676071940066
 10
194.18064335991613
 20
330.82428892212886
  0
LWPOLYLINE
  5
48D
330
17
100
AcDbEntity
  8
OBJECT
370
18
100
AcDbPolyline
 90
2
 70
0
 10
186.20268066631718
 20
328.97676071940066
 10
194.18064335991613
 20
328.97676071940066
  0
LWPOLYLINE
  5
48E
330
17
100
AcDbEntity
  8
OBJECT
370
18
100
AcDbPolyline
 90
2
 70
0
 10
186.20268066631718
 20
330.82428892212886
 10
194.18064335991613
 20
330.82428892212886
  0
LWPOLYLINE
  5
48F
330
17
100
AcDbEntity
  8
OBJECT
370
18
100
AcDbPolyline
 90
2
 70
0
 10
196.7
 20
318.5634199403873
 10
196.7
 20
319.7391197057598
  0
LWPOLYLINE
  5
490
330
17
100
AcDbEntity
  8
OBJECT
370
18
100
AcDbPolyline
 90
2
 70
0
 10
194.18064335991613
 20
318.5634199403873
 10
196.7
 20
318.5634199403873
  0
LWPOLYLINE
  5
491
330
17
100
AcDbEntity
  8
OBJECT
370
18
100
AcDbPolyline
 90
2
 70
0
 10
194.18064335991613
 20
319.7391197057598
 10
196.7
 20
319.7391197057598
  0
LWPOLYLINE
  5
492
330
17
100
AcDbEntity
  8
OBJECT
370
18
100
AcDbPolyline
 90
2
 70
0
 10
196.7
 20
329.31267493807854
 10
196.7
 20
330.488374703451
  0
LWPOLYLINE
  5
493
330
17
100
AcDbEntity
  8
OBJECT
370
18
100
AcDbPolyline
 90
2
 70
0
 10
194.18064335991613
 20
329.31267493807854
 10
196.7
 20
329.31267493807854
  0
LWPOLYLINE
  5
494
330
17
100
AcDbEntity
  8
OBJECT
370
18
100
AcDbPolyline
 90
2
 70
0
 10
194.18064335991613
 20
330.488374703451
 10
196.7
 20
330.488374703451
  0
LWPOLYLINE
  5
495
330
17
100
AcDbEntity
  8
OBJECT
370
18
100
AcDbPolyline
 90
2
 70
0
 10
170.6666480524666
 20
321.586647908488
 10
170.6666480524666
 20
327.46514673535034
  0
LWPOLYLINE
  5
496
330
17
100
AcDbEntity
  8
OBJECT
370
18
100
AcDbPolyline
 90
2
 70
0
 10
178.22471797271822
 20
321.586647908488
 10
178.22471797271822
 20
327.46514673535034
  0
LWPOLYLINE
  5
497
330
17
100
AcDbEntity
  8
OBJECT
370
18
100
AcDbPolyline
 90
2
 70
0
 10
170.6666480524666
 20
321.586647908488
 10
178.22471797271822
 20
321.586647908488
  0
LWPOLYLINE
  5
498
330
17
100
AcDbEntity
  8
OBJECT
370
18
100
AcDbPolyline
 90
2
 70
0
 10
170.6666480524666
 20
327.46514673535034
 10
178.22471797271822
 20
327.46514673535034
  0
LWPOLYLINE
  5
499
330
17
100
AcDbEntity
  8
OBJECT
370
18
100
AcDbPolyline
 90
2
 70
0
 10
77.51798503063901
 20
311.425242793483
 10
77.51798503063901
 20
314.02857798823635
  0
LWPOLYLINE
  5
49A
330
17
100
AcDbEntity
  8
OBJECT
370
18
100
AcDbPolyline
 90
2
 70
0
 10
77.51798503063901
 20
311.425242793483
 10
79.23954540136299
 20
311.425242793483
  0
LWPOLYLINE
  5
49B
330
17
100
AcDbEntity
  8
OBJECT
370
18
100
AcDbPolyline
 90
2
 70
0
 10
79.44997648409115
 20
314.18393831437487
 10
79.44997648409115
 20
314.95234208960045
  0
LWPOLYLINE
  5
49C
330
17
100
AcDbEntity
  8
OBJECT
370
18
100
AcDbPolyline
 90
2
 70
0
 10
79.44997648409115
 20
314.95234208960045
 10
81.3819679375433
 20
314.95234208960045
  0
LWPOLYLINE
  5
49D
330
17
100
AcDbEntity
  8
OBJECT
370
18
100
AcDbPolyline
 90
2
 70
0
 10
81.3819679375433
 20
311.425242793483
 10
81.3819679375433
 20
314.95234208960045
  0
LWPOLYLINE
  5
49E
330
17
100
AcDbEntity
  8
OBJECT
370
18
100
AcDbPolyline
 90
2
 70
0
 10
81.3819679375433
 20
311.425242793483
 10
83.3139593909946
 20
311.425242793483
  0
LWPOLYLINE
  5
49F
330
17
100
AcDbEntity
  8
OBJECT
370
18
100
AcDbPolyline
 90
2
 70
0
 10
81.3819679375433
 20
314.95234208960045
 10
81.86997685106647
 20
314.95234208960045
  0
LWPOLYLINE
  5
4A0
330
17
100
AcDbEntity
  8
OBJECT
370
18
100
AcDbPolyline
 90
2
 70
0
 10
83.3139593909946
 20
311.425242793483
 10
83.3139593909946
 20
312.85287822286386
  0
LWPOLYLINE
  5
4A1
330
17
100
AcDbEntity
  8
OBJECT
370
18
100
AcDbPolyline
 90
2
 70
0
 10
83.3139593909946
 20
311.425242793483
 10
85.24595084444641
 20
311.425242793483
  0
LWPOLYLINE
  5
4A2
330
17
100
AcDbEntity
  8
OBJECT
370
18
100
AcDbPolyline
 90
2
 70
0
 10
85.2459508444464
 20
311.425242793483
 10
85.2459508444464
 20
312.85287822286386
  0
LWPOLYLINE
  5
4A3
330
17
100
AcDbEntity
  8
OBJECT
370
18
100
AcDbPolyline
 90
2
 70
0
 10
85.2459508444464
 20
311.425242793483
 10
87.17794229789828
 20
311.425242793483
  0
LWPOLYLINE
  5
4A4
330
17
100
AcDbEntity
  8
OBJECT
370
18
100
AcDbPolyline
 90
2
 70
0
 10
87.17794229789828
 20
311.425242793483
 10
87.17794229789828
 20
314.95234208960045
  0
LWPOLYLINE
  5
4A5
330
17
100
AcDbEntity
  8
OBJECT
370
18
100
AcDbPolyline
 90
2
 70
0
 10
87.17794229789828
 20
311.425242793483
 10
89.10993375135018
 20
311.425242793483
  0
LWPOLYLINE
  5
4A6
330
17
100
AcDbEntity
  8
OBJECT
370
18
100
AcDbPolyline
 90
2
 70
0
 10
89.10993375135018
 20
311.425242793483
 10
89.10993375135018
 20
314.95234208960045
  0
LWPOLYLINE
  5
4A7
330
17
100
AcDbEntity
  8
OBJECT
370
18
100
AcDbPolyline
 90
2
 70
0
 10
89.10993375135018
 20
311.425242793483
 10
91.04192520480198
 20
311.425242793483
  0
LWPOLYLINE
  5
4A8
330
17
100
AcDbEntity
  8
OBJECT
370
18
100
AcDbPolyline
 90
2
 70
0
 10
91.04192520480198
 20
311.425242793483
 10
91.04192520480198
 20
314.95234208960045
  0
LWPOLYLINE
  5
4A9
330
17
100
AcDbEntity
  8
OBJECT
370
18
100
AcDbPolyline
 90
2
 70
0
 10
91.04192520480198
 20
311.425242793483
 10
92.97391665825388
 20
311.425242793483
  0
LWPOLYLINE
  5
4AA
330
17
100
AcDbEntity
  8
OBJECT
370
18
100
AcDbPolyline
 90
2
 70
0
 10
92.97391665825388
 20
311.425242793483
 10
92.97391665825388
 20
314.95234208960045
  0
LWPOLYLINE
  5
4AB
330
17
100
AcDbEntity
  8
OBJECT
370
18
100
AcDbPolyline
 90
2
 70
0
 10
92.97391665825388
 20
311.425242793483
 10
94.90590811170493
 20
311.425242793483
  0
LWPOLYLINE
  5
4AC
330
17
100
AcDbEntity
  8
OBJECT
370
18
100
AcDbPolyline
 90
2
 70
0
 10
94.90590811170493
 20
311.425242793483
 10
94.90590811170493
 20
314.95234208960045
  0
LWPOLYLINE
  5
4AD
330
17
100
AcDbEntity
  8
OBJECT
370
18
100
AcDbPolyline
 90
2
 70
0
 10
94.90590811170493
 20
311.425242793483
 10
96.83789956515707
 20
311.425242793483
  0
LWPOLYLINE
  5
4AE
330
17
100
AcDbEntity
  8
OBJECT
370
18
100
AcDbPolyline
 90
2
 70
0
 10
96.83789956515707
 20
311.425242793483
 10
96.83789956515707
 20
314.95234208960045
  0
LWPOLYLINE
  5
4AF
330
17
100
AcDbEntity
  8
OBJECT
370
18
100
AcDbPolyline
 90
2
 70
0
 10
96.83789956515707
 20
311.425242793483
 10
98.76989101860921
 20
311.425242793483
  0
LWPOLYLINE
  5
4B0
330
17
100
AcDbEntity
  8
OBJECT
370
18
100
AcDbPolyline
 90
2
 70
0
 10
98.76989101860921
 20
311.425242793483
 10
98.76989101860921
 20
314.95234208960045
  0
LWPOLYLINE
  5
4B1
330
17
100
AcDbEntity
  8
OBJECT
370
18
100
AcDbPolyline
 90
2
 70
0
 10
98.76989101860921
 20
311.425242793483
 10
100.70188247206052
 20
311.425242793483
  0
LWPOLYLINE
  5
4B2
330
17
100
AcDbEntity
  8
OBJECT
370
18
100
AcDbPolyline
 90
2
 70
0
 10
100.70188247206052
 20
311.425242793483
 10
100.70188247206052
 20
314.95234208960045
  0
LWPOLYLINE
  5
4B3
330
17
100
AcDbEntity
  8
OBJECT
370
18
100
AcDbPolyline
 90
2
 70
0
 10
100.70188247206052
 20
311.425242793483
 10
102.63387392551266
 20
311.425242793483
  0
LWPOLYLINE
  5
4B4
330
17
100
AcDbEntity
  8
OBJECT
370
18
100
AcDbPolyline
 90
2
 70
0
 10
102.63387392551266
 20
311.425242793483
 10
102.63387392551266
 20
314.95234208960045
  0
LWPOLYLINE
  5
4B5
330
17
100
AcDbEntity
  8
OBJECT
370
18
100
AcDbPolyline
 90
2
 70
0
 10
102.63387392551266
 20
311.425242793483
 10
104.5658653789648
 20
311.425242793483
  0
LWPOLYLINE
  5
4B6
330
17
100
AcDbEntity
  8
OBJECT
370
18
100
AcDbPolyline
 90
2
 70
0
 10
104.5658653789648
 20
311.425242793483
 10
104.5658653789648
 20
314.95234208960045
  0
LWPOLYLINE
  5
4B7
330
17
100
AcDbEntity
  8
OBJECT
370
18
100
AcDbPolyline
 90
2
 70
0
 10
104.5658653789648
 20
311.425242793483
 10
106.4978568324161
 20
311.425242793483
  0
LWPOLYLINE
  5
4B8
330
17
100
AcDbEntity
  8
OBJECT
370
18
100
AcDbPolyline
 90
2
 70
0
 10
106.4978568324161
 20
311.425242793483
 10
106.4978568324161
 20
314.95234208960045
  0
LWPOLYLINE
  5
4B9
330
17
100
AcDbEntity
  8
OBJECT
370
18
100
AcDbPolyline
 90
2
 70
0
 10
106.4978568324161
 20
311.425242793483
 10
108.42984828586825
 20
311.425242793483
  0
LWPOLYLINE
  5
4BA
330
17
100
AcDbEntity
  8
OBJECT
370
18
100
AcDbPolyline
 90
2
 70
0
 10
108.42984828586825
 20
311.425242793483
 10
108.42984828586825
 20
314.95234208960045
  0
LWPOLYLINE
  5
4BB
330
17
100
AcDbEntity
  8
OBJECT
370
18
100
AcDbPolyline
 90
2
 70
0
 10
108.42984828586825
 20
311.425242793483
 10
110.36183973932039
 20
311.425242793483
  0
LWPOLYLINE
  5
4BC
330
17
100
AcDbEntity
  8
OBJECT
370
18
100
AcDbPolyline
 90
2
 70
0
 10
110.36183973932039
 20
311.425242793483
 10
110.36183973932039
 20
314.95234208960045
  0
LWPOLYLINE
  5
4BD
330
17
100
AcDbEntity
  8
OBJECT
370
18
100
AcDbPolyline
 90
2
 70
0
 10
110.36183973932039
 20
311.425242793483
 10
112.29383119277169
 20
311.425242793483
  0
LWPOLYLINE
  5
4BE
330
17
100
AcDbEntity
  8
OBJECT
370
18
100
AcDbPolyline
 90
2
 70
0
 10
110.36183973932039
 20
314.95234208960045
 10
112.29383119277169
 20
314.95234208960045
  0
LWPOLYLINE
  5
4BF
330
17
100
AcDbEntity
  8
OBJECT
370
18
100
AcDbPolyline
 90
2
 70
0
 10
112.29383119277169
 20
311.425242793483
 10
112.29383119277169
 20
314.95234208960045
  0
LWPOLYLINE
  5
4C0
330
17
100
AcDbEntity
  8
OBJECT
370
18
100
AcDbPolyline
 90
2
 70
0
 10
112.29383119277169
 20
311.425242793483
 10
114.22582264622383
 20
311.425242793483
  0
LWPOLYLINE
  5
4C1
330
17
100
AcDbEntity
  8
OBJECT
370
18
100
AcDbPolyline
 90
2
 70
0
 10
112.29383119277169
 20
314.95234208960045
 10
114.22582264622383
 20
314.95234208960045
  0
LWPOLYLINE
  5
4C2
330
17
100
AcDbEntity
  8
OBJECT
370
18
100
AcDbPolyline
 90
2
 70
0
 10
114.22582264622383
 20
311.425242793483
 10
114.22582264622383
 20
314.95234208960045
  0
LWPOLYLINE
  5
4C3
330
17
100
AcDbEntity
  8
OBJECT
370
18
100
AcDbPolyline
 90
2
 70
0
 10
114.22582264622383
 20
311.425242793483
 10
116.15781409967597
 20
311.425242793483
  0
LWPOLYLINE
  5
4C4
330
17
100
AcDbEntity
  8
OBJECT
370
18
100
AcDbPolyline
 90
2
 70
0
 10
114.22582264622383
 20
314.95234208960045
 10
116.15781409967597
 20
314.95234208960045
  0
LWPOLYLINE
  5
4C5
330
17
100
AcDbEntity
  8
OBJECT
370
18
100
AcDbPolyline
 90
2
 70
0
 10
116.15781409967597
 20
311.425242793483
 10
116.15781409967597
 20
314.95234208960045
  0
LWPOLYLINE
  5
4C6
330
17
100
AcDbEntity
  8
OBJECT
370
18
100
AcDbPolyline
 90
2
 70
0
 10
116.15781409967597
 20
311.425242793483
 10
118.08980555312728
 20
311.425242793483
  0
LWPOLYLINE
  5
4C7
330
17
100
AcDbEntity
  8
OBJECT
370
18
100
AcDbPolyline
 90
2
 70
0
 10
116.15781409967597
 20
314.95234208960045
 10
118.08980555312728
 20
314.95234208960045
  0
LWPOLYLINE
  5
4C8
330
17
100
AcDbEntity
  8
OBJECT
370
18
100
AcDbPolyline
 90
2
 70
0
 10
118.08980555312728
 20
311.425242793483
 10
118.08980555312728
 20
314.95234208960045
  0
LWPOLYLINE
  5
4C9
330
17
100
AcDbEntity
  8
OBJECT
370
18
100
AcDbPolyline
 90
2
 70
0
 10
118.08980555312728
 20
311.425242793483
 10
120.02179700657942
 20
311.425242793483
  0
LWPOLYLINE
  5
4CA
330
17
100
AcDbEntity
  8
OBJECT
370
18
100
AcDbPolyline
 90
2
 70
0
 10
118.08980555312728
 20
314.95234208960045
 10
120.02179700657942
 20
314.95234208960045
  0
LWPOLYLINE
  5
4CB
330
17
100
AcDbEntity
  8
OBJECT
370
18
100
AcDbPolyline
 90
2
 70
0
 10
120.02179700657942
 20
311.425242793483
 10
120.02179700657942
 20
314.95234208960045
  0
LWPOLYLINE
  5
4CC
330
17
100
AcDbEntity
  8
OBJECT
370
18
100
AcDbPolyline
 90
2
 70
0
 10
120.02179700657942
 20
311.425242793483
 10
121.95378846003156
 20
311.425242793483
  0
LWPOLYLINE
  5
4CD
330
17
100
AcDbEntity
  8
OBJECT
370
18
100
AcDbPolyline
 90
2
 70
0
 10
120.02179700657942
 20
314.95234208960045
 10
121.95378846003156
 20
314.95234208960045
  0
LWPOLYLINE
  5
4CE
330
17
100
AcDbEntity
  8
OBJECT
370
18
100
AcDbPolyline
 90
2
 70
0
 10
121.95378846003156
 20
311.425242793483
 10
121.95378846003156
 20
314.95234208960045
  0
LWPOLYLINE
  5
4CF
330
17
100
AcDbEntity
  8
OBJECT
370
18
100
AcDbPolyline
 90
2
 70
0
 10
124.13723088143759
 20
311.425242793483
 10
124.13723088143759
 20
314.95234208960045
  0
LWPOLYLINE
  5
4D0
330
17
100
AcDbEntity
  8
OBJECT
370
18
100
AcDbPolyline
 90
2
 70
0
 10
121.95378846003156
 20
311.425242793483
 10
124.13723088143759
 20
311.425242793483
  0
LWPOLYLINE
  5
4D1
330
17
100
AcDbEntity
  8
OBJECT
370
18
100
AcDbPolyline
 90
2
 70
0
 10
121.95378846003156
 20
314.95234208960045
 10
124.13723088143759
 20
314.95234208960045
  0
LWPOLYLINE
  5
4D2
330
17
100
AcDbEntity
  8
OBJECT
370
18
100
AcDbPolyline
 90
2
 70
0
 10
123.80131666275973
 20
314.95234208960045
 10
123.80131666275973
 20
316.3799775189813
  0
LWPOLYLINE
  5
4D3
330
17
100
AcDbEntity
  8
OBJECT
370
18
100
AcDbPolyline
 90
2
 70
0
 10
125.64884486548792
 20
313.35674955088064
 10
125.64884486548792
 20
316.3799775189813
  0
LWPOLYLINE
  5
4D4
330
17
100
AcDbEntity
  8
OBJECT
370
18
100
AcDbPolyline
 90
2
 70
0
 10
124.13723088143759
 20
313.35674955088064
 10
125.64884486548792
 20
313.35674955088064
  0
LWPOLYLINE
  5
4D5
330
17
100
AcDbEntity
  8
OBJECT
370
18
100
AcDbPolyline
 90
2
 70
0
 10
123.80131666275973
 20
316.3799775189813
 10
125.64884486548792
 20
316.3799775189813
  0
LWPOLYLINE
  5
4D6
330
17
100
AcDbEntity
  8
OBJECT
370
18
100
AcDbPolyline
 90
2
 70
0
 10
125.51210605966502
 20
316.3799775189813
 10
125.51210605966502
 20
316.42417675828324
  0
LWPOLYLINE
  5
4D7
330
17
100
AcDbEntity
  8
OBJECT
370
18
100
AcDbPolyline
 90
2
 70
0
 10
127.35963426239319
 20
313.40094879018255
 10
127.35963426239319
 20
316.42417675828324
  0
LWPOLYLINE
  5
4D8
330
17
100
AcDbEntity
  8
OBJECT
370
18
100
AcDbPolyline
 90
2
 70
0
 10
125.64884486548792
 20
313.40094879018255
 10
127.35963426239319
 20
313.40094879018255
  0
LWPOLYLINE
  5
4D9
330
17
100
AcDbEntity
  8
OBJECT
370
18
100
AcDbPolyline
 90
2
 70
0
 10
125.51210605966502
 20
316.42417675828324
 10
127.35963426239319
 20
316.42417675828324
  0
LWPOLYLINE
  5
4DA
330
17
100
AcDbEntity
  8
OBJECT
370
18
100
AcDbPolyline
 90
2
 70
0
 10
127.22289545657028
 20
316.42417675828324
 10
127.22289545657028
 20
316.46837599758516
  0
LWPOLYLINE
  5
4DB
330
17
100
AcDbEntity
  8
OBJECT
370
18
100
AcDbPolyline
 90
2
 70
0
 10
129.07042365929846
 20
313.44514802948447
 10
129.07042365929846
 20
316.46837599758516
  0
LWPOLYLINE
  5
4DC
330
17
100
AcDbEntity
  8
OBJECT
370
18
100
AcDbPolyline
 90
2
 70
0
 10
127.35963426239319
 20
313.44514802948447
 10
129.07042365929846
 20
313.44514802948447
  0
LWPOLYLINE
  5
4DD
330
17
100
AcDbEntity
  8
OBJECT
370
18
100
AcDbPolyline
 90
2
 70
0
 10
127.22289545657028
 20
316.46837599758516
 10
129.07042365929846
 20
316.46837599758516
  0
LWPOLYLINE
  5
4DE
330
17
100
AcDbEntity
  8
OBJECT
370
18
100
AcDbPolyline
 90
2
 70
0
 10
128.9336848534764
 20
316.46837599758516
 10
128.9336848534764
 20
316.5125752368871
  0
LWPOLYLINE
  5
4DF
330
17
100
AcDbEntity
  8
OBJECT
370
18
100
AcDbPolyline
 90
2
 70
0
 10
130.78121305620456
 20
313.48934726878645
 10
130.78121305620456
 20
316.5125752368871
  0
LWPOLYLINE
  5
4E0
330
17
100
AcDbEntity
  8
OBJECT
370
18
100
AcDbPolyline
 90
2
 70
0
 10
129.07042365929846
 20
313.48934726878645
 10
130.78121305620456
 20
313.48934726878645
  0
LWPOLYLINE
  5
4E1
330
17
100
AcDbEntity
  8
OBJECT
370
18
100
AcDbPolyline
 90
2
 70
0
 10
128.9336848534764
 20
316.5125752368871
 10
130.78121305620456
 20
316.5125752368871
  0
LWPOLYLINE
  5
4E2
330
17
100
AcDbEntity
  8
OBJECT
370
18
100
AcDbPolyline
 90
2
 70
0
 10
130.64447425038168
 20
316.5125752368871
 10
130.64447425038168
 20
316.5567744761806
  0
LWPOLYLINE
  5
4E3
330
17
100
AcDbEntity
  8
OBJECT
370
18
100
AcDbPolyline
 90
2
 70
0
 10
132.49200245310985
 20
313.53354650807995
 10
132.49200245310985
 20
316.5567744761806
  0
LWPOLYLINE
  5
4E4
330
17
100
AcDbEntity
  8
OBJECT
370
18
100
AcDbPolyline
 90
2
 70
0
 10
130.78121305620456
 20
313.53354650807995
 10
132.49200245310985
 20
313.53354650807995
  0
LWPOLYLINE
  5
4E5
330
17
100
AcDbEntity
  8
OBJECT
370
18
100
AcDbPolyline
 90
2
 70
0
 10
130.64447425038168
 20
316.5567744761806
 10
132.49200245310985
 20
316.5567744761806
  0
LWPOLYLINE
  5
4E6
330
17
100
AcDbEntity
  8
OBJECT
370
18
100
AcDbPolyline
 90
2
 70
0
 10
132.35526364728696
 20
316.5567744761806
 10
132.35526364728696
 20
316.60097371548255
  0
LWPOLYLINE
  5
4E7
330
17
100
AcDbEntity
  8
OBJECT
370
18
100
AcDbPolyline
 90
2
 70
0
 10
134.20279185001513
 20
313.57774574738187
 10
134.20279185001513
 20
316.60097371548255
  0
LWPOLYLINE
  5
4E8
330
17
100
AcDbEntity
  8
OBJECT
370
18
100
AcDbPolyline
 90
2
 70
0
 10
132.49200245310985
 20
313.57774574738187
 10
134.20279185001513
 20
313.57774574738187
  0
LWPOLYLINE
  5
4E9
330
17
100
AcDbEntity
  8
OBJECT
370
18
100
AcDbPolyline
 90
2
 70
0
 10
132.35526364728696
 20
316.60097371548255
 10
134.20279185001513
 20
316.60097371548255
  0
LWPOLYLINE
  5
4EA
330
17
100
AcDbEntity
  8
OBJECT
370
18
100
AcDbPolyline
 90
2
 70
0
 10
134.06605304419307
 20
316.60097371548255
 10
134.06605304419307
 20
316.64517295478447
  0
LWPOLYLINE
  5
4EB
330
17
100
AcDbEntity
  8
OBJECT
370
18
100
AcDbPolyline
 90
2
 70
0
 10
135.91358124692124
 20
313.6219449866838
 10
135.91358124692124
 20
316.64517295478447
  0
LWPOLYLINE
  5
4EC
330
17
100
AcDbEntity
  8
OBJECT
370
18
100
AcDbPolyline
 90
2
 70
0
 10
134.20279185001513
 20
313.6219449866838
 10
135.91358124692124
 20
313.6219449866838
  0
LWPOLYLINE
  5
4ED
330
17
100
AcDbEntity
  8
OBJECT
370
18
100
AcDbPolyline
 90
2
 70
0
 10
134.06605304419307
 20
316.64517295478447
 10
135.91358124692124
 20
316.64517295478447
  0
LWPOLYLINE
  5
4EE
330
17
100
AcDbEntity
  8
OBJECT
370
18
100
AcDbPolyline
 90
2
 70
0
 10
135.77684244109832
 20
316.64517295478447
 10
135.77684244109832
 20
316.6893721940864
  0
LWPOLYLINE
  5
4EF
330
17
100
AcDbEntity
  8
OBJECT
370
18
100
AcDbPolyline
 90
2
 70
0
 10
137.62437064382652
 20
313.66614422598576
 10
137.62437064382652
 20
316.6893721940864
  0
LWPOLYLINE
  5
4F0
330
17
100
AcDbEntity
  8
OBJECT
370
18
100
AcDbPolyline
 90
2
 70
0
 10
135.91358124692124
 20
313.66614422598576
 10
137.62437064382652
 20
313.66614422598576
  0
LWPOLYLINE
  5
4F1
330
17
100
AcDbEntity
  8
OBJECT
370
18
100
AcDbPolyline
 90
2
 70
0
 10
135.77684244109832
 20
316.6893721940864
 10
137.62437064382652
 20
316.6893721940864
  0
LWPOLYLINE
  5
4F2
330
17
100
AcDbEntity
  8
OBJECT
370
18
100
AcDbPolyline
 90
2
 70
0
 10
137.4876318380036
 20
316.6893721940864
 10
137.4876318380036
 20
316.7335714333799
  0
LWPOLYLINE
  5
4F3
330
17
100
AcDbEntity
  8
OBJECT
370
18
100
AcDbPolyline
 90
2
 70
0
 10
139.3351600407318
 20
313.71034346527927
 10
139.3351600407318
 20
316.7335714333799
  0
LWPOLYLINE
  5
4F4
330
17
100
AcDbEntity
  8
OBJECT
370
18
100
AcDbPolyline
 90
2
 70
0
 10
137.62437064382652
 20
313.71034346527927
 10
139.3351600407318
 20
313.71034346527927
  0
LWPOLYLINE
  5
4F5
330
17
100
AcDbEntity
  8
OBJECT
370
18
100
AcDbPolyline
 90
2
 70
0
 10
137.4876318380036
 20
316.7335714333799
 10
139.3351600407318
 20
316.7335714333799
  0
LWPOLYLINE
  5
4F6
330
17
100
AcDbEntity
  8
OBJECT
370
18
100
AcDbPolyline
 90
2
 70
0
 10
139.19842123490974
 20
316.7335714333799
 10
139.19842123490974
 20
316.77777067268187
  0
LWPOLYLINE
  5
4F7
330
17
100
AcDbEntity
  8
OBJECT
370
18
100
AcDbPolyline
 90
2
 70
0
 10
141.04594943763792
 20
313.7545427045812
 10
141.04594943763792
 20
316.77777067268187
  0
LWPOLYLINE
  5
4F8
330
17
100
AcDbEntity
  8
OBJECT
370
18
100
AcDbPolyline
 90
2
 70
0
 10
139.3351600407318
 20
313.7545427045812
 10
141.04594943763792
 20
313.7545427045812
  0
LWPOLYLINE
  5
4F9
330
17
100
AcDbEntity
  8
OBJECT
370
18
100
AcDbPolyline
 90
2
 70
0
 10
139.19842123490974
 20
316.77777067268187
 10
141.04594943763792
 20
316.77777067268187
  0
LWPOLYLINE
  5
4FA
330
17
100
AcDbEntity
  8
OBJECT
370
18
100
AcDbPolyline
 90
2
 70
0
 10
140.909210631815
 20
316.77777067268187
 10
140.909210631815
 20
316.8219699119838
  0
LWPOLYLINE
  5
4FB
330
17
100
AcDbEntity
  8
OBJECT
370
18
100
AcDbPolyline
 90
2
 70
0
 10
142.75673883454317
 20
313.7987419438831
 10
142.75673883454317
 20
316.8219699119838
  0
LWPOLYLINE
  5
4FC
330
17
100
AcDbEntity
  8
OBJECT
370
18
100
AcDbPolyline
 90
2
 70
0
 10
141.04594943763792
 20
313.7987419438831
 10
142.75673883454317
 20
313.7987419438831
  0
LWPOLYLINE
  5
4FD
330
17
100
AcDbEntity
  8
OBJECT
370
18
100
AcDbPolyline
 90
2
 70
0
 10
140.909210631815
 20
316.8219699119838
 10
142.75673883454317
 20
316.8219699119838
  0
LWPOLYLINE
  5
4FE
330
17
100
AcDbEntity
  8
OBJECT
370
18
100
AcDbPolyline
 90
2
 70
0
 10
142.62000002872028
 20
316.8219699119838
 10
142.62000002872028
 20
316.8661691512857
  0
LWPOLYLINE
  5
4FF
330
17
100
AcDbEntity
  8
OBJECT
370
18
100
AcDbPolyline
 90
2
 70
0
 10
144.46752823144845
 20
313.842941183185
 10
144.46752823144845
 20
316.8661691512857
  0
LWPOLYLINE
  5
500
330
17
100
AcDbEntity
  8
OBJECT
370
18
100
AcDbPolyline
 90
2
 70
0
 10
142.75673883454317
 20
313.842941183185
 10
144.46752823144845
 20
313.842941183185
  0
LWPOLYLINE
  5
501
330
17
100
AcDbEntity
  8
OBJECT
370
18
100
AcDbPolyline
 90
2
 70
0
 10
142.62000002872028
 20
316.8661691512857
 10
144.46752823144845
 20
316.8661691512857
  0
LWPOLYLINE
  5
502
330
17
100
AcDbEntity
  8
OBJECT
370
18
100
AcDbPolyline
 90
2
 70
0
 10
144.3307894256264
 20
316.8661691512857
 10
144.3307894256264
 20
316.9103683905792
  0
LWPOLYLINE
  5
503
330
17
100
AcDbEntity
  8
OBJECT
370
18
100
AcDbPolyline
 90
2
 70
0
 10
146.17831762835456
 20
313.8871404224786
 10
146.17831762835456
 20
316.9103683905792
  0
LWPOLYLINE
  5
504
330
17
100
AcDbEntity
  8
OBJECT
370
18
100
AcDbPolyline
 90
2
 70
0
 10
144.46752823144845
 20
313.8871404224786
 10
146.17831762835456
 20
313.8871404224786
  0
LWPOLYLINE
  5
505
330
17
100
AcDbEntity
  8
OBJECT
370
18
100
AcDbPolyline
 90
2
 70
0
 10
144.3307894256264
 20
316.9103683905792
 10
146.17831762835456
 20
316.9103683905792
  0
LWPOLYLINE
  5
506
330
17
100
AcDbEntity
  8
OBJECT
370
18
100
AcDbPolyline
 90
2
 70
0
 10
146.04157882253168
 20
316.9103683905792
 10
146.04157882253168
 20
316.9545676298811
  0
LWPOLYLINE
  5
507
330
17
100
AcDbEntity
  8
OBJECT
370
18
100
AcDbPolyline
 90
2
 70
0
 10
147.88910702525985
 20
313.9313396617805
 10
147.88910702525985
 20
316.9545676298811
  0
LWPOLYLINE
  5
508
330
17
100
AcDbEntity
  8
OBJECT
370
18
100
AcDbPolyline
 90
2
 70
0
 10
146.17831762835456
 20
313.9313396617805
 10
147.88910702525985
 20
313.9313396617805
  0
LWPOLYLINE
  5
509
330
17
100
AcDbEntity
  8
OBJECT
370
18
100
AcDbPolyline
 90
2
 70
0
 10
146.04157882253168
 20
316.9545676298811
 10
147.88910702525985
 20
316.9545676298811
  0
LWPOLYLINE
  5
50A
330
17
100
AcDbEntity
  8
OBJECT
370
18
100
AcDbPolyline
 90
2
 70
0
 10
147.75236821943696
 20
316.9545676298811
 10
147.75236821943696
 20
316.9987668691831
  0
LWPOLYLINE
  5
50B
330
17
100
AcDbEntity
  8
OBJECT
370
18
100
AcDbPolyline
 90
2
 70
0
 10
149.59989642216513
 20
313.9755389010824
 10
149.59989642216513
 20
316.9987668691831
  0
LWPOLYLINE
  5
50C
330
17
100
AcDbEntity
  8
OBJECT
370
18
100
AcDbPolyline
 90
2
 70
0
 10
147.88910702525985
 20
313.9755389010824
 10
149.59989642216513
 20
313.9755389010824
  0
LWPOLYLINE
  5
50D
330
17
100
AcDbEntity
  8
OBJECT
370
18
100
AcDbPolyline
 90
2
 70
0
 10
147.75236821943696
 20
316.9987668691831
 10
149.59989642216513
 20
316.9987668691831
  0
LWPOLYLINE
  5
50E
330
17
100
AcDbEntity
  8
OBJECT
370
18
100
AcDbPolyline
 90
2
 70
0
 10
149.46315761634307
 20
316.9987668691831
 10
149.46315761634307
 20
317.042966108485
  0
LWPOLYLINE
  5
50F
330
17
100
AcDbEntity
  8
OBJECT
370
18
100
AcDbPolyline
 90
2
 70
0
 10
151.31068581907124
 20
314.01973814038433
 10
151.31068581907124
 20
317.042966108485
  0
LWPOLYLINE
  5
510
330
17
100
AcDbEntity
  8
OBJECT
370
18
100
AcDbPolyline
 90
2
 70
0
 10
149.59989642216513
 20
314.01973814038433
 10
151.31068581907124
 20
314.01973814038433
  0
LWPOLYLINE
  5
511
330
17
100
AcDbEntity
  8
OBJECT
370
18
100
AcDbPolyline
 90
2
 70
0
 10
149.46315761634307
 20
317.042966108485
 10
151.31068581907124
 20
317.042966108485
  0
LWPOLYLINE
  5
512
330
17
100
AcDbEntity
  8
OBJECT
370
18
100
AcDbPolyline
 90
2
 70
0
 10
151.17394701324832
 20
317.042966108485
 10
151.17394701324832
 20
317.0871653477785
  0
LWPOLYLINE
  5
513
330
17
100
AcDbEntity
  8
OBJECT
370
18
100
AcDbPolyline
 90
2
 70
0
 10
153.02147521597652
 20
314.0639373796779
 10
153.02147521597652
 20
317.0871653477785
  0
LWPOLYLINE
  5
514
330
17
100
AcDbEntity
  8
OBJECT
370
18
100
AcDbPolyline
 90
2
 70
0
 10
151.31068581907124
 20
314.0639373796779
 10
153.02147521597652
 20
314.0639373796779
  0
LWPOLYLINE
  5
515
330
17
100
AcDbEntity
  8
OBJECT
370
18
100
AcDbPolyline
 90
2
 70
0
 10
151.17394701324832
 20
317.0871653477785
 10
153.02147521597652
 20
317.0871653477785
  0
LWPOLYLINE
  5
516
330
17
100
AcDbEntity
  8
OBJECT
370
18
100
AcDbPolyline
 90
2
 70
0
 10
152.88473641015446
 20
317.0871653477785
 10
152.88473641015446
 20
317.13136458708044
  0
LWPOLYLINE
  5
517
330
17
100
AcDbEntity
  8
OBJECT
370
18
100
AcDbPolyline
 90
2
 70
0
 10
154.73226461288263
 20
314.1081366189798
 10
154.73226461288263
 20
317.13136458708044
  0
LWPOLYLINE
  5
518
330
17
100
AcDbEntity
  8
OBJECT
370
18
100
AcDbPolyline
 90
2
 70
0
 10
153.02147521597652
 20
314.1081366189798
 10
154.73226461288263
 20
314.1081366189798
  0
LWPOLYLINE
  5
519
330
17
100
AcDbEntity
  8
OBJECT
370
18
100
AcDbPolyline
 90
2
 70
0
 10
152.88473641015446
 20
317.13136458708044
 10
154.73226461288263
 20
317.13136458708044
  0
LWPOLYLINE
  5
51A
330
17
100
AcDbEntity
  8
OBJECT
370
18
100
AcDbPolyline
 90
2
 70
0
 10
154.59552580705974
 20
317.13136458708044
 10
154.59552580705974
 20
317.1755638263824
  0
LWPOLYLINE
  5
51B
330
17
100
AcDbEntity
  8
OBJECT
370
18
100
AcDbPolyline
 90
2
 70
0
 10
156.44305400978791
 20
314.15233585828173
 10
156.44305400978791
 20
317.1755638263824
  0
LWPOLYLINE
  5
51C
330
17
100
AcDbEntity
  8
OBJECT
370
18
100
AcDbPolyline
 90
2
 70
0
 10
154.73226461288263
 20
314.15233585828173
 10
156.44305400978791
 20
314.15233585828173
  0
LWPOLYLINE
  5
51D
330
17
100
AcDbEntity
  8
OBJECT
370
18
100
AcDbPolyline
 90
2
 70
0
 10
154.59552580705974
 20
317.1755638263824
 10
156.44305400978791
 20
317.1755638263824
  0
LWPOLYLINE
  5
51E
330
17
100
AcDbEntity
  8
OBJECT
370
18
100
AcDbPolyline
 90
2
 70
0
 10
156.306315203965
 20
317.1755638263824
 10
156.306315203965
 20
317.2197630656759
  0
LWPOLYLINE
  5
51F
330
17
100
AcDbEntity
  8
OBJECT
370
18
100
AcDbPolyline
 90
2
 70
0
 10
158.15384340669317
 20
314.1965350975753
 10
158.15384340669317
 20
317.2197630656759
  0
LWPOLYLINE
  5
520
330
17
100
AcDbEntity
  8
OBJECT
370
18
100
AcDbPolyline
 90
2
 70
0
 10
156.44305400978791
 20
314.1965350975753
 10
158.15384340669317
 20
314.1965350975753
  0
LWPOLYLINE
  5
521
330
17
100
AcDbEntity
  8
OBJECT
370
18
100
AcDbPolyline
 90
2
 70
0
 10
156.306315203965
 20
317.2197630656759
 10
158.15384340669317
 20
317.2197630656759
  0
LWPOLYLINE
  5
522
330
17
100
AcDbEntity
  8
OBJECT
370
18
100
AcDbPolyline
 90
2
 70
0
 10
38.30000000000001
 20
335.4431094289493
 10
38.30000000000001
 20
357.2775336430095
  0
LWPOLYLINE
  5
523
330
17
100
AcDbEntity
  8
OBJECT
370
18
100
AcDbPolyline
 90
2
 70
0
 10
73.57099296117427
 20
339.16805865107085
 10
73.57099296117427
 20
357.2775336430095
  0
LWPOLYLINE
  5
524
330
17
100
AcDbEntity
  8
OBJECT
370
18
100
AcDbPolyline
 90
2
 70
0
 10
38.30000000000001
 20
335.4431094289493
 10
70.23396571972543
 20
335.4431094289493
  0
LWPOLYLINE
  5
525
330
17
100
AcDbEntity
  8
OBJECT
370
18
100
AcDbPolyline
 90
2
 70
0
 10
38.30000000000001
 20
357.2775336430095
 10
73.57099296117427
 20
357.2775336430095
  0
LWPOLYLINE
  5
526
330
17
100
AcDbEntity
  8
OBJECT
370
18
100
AcDbPolyline
 90
2
 70
0
 10
39.13978554669464
 20
353.0786059095364
 10
39.13978554669464
 20
356.4377480963149
  0
LWPOLYLINE
  5
527
330
17
100
AcDbEntity
  8
OBJECT
370
18
100
AcDbPolyline
 90
2
 70
0
 10
42.49892773347314
 20
353.0786059095364
 10
42.49892773347314
 20
356.4377480963149
  0
LWPOLYLINE
  5
528
330
17
100
AcDbEntity
  8
OBJECT
370
18
100
AcDbPolyline
 90
2
 70
0
 10
39.13978554669464
 20
353.0786059095364
 10
42.49892773347314
 20
353.0786059095364
  0
LWPOLYLINE
  5
529
330
17
100
AcDbEntity
  8
OBJECT
370
18
100
AcDbPolyline
 90
2
 70
0
 10
39.13978554669464
 20
356.4377480963149
 10
42.49892773347314
 20
356.4377480963149
  0
LWPOLYLINE
  5
52A
330
17
100
AcDbEntity
  8
OBJECT
370
18
100
AcDbPolyline
 90
2
 70
0
 10
69.37206522770114
 20
353.0786059095364
 10
69.37206522770114
 20
356.4377480963149
  0
LWPOLYLINE
  5
52B
330
17
100
AcDbEntity
  8
OBJECT
370
18
100
AcDbPolyline
 90
2
 70
0
 10
72.73120741447966
 20
353.0786059095364
 10
72.73120741447966
 20
356.4377480963149
  0
LWPOLYLINE
  5
52C
330
17
100
AcDbEntity
  8
OBJECT
370
18
100
AcDbPolyline
 90
2
 70
0
 10
69.37206522770114
 20
353.0786059095364
 10
72.73120741447966
 20
353.0786059095364
  0
LWPOLYLINE
  5
52D
330
17
100
AcDbEntity
  8
OBJECT
370
18
100
AcDbPolyline
 90
2
 70
0
 10
69.37206522770114
 20
356.4377480963149
 10
72.73120741447966
 20
356.4377480963149
  0
LWPOLYLINE
  5
52E
330
17
100
AcDbEntity
  8
OBJECT
370
18
100
AcDbPolyline
 90
2
 70
0
 10
42.49892773347314
 20
353.7084450695574
 10
69.37206522770114
 20
353.7084450695574
  0
LWPOLYLINE
  5
52F
330
17
100
AcDbEntity
  8
OBJECT
370
18
100
AcDbPolyline
 90
2
 70
0
 10
42.49892773347314
 20
355.8079089362939
 10
69.37206522770114
 20
355.8079089362939
  0
LWPOLYLINE
  5
530
330
17
100
AcDbEntity
  8
OBJECT
370
18
100
AcDbPolyline
 90
2
 70
0
 10
39.13978554669464
 20
298.49254537438577
 10
39.13978554669464
 20
306.89040084133205
  0
LWPOLYLINE
  5
531
330
17
100
AcDbEntity
  8
OBJECT
370
18
100
AcDbPolyline
 90
2
 70
0
 10
54.25592538719789
 20
298.49254537438577
 10
54.25592538719789
 20
306.89040084133205
  0
LWPOLYLINE
  5
532
330
17
100
AcDbEntity
  8
OBJECT
370
18
100
AcDbPolyline
 90
2
 70
0
 10
39.13978554669464
 20
298.49254537438577
 10
42.079034960125824
 20
298.49254537438577
  0
LWPOLYLINE
  5
533
330
17
100
AcDbEntity
  8
OBJECT
370
18
100
AcDbPolyline
 90
2
 70
0
 10
44.598391600209695
 20
298.49254537438577
 10
54.25592538719789
 20
298.49254537438577
  0
LWPOLYLINE
  5
534
330
17
100
AcDbEntity
  8
OBJECT
370
18
100
AcDbPolyline
 90
2
 70
0
 10
39.13978554669464
 20
306.89040084133205
 10
54.25592538719789
 20
306.89040084133205
  0
LWPOLYLINE
  5
535
330
17
100
AcDbEntity
  8
OBJECT
370
18
100
AcDbPolyline
 90
2
 70
0
 10
41.239249413431196
 20
297.4848027183522
 10
41.239249413431196
 20
298.49254537438577
  0
LWPOLYLINE
  5
536
330
17
100
AcDbEntity
  8
OBJECT
370
18
100
AcDbPolyline
 90
2
 70
0
 10
52.15646152046132
 20
297.4848027183522
 10
52.15646152046132
 20
298.49254537438577
  0
LWPOLYLINE
  5
537
330
17
100
AcDbEntity
  8
OBJECT
370
18
100
AcDbPolyline
 90
2
 70
0
 10
41.239249413431196
 20
297.4848027183522
 10
41.34964438279576
 20
297.4848027183522
  0
LWPOLYLINE
  5
538
330
17
100
AcDbEntity
  8
OBJECT
370
18
100
AcDbPolyline
 90
2
 70
0
 10
45.32778217753976
 20
297.4848027183522
 10
52.15646152046132
 20
297.4848027183522
  0
LWPOLYLINE
  5
539
330
17
100
AcDbEntity
  8
OBJECT
370
18
100
AcDbPolyline
 90
18
 70
0
 10
45.43817714690432
 20
296.8129742809965
 10
45.29640503253749
 20
297.57138810631614
 10
44.89023579906865
 20
298.22737394201033
 10
44.274524852139166
 20
298.69233726602545
 10
43.53242736690402
 20
298.90348220500266
 10
42.764167720848334
 20
298.8322924649385
 10
42.07350363624559
 20
298.4883826147047
 10
41.55371312482319
 20
297.91819958524553
 10
41.274996775407374
 20
297.1987497541827
 10
41.274996775407374
 20
296.4271988078104
 10
41.55371312482319
 20
295.70774897674755
 10
42.07350363624559
 20
295.13756594728835
 10
42.76416772084835
 20
294.7936560970545
 10
43.53242736690402
 20
294.7224663569904
 10
44.274524852139166
 20
294.9336112959676
 10
44.89023579906865
 20
295.39857461998275
 10
45.29640503253749
 20
296.0545604556769
 10
45.43817714690432
 20
296.8129742809965
  0
LWPOLYLINE
  5
53A
330
17
100
AcDbEntity
  8
OBJECT
370
18
100
AcDbPolyline
 90
2
 70
0
 10
92.04627498845602
 20
334.5193453275852
 10
92.04627498845602
 20
340.06192993576974
  0
LWPOLYLINE
  5
53B
330
17
100
AcDbEntity
  8
OBJECT
370
18
100
AcDbPolyline
 90
2
 70
0
 10
100.44413045540227
 20
334.18343110890737
 10
100.44413045540227
 20
340.06192993576974
  0
LWPOLYLINE
  5
53C
330
17
100
AcDbEntity
  8
OBJECT
370
18
100
AcDbPolyline
 90
2
 70
0
 10
92.04627498845602
 20
334.18343110890737
 10
100.44413045540227
 20
334.18343110890737
  0
LWPOLYLINE
  5
53D
330
17
100
AcDbEntity
  8
OBJECT
370
18
100
AcDbPolyline
 90
2
 70
0
 10
92.04627498845602
 20
340.06192993576974
 10
100.44413045540227
 20
340.06192993576974
  0
LWPOLYLINE
  5
53E
330
17
100
AcDbEntity
  8
OBJECT
370
18
100
AcDbPolyline
 90
2
 70
0
 10
88.68713280167752
 20
337.7945089596942
 10
88.68713280167752
 20
336.45085208498284
  0
LWPOLYLINE
  5
53F
330
17
100
AcDbEntity
  8
OBJECT
370
18
100
AcDbPolyline
 90
2
 70
0
 10
90.19874678572785
 20
337.7945089596942
 10
90.19874678572785
 20
336.45085208498284
  0
LWPOLYLINE
  5
540
330
17
100
AcDbEntity
  8
OBJECT
370
18
100
AcDbPolyline
 90
2
 70
0
 10
91.71036076977818
 20
337.7945089596942
 10
91.71036076977818
 20
336.45085208498284
  0
LWPOLYLINE
  5
541
330
17
100
AcDbEntity
  8
OBJECT
370
18
100
AcDbPolyline
 90
2
 70
0
 10
101.45187311143583
 20
337.7945089596942
 10
101.45187311143583
 20
336.45085208498284
  0
LWPOLYLINE
  5
542
330
17
100
AcDbEntity
  8
OBJECT
370
18
100
AcDbPolyline
 90
2
 70
0
 10
102.96348709548616
 20
337.7945089596942
 10
102.96348709548616
 20
336.45085208498284
  0
LWPOLYLINE
  5
543
330
17
100
AcDbEntity
  8
OBJECT
370
18
100
AcDbPolyline
 90
2
 70
0
 10
104.47510107953647
 20
337.7945089596942
 10
104.47510107953647
 20
336.45085208498284
  0
LWPOLYLINE
  5
544
330
17
100
AcDbEntity
  8
OBJECT
370
18
100
AcDbPolyline
 90
2
 70
0
 10
105.9867150635868
 20
337.7945089596942
 10
105.9867150635868
 20
336.45085208498284
  0
LWPOLYLINE
  5
545
330
17
100
AcDbEntity
  8
OBJECT
370
18
100
AcDbPolyline
 90
2
 70
0
 10
74.83067128121621
 20
333.3436455622127
 10
74.83067128121621
 20
315.7081490816256
  0
LWPOLYLINE
  5
546
330
17
100
AcDbEntity
  8
OBJECT
370
18
100
AcDbPolyline
 90
2
 70
0
 10
73.01673450035582
 20
334.5193453275852
 10
73.01673450035582
 20
333.3436455622127
  0
LWPOLYLINE
  5
547
330
17
100
AcDbEntity
  8
OBJECT
370
18
100
AcDbPolyline
 90
2
 70
0
 10
90.99024466348753
 20
335.3591308742798
 10
90.99024466348753
 20
334.5193453275852
  0
LWPOLYLINE
  5
548
330
17
100
AcDbEntity
  8
OBJECT
370
18
100
AcDbPolyline
 90
2
 70
0
 10
90.75510471041304
 20
335.795819358561
 10
90.75510471041304
 20
335.3591308742798
  0
LWPOLYLINE
  5
549
330
17
100
AcDbEntity
  8
OBJECT
370
18
100
AcDbPolyline
 90
2
 70
0
 10
85.8318619429158
 20
335.3591308742798
 10
85.8318619429158
 20
334.5193453275852
  0
LWPOLYLINE
  5
54A
330
17
100
AcDbEntity
  8
OBJECT
370
18
100
AcDbPolyline
 90
2
 70
0
 10
85.5967219898413
 20
335.795819358561
 10
85.5967219898413
 20
335.3591308742798
  0
LWPOLYLINE
  5
54B
330
17
100
AcDbEntity
  8
OBJECT
370
18
100
AcDbPolyline
 90
2
 70
0
 10
80.67347922234407
 20
335.3591308742798
 10
80.67347922234407
 20
334.5193453275852
  0
LWPOLYLINE
  5
54C
330
17
100
AcDbEntity
  8
OBJECT
370
18
100
AcDbPolyline
 90
2
 70
0
 10
80.43833926926956
 20
335.795819358561
 10
80.43833926926956
 20
335.3591308742798
  0
LWPOLYLINE
  5
54D
330
17
100
AcDbEntity
  8
OBJECT
370
18
100
AcDbPolyline
 90
2
 70
0
 10
76.89728098600172
 20
335.3591308742798
 10
76.89728098600172
 20
334.5193453275852
  0
LWPOLYLINE
  5
54E
330
17
100
AcDbEntity
  8
OBJECT
370
18
100
AcDbPolyline
 90
2
 70
0
 10
76.66214103292722
 20
335.795819358561
 10
76.66214103292722
 20
335.3591308742798
  0
LWPOLYLINE
  5
54F
330
17
100
AcDbEntity
  8
OBJECT
370
18
100
AcDbPolyline
 90
2
 70
0
 10
75.27995654869784
 20
335.795819358561
 10
75.27995654869784
 20
335.3591308742798
  0
LWPOLYLINE
  5
550
330
17
100
AcDbEntity
  8
OBJECT
370
18
100
AcDbPolyline
 90
2
 70
0
 10
116.82437834082079
 20
316.96782740166753
 10
116.82437834082079
 20
316.8838488469981
  0
LWPOLYLINE
  5
551
330
17
100
AcDbEntity
  8
OBJECT
370
18
100
AcDbPolyline
 90
2
 70
0
 10
113.81458694146725
 20
333.25966700754327
 10
113.81458694146725
 20
332.83977423419594
  0
LWPOLYLINE
  5
552
330
17
100
AcDbEntity
  8
OBJECT
370
18
100
AcDbPolyline
 90
2
 70
0
 10
132.9482608373576
 20
334.09945255423787
 10
132.9482608373576
 20
333.25966700754327
  0
LWPOLYLINE
  5
553
330
17
100
AcDbEntity
  8
OBJECT
370
18
100
AcDbPolyline
 90
2
 70
0
 10
132.71312088428311
 20
334.5361410385191
 10
132.71312088428311
 20
334.09945255423787
  0
LWPOLYLINE
  5
554
330
17
100
AcDbEntity
  8
OBJECT
370
18
100
AcDbPolyline
 90
2
 70
0
 10
131.80155963562783
 20
334.09945255423787
 10
131.80155963562783
 20
333.25966700754327
  0
LWPOLYLINE
  5
555
330
17
100
AcDbEntity
  8
OBJECT
370
18
100
AcDbPolyline
 90
2
 70
0
 10
131.56641968255332
 20
334.5361410385191
 10
131.56641968255332
 20
334.09945255423787
  0
LWPOLYLINE
  5
556
330
17
100
AcDbEntity
  8
OBJECT
370
18
100
AcDbPolyline
 90
2
 70
0
 10
128.6687136914018
 20
334.09945255423787
 10
128.6687136914018
 20
333.25966700754327
  0
LWPOLYLINE
  5
557
330
17
100
AcDbEntity
  8
OBJECT
370
18
100
AcDbPolyline
 90
2
 70
0
 10
128.43357373832728
 20
334.5361410385191
 10
128.43357373832728
 20
334.09945255423787
  0
LWPOLYLINE
  5
558
330
17
100
AcDbEntity
  8
OBJECT
370
18
100
AcDbPolyline
 90
2
 70
0
 10
124.38916654544597
 20
334.09945255423787
 10
124.38916654544597
 20
333.25966700754327
  0
LWPOLYLINE
  5
559
330
17
100
AcDbEntity
  8
OBJECT
370
18
100
AcDbPolyline
 90
2
 70
0
 10
124.15402659237148
 20
334.5361410385191
 10
124.15402659237148
 20
334.09945255423787
  0
LWPOLYLINE
  5
55A
330
17
100
AcDbEntity
  8
OBJECT
370
18
100
AcDbPolyline
 90
2
 70
0
 10
120.10961939949016
 20
334.09945255423787
 10
120.10961939949016
 20
333.25966700754327
  0
LWPOLYLINE
  5
55B
330
17
100
AcDbEntity
  8
OBJECT
370
18
100
AcDbPolyline
 90
2
 70
0
 10
119.87447944641566
 20
334.5361410385191
 10
119.87447944641566
 20
334.09945255423787
  0
LWPOLYLINE
  5
55C
330
17
100
AcDbEntity
  8
OBJECT
370
18
100
AcDbPolyline
 90
2
 70
0
 10
116.97677345526412
 20
334.09945255423787
 10
116.97677345526412
 20
333.25966700754327
  0
LWPOLYLINE
  5
55D
330
17
100
AcDbEntity
  8
OBJECT
370
18
100
AcDbPolyline
 90
2
 70
0
 10
116.74163350218963
 20
334.5361410385191
 10
116.74163350218963
 20
334.09945255423787
  0
LWPOLYLINE
  5
55E
330
17
100
AcDbEntity
  8
OBJECT
370
18
100
AcDbPolyline
 90
2
 70
0
 10
115.83007225353435
 20
334.09945255423787
 10
115.83007225353435
 20
333.25966700754327
  0
LWPOLYLINE
  5
55F
330
17
100
AcDbEntity
  8
OBJECT
370
18
100
AcDbPolyline
 90
2
 70
0
 10
115.59493230045986
 20
334.5361410385191
 10
115.59493230045986
 20
334.09945255423787
  0
LWPOLYLINE
  5
560
330
17
100
AcDbEntity
  8
OBJECT
370
18
100
AcDbPolyline
 90
2
 70
0
 10
137.45961242194034
 20
318.1603228779739
 10
137.45961242194034
 20
317.40451588594874
  0
LWPOLYLINE
  5
561
330
17
100
AcDbEntity
  8
OBJECT
370
18
100
AcDbPolyline
 90
2
 70
0
 10
137.45961242194034
 20
331.6472787578896
 10
137.45961242194034
 20
330.8914717658644
  0
LWPOLYLINE
  5
562
330
17
100
AcDbEntity
  8
OBJECT
370
18
100
AcDbPolyline
 90
2
 70
0
 10
146.34760052693485
 20
318.1603228779739
 10
146.34760052693485
 20
317.40451588594874
  0
LWPOLYLINE
  5
563
330
17
100
AcDbEntity
  8
OBJECT
370
18
100
AcDbPolyline
 90
2
 70
0
 10
146.34760052693485
 20
331.6472787578896
 10
146.34760052693485
 20
330.8914717658644
  0
LWPOLYLINE
  5
564
330
17
100
AcDbEntity
  8
OBJECT
370
18
100
AcDbPolyline
 90
2
 70
0
 10
88.51917569233859
 20
332.5038600155181
 10
88.51917569233859
 20
316.5479346283202
  0
LWPOLYLINE
  5
565
330
17
100
AcDbEntity
  8
OBJECT
370
18
100
AcDbPolyline
 90
2
 70
0
 10
158.15384340669317
 20
316.6319131829897
 10
165.20804199892802
 20
316.6319131829897
  0
LWPOLYLINE
  5
566
330
17
100
AcDbEntity
  8
OBJECT
370
18
100
AcDbPolyline
 90
2
 70
0
 10
152.61125879850866
 20
332.4198814608486
 10
165.20804199892802
 20
332.4198814608486
  0
LWPOLYLINE
  5
567
330
17
100
AcDbEntity
  8
OBJECT
370
18
100
AcDbPolyline
 90
2
 70
0
 10
165.20804199892802
 20
318.3114842763789
 10
165.837881158949
 20
318.3114842763789
  0
LWPOLYLINE
  5
568
330
17
100
AcDbEntity
  8
OBJECT
370
18
100
AcDbPolyline
 90
2
 70
0
 10
165.20804199892802
 20
330.74031036745936
 10
165.837881158949
 20
330.74031036745936
  0
LWPOLYLINE
  5
569
330
17
100
AcDbEntity
  8
OBJECT
370
18
100
AcDbPolyline
 90
2
 70
0
 10
165.837881158949
 20
318.47944138571785
 10
166.97159164698672
 20
318.47944138571785
  0
LWPOLYLINE
  5
56A
330
17
100
AcDbEntity
  8
OBJECT
370
18
100
AcDbPolyline
 90
2
 70
0
 10
165.837881158949
 20
330.5723532581205
 10
166.97159164698672
 20
330.5723532581205
  0
LWPOLYLINE
  5
56B
330
17
100
AcDbEntity
  8
OBJECT
370
18
100
AcDbPolyline
 90
2
 70
0
 10
88.68713280167752
 20
336.45085208498284
 10
92.04627498845602
 20
336.45085208498284
  0
LWPOLYLINE
  5
56C
330
17
100
AcDbEntity
  8
OBJECT
370
18
100
AcDbPolyline
 90
2
 70
0
 10
88.68713280167752
 20
337.7945089596942
 10
92.04627498845602
 20
337.7945089596942
  0
LWPOLYLINE
  5
56D
330
17
100
AcDbEntity
  8
OBJECT
370
18
100
AcDbPolyline
 90
2
 70
0
 10
90.19874678572785
 20
336.45085208498284
 10
92.04627498845602
 20
336.45085208498284
  0
LWPOLYLINE
  5
56E
330
17
100
AcDbEntity
  8
OBJECT
370
18
100
AcDbPolyline
 90
2
 70
0
 10
90.19874678572785
 20
337.7945089596942
 10
92.04627498845602
 20
337.7945089596942
  0
LWPOLYLINE
  5
56F
330
17
100
AcDbEntity
  8
OBJECT
370
18
100
AcDbPolyline
 90
2
 70
0
 10
91.71036076977818
 20
336.45085208498284
 10
92.04627498845602
 20
336.45085208498284
  0
LWPOLYLINE
  5
570
330
17
100
AcDbEntity
  8
OBJECT
370
18
100
AcDbPolyline
 90
2
 70
0
 10
91.71036076977818
 20
337.7945089596942
 10
92.04627498845602
 20
337.7945089596942
  0
LWPOLYLINE
  5
571
330
17
100
AcDbEntity
  8
OBJECT
370
18
100
AcDbPolyline
 90
2
 70
0
 10
100.44413045540227
 20
336.45085208498284
 10
101.45187311143583
 20
336.45085208498284
  0
LWPOLYLINE
  5
572
330
17
100
AcDbEntity
  8
OBJECT
370
18
100
AcDbPolyline
 90
2
 70
0
 10
100.44413045540227
 20
337.7945089596942
 10
101.45187311143583
 20
337.7945089596942
  0
LWPOLYLINE
  5
573
330
17
100
AcDbEntity
  8
OBJECT
370
18
100
AcDbPolyline
 90
2
 70
0
 10
100.44413045540227
 20
336.45085208498284
 10
102.96348709548616
 20
336.45085208498284
  0
LWPOLYLINE
  5
574
330
17
100
AcDbEntity
  8
OBJECT
370
18
100
AcDbPolyline
 90
2
 70
0
 10
100.44413045540227
 20
337.7945089596942
 10
102.96348709548616
 20
337.7945089596942
  0
LWPOLYLINE
  5
575
330
17
100
AcDbEntity
  8
OBJECT
370
18
100
AcDbPolyline
 90
2
 70
0
 10
100.44413045540227
 20
336.45085208498284
 10
104.47510107953647
 20
336.45085208498284
  0
LWPOLYLINE
  5
576
330
17
100
AcDbEntity
  8
OBJECT
370
18
100
AcDbPolyline
 90
2
 70
0
 10
100.44413045540227
 20
337.7945089596942
 10
104.47510107953647
 20
337.7945089596942
  0
LWPOLYLINE
  5
577
330
17
100
AcDbEntity
  8
OBJECT
370
18
100
AcDbPolyline
 90
2
 70
0
 10
100.44413045540227
 20
336.45085208498284
 10
105.9867150635868
 20
336.45085208498284
  0
LWPOLYLINE
  5
578
330
17
100
AcDbEntity
  8
OBJECT
370
18
100
AcDbPolyline
 90
2
 70
0
 10
100.44413045540227
 20
337.7945089596942
 10
105.9867150635868
 20
337.7945089596942
  0
TEXT
  5
579
330
17
100
AcDbEntity
  8
TEXT
100
AcDbText
 10
117.5
 20
373.0
 30
0.0
 40
3.2
  1
俯视图 / TOP VIEW
  7
CJK
 72
1
 11
117.5
 21
373.0
 31
0.0
100
AcDbText
 73
2
  0
LWPOLYLINE
  5
57A
330
17
100
AcDbEntity
  8
OBJECT
370
18
100
AcDbPolyline
 90
2
 70
0
 10
273.4390090946706
 20
286.64
 10
273.4390090946706
 20
289.2164074208432
  0
LWPOLYLINE
  5
57B
330
17
100
AcDbEntity
  8
OBJECT
370
18
100
AcDbPolyline
 90
2
 70
0
 10
273.4390090946706
 20
286.64
 10
333.555182247679
 20
286.64
  0
LWPOLYLINE
  5
57C
330
17
100
AcDbEntity
  8
OBJECT
370
18
100
AcDbPolyline
 90
2
 70
0
 10
333.555182247679
 20
286.64
 10
333.555182247679
 20
289.2164074208432
  0
LWPOLYLINE
  5
57D
330
17
100
AcDbEntity
  8
OBJECT
370
18
100
AcDbPolyline
 90
2
 70
0
 10
273.4390090946706
 20
289.2164074208432
 10
333.555182247679
 20
289.2164074208432
  0
LWPOLYLINE
  5
57E
330
17
100
AcDbEntity
  8
OBJECT
370
18
100
AcDbPolyline
 90
2
 70
0
 10
277.7330214627426
 20
289.2164074208432
 10
277.7330214627426
 20
296.08682720975844
  0
LWPOLYLINE
  5
57F
330
17
100
AcDbEntity
  8
OBJECT
370
18
100
AcDbPolyline
 90
2
 70
0
 10
329.26116987960694
 20
289.2164074208432
 10
329.26116987960694
 20
296.08682720975844
  0
LWPOLYLINE
  5
580
330
17
100
AcDbEntity
  8
OBJECT
370
18
100
AcDbPolyline
 90
2
 70
0
 10
277.7330214627426
 20
296.08682720975844
 10
329.26116987960694
 20
296.08682720975844
  0
LWPOLYLINE
  5
581
330
17
100
AcDbEntity
  8
OBJECT
370
18
100
AcDbPolyline
 90
2
 70
0
 10
303.4970956711748
 20
298.83499512532455
 10
325.8259599851493
 20
298.83499512532455
  0
LWPOLYLINE
  5
582
330
17
100
AcDbEntity
  8
OBJECT
370
18
100
AcDbPolyline
 90
2
 70
0
 10
281.1682313572002
 20
298.83499512532455
 10
303.4970956711748
 20
298.83499512532455
  0
LWPOLYLINE
  5
583
330
17
100
AcDbEntity
  8
OBJECT
370
18
100
AcDbPolyline
 90
2
 70
0
 10
303.4970956711748
 20
321.16385943929913
 10
321.1025463802701
 20
321.16385943929913
  0
LWPOLYLINE
  5
584
330
17
100
AcDbEntity
  8
OBJECT
370
18
100
AcDbPolyline
 90
2
 70
0
 10
285.89164496207945
 20
321.16385943929913
 10
303.4970956711748
 20
321.16385943929913
  0
LWPOLYLINE
  5
585
330
17
100
AcDbEntity
  8
OBJECT
370
18
100
AcDbPolyline
 90
2
 70
0
 10
310.006818421172
 20
324.0837878495881
 10
323.2495525643061
 20
324.0837878495881
  0
LWPOLYLINE
  5
586
330
17
100
AcDbEntity
  8
OBJECT
370
18
100
AcDbPolyline
 90
2
 70
0
 10
283.74463877804345
 20
324.0837878495881
 10
296.9873729211776
 20
324.0837878495881
  0
LWPOLYLINE
  5
587
330
17
100
AcDbEntity
  8
OBJECT
370
18
100
AcDbPolyline
 90
2
 70
0
 10
303.4970956711748
 20
321.67914092346774
 10
323.2495525643061
 20
321.67914092346774
  0
LWPOLYLINE
  5
588
330
17
100
AcDbEntity
  8
OBJECT
370
18
100
AcDbPolyline
 90
2
 70
0
 10
283.74463877804345
 20
321.67914092346774
 10
303.4970956711748
 20
321.67914092346774
  0
LWPOLYLINE
  5
589
330
17
100
AcDbEntity
  8
OBJECT
370
18
100
AcDbPolyline
 90
2
 70
0
 10
292.76206475099474
 20
321.16385943929913
 10
292.76206475099474
 20
321.67914092346774
  0
LWPOLYLINE
  5
58A
330
17
100
AcDbEntity
  8
OBJECT
370
18
100
AcDbPolyline
 90
2
 70
0
 10
292.76206475099474
 20
324.0837878495881
 10
292.76206475099474
 20
336.45054346963553
  0
LWPOLYLINE
  5
58B
330
17
100
AcDbEntity
  8
OBJECT
370
18
100
AcDbPolyline
 90
2
 70
0
 10
314.23212659135487
 20
321.16385943929913
 10
314.23212659135487
 20
321.67914092346774
  0
LWPOLYLINE
  5
58C
330
17
100
AcDbEntity
  8
OBJECT
370
18
100
AcDbPolyline
 90
2
 70
0
 10
314.23212659135487
 20
324.0837878495881
 10
314.23212659135487
 20
336.45054346963553
  0
LWPOLYLINE
  5
58D
330
17
100
AcDbEntity
  8
OBJECT
370
18
100
AcDbPolyline
 90
2
 70
0
 10
292.76206475099474
 20
336.45054346963553
 10
294.9777751329199
 20
336.45054346963553
  0
LWPOLYLINE
  5
58E
330
17
100
AcDbEntity
  8
OBJECT
370
18
100
AcDbPolyline
 90
2
 70
0
 10
312.0164162094297
 20
336.45054346963553
 10
312.51452164412603
 20
336.45054346963553
  0
LWPOLYLINE
  5
58F
330
17
100
AcDbEntity
  8
OBJECT
370
18
100
AcDbPolyline
 90
2
 70
0
 10
313.7168451071862
 20
336.45054346963553
 10
314.23212659135487
 20
336.45054346963553
  0
LWPOLYLINE
  5
590
330
17
100
AcDbEntity
  8
OBJECT
370
18
100
AcDbPolyline
 90
2
 70
0
 10
288.8974536197299
 20
314.5510803924682
 10
288.8974536197299
 20
321.67914092346774
  0
LWPOLYLINE
  5
591
330
17
100
AcDbEntity
  8
OBJECT
370
18
100
AcDbPolyline
 90
2
 70
0
 10
288.8974536197299
 20
324.0837878495881
 10
288.8974536197299
 20
332.5859323383707
  0
LWPOLYLINE
  5
592
330
17
100
AcDbEntity
  8
OBJECT
370
18
100
AcDbPolyline
 90
2
 70
0
 10
318.0967377226197
 20
314.5510803924682
 10
318.0967377226197
 20
321.67914092346774
  0
LWPOLYLINE
  5
593
330
17
100
AcDbEntity
  8
OBJECT
370
18
100
AcDbPolyline
 90
2
 70
0
 10
318.0967377226197
 20
324.0837878495881
 10
318.0967377226197
 20
332.5859323383707
  0
LWPOLYLINE
  5
594
330
17
100
AcDbEntity
  8
OBJECT
370
18
100
AcDbPolyline
 90
2
 70
0
 10
288.8974536197299
 20
332.5859323383707
 10
292.76206475099474
 20
332.5859323383707
  0
LWPOLYLINE
  5
595
330
17
100
AcDbEntity
  8
OBJECT
370
18
100
AcDbPolyline
 90
2
 70
0
 10
314.23212659135487
 20
332.5859323383707
 10
318.0967377226197
 20
332.5859323383707
  0
LWPOLYLINE
  5
596
330
17
100
AcDbEntity
  8
OBJECT
370
18
100
AcDbPolyline
 90
2
 70
0
 10
303.4970956711748
 20
299.041107718992
 10
304.6650670352904
 20
299.041107718992
  0
LWPOLYLINE
  5
597
330
17
100
AcDbEntity
  8
OBJECT
370
18
100
AcDbPolyline
 90
2
 70
0
 10
302.3291243070592
 20
299.041107718992
 10
303.4970956711748
 20
299.041107718992
  0
LWPOLYLINE
  5
598
330
17
100
AcDbEntity
  8
OBJECT
370
18
100
AcDbPolyline
 90
2
 70
0
 10
310.89170893351854
 20
299.041107718992
 10
312.05968029763415
 20
299.041107718992
  0
LWPOLYLINE
  5
599
330
17
100
AcDbEntity
  8
OBJECT
370
18
100
AcDbPolyline
 90
2
 70
0
 10
309.72373756940294
 20
299.041107718992
 10
310.89170893351854
 20
299.041107718992
  0
LWPOLYLINE
  5
59A
330
17
100
AcDbEntity
  8
OBJECT
370
18
100
AcDbPolyline
 90
2
 70
0
 10
317.16055935900636
 20
299.041107718992
 10
318.32853072312196
 20
299.041107718992
  0
LWPOLYLINE
  5
59B
330
17
100
AcDbEntity
  8
OBJECT
370
18
100
AcDbPolyline
 90
2
 70
0
 10
315.9925879948908
 20
299.041107718992
 10
317.16055935900636
 20
299.041107718992
  0
LWPOLYLINE
  5
59C
330
17
100
AcDbEntity
  8
OBJECT
370
18
100
AcDbPolyline
 90
2
 70
0
 10
321.3492712976291
 20
299.041107718992
 10
322.5172426617447
 20
299.041107718992
  0
LWPOLYLINE
  5
59D
330
17
100
AcDbEntity
  8
OBJECT
370
18
100
AcDbPolyline
 90
2
 70
0
 10
320.18129993351357
 20
299.041107718992
 10
321.3492712976291
 20
299.041107718992
  0
LWPOLYLINE
  5
59E
330
17
100
AcDbEntity
  8
OBJECT
370
18
100
AcDbPolyline
 90
2
 70
0
 10
322.82015132749893
 20
299.041107718992
 10
323.98812269161454
 20
299.041107718992
  0
LWPOLYLINE
  5
59F
330
17
100
AcDbEntity
  8
OBJECT
370
18
100
AcDbPolyline
 90
2
 70
0
 10
322.5172426617447
 20
299.041107718992
 10
322.82015132749893
 20
299.041107718992
  0
LWPOLYLINE
  5
5A0
330
17
100
AcDbEntity
  8
OBJECT
370
18
100
AcDbPolyline
 90
2
 70
0
 10
284.1740400148507
 20
299.041107718992
 10
284.4769486806083
 20
299.041107718992
  0
LWPOLYLINE
  5
5A1
330
17
100
AcDbEntity
  8
OBJECT
370
18
100
AcDbPolyline
 90
2
 70
0
 10
283.0060686507351
 20
299.041107718992
 10
284.1740400148507
 20
299.041107718992
  0
LWPOLYLINE
  5
5A2
330
17
100
AcDbEntity
  8
OBJECT
370
18
100
AcDbPolyline
 90
2
 70
0
 10
285.64492004472385
 20
299.041107718992
 10
286.81289140883945
 20
299.041107718992
  0
LWPOLYLINE
  5
5A3
330
17
100
AcDbEntity
  8
OBJECT
370
18
100
AcDbPolyline
 90
2
 70
0
 10
284.4769486806083
 20
299.041107718992
 10
285.64492004472385
 20
299.041107718992
  0
LWPOLYLINE
  5
5A4
330
17
100
AcDbEntity
  8
OBJECT
370
18
100
AcDbPolyline
 90
2
 70
0
 10
289.8336319833492
 20
299.041107718992
 10
291.0016033474648
 20
299.041107718992
  0
LWPOLYLINE
  5
5A5
330
17
100
AcDbEntity
  8
OBJECT
370
18
100
AcDbPolyline
 90
2
 70
0
 10
288.6656606192336
 20
299.041107718992
 10
289.8336319833492
 20
299.041107718992
  0
LWPOLYLINE
  5
5A6
330
17
100
AcDbEntity
  8
OBJECT
370
18
100
AcDbPolyline
 90
2
 70
0
 10
296.10248240883146
 20
299.041107718992
 10
297.27045377294706
 20
299.041107718992
  0
LWPOLYLINE
  5
5A7
330
17
100
AcDbEntity
  8
OBJECT
370
18
100
AcDbPolyline
 90
2
 70
0
 10
294.93451104471586
 20
299.041107718992
 10
296.10248240883146
 20
299.041107718992
  0
LWPOLYLINE
  5
5A8
330
17
100
AcDbEntity
  8
OBJECT
370
18
100
AcDbPolyline
 90
2
 70
0
 10
310.76319402527173
 20
325.58669217841333
 10
311.493176127844
 20
325.58669217841333
  0
LWPOLYLINE
  5
5A9
330
17
100
AcDbEntity
  8
OBJECT
370
18
100
AcDbPolyline
 90
2
 70
0
 10
310.0332119226995
 20
325.58669217841333
 10
310.76319402527173
 20
325.58669217841333
  0
LWPOLYLINE
  5
5AA
330
17
100
AcDbEntity
  8
OBJECT
370
18
100
AcDbPolyline
 90
2
 70
0
 10
310.76319402527173
 20
325.02847057056397
 10
311.493176127844
 20
325.02847057056397
  0
LWPOLYLINE
  5
5AB
330
17
100
AcDbEntity
  8
OBJECT
370
18
100
AcDbPolyline
 90
2
 70
0
 10
310.0332119226995
 20
325.02847057056397
 10
310.76319402527173
 20
325.02847057056397
  0
LWPOLYLINE
  5
5AC
330
17
100
AcDbEntity
  8
OBJECT
370
18
100
AcDbPolyline
 90
2
 70
0
 10
316.59015248749097
 20
325.58669217841333
 10
317.3201345900632
 20
325.58669217841333
  0
LWPOLYLINE
  5
5AD
330
17
100
AcDbEntity
  8
OBJECT
370
18
100
AcDbPolyline
 90
2
 70
0
 10
315.8601703849187
 20
325.58669217841333
 10
316.59015248749097
 20
325.58669217841333
  0
LWPOLYLINE
  5
5AE
330
17
100
AcDbEntity
  8
OBJECT
370
18
100
AcDbPolyline
 90
2
 70
0
 10
316.59015248749097
 20
325.02847057056397
 10
317.3201345900632
 20
325.02847057056397
  0
LWPOLYLINE
  5
5AF
330
17
100
AcDbEntity
  8
OBJECT
370
18
100
AcDbPolyline
 90
2
 70
0
 10
315.8601703849187
 20
325.02847057056397
 10
316.59015248749097
 20
325.02847057056397
  0
LWPOLYLINE
  5
5B0
330
17
100
AcDbEntity
  8
OBJECT
370
18
100
AcDbPolyline
 90
2
 70
0
 10
319.82387047143516
 20
325.58669217841333
 10
320.5538525740074
 20
325.58669217841333
  0
LWPOLYLINE
  5
5B1
330
17
100
AcDbEntity
  8
OBJECT
370
18
100
AcDbPolyline
 90
2
 70
0
 10
319.0938883688629
 20
325.58669217841333
 10
319.82387047143516
 20
325.58669217841333
  0
LWPOLYLINE
  5
5B2
330
17
100
AcDbEntity
  8
OBJECT
370
18
100
AcDbPolyline
 90
2
 70
0
 10
319.82387047143516
 20
325.02847057056397
 10
320.5538525740074
 20
325.02847057056397
  0
LWPOLYLINE
  5
5B3
330
17
100
AcDbEntity
  8
OBJECT
370
18
100
AcDbPolyline
 90
2
 70
0
 10
319.0938883688629
 20
325.02847057056397
 10
319.82387047143516
 20
325.02847057056397
  0
LWPOLYLINE
  5
5B4
330
17
100
AcDbEntity
  8
OBJECT
370
18
100
AcDbPolyline
 90
2
 70
0
 10
287.1703208709187
 20
325.02847057056397
 10
287.90030297349097
 20
325.02847057056397
  0
LWPOLYLINE
  5
5B5
330
17
100
AcDbEntity
  8
OBJECT
370
18
100
AcDbPolyline
 90
2
 70
0
 10
286.44033876834646
 20
325.02847057056397
 10
287.1703208709187
 20
325.02847057056397
  0
LWPOLYLINE
  5
5B6
330
17
100
AcDbEntity
  8
OBJECT
370
18
100
AcDbPolyline
 90
2
 70
0
 10
290.40403885486376
 20
325.58669217841333
 10
291.134020957436
 20
325.58669217841333
  0
LWPOLYLINE
  5
5B7
330
17
100
AcDbEntity
  8
OBJECT
370
18
100
AcDbPolyline
 90
2
 70
0
 10
289.67405675229156
 20
325.58669217841333
 10
290.40403885486376
 20
325.58669217841333
  0
LWPOLYLINE
  5
5B8
330
17
100
AcDbEntity
  8
OBJECT
370
18
100
AcDbPolyline
 90
2
 70
0
 10
290.40403885486376
 20
325.02847057056397
 10
291.134020957436
 20
325.02847057056397
  0
LWPOLYLINE
  5
5B9
330
17
100
AcDbEntity
  8
OBJECT
370
18
100
AcDbPolyline
 90
2
 70
0
 10
289.67405675229156
 20
325.02847057056397
 10
290.40403885486376
 20
325.02847057056397
  0
LWPOLYLINE
  5
5BA
330
17
100
AcDbEntity
  8
OBJECT
370
18
100
AcDbPolyline
 90
2
 70
0
 10
296.2309973170782
 20
325.58669217841333
 10
296.96097941965047
 20
325.58669217841333
  0
LWPOLYLINE
  5
5BB
330
17
100
AcDbEntity
  8
OBJECT
370
18
100
AcDbPolyline
 90
2
 70
0
 10
295.50101521450597
 20
325.58669217841333
 10
296.2309973170782
 20
325.58669217841333
  0
LWPOLYLINE
  5
5BC
330
17
100
AcDbEntity
  8
OBJECT
370
18
100
AcDbPolyline
 90
2
 70
0
 10
296.2309973170782
 20
325.02847057056397
 10
296.96097941965047
 20
325.02847057056397
  0
LWPOLYLINE
  5
5BD
330
17
100
AcDbEntity
  8
OBJECT
370
18
100
AcDbPolyline
 90
2
 70
0
 10
295.50101521450597
 20
325.02847057056397
 10
296.2309973170782
 20
325.02847057056397
  0
LWPOLYLINE
  5
5BE
330
17
100
AcDbEntity
  8
OBJECT
370
18
100
AcDbPolyline
 90
2
 70
0
 10
294.4796696982235
 20
331.2977286279491
 10
294.4796696982235
 20
339.7366623190052
  0
LWPOLYLINE
  5
5BF
330
17
100
AcDbEntity
  8
OBJECT
370
18
100
AcDbPolyline
 90
2
 70
0
 10
294.4796696982235
 20
340.8531055347039
 10
294.4796696982235
 20
340.93157859641076
  0
LWPOLYLINE
  5
5C0
330
17
100
AcDbEntity
  8
OBJECT
370
18
100
AcDbPolyline
 90
2
 70
0
 10
294.4796696982235
 20
342.0480218121095
 10
294.4796696982235
 20
342.1264948738163
  0
LWPOLYLINE
  5
5C1
330
17
100
AcDbEntity
  8
OBJECT
370
18
100
AcDbPolyline
 90
2
 70
0
 10
294.4796696982235
 20
324.0837878495881
 10
294.4796696982235
 20
331.2977286279491
  0
LWPOLYLINE
  5
5C2
330
17
100
AcDbEntity
  8
OBJECT
370
18
100
AcDbPolyline
 90
2
 70
0
 10
294.1361487087778
 20
336.45054346963553
 10
294.1361487087778
 20
339.7366623190052
  0
LWPOLYLINE
  5
5C3
330
17
100
AcDbEntity
  8
OBJECT
370
18
100
AcDbPolyline
 90
2
 70
0
 10
294.1361487087778
 20
340.8531055347039
 10
294.1361487087778
 20
340.93157859641076
  0
LWPOLYLINE
  5
5C4
330
17
100
AcDbEntity
  8
OBJECT
370
18
100
AcDbPolyline
 90
2
 70
0
 10
293.87850796669346
 20
336.45054346963553
 10
293.87850796669346
 20
338.8337203339155
  0
LWPOLYLINE
  5
5C5
330
17
100
AcDbEntity
  8
OBJECT
370
18
100
AcDbPolyline
 90
2
 70
0
 10
312.51452164412603
 20
331.2977286279491
 10
312.51452164412603
 20
343.1668264768565
  0
LWPOLYLINE
  5
5C6
330
17
100
AcDbEntity
  8
OBJECT
370
18
100
AcDbPolyline
 90
2
 70
0
 10
312.51452164412603
 20
343.85386845574806
 10
312.51452164412603
 20
344.3394947043799
  0
LWPOLYLINE
  5
5C7
330
17
100
AcDbEntity
  8
OBJECT
370
18
100
AcDbPolyline
 90
2
 70
0
 10
312.51452164412603
 20
324.0837878495881
 10
312.51452164412603
 20
331.2977286279491
  0
LWPOLYLINE
  5
5C8
330
17
100
AcDbEntity
  8
OBJECT
370
18
100
AcDbPolyline
 90
2
 70
0
 10
313.7168451071862
 20
331.2977286279491
 10
313.7168451071862
 20
339.19871138520165
  0
LWPOLYLINE
  5
5C9
330
17
100
AcDbEntity
  8
OBJECT
370
18
100
AcDbPolyline
 90
2
 70
0
 10
313.7168451071862
 20
342.2904002902135
 10
313.7168451071862
 20
342.9263617842445
  0
LWPOLYLINE
  5
5CA
330
17
100
AcDbEntity
  8
OBJECT
370
18
100
AcDbPolyline
 90
2
 70
0
 10
313.7168451071862
 20
324.0837878495881
 10
313.7168451071862
 20
331.2977286279491
  0
LWPOLYLINE
  5
5CB
330
17
100
AcDbEntity
  8
OBJECT
370
18
100
AcDbPolyline
 90
2
 70
0
 10
280.4511312917322
 20
325.06282266950853
 10
280.4511312917322
 20
337.5326345863897
  0
LWPOLYLINE
  5
5CC
330
17
100
AcDbEntity
  8
OBJECT
370
18
100
AcDbPolyline
 90
2
 70
0
 10
280.4511312917322
 20
325.06282266950853
 10
288.8974536197299
 20
325.06282266950853
  0
LWPOLYLINE
  5
5CD
330
17
100
AcDbEntity
  8
OBJECT
370
18
100
AcDbPolyline
 90
2
 70
0
 10
292.9209432086134
 20
336.45054346963553
 10
292.9209432086134
 20
337.5326345863897
  0
LWPOLYLINE
  5
5CE
330
17
100
AcDbEntity
  8
OBJECT
370
18
100
AcDbPolyline
 90
2
 70
0
 10
280.4511312917322
 20
337.5326345863897
 10
292.9209432086134
 20
337.5326345863897
  0
LWPOLYLINE
  5
5CF
330
17
100
AcDbEntity
  8
OBJECT
370
18
100
AcDbPolyline
 90
2
 70
0
 10
278.18389276139015
 20
336.9658249538042
 10
278.18389276139015
 20
339.7998731167317
  0
LWPOLYLINE
  5
5D0
330
17
100
AcDbEntity
  8
OBJECT
370
18
100
AcDbPolyline
 90
2
 70
0
 10
278.18389276139015
 20
336.9658249538042
 10
280.4511312917322
 20
336.9658249538042
  0
LWPOLYLINE
  5
5D1
330
17
100
AcDbEntity
  8
OBJECT
370
18
100
AcDbPolyline
 90
2
 70
0
 10
282.43496500578146
 20
337.5326345863897
 10
282.43496500578146
 20
339.7998731167317
  0
LWPOLYLINE
  5
5D2
330
17
100
AcDbEntity
  8
OBJECT
370
18
100
AcDbPolyline
 90
2
 70
0
 10
278.18389276139015
 20
339.7998731167317
 10
282.43496500578146
 20
339.7998731167317
  0
LWPOLYLINE
  5
5D3
330
17
100
AcDbEntity
  8
OBJECT
370
18
100
AcDbPolyline
 90
2
 70
0
 10
314.57564758080065
 20
331.2977286279491
 10
314.57564758080065
 20
331.8817143100069
  0
LWPOLYLINE
  5
5D4
330
17
100
AcDbEntity
  8
OBJECT
370
18
100
AcDbPolyline
 90
2
 70
0
 10
314.57564758080065
 20
330.71374294589134
 10
314.57564758080065
 20
331.2977286279491
  0
LWPOLYLINE
  5
5D5
330
17
100
AcDbEntity
  8
OBJECT
370
18
100
AcDbPolyline
 90
2
 70
0
 10
315.0222248670801
 20
331.2977286279491
 10
315.0222248670801
 20
331.8817143100069
  0
LWPOLYLINE
  5
5D6
330
17
100
AcDbEntity
  8
OBJECT
370
18
100
AcDbPolyline
 90
2
 70
0
 10
315.0222248670801
 20
330.71374294589134
 10
315.0222248670801
 20
331.2977286279491
  0
LWPOLYLINE
  5
5D7
330
17
100
AcDbEntity
  8
OBJECT
370
18
100
AcDbPolyline
 90
2
 70
0
 10
314.57564758080065
 20
336.5729228221256
 10
314.57564758080065
 20
337.1569085041834
  0
LWPOLYLINE
  5
5D8
330
17
100
AcDbEntity
  8
OBJECT
370
18
100
AcDbPolyline
 90
2
 70
0
 10
314.57564758080065
 20
335.9889371400678
 10
314.57564758080065
 20
336.5729228221256
  0
LWPOLYLINE
  5
5D9
330
17
100
AcDbEntity
  8
OBJECT
370
18
100
AcDbPolyline
 90
2
 70
0
 10
315.0222248670801
 20
336.5729228221256
 10
315.0222248670801
 20
337.1569085041834
  0
LWPOLYLINE
  5
5DA
330
17
100
AcDbEntity
  8
OBJECT
370
18
100
AcDbPolyline
 90
2
 70
0
 10
315.0222248670801
 20
335.9889371400678
 10
315.0222248670801
 20
336.5729228221256
  0
LWPOLYLINE
  5
5DB
330
17
100
AcDbEntity
  8
OBJECT
370
18
100
AcDbPolyline
 90
2
 70
0
 10
314.57564758080065
 20
342.2904002902135
 10
314.57564758080065
 20
342.43210269835987
  0
LWPOLYLINE
  5
5DC
330
17
100
AcDbEntity
  8
OBJECT
370
18
100
AcDbPolyline
 90
2
 70
0
 10
315.0222248670801
 20
342.2904002902135
 10
315.0222248670801
 20
342.43210269835987
  0
LWPOLYLINE
  5
5DD
330
17
100
AcDbEntity
  8
OBJECT
370
18
100
AcDbPolyline
 90
2
 70
0
 10
295.879517730215
 20
325.58669217841333
 10
295.879517730215
 20
326.554044349024
  0
LWPOLYLINE
  5
5DE
330
17
100
AcDbEntity
  8
OBJECT
370
18
100
AcDbPolyline
 90
2
 70
0
 10
295.879517730215
 20
334.2832666115537
 10
295.879517730215
 20
339.7366623190052
  0
LWPOLYLINE
  5
5DF
330
17
100
AcDbEntity
  8
OBJECT
370
18
100
AcDbPolyline
 90
2
 70
0
 10
295.879517730215
 20
340.8531055347039
 10
295.879517730215
 20
340.93157859641076
  0
LWPOLYLINE
  5
5E0
330
17
100
AcDbEntity
  8
OBJECT
370
18
100
AcDbPolyline
 90
2
 70
0
 10
295.879517730215
 20
342.0480218121095
 10
295.879517730215
 20
342.1264948738163
  0
LWPOLYLINE
  5
5E1
330
17
100
AcDbEntity
  8
OBJECT
370
18
100
AcDbPolyline
 90
2
 70
0
 10
295.879517730215
 20
343.242938089515
 10
295.879517730215
 20
343.32141115122187
  0
LWPOLYLINE
  5
5E2
330
17
100
AcDbEntity
  8
OBJECT
370
18
100
AcDbPolyline
 90
2
 70
0
 10
311.1146736121346
 20
325.58669217841333
 10
311.1146736121346
 20
326.554044349024
  0
LWPOLYLINE
  5
5E3
330
17
100
AcDbEntity
  8
OBJECT
370
18
100
AcDbPolyline
 90
2
 70
0
 10
311.1146736121346
 20
334.2832666115537
 10
311.1146736121346
 20
344.3013477207824
  0
LWPOLYLINE
  5
5E4
330
17
100
AcDbEntity
  8
OBJECT
370
18
100
AcDbPolyline
 90
2
 70
0
 10
294.9777751329199
 20
335.9101460308235
 10
294.9777751329199
 20
336.85247179319987
  0
LWPOLYLINE
  5
5E5
330
17
100
AcDbEntity
  8
OBJECT
370
18
100
AcDbPolyline
 90
2
 70
0
 10
294.9777751329199
 20
331.40143304434787
 10
294.9777751329199
 20
335.9101460308235
  0
LWPOLYLINE
  5
5E6
330
17
100
AcDbEntity
  8
OBJECT
370
18
100
AcDbPolyline
 90
2
 70
0
 10
312.0164162094297
 20
335.9101460308235
 10
312.0164162094297
 20
336.85247179319987
  0
LWPOLYLINE
  5
5E7
330
17
100
AcDbEntity
  8
OBJECT
370
18
100
AcDbPolyline
 90
2
 70
0
 10
312.0164162094297
 20
331.40143304434787
 10
312.0164162094297
 20
335.9101460308235
  0
LWPOLYLINE
  5
5E8
330
17
100
AcDbEntity
  8
OBJECT
370
18
100
AcDbPolyline
 90
2
 70
0
 10
294.9777751329199
 20
342.0480218121095
 10
294.9777751329199
 20
342.1264948738163
  0
LWPOLYLINE
  5
5E9
330
17
100
AcDbEntity
  8
OBJECT
370
18
100
AcDbPolyline
 90
2
 70
0
 10
294.9777751329199
 20
336.85247179319987
 10
294.9777751329199
 20
339.7366623190052
  0
LWPOLYLINE
  5
5EA
330
17
100
AcDbEntity
  8
OBJECT
370
18
100
AcDbPolyline
 90
2
 70
0
 10
294.9777751329199
 20
340.8531055347039
 10
294.9777751329199
 20
340.93157859641076
  0
LWPOLYLINE
  5
5EB
330
17
100
AcDbEntity
  8
OBJECT
370
18
100
AcDbPolyline
 90
2
 70
0
 10
312.0164162094297
 20
336.85247179319987
 10
312.0164162094297
 20
341.10570054018194
  0
LWPOLYLINE
  5
5EC
330
17
100
AcDbEntity
  8
OBJECT
370
18
100
AcDbPolyline
 90
2
 70
0
 10
294.9777751329199
 20
346.82768692173175
 10
294.9777751329199
 20
346.9061599834386
  0
LWPOLYLINE
  5
5ED
330
17
100
AcDbEntity
  8
OBJECT
370
18
100
AcDbPolyline
 90
2
 70
0
 10
294.9777751329199
 20
348.02260319913734
 10
294.9777751329199
 20
348.10107626084414
  0
LWPOLYLINE
  5
5EE
330
17
100
AcDbEntity
  8
OBJECT
370
18
100
AcDbPolyline
 90
2
 70
0
 10
294.9777751329199
 20
349.21751947654286
 10
294.9777751329199
 20
349.2959925382497
  0
LWPOLYLINE
  5
5EF
330
17
100
AcDbEntity
  8
OBJECT
370
18
100
AcDbPolyline
 90
2
 70
0
 10
294.9777751329199
 20
343.242938089515
 10
294.9777751329199
 20
343.32141115122187
  0
LWPOLYLINE
  5
5F0
330
17
100
AcDbEntity
  8
OBJECT
370
18
100
AcDbPolyline
 90
2
 70
0
 10
294.9777751329199
 20
344.4378543669206
 10
294.9777751329199
 20
344.51632742862745
  0
LWPOLYLINE
  5
5F1
330
17
100
AcDbEntity
  8
OBJECT
370
18
100
AcDbPolyline
 90
2
 70
0
 10
294.9777751329199
 20
345.6327706443262
 10
294.9777751329199
 20
345.71124370603303
  0
LWPOLYLINE
  5
5F2
330
17
100
AcDbEntity
  8
OBJECT
370
18
100
AcDbPolyline
 90
2
 70
0
 10
295.76787340864513
 20
352.2632622773803
 10
295.76787340864513
 20
361.88184998186165
  0
LWPOLYLINE
  5
5F3
330
17
100
AcDbEntity
  8
OBJECT
370
18
100
AcDbPolyline
 90
2
 70
0
 10
295.76787340864513
 20
343.242938089515
 10
295.76787340864513
 20
343.32141115122187
  0
LWPOLYLINE
  5
5F4
330
17
100
AcDbEntity
  8
OBJECT
370
18
100
AcDbPolyline
 90
2
 70
0
 10
295.76787340864513
 20
344.4378543669206
 10
295.76787340864513
 20
344.51632742862745
  0
LWPOLYLINE
  5
5F5
330
17
100
AcDbEntity
  8
OBJECT
370
18
100
AcDbPolyline
 90
2
 70
0
 10
295.76787340864513
 20
345.6327706443262
 10
295.76787340864513
 20
345.71124370603303
  0
LWPOLYLINE
  5
5F6
330
17
100
AcDbEntity
  8
OBJECT
370
18
100
AcDbPolyline
 90
2
 70
0
 10
295.76787340864513
 20
346.82768692173175
 10
295.76787340864513
 20
352.2632622773803
  0
LWPOLYLINE
  5
5F7
330
17
100
AcDbEntity
  8
OBJECT
370
18
100
AcDbPolyline
 90
2
 70
0
 10
295.42435241919935
 20
352.8022683087596
 10
295.42435241919935
 20
352.88074137046647
  0
LWPOLYLINE
  5
5F8
330
17
100
AcDbEntity
  8
OBJECT
370
18
100
AcDbPolyline
 90
2
 70
0
 10
295.42435241919935
 20
353.9971845861652
 10
295.42435241919935
 20
354.075657647872
  0
LWPOLYLINE
  5
5F9
330
17
100
AcDbEntity
  8
OBJECT
370
18
100
AcDbPolyline
 90
2
 70
0
 10
295.42435241919935
 20
355.1921008635708
 10
295.42435241919935
 20
355.2705739252776
  0
LWPOLYLINE
  5
5FA
330
17
100
AcDbEntity
  8
OBJECT
370
18
100
AcDbPolyline
 90
2
 70
0
 10
295.42435241919935
 20
356.3870171409763
 10
295.42435241919935
 20
360.3428759491446
  0
LWPOLYLINE
  5
5FB
330
17
100
AcDbEntity
  8
OBJECT
370
18
100
AcDbPolyline
 90
2
 70
0
 10
295.42435241919935
 20
344.4378543669206
 10
295.42435241919935
 20
344.51632742862745
  0
LWPOLYLINE
  5
5FC
330
17
100
AcDbEntity
  8
OBJECT
370
18
100
AcDbPolyline
 90
2
 70
0
 10
295.42435241919935
 20
345.6327706443262
 10
295.42435241919935
 20
345.71124370603303
  0
LWPOLYLINE
  5
5FD
330
17
100
AcDbEntity
  8
OBJECT
370
18
100
AcDbPolyline
 90
2
 70
0
 10
295.42435241919935
 20
346.82768692173175
 10
295.42435241919935
 20
346.9061599834386
  0
LWPOLYLINE
  5
5FE
330
17
100
AcDbEntity
  8
OBJECT
370
18
100
AcDbPolyline
 90
2
 70
0
 10
295.42435241919935
 20
348.02260319913734
 10
295.42435241919935
 20
348.10107626084414
  0
LWPOLYLINE
  5
5FF
330
17
100
AcDbEntity
  8
OBJECT
370
18
100
AcDbPolyline
 90
2
 70
0
 10
295.42435241919935
 20
349.21751947654286
 10
295.42435241919935
 20
349.2959925382497
  0
LWPOLYLINE
  5
600
330
17
100
AcDbEntity
  8
OBJECT
370
18
100
AcDbPolyline
 90
2
 70
0
 10
295.42435241919935
 20
350.41243575394844
 10
295.42435241919935
 20
350.4909088156553
  0
LWPOLYLINE
  5
601
330
17
100
AcDbEntity
  8
OBJECT
370
18
100
AcDbPolyline
 90
2
 70
0
 10
295.42435241919935
 20
351.607352031354
 10
295.42435241919935
 20
351.6858250930609
  0
LWPOLYLINE
  5
602
330
17
100
AcDbEntity
  8
OBJECT
370
18
100
AcDbPolyline
 90
2
 70
0
 10
295.1667116771151
 20
352.8022683087596
 10
295.1667116771151
 20
352.88074137046647
  0
LWPOLYLINE
  5
603
330
17
100
AcDbEntity
  8
OBJECT
370
18
100
AcDbPolyline
 90
2
 70
0
 10
295.1667116771151
 20
353.9971845861652
 10
295.1667116771151
 20
354.075657647872
  0
LWPOLYLINE
  5
604
330
17
100
AcDbEntity
  8
OBJECT
370
18
100
AcDbPolyline
 90
2
 70
0
 10
295.1667116771151
 20
355.1921008635708
 10
295.1667116771151
 20
355.2705739252776
  0
LWPOLYLINE
  5
605
330
17
100
AcDbEntity
  8
OBJECT
370
18
100
AcDbPolyline
 90
2
 70
0
 10
295.1667116771151
 20
356.3870171409763
 10
295.1667116771151
 20
356.46549020268316
  0
LWPOLYLINE
  5
606
330
17
100
AcDbEntity
  8
OBJECT
370
18
100
AcDbPolyline
 90
2
 70
0
 10
295.1667116771151
 20
357.5819334183819
 10
295.1667116771151
 20
357.66040648008874
  0
LWPOLYLINE
  5
607
330
17
100
AcDbEntity
  8
OBJECT
370
18
100
AcDbPolyline
 90
2
 70
0
 10
295.1667116771151
 20
346.82768692173175
 10
295.1667116771151
 20
346.9061599834386
  0
LWPOLYLINE
  5
608
330
17
100
AcDbEntity
  8
OBJECT
370
18
100
AcDbPolyline
 90
2
 70
0
 10
295.1667116771151
 20
348.02260319913734
 10
295.1667116771151
 20
348.10107626084414
  0
LWPOLYLINE
  5
609
330
17
100
AcDbEntity
  8
OBJECT
370
18
100
AcDbPolyline
 90
2
 70
0
 10
295.1667116771151
 20
349.21751947654286
 10
295.1667116771151
 20
349.2959925382497
  0
LWPOLYLINE
  5
60A
330
17
100
AcDbEntity
  8
OBJECT
370
18
100
AcDbPolyline
 90
2
 70
0
 10
295.1667116771151
 20
350.41243575394844
 10
295.1667116771151
 20
350.4909088156553
  0
LWPOLYLINE
  5
60B
330
17
100
AcDbEntity
  8
OBJECT
370
18
100
AcDbPolyline
 90
2
 70
0
 10
295.1667116771151
 20
351.607352031354
 10
295.1667116771151
 20
351.6858250930609
  0
LWPOLYLINE
  5
60C
330
17
100
AcDbEntity
  8
OBJECT
370
18
100
AcDbPolyline
 90
2
 70
0
 10
294.90907093503074
 20
352.8022683087596
 10
294.90907093503074
 20
352.88074137046647
  0
LWPOLYLINE
  5
60D
330
17
100
AcDbEntity
  8
OBJECT
370
18
100
AcDbPolyline
 90
2
 70
0
 10
294.90907093503074
 20
353.9971845861652
 10
294.90907093503074
 20
354.075657647872
  0
LWPOLYLINE
  5
60E
330
17
100
AcDbEntity
  8
OBJECT
370
18
100
AcDbPolyline
 90
2
 70
0
 10
294.90907093503074
 20
350.41243575394844
 10
294.90907093503074
 20
350.4909088156553
  0
LWPOLYLINE
  5
60F
330
17
100
AcDbEntity
  8
OBJECT
370
18
100
AcDbPolyline
 90
2
 70
0
 10
294.90907093503074
 20
351.607352031354
 10
294.90907093503074
 20
351.6858250930609
  0
LWPOLYLINE
  5
610
330
17
100
AcDbEntity
  8
OBJECT
370
18
100
AcDbPolyline
 90
2
 70
0
 10
311.2263179337044
 20
352.2632622773803
 10
311.2263179337044
 20
363.42082401457867
  0
LWPOLYLINE
  5
611
330
17
100
AcDbEntity
  8
OBJECT
370
18
100
AcDbPolyline
 90
2
 70
0
 10
311.2263179337044
 20
341.10570054018194
 10
311.2263179337044
 20
352.2632622773803
  0
LWPOLYLINE
  5
612
330
17
100
AcDbEntity
  8
OBJECT
370
18
100
AcDbPolyline
 90
2
 70
0
 10
312.4286413967646
 20
352.2632622773803
 10
312.4286413967646
 20
363.42082401457867
  0
LWPOLYLINE
  5
613
330
17
100
AcDbEntity
  8
OBJECT
370
18
100
AcDbPolyline
 90
2
 70
0
 10
312.4286413967646
 20
341.10570054018194
 10
312.4286413967646
 20
352.2632622773803
  0
LWPOLYLINE
  5
614
330
17
100
AcDbEntity
  8
OBJECT
370
18
100
AcDbPolyline
 90
2
 70
0
 10
283.43976389991036
 20
346.7841024957204
 10
283.43976389991036
 20
357.7424220590402
  0
LWPOLYLINE
  5
615
330
17
100
AcDbEntity
  8
OBJECT
370
18
100
AcDbPolyline
 90
2
 70
0
 10
283.43976389991036
 20
346.7841024957204
 10
292.7078245947723
 20
346.7841024957204
  0
LWPOLYLINE
  5
616
330
17
100
AcDbEntity
  8
OBJECT
370
18
100
AcDbPolyline
 90
2
 70
0
 10
294.39808346323014
 20
346.82768692173175
 10
294.39808346323014
 20
346.9061599834386
  0
LWPOLYLINE
  5
617
330
17
100
AcDbEntity
  8
OBJECT
370
18
100
AcDbPolyline
 90
2
 70
0
 10
294.39808346323014
 20
348.02260319913734
 10
294.39808346323014
 20
348.10107626084414
  0
LWPOLYLINE
  5
618
330
17
100
AcDbEntity
  8
OBJECT
370
18
100
AcDbPolyline
 90
2
 70
0
 10
294.39808346323014
 20
349.21751947654286
 10
294.39808346323014
 20
349.2959925382497
  0
LWPOLYLINE
  5
619
330
17
100
AcDbEntity
  8
OBJECT
370
18
100
AcDbPolyline
 90
2
 70
0
 10
294.39808346323014
 20
350.41243575394844
 10
294.39808346323014
 20
350.4909088156553
  0
LWPOLYLINE
  5
61A
330
17
100
AcDbEntity
  8
OBJECT
370
18
100
AcDbPolyline
 90
2
 70
0
 10
294.39808346323014
 20
351.607352031354
 10
294.39808346323014
 20
351.6858250930609
  0
LWPOLYLINE
  5
61B
330
17
100
AcDbEntity
  8
OBJECT
370
18
100
AcDbPolyline
 90
2
 70
0
 10
294.39808346323014
 20
352.8022683087596
 10
294.39808346323014
 20
352.88074137046647
  0
LWPOLYLINE
  5
61C
330
17
100
AcDbEntity
  8
OBJECT
370
18
100
AcDbPolyline
 90
2
 70
0
 10
294.39808346323014
 20
353.9971845861652
 10
294.39808346323014
 20
354.075657647872
  0
LWPOLYLINE
  5
61D
330
17
100
AcDbEntity
  8
OBJECT
370
18
100
AcDbPolyline
 90
2
 70
0
 10
294.39808346323014
 20
355.1921008635708
 10
294.39808346323014
 20
355.2705739252776
  0
LWPOLYLINE
  5
61E
330
17
100
AcDbEntity
  8
OBJECT
370
18
100
AcDbPolyline
 90
2
 70
0
 10
294.39808346323014
 20
356.3870171409763
 10
294.39808346323014
 20
356.46549020268316
  0
LWPOLYLINE
  5
61F
330
17
100
AcDbEntity
  8
OBJECT
370
18
100
AcDbPolyline
 90
2
 70
0
 10
294.39808346323014
 20
357.5819334183819
 10
294.39808346323014
 20
357.66040648008874
  0
LWPOLYLINE
  5
620
330
17
100
AcDbEntity
  8
OBJECT
370
18
100
AcDbPolyline
 90
2
 70
0
 10
283.43976389991036
 20
357.7424220590402
 10
292.2558232928646
 20
357.7424220590402
  0
LWPOLYLINE
  5
621
330
17
100
AcDbEntity
  8
OBJECT
370
18
100
AcDbPolyline
 90
2
 70
0
 10
281.44734216112494
 20
357.24431662434387
 10
281.44734216112494
 20
359.73484379782565
  0
LWPOLYLINE
  5
622
330
17
100
AcDbEntity
  8
OBJECT
370
18
100
AcDbPolyline
 90
2
 70
0
 10
281.44734216112494
 20
357.24431662434387
 10
283.43976389991036
 20
357.24431662434387
  0
LWPOLYLINE
  5
623
330
17
100
AcDbEntity
  8
OBJECT
370
18
100
AcDbPolyline
 90
2
 70
0
 10
285.1831329213476
 20
357.7424220590402
 10
285.1831329213476
 20
359.73484379782565
  0
LWPOLYLINE
  5
624
330
17
100
AcDbEntity
  8
OBJECT
370
18
100
AcDbPolyline
 90
2
 70
0
 10
281.44734216112494
 20
359.73484379782565
 10
285.1831329213476
 20
359.73484379782565
  0
LWPOLYLINE
  5
625
330
17
100
AcDbEntity
  8
OBJECT
370
18
100
AcDbPolyline
 90
2
 70
0
 10
313.28744387037904
 20
352.2632622773803
 10
313.28744387037904
 20
352.8472479594381
  0
LWPOLYLINE
  5
626
330
17
100
AcDbEntity
  8
OBJECT
370
18
100
AcDbPolyline
 90
2
 70
0
 10
313.28744387037904
 20
351.6792765953225
 10
313.28744387037904
 20
352.2632622773803
  0
LWPOLYLINE
  5
627
330
17
100
AcDbEntity
  8
OBJECT
370
18
100
AcDbPolyline
 90
2
 70
0
 10
313.7340211566585
 20
352.2632622773803
 10
313.7340211566585
 20
352.8472479594381
  0
LWPOLYLINE
  5
628
330
17
100
AcDbEntity
  8
OBJECT
370
18
100
AcDbPolyline
 90
2
 70
0
 10
313.7340211566585
 20
351.6792765953225
 10
313.7340211566585
 20
352.2632622773803
  0
LWPOLYLINE
  5
629
330
17
100
AcDbEntity
  8
OBJECT
370
18
100
AcDbPolyline
 90
2
 70
0
 10
313.28744387037904
 20
356.63971968291935
 10
313.28744387037904
 20
357.2237053649771
  0
LWPOLYLINE
  5
62A
330
17
100
AcDbEntity
  8
OBJECT
370
18
100
AcDbPolyline
 90
2
 70
0
 10
313.28744387037904
 20
356.05573400086155
 10
313.28744387037904
 20
356.63971968291935
  0
LWPOLYLINE
  5
62B
330
17
100
AcDbEntity
  8
OBJECT
370
18
100
AcDbPolyline
 90
2
 70
0
 10
313.7340211566585
 20
356.63971968291935
 10
313.7340211566585
 20
357.2237053649771
  0
LWPOLYLINE
  5
62C
330
17
100
AcDbEntity
  8
OBJECT
370
18
100
AcDbPolyline
 90
2
 70
0
 10
313.7340211566585
 20
356.05573400086155
 10
313.7340211566585
 20
356.63971968291935
  0
LWPOLYLINE
  5
62D
330
17
100
AcDbEntity
  8
OBJECT
370
18
100
AcDbPolyline
 90
2
 70
0
 10
313.28744387037904
 20
359.84350886093495
 10
313.28744387037904
 20
360.42749454299275
  0
LWPOLYLINE
  5
62E
330
17
100
AcDbEntity
  8
OBJECT
370
18
100
AcDbPolyline
 90
2
 70
0
 10
313.28744387037904
 20
359.25952317887715
 10
313.28744387037904
 20
359.84350886093495
  0
LWPOLYLINE
  5
62F
330
17
100
AcDbEntity
  8
OBJECT
370
18
100
AcDbPolyline
 90
2
 70
0
 10
313.7340211566585
 20
359.84350886093495
 10
313.7340211566585
 20
360.42749454299275
  0
LWPOLYLINE
  5
630
330
17
100
AcDbEntity
  8
OBJECT
370
18
100
AcDbPolyline
 90
2
 70
0
 10
313.7340211566585
 20
359.25952317887715
 10
313.7340211566585
 20
359.84350886093495
  0
LWPOLYLINE
  5
631
330
17
100
AcDbEntity
  8
OBJECT
370
18
100
AcDbPolyline
 90
2
 70
0
 10
313.28744387037904
 20
361.01617708845833
 10
313.28744387037904
 20
361.60016277051614
  0
LWPOLYLINE
  5
632
330
17
100
AcDbEntity
  8
OBJECT
370
18
100
AcDbPolyline
 90
2
 70
0
 10
313.28744387037904
 20
360.43219140640053
 10
313.28744387037904
 20
361.01617708845833
  0
LWPOLYLINE
  5
633
330
17
100
AcDbEntity
  8
OBJECT
370
18
100
AcDbPolyline
 90
2
 70
0
 10
313.7340211566585
 20
361.01617708845833
 10
313.7340211566585
 20
361.60016277051614
  0
LWPOLYLINE
  5
634
330
17
100
AcDbEntity
  8
OBJECT
370
18
100
AcDbPolyline
 90
2
 70
0
 10
313.7340211566585
 20
360.43219140640053
 10
313.7340211566585
 20
361.01617708845833
  0
LWPOLYLINE
  5
635
330
17
100
AcDbEntity
  8
OBJECT
370
18
100
AcDbPolyline
 90
2
 70
0
 10
313.28744387037904
 20
343.5103474663023
 10
313.28744387037904
 20
344.0943331483601
  0
LWPOLYLINE
  5
636
330
17
100
AcDbEntity
  8
OBJECT
370
18
100
AcDbPolyline
 90
2
 70
0
 10
313.28744387037904
 20
342.9263617842445
 10
313.28744387037904
 20
343.5103474663023
  0
LWPOLYLINE
  5
637
330
17
100
AcDbEntity
  8
OBJECT
370
18
100
AcDbPolyline
 90
2
 70
0
 10
313.7340211566585
 20
343.5103474663023
 10
313.7340211566585
 20
344.0943331483601
  0
LWPOLYLINE
  5
638
330
17
100
AcDbEntity
  8
OBJECT
370
18
100
AcDbPolyline
 90
2
 70
0
 10
313.7340211566585
 20
342.9263617842445
 10
313.7340211566585
 20
343.5103474663023
  0
LWPOLYLINE
  5
639
330
17
100
AcDbEntity
  8
OBJECT
370
18
100
AcDbPolyline
 90
2
 70
0
 10
313.28744387037904
 20
344.68301569382567
 10
313.28744387037904
 20
345.26700137588347
  0
LWPOLYLINE
  5
63A
330
17
100
AcDbEntity
  8
OBJECT
370
18
100
AcDbPolyline
 90
2
 70
0
 10
313.28744387037904
 20
344.09903001176787
 10
313.28744387037904
 20
344.68301569382567
  0
LWPOLYLINE
  5
63B
330
17
100
AcDbEntity
  8
OBJECT
370
18
100
AcDbPolyline
 90
2
 70
0
 10
313.7340211566585
 20
344.68301569382567
 10
313.7340211566585
 20
345.26700137588347
  0
LWPOLYLINE
  5
63C
330
17
100
AcDbEntity
  8
OBJECT
370
18
100
AcDbPolyline
 90
2
 70
0
 10
313.7340211566585
 20
344.09903001176787
 10
313.7340211566585
 20
344.68301569382567
  0
LWPOLYLINE
  5
63D
330
17
100
AcDbEntity
  8
OBJECT
370
18
100
AcDbPolyline
 90
2
 70
0
 10
313.28744387037904
 20
347.8868048718413
 10
313.28744387037904
 20
348.47079055389906
  0
LWPOLYLINE
  5
63E
330
17
100
AcDbEntity
  8
OBJECT
370
18
100
AcDbPolyline
 90
2
 70
0
 10
313.28744387037904
 20
347.3028191897835
 10
313.28744387037904
 20
347.8868048718413
  0
LWPOLYLINE
  5
63F
330
17
100
AcDbEntity
  8
OBJECT
370
18
100
AcDbPolyline
 90
2
 70
0
 10
313.7340211566585
 20
347.8868048718413
 10
313.7340211566585
 20
348.47079055389906
  0
LWPOLYLINE
  5
640
330
17
100
AcDbEntity
  8
OBJECT
370
18
100
AcDbPolyline
 90
2
 70
0
 10
313.7340211566585
 20
347.3028191897835
 10
313.7340211566585
 20
347.8868048718413
  0
LWPOLYLINE
  5
641
330
17
100
AcDbEntity
  8
OBJECT
370
18
100
AcDbPolyline
 90
2
 70
0
 10
296.9873729211776
 20
324.04597970646006
 10
296.9873729211776
 20
325.6444860938423
  0
LWPOLYLINE
  5
642
330
17
100
AcDbEntity
  8
OBJECT
370
18
100
AcDbPolyline
 90
2
 70
0
 10
296.9873729211776
 20
335.1928248667354
 10
296.9873729211776
 20
336.7913312541143
  0
LWPOLYLINE
  5
643
330
17
100
AcDbEntity
  8
OBJECT
370
18
100
AcDbPolyline
 90
2
 70
0
 10
296.9873729211776
 20
324.04597970646006
 10
297.3995981085125
 20
324.04597970646006
  0
LWPOLYLINE
  5
644
330
17
100
AcDbEntity
  8
OBJECT
370
18
100
AcDbPolyline
 90
2
 70
0
 10
298.1896963842378
 20
336.5014752557988
 10
298.1896963842378
 20
336.7913312541143
  0
LWPOLYLINE
  5
645
330
17
100
AcDbEntity
  8
OBJECT
370
18
100
AcDbPolyline
 90
2
 70
0
 10
296.9873729211776
 20
336.7913312541143
 10
298.1896963842378
 20
336.7913312541143
  0
LWPOLYLINE
  5
646
330
17
100
AcDbEntity
  8
OBJECT
370
18
100
AcDbPolyline
 90
2
 70
0
 10
296.9873729211776
 20
358.63593805120746
 10
296.9873729211776
 20
336.7913312541143
  0
LWPOLYLINE
  5
647
330
17
100
AcDbEntity
  8
OBJECT
370
18
100
AcDbPolyline
 90
2
 70
0
 10
298.1896963842378
 20
358.63593805120746
 10
298.1896963842378
 20
336.7913312541143
  0
LWPOLYLINE
  5
648
330
17
100
AcDbEntity
  8
OBJECT
370
18
100
AcDbPolyline
 90
2
 70
0
 10
308.80449495811183
 20
336.5014752557988
 10
308.80449495811183
 20
336.7913312541143
  0
LWPOLYLINE
  5
649
330
17
100
AcDbEntity
  8
OBJECT
370
18
100
AcDbPolyline
 90
2
 70
0
 10
309.5945932338371
 20
324.04597970646006
 10
310.006818421172
 20
324.04597970646006
  0
LWPOLYLINE
  5
64A
330
17
100
AcDbEntity
  8
OBJECT
370
18
100
AcDbPolyline
 90
2
 70
0
 10
310.006818421172
 20
324.04597970646006
 10
310.006818421172
 20
325.6444860938423
  0
LWPOLYLINE
  5
64B
330
17
100
AcDbEntity
  8
OBJECT
370
18
100
AcDbPolyline
 90
2
 70
0
 10
310.006818421172
 20
335.1928248667354
 10
310.006818421172
 20
336.7913312541143
  0
LWPOLYLINE
  5
64C
330
17
100
AcDbEntity
  8
OBJECT
370
18
100
AcDbPolyline
 90
2
 70
0
 10
308.80449495811183
 20
336.7913312541143
 10
310.006818421172
 20
336.7913312541143
  0
LWPOLYLINE
  5
64D
330
17
100
AcDbEntity
  8
OBJECT
370
18
100
AcDbPolyline
 90
2
 70
0
 10
308.80449495811183
 20
358.63593805120746
 10
308.80449495811183
 20
336.7913312541143
  0
LWPOLYLINE
  5
64E
330
17
100
AcDbEntity
  8
OBJECT
370
18
100
AcDbPolyline
 90
2
 70
0
 10
310.006818421172
 20
358.63593805120746
 10
310.006818421172
 20
336.7913312541143
  0
LWPOLYLINE
  5
64F
330
17
100
AcDbEntity
  8
OBJECT
370
18
100
AcDbPolyline
 90
2
 70
0
 10
296.2144506949246
 20
347.4574487820199
 10
296.2144506949246
 20
351.21470960408294
  0
LWPOLYLINE
  5
650
330
17
100
AcDbEntity
  8
OBJECT
370
18
100
AcDbPolyline
 90
2
 70
0
 10
296.2144506949246
 20
345.5351118368395
 10
296.2144506949246
 20
347.4574487820199
  0
LWPOLYLINE
  5
651
330
17
100
AcDbEntity
  8
OBJECT
370
18
100
AcDbPolyline
 90
2
 70
0
 10
310.77974064742494
 20
347.4574487820199
 10
310.77974064742494
 20
351.21470960408294
  0
LWPOLYLINE
  5
652
330
17
100
AcDbEntity
  8
OBJECT
370
18
100
AcDbPolyline
 90
2
 70
0
 10
310.77974064742494
 20
345.5351118368395
 10
310.77974064742494
 20
347.4574487820199
  0
LWPOLYLINE
  5
653
330
17
100
AcDbEntity
  8
OBJECT
370
18
100
AcDbPolyline
 90
2
 70
0
 10
296.2144506949246
 20
341.7778510147765
 10
296.2144506949246
 20
345.5351118368395
  0
LWPOLYLINE
  5
654
330
17
100
AcDbEntity
  8
OBJECT
370
18
100
AcDbPolyline
 90
2
 70
0
 10
296.2144506949246
 20
339.8555140695953
 10
296.2144506949246
 20
341.7778510147765
  0
LWPOLYLINE
  5
655
330
17
100
AcDbEntity
  8
OBJECT
370
18
100
AcDbPolyline
 90
2
 70
0
 10
310.77974064742494
 20
341.7778510147765
 10
310.77974064742494
 20
345.5351118368395
  0
LWPOLYLINE
  5
656
330
17
100
AcDbEntity
  8
OBJECT
370
18
100
AcDbPolyline
 90
2
 70
0
 10
310.77974064742494
 20
339.8555140695953
 10
310.77974064742494
 20
341.7778510147765
  0
LWPOLYLINE
  5
657
330
17
100
AcDbEntity
  8
OBJECT
370
18
100
AcDbPolyline
 90
2
 70
0
 10
296.2144506949246
 20
336.0982532475323
 10
296.2144506949246
 20
339.8555140695953
  0
LWPOLYLINE
  5
658
330
17
100
AcDbEntity
  8
OBJECT
370
18
100
AcDbPolyline
 90
2
 70
0
 10
296.2144506949246
 20
334.2832666115537
 10
296.2144506949246
 20
336.0982532475323
  0
LWPOLYLINE
  5
659
330
17
100
AcDbEntity
  8
OBJECT
370
18
100
AcDbPolyline
 90
2
 70
0
 10
310.77974064742494
 20
336.0982532475323
 10
310.77974064742494
 20
339.8555140695953
  0
LWPOLYLINE
  5
65A
330
17
100
AcDbEntity
  8
OBJECT
370
18
100
AcDbPolyline
 90
2
 70
0
 10
310.77974064742494
 20
334.2832666115537
 10
310.77974064742494
 20
336.0982532475323
  0
LWPOLYLINE
  5
65B
330
17
100
AcDbEntity
  8
OBJECT
370
18
100
AcDbPolyline
 90
2
 70
0
 10
298.1896963842378
 20
336.9790733744728
 10
298.7736820662956
 20
336.9790733744728
  0
LWPOLYLINE
  5
65C
330
17
100
AcDbEntity
  8
OBJECT
370
18
100
AcDbPolyline
 90
2
 70
0
 10
308.22050927605403
 20
336.9790733744728
 10
308.80449495811183
 20
336.9790733744728
  0
LWPOLYLINE
  5
65D
330
17
100
AcDbEntity
  8
OBJECT
370
18
100
AcDbPolyline
 90
2
 70
0
 10
298.1896963842378
 20
337.6849574112867
 10
298.7736820662956
 20
337.6849574112867
  0
LWPOLYLINE
  5
65E
330
17
100
AcDbEntity
  8
OBJECT
370
18
100
AcDbPolyline
 90
2
 70
0
 10
308.22050927605403
 20
337.6849574112867
 10
308.80449495811183
 20
337.6849574112867
  0
LWPOLYLINE
  5
65F
330
17
100
AcDbEntity
  8
OBJECT
370
18
100
AcDbPolyline
 90
2
 70
0
 10
297.8633514442643
 20
359.5295642083832
 10
297.8633514442643
 20
358.63593805120746
  0
LWPOLYLINE
  5
660
330
17
100
AcDbEntity
  8
OBJECT
370
18
100
AcDbPolyline
 90
2
 70
0
 10
309.1308398980853
 20
359.5295642083832
 10
309.1308398980853
 20
358.63593805120746
  0
LWPOLYLINE
  5
661
330
17
100
AcDbEntity
  8
OBJECT
370
18
100
AcDbPolyline
 90
2
 70
0
 10
295.6819931612837
 20
361.07728570603035
 10
295.76787340864513
 20
361.07728570603035
  0
LWPOLYLINE
  5
662
330
17
100
AcDbEntity
  8
OBJECT
370
18
100
AcDbPolyline
 90
2
 70
0
 10
291.55974128793457
 20
337.5326345863897
 10
291.55974128793457
 20
346.7841024957204
  0
LWPOLYLINE
  5
663
330
17
100
AcDbEntity
  8
OBJECT
370
18
100
AcDbPolyline
 90
2
 70
0
 10
293.27734623516335
 20
359.97176597319304
 10
293.27734623516335
 20
360.05023903489985
  0
LWPOLYLINE
  5
664
330
17
100
AcDbEntity
  8
OBJECT
370
18
100
AcDbPolyline
 90
2
 70
0
 10
293.27734623516335
 20
361.16668225059857
 10
293.27734623516335
 20
361.2451553123054
  0
LWPOLYLINE
  5
665
330
17
100
AcDbEntity
  8
OBJECT
370
18
100
AcDbPolyline
 90
2
 70
0
 10
295.3023120676925
 20
359.8344405582727
 10
295.42435241919935
 20
359.8344405582727
  0
LWPOLYLINE
  5
666
330
17
100
AcDbEntity
  8
OBJECT
370
18
100
AcDbPolyline
 90
2
 70
0
 10
295.6819931612837
 20
360.3428759491446
 10
295.6819931612837
 20
361.8681334687797
  0
LWPOLYLINE
  5
667
330
17
100
AcDbEntity
  8
OBJECT
370
18
100
AcDbPolyline
 90
2
 70
0
 10
295.21191180730756
 20
361.8681334687797
 10
295.6819931612837
 20
361.8681334687797
  0
LWPOLYLINE
  5
668
330
17
100
AcDbEntity
  8
OBJECT
370
18
100
AcDbPolyline
 90
2
 70
0
 10
293.27734623516335
 20
358.77684969578746
 10
293.27734623516335
 20
358.8553227574943
  0
LWPOLYLINE
  5
669
330
17
100
AcDbEntity
  8
OBJECT
370
18
100
AcDbPolyline
 90
10
 70
0
 10
303.4970956711748
 20
322.34591222831347
 10
304.0809658684534
 20
322.3670544466407
 10
304.6617777964919
 20
322.4303703602345
 10
305.23648920503985
 20
322.53552832498667
 10
305.80208979792025
 20
322.68197753119574
 10
306.35561700074
 20
322.86895088866834
 10
306.89417147863674
 20
323.09546904468095
 10
307.41493232278253
 20
323.36034551375764
 10
307.915171826097
 20
323.66219289239405
 10
308.3922697707769
 20
323.9994301261749
  0
LWPOLYLINE
  5
66A
330
17
100
AcDbEntity
  8
OBJECT
370
18
100
AcDbPolyline
 90
6
 70
0
 10
309.9381142232828
 20
325.5521923268565
 10
310.079168316143
 20
325.74473813948407
 10
310.21446843717416
 20
325.9413698366287
 10
310.3438963085742
 20
326.1419155251336
 10
310.467338785994
 20
326.3461998902756
 10
310.58468795744653
 20
326.554044349024
  0
LWPOLYLINE
  5
66B
330
17
100
AcDbEntity
  8
OBJECT
370
18
100
AcDbPolyline
 90
9
 70
0
 10
311.2263179337044
 20
328.088782773738
 10
311.3760028808033
 20
328.66024574579046
 10
311.4834969406819
 20
329.2411248544748
 10
311.54822449166625
 20
329.82830954088837
 10
311.5698389231502
 20
330.41865548028886
 10
311.54822449166625
 20
331.00900141968935
 10
311.4834969406819
 20
331.59618610610295
 10
311.3760028808033
 20
332.1770652147872
 10
311.2263179337044
 20
332.74852818683974
  0
LWPOLYLINE
  5
66C
330
17
100
AcDbEntity
  8
OBJECT
370
18
100
AcDbPolyline
 90
10
 70
0
 10
310.58468795744653
 20
334.2832666115537
 10
310.26783922866605
 20
334.81481463243574
 10
309.91120537255995
 20
335.3205306674913
 10
309.5168819822124
 20
335.7974431115083
 10
309.08718611573653
 20
336.2427496101887
 10
308.62464268115974
 20
336.65383352688133
 10
308.131969599975
 20
337.0282793180305
 10
307.61206183653854
 20
337.3638867269952
 10
307.0679743871578
 20
337.65868371283426
 10
306.5029043288252
 20
337.9109380380885
  0
LWPOLYLINE
  5
66D
330
17
100
AcDbEntity
  8
OBJECT
370
18
100
AcDbPolyline
 90
10
 70
0
 10
300.49128701352436
 20
337.9109380380885
 10
299.9262169551918
 20
337.65868371283426
 10
299.38212950581106
 20
337.3638867269952
 10
298.86222174237463
 20
337.0282793180305
 10
298.3695486611898
 20
336.65383352688133
 10
297.907005226613
 20
336.2427496101887
 10
297.4773093601372
 20
335.7974431115083
 10
297.0829859697896
 20
335.3205306674913
 10
296.7263521136835
 20
334.81481463243574
 10
296.4095033849031
 20
334.2832666115537
  0
LWPOLYLINE
  5
66E
330
17
100
AcDbEntity
  8
OBJECT
370
18
100
AcDbPolyline
 90
9
 70
0
 10
295.76787340864513
 20
332.74852818683974
 10
295.6181884615463
 20
332.1770652147872
 10
295.5106944016677
 20
331.59618610610295
 10
295.44596685068336
 20
331.00900141968935
 10
295.42435241919935
 20
330.41865548028886
 10
295.44596685068336
 20
329.82830954088837
 10
295.5106944016677
 20
329.2411248544748
 10
295.6181884615463
 20
328.66024574579046
 10
295.76787340864513
 20
328.088782773738
  0
LWPOLYLINE
  5
66F
330
17
100
AcDbEntity
  8
OBJECT
370
18
100
AcDbPolyline
 90
6
 70
0
 10
296.4095033849031
 20
326.554044349024
 10
296.5268525563556
 20
326.3461998902756
 10
296.65029503377536
 20
326.1419155251336
 10
296.77972290517545
 20
325.9413698366287
 10
296.91502302620654
 20
325.74473813948407
 10
297.05607711906674
 20
325.5521923268565
  0
LWPOLYLINE
  5
670
330
17
100
AcDbEntity
  8
OBJECT
370
18
100
AcDbPolyline
 90
10
 70
0
 10
298.6019215715727
 20
323.9994301261749
 10
299.0790195162526
 20
323.66219289239405
 10
299.5792590195671
 20
323.36034551375764
 10
300.1000198637129
 20
323.09546904468095
 10
300.6385743416096
 20
322.86895088866834
 10
301.1921015444293
 20
322.68197753119574
 10
301.75770213730976
 20
322.53552832498667
 10
302.3324135458577
 20
322.4303703602345
 10
302.91322547389615
 20
322.3670544466407
 10
303.4970956711748
 20
322.34591222831347
  0
LWPOLYLINE
  5
671
330
17
100
AcDbEntity
  8
OBJECT
370
18
100
AcDbPolyline
 90
9
 70
0
 10
303.4970956711748
 20
324.06351717554224
 10
304.1302587110291
 20
324.0951368840151
 10
304.7571212016976
 20
324.1896813645224
 10
305.3714452901998
 20
324.34620981333404
 10
305.967117892082
 20
324.5631646297553
 10
306.5382115221775
 20
324.8383869156732
 10
307.07904327848524
 20
325.16913795855976
 10
307.5842313922231
 20
325.5521264841574
 10
308.04874878133114
 20
325.9835414076565
  0
LWPOLYLINE
  5
672
330
17
100
AcDbEntity
  8
OBJECT
370
18
100
AcDbPolyline
 90
7
 70
0
 10
308.5421490580639
 20
334.2832666115537
 10
308.2563631726837
 20
334.6302057556078
 10
307.9467689976403
 20
334.9560765716357
 10
307.61491528130614
 20
335.25924888718384
 10
307.2624621256618
 20
335.53820607930453
 10
306.8911726816163
 20
335.79155266147984
 10
306.5029043288252
 20
336.0180212645586
  0
LWPOLYLINE
  5
673
330
17
100
AcDbEntity
  8
OBJECT
370
18
100
AcDbPolyline
 90
7
 70
0
 10
300.49128701352436
 20
336.0180212645586
 10
300.1030186607333
 20
335.79155266147984
 10
299.7317292166878
 20
335.53820607930453
 10
299.3792760610434
 20
335.25924888718384
 10
299.04742234470933
 20
334.9560765716357
 10
298.7378281696659
 20
334.6302057556078
 10
298.45204228428565
 20
334.2832666115537
  0
LWPOLYLINE
  5
674
330
17
100
AcDbEntity
  8
OBJECT
370
18
100
AcDbPolyline
 90
9
 70
0
 10
298.94544256101847
 20
325.9835414076565
 10
299.40995995012645
 20
325.5521264841574
 10
299.91514806386436
 20
325.16913795855976
 10
300.4559798201721
 20
324.8383869156732
 10
301.02707345026755
 20
324.5631646297553
 10
301.62274605214975
 20
324.34620981333404
 10
302.237070140652
 20
324.1896813645224
 10
302.86393263132044
 20
324.0951368840151
 10
303.4970956711748
 20
324.06351717554224
  0
LWPOLYLINE
  5
675
330
17
100
AcDbEntity
  8
OBJECT
370
18
100
AcDbPolyline
 90
2
 70
0
 10
298.7736820662956
 20
336.96529947011726
 10
298.7736820662956
 20
345.19005802645665
  0
LWPOLYLINE
  5
676
330
17
100
AcDbEntity
  8
OBJECT
370
18
100
AcDbPolyline
 90
2
 70
0
 10
308.22050927605403
 20
336.96529947011726
 10
308.22050927605403
 20
345.19005802645665
  0
LWPOLYLINE
  5
677
330
17
100
AcDbEntity
  8
OBJECT
370
18
100
AcDbPolyline
 90
2
 70
0
 10
298.7736820662956
 20
345.19005802645665
 10
308.22050927605403
 20
345.19005802645665
  0
LWPOLYLINE
  5
678
330
17
100
AcDbEntity
  8
OBJECT
370
18
100
AcDbPolyline
 90
2
 70
0
 10
298.98838268469916
 20
337.1149746795132
 10
298.98838268469916
 20
342.44189011089054
  0
LWPOLYLINE
  5
679
330
17
100
AcDbEntity
  8
OBJECT
370
18
100
AcDbPolyline
 90
2
 70
0
 10
308.00580865765045
 20
337.1149746795132
 10
308.00580865765045
 20
342.44189011089054
  0
LWPOLYLINE
  5
67A
330
17
100
AcDbEntity
  8
OBJECT
370
18
100
AcDbPolyline
 90
2
 70
0
 10
298.98838268469916
 20
342.44189011089054
 10
308.00580865765045
 20
342.44189011089054
  0
LWPOLYLINE
  5
67B
330
17
100
AcDbEntity
  8
OBJECT
370
18
100
AcDbPolyline
 90
9
 70
0
 10
303.4970956711748
 20
324.23527767026513
 10
304.1354003458673
 20
324.2683117269886
 10
304.76688486708434
 20
324.3670609350929
 10
305.3848019532802
 20
324.5304701797065
 10
305.98254928814714
 20
324.75679346683665
 10
306.5537400650003
 20
325.04361257895414
 10
307.0922712284863
 20
325.3878629131476
 10
307.5923886844682
 20
325.7858662257723
 10
308.04874878133114
 20
326.23336993372243
  0
LWPOLYLINE
  5
67C
330
17
100
AcDbEntity
  8
OBJECT
370
18
100
AcDbPolyline
 90
7
 70
0
 10
308.3239934270422
 20
334.2832666115537
 10
308.06414577874216
 20
334.5871341543932
 10
307.78520338279054
 20
334.8735733689906
 10
307.48833249191836
 20
335.14138665856217
 10
307.1747743175448
 20
335.3894543009542
 10
306.845839840297
 20
335.6167391301798
 10
306.5029043288252
 20
335.82229087278967
  0
LWPOLYLINE
  5
67D
330
17
100
AcDbEntity
  8
OBJECT
370
18
100
AcDbPolyline
 90
7
 70
0
 10
300.49128701352436
 20
335.82229087278967
 10
300.14835150205255
 20
335.6167391301798
 10
299.81941702480475
 20
335.3894543009542
 10
299.50585885043125
 20
335.14138665856217
 10
299.208987959559
 20
334.8735733689906
 10
298.93004556360745
 20
334.5871341543932
 10
298.67019791530737
 20
334.2832666115537
  0
LWPOLYLINE
  5
67E
330
17
100
AcDbEntity
  8
OBJECT
370
18
100
AcDbPolyline
 90
9
 70
0
 10
298.94544256101847
 20
326.23336993372243
 10
299.40180265788143
 20
325.7858662257723
 10
299.90192011386324
 20
325.3878629131476
 10
300.44045127734927
 20
325.04361257895414
 10
301.0116420542024
 20
324.75679346683665
 10
301.6093893890694
 20
324.5304701797065
 10
302.2273064752652
 20
324.3670609350929
 10
302.85879099648224
 20
324.2683117269886
 10
303.4970956711748
 20
324.23527767026513
  0
LWPOLYLINE
  5
67F
330
17
100
AcDbEntity
  8
OBJECT
370
18
100
AcDbPolyline
 90
2
 70
0
 10
295.76787340864513
 20
326.554044349024
 10
295.76787340864513
 20
334.2832666115537
  0
LWPOLYLINE
  5
680
330
17
100
AcDbEntity
  8
OBJECT
370
18
100
AcDbPolyline
 90
2
 70
0
 10
295.76787340864513
 20
326.554044349024
 10
297.05607711906674
 20
326.554044349024
  0
LWPOLYLINE
  5
681
330
17
100
AcDbEntity
  8
OBJECT
370
18
100
AcDbPolyline
 90
2
 70
0
 10
298.94544256101847
 20
326.554044349024
 10
308.04874878133114
 20
326.554044349024
  0
LWPOLYLINE
  5
682
330
17
100
AcDbEntity
  8
OBJECT
370
18
100
AcDbPolyline
 90
2
 70
0
 10
309.9381142232828
 20
326.554044349024
 10
311.2263179337044
 20
326.554044349024
  0
LWPOLYLINE
  5
683
330
17
100
AcDbEntity
  8
OBJECT
370
18
100
AcDbPolyline
 90
2
 70
0
 10
311.2263179337044
 20
326.554044349024
 10
311.2263179337044
 20
334.2832666115537
  0
LWPOLYLINE
  5
684
330
17
100
AcDbEntity
  8
OBJECT
370
18
100
AcDbPolyline
 90
2
 70
0
 10
295.76787340864513
 20
334.2832666115537
 10
311.2263179337044
 20
334.2832666115537
  0
LWPOLYLINE
  5
685
330
17
100
AcDbEntity
  8
OBJECT
370
18
100
AcDbPolyline
 90
2
 70
0
 10
296.54079563489813
 20
329.13045176986725
 10
296.54079563489813
 20
331.7068591907105
  0
LWPOLYLINE
  5
686
330
17
100
AcDbEntity
  8
OBJECT
370
18
100
AcDbPolyline
 90
2
 70
0
 10
296.54079563489813
 20
329.13045176986725
 10
297.05607711906674
 20
329.13045176986725
  0
LWPOLYLINE
  5
687
330
17
100
AcDbEntity
  8
OBJECT
370
18
100
AcDbPolyline
 90
2
 70
0
 10
298.94544256101847
 20
329.13045176986725
 10
299.4607240451871
 20
329.13045176986725
  0
LWPOLYLINE
  5
688
330
17
100
AcDbEntity
  8
OBJECT
370
18
100
AcDbPolyline
 90
2
 70
0
 10
299.4607240451871
 20
329.13045176986725
 10
299.4607240451871
 20
331.7068591907105
  0
LWPOLYLINE
  5
689
330
17
100
AcDbEntity
  8
OBJECT
370
18
100
AcDbPolyline
 90
2
 70
0
 10
296.54079563489813
 20
331.7068591907105
 10
299.4607240451871
 20
331.7068591907105
  0
LWPOLYLINE
  5
68A
330
17
100
AcDbEntity
  8
OBJECT
370
18
100
AcDbPolyline
 90
2
 70
0
 10
307.5334672971625
 20
329.13045176986725
 10
307.5334672971625
 20
331.7068591907105
  0
LWPOLYLINE
  5
68B
330
17
100
AcDbEntity
  8
OBJECT
370
18
100
AcDbPolyline
 90
2
 70
0
 10
307.5334672971625
 20
329.13045176986725
 10
308.04874878133114
 20
329.13045176986725
  0
LWPOLYLINE
  5
68C
330
17
100
AcDbEntity
  8
OBJECT
370
18
100
AcDbPolyline
 90
2
 70
0
 10
309.9381142232828
 20
329.13045176986725
 10
310.4533957074515
 20
329.13045176986725
  0
LWPOLYLINE
  5
68D
330
17
100
AcDbEntity
  8
OBJECT
370
18
100
AcDbPolyline
 90
2
 70
0
 10
310.4533957074515
 20
329.13045176986725
 10
310.4533957074515
 20
331.7068591907105
  0
LWPOLYLINE
  5
68E
330
17
100
AcDbEntity
  8
OBJECT
370
18
100
AcDbPolyline
 90
2
 70
0
 10
307.5334672971625
 20
331.7068591907105
 10
310.4533957074515
 20
331.7068591907105
  0
LWPOLYLINE
  5
68F
330
17
100
AcDbEntity
  8
OBJECT
370
18
100
AcDbPolyline
 90
2
 70
0
 10
297.05607711906674
 20
324.83643940179525
 10
297.05607711906674
 20
330.8480567170961
  0
LWPOLYLINE
  5
690
330
17
100
AcDbEntity
  8
OBJECT
370
18
100
AcDbPolyline
 90
2
 70
0
 10
297.05607711906674
 20
324.83643940179525
 10
297.3995981085125
 20
324.83643940179525
  0
LWPOLYLINE
  5
691
330
17
100
AcDbEntity
  8
OBJECT
370
18
100
AcDbPolyline
 90
2
 70
0
 10
298.6019215715727
 20
324.83643940179525
 10
298.94544256101847
 20
324.83643940179525
  0
LWPOLYLINE
  5
692
330
17
100
AcDbEntity
  8
OBJECT
370
18
100
AcDbPolyline
 90
2
 70
0
 10
298.94544256101847
 20
324.83643940179525
 10
298.94544256101847
 20
330.8480567170961
  0
LWPOLYLINE
  5
693
330
17
100
AcDbEntity
  8
OBJECT
370
18
100
AcDbPolyline
 90
2
 70
0
 10
297.05607711906674
 20
330.8480567170961
 10
298.94544256101847
 20
330.8480567170961
  0
LWPOLYLINE
  5
694
330
17
100
AcDbEntity
  8
OBJECT
370
18
100
AcDbPolyline
 90
2
 70
0
 10
308.04874878133114
 20
324.83643940179525
 10
308.04874878133114
 20
330.8480567170961
  0
LWPOLYLINE
  5
695
330
17
100
AcDbEntity
  8
OBJECT
370
18
100
AcDbPolyline
 90
2
 70
0
 10
308.04874878133114
 20
324.83643940179525
 10
308.3922697707769
 20
324.83643940179525
  0
LWPOLYLINE
  5
696
330
17
100
AcDbEntity
  8
OBJECT
370
18
100
AcDbPolyline
 90
2
 70
0
 10
309.5945932338371
 20
324.83643940179525
 10
309.9381142232828
 20
324.83643940179525
  0
LWPOLYLINE
  5
697
330
17
100
AcDbEntity
  8
OBJECT
370
18
100
AcDbPolyline
 90
2
 70
0
 10
309.9381142232828
 20
324.83643940179525
 10
309.9381142232828
 20
330.8480567170961
  0
LWPOLYLINE
  5
698
330
17
100
AcDbEntity
  8
OBJECT
370
18
100
AcDbPolyline
 90
2
 70
0
 10
308.04874878133114
 20
330.8480567170961
 10
309.9381142232828
 20
330.8480567170961
  0
LWPOLYLINE
  5
699
330
17
100
AcDbEntity
  8
OBJECT
370
18
100
AcDbPolyline
 90
2
 70
0
 10
297.3995981085125
 20
323.1188344545664
 10
297.3995981085125
 20
329.98925424348164
  0
LWPOLYLINE
  5
69A
330
17
100
AcDbEntity
  8
OBJECT
370
18
100
AcDbPolyline
 90
2
 70
0
 10
297.3995981085125
 20
323.1188344545664
 10
298.6019215715727
 20
323.1188344545664
  0
LWPOLYLINE
  5
69B
330
17
100
AcDbEntity
  8
OBJECT
370
18
100
AcDbPolyline
 90
2
 70
0
 10
298.6019215715727
 20
323.1188344545664
 10
298.6019215715727
 20
329.98925424348164
  0
LWPOLYLINE
  5
69C
330
17
100
AcDbEntity
  8
OBJECT
370
18
100
AcDbPolyline
 90
2
 70
0
 10
297.3995981085125
 20
329.98925424348164
 10
298.6019215715727
 20
329.98925424348164
  0
LWPOLYLINE
  5
69D
330
17
100
AcDbEntity
  8
OBJECT
370
18
100
AcDbPolyline
 90
2
 70
0
 10
308.3922697707769
 20
323.1188344545664
 10
308.3922697707769
 20
329.98925424348164
  0
LWPOLYLINE
  5
69E
330
17
100
AcDbEntity
  8
OBJECT
370
18
100
AcDbPolyline
 90
2
 70
0
 10
308.3922697707769
 20
323.1188344545664
 10
309.5945932338371
 20
323.1188344545664
  0
LWPOLYLINE
  5
69F
330
17
100
AcDbEntity
  8
OBJECT
370
18
100
AcDbPolyline
 90
2
 70
0
 10
309.5945932338371
 20
323.1188344545664
 10
309.5945932338371
 20
329.98925424348164
  0
LWPOLYLINE
  5
6A0
330
17
100
AcDbEntity
  8
OBJECT
370
18
100
AcDbPolyline
 90
2
 70
0
 10
308.3922697707769
 20
329.98925424348164
 10
309.5945932338371
 20
329.98925424348164
  0
LWPOLYLINE
  5
6A1
330
17
100
AcDbEntity
  8
OBJECT
370
18
100
AcDbPolyline
 90
2
 70
0
 10
300.49128701352436
 20
334.5838474773187
 10
300.49128701352436
 20
339.30726108219795
  0
LWPOLYLINE
  5
6A2
330
17
100
AcDbEntity
  8
OBJECT
370
18
100
AcDbPolyline
 90
2
 70
0
 10
300.49128701352436
 20
334.5838474773187
 10
306.5029043288252
 20
334.5838474773187
  0
LWPOLYLINE
  5
6A3
330
17
100
AcDbEntity
  8
OBJECT
370
18
100
AcDbPolyline
 90
2
 70
0
 10
306.5029043288252
 20
334.5838474773187
 10
306.5029043288252
 20
339.30726108219795
  0
LWPOLYLINE
  5
6A4
330
17
100
AcDbEntity
  8
OBJECT
370
18
100
AcDbPolyline
 90
2
 70
0
 10
300.49128701352436
 20
339.30726108219795
 10
306.5029043288252
 20
339.30726108219795
  0
LWPOLYLINE
  5
6A5
330
17
100
AcDbEntity
  8
OBJECT
370
18
100
AcDbPolyline
 90
2
 70
0
 10
290.09977708279007
 20
337.5326345863897
 10
290.09977708279007
 20
337.98425425782455
  0
LWPOLYLINE
  5
6A6
330
17
100
AcDbEntity
  8
OBJECT
370
18
100
AcDbPolyline
 90
2
 70
0
 10
290.09977708279007
 20
337.98425425782455
 10
291.55974128793457
 20
337.98425425782455
  0
LWPOLYLINE
  5
6A7
330
17
100
AcDbEntity
  8
OBJECT
370
18
100
AcDbPolyline
 90
2
 70
0
 10
290.09977708279007
 20
337.99965748750645
 10
290.09977708279007
 20
339.28786119792807
  0
LWPOLYLINE
  5
6A8
330
17
100
AcDbEntity
  8
OBJECT
370
18
100
AcDbPolyline
 90
2
 70
0
 10
290.09977708279007
 20
337.99965748750645
 10
291.55974128793457
 20
337.99965748750645
  0
LWPOLYLINE
  5
6A9
330
17
100
AcDbEntity
  8
OBJECT
370
18
100
AcDbPolyline
 90
2
 70
0
 10
290.09977708279007
 20
339.28786119792807
 10
291.55974128793457
 20
339.28786119792807
  0
LWPOLYLINE
  5
6AA
330
17
100
AcDbEntity
  8
OBJECT
370
18
100
AcDbPolyline
 90
2
 70
0
 10
290.09977708279007
 20
339.30326442761
 10
290.09977708279007
 20
340.5914681380316
  0
LWPOLYLINE
  5
6AB
330
17
100
AcDbEntity
  8
OBJECT
370
18
100
AcDbPolyline
 90
2
 70
0
 10
290.09977708279007
 20
339.30326442761
 10
291.55974128793457
 20
339.30326442761
  0
LWPOLYLINE
  5
6AC
330
17
100
AcDbEntity
  8
OBJECT
370
18
100
AcDbPolyline
 90
2
 70
0
 10
290.09977708279007
 20
340.5914681380316
 10
291.55974128793457
 20
340.5914681380316
  0
LWPOLYLINE
  5
6AD
330
17
100
AcDbEntity
  8
OBJECT
370
18
100
AcDbPolyline
 90
2
 70
0
 10
290.09977708279007
 20
340.6068713677135
 10
290.09977708279007
 20
341.8950750781351
  0
LWPOLYLINE
  5
6AE
330
17
100
AcDbEntity
  8
OBJECT
370
18
100
AcDbPolyline
 90
2
 70
0
 10
290.09977708279007
 20
340.6068713677135
 10
291.55974128793457
 20
340.6068713677135
  0
LWPOLYLINE
  5
6AF
330
17
100
AcDbEntity
  8
OBJECT
370
18
100
AcDbPolyline
 90
2
 70
0
 10
290.09977708279007
 20
341.8950750781351
 10
291.55974128793457
 20
341.8950750781351
  0
LWPOLYLINE
  5
6B0
330
17
100
AcDbEntity
  8
OBJECT
370
18
100
AcDbPolyline
 90
2
 70
0
 10
290.09977708279007
 20
341.910478307817
 10
290.09977708279007
 20
343.1986820182386
  0
LWPOLYLINE
  5
6B1
330
17
100
AcDbEntity
  8
OBJECT
370
18
100
AcDbPolyline
 90
2
 70
0
 10
290.09977708279007
 20
341.910478307817
 10
291.55974128793457
 20
341.910478307817
  0
LWPOLYLINE
  5
6B2
330
17
100
AcDbEntity
  8
OBJECT
370
18
100
AcDbPolyline
 90
2
 70
0
 10
290.09977708279007
 20
343.1986820182386
 10
291.55974128793457
 20
343.1986820182386
  0
LWPOLYLINE
  5
6B3
330
17
100
AcDbEntity
  8
OBJECT
370
18
100
AcDbPolyline
 90
2
 70
0
 10
290.09977708279007
 20
343.2140852479205
 10
290.09977708279007
 20
344.5022889583421
  0
LWPOLYLINE
  5
6B4
330
17
100
AcDbEntity
  8
OBJECT
370
18
100
AcDbPolyline
 90
2
 70
0
 10
290.09977708279007
 20
343.2140852479205
 10
291.55974128793457
 20
343.2140852479205
  0
LWPOLYLINE
  5
6B5
330
17
100
AcDbEntity
  8
OBJECT
370
18
100
AcDbPolyline
 90
2
 70
0
 10
290.09977708279007
 20
344.5022889583421
 10
291.55974128793457
 20
344.5022889583421
  0
LWPOLYLINE
  5
6B6
330
17
100
AcDbEntity
  8
OBJECT
370
18
100
AcDbPolyline
 90
2
 70
0
 10
290.09977708279007
 20
344.517692188024
 10
290.09977708279007
 20
345.8058958984456
  0
LWPOLYLINE
  5
6B7
330
17
100
AcDbEntity
  8
OBJECT
370
18
100
AcDbPolyline
 90
2
 70
0
 10
290.09977708279007
 20
344.517692188024
 10
291.55974128793457
 20
344.517692188024
  0
LWPOLYLINE
  5
6B8
330
17
100
AcDbEntity
  8
OBJECT
370
18
100
AcDbPolyline
 90
2
 70
0
 10
290.09977708279007
 20
345.8058958984456
 10
291.55974128793457
 20
345.8058958984456
  0
LWPOLYLINE
  5
6B9
330
17
100
AcDbEntity
  8
OBJECT
370
18
100
AcDbPolyline
 90
2
 70
0
 10
290.09977708279007
 20
345.8212991281275
 10
290.09977708279007
 20
346.7841024957204
  0
LWPOLYLINE
  5
6BA
330
17
100
AcDbEntity
  8
OBJECT
370
18
100
AcDbPolyline
 90
2
 70
0
 10
290.09977708279007
 20
345.8212991281275
 10
291.55974128793457
 20
345.8212991281275
  0
LWPOLYLINE
  5
6BB
330
17
100
AcDbEntity
  8
OBJECT
370
18
100
AcDbPolyline
 90
2
 70
0
 10
290.09977708279007
 20
357.7424220590402
 10
290.09977708279007
 20
358.84196529948156
  0
LWPOLYLINE
  5
6BC
330
17
100
AcDbEntity
  8
OBJECT
370
18
100
AcDbPolyline
 90
2
 70
0
 10
290.09977708279007
 20
358.84196529948156
 10
293.27734623516335
 20
358.84196529948156
  0
LWPOLYLINE
  5
6BD
330
17
100
AcDbEntity
  8
OBJECT
370
18
100
AcDbPolyline
 90
2
 70
0
 10
290.09977708279007
 20
358.85736852916347
 10
290.09977708279007
 20
360.1455722395851
  0
LWPOLYLINE
  5
6BE
330
17
100
AcDbEntity
  8
OBJECT
370
18
100
AcDbPolyline
 90
2
 70
0
 10
290.09977708279007
 20
358.85736852916347
 10
292.2106231626807
 20
358.85736852916347
  0
LWPOLYLINE
  5
6BF
330
17
100
AcDbEntity
  8
OBJECT
370
18
100
AcDbPolyline
 90
2
 70
0
 10
290.09977708279007
 20
360.1455722395851
 10
292.1654230324882
 20
360.1455722395851
  0
LWPOLYLINE
  5
6C0
330
17
100
AcDbEntity
  8
OBJECT
370
18
100
AcDbPolyline
 90
2
 70
0
 10
290.09977708279007
 20
360.16097546926784
 10
290.09977708279007
 20
361.44917917968945
  0
LWPOLYLINE
  5
6C1
330
17
100
AcDbEntity
  8
OBJECT
370
18
100
AcDbPolyline
 90
2
 70
0
 10
290.09977708279007
 20
360.16097546926784
 10
292.1654230324882
 20
360.16097546926784
  0
LWPOLYLINE
  5
6C2
330
17
100
AcDbEntity
  8
OBJECT
370
18
100
AcDbPolyline
 90
2
 70
0
 10
290.09977708279007
 20
361.44917917968945
 10
292.12022290229567
 20
361.44917917968945
  0
LWPOLYLINE
  5
6C3
330
17
100
AcDbEntity
  8
OBJECT
370
18
100
AcDbPolyline
 90
2
 70
0
 10
290.09977708279007
 20
361.46458240937136
 10
290.09977708279007
 20
362.752786119793
  0
LWPOLYLINE
  5
6C4
330
17
100
AcDbEntity
  8
OBJECT
370
18
100
AcDbPolyline
 90
2
 70
0
 10
290.09977708279007
 20
361.46458240937136
 10
292.12022290229567
 20
361.46458240937136
  0
LWPOLYLINE
  5
6C5
330
17
100
AcDbEntity
  8
OBJECT
370
18
100
AcDbPolyline
 90
2
 70
0
 10
293.7067474719706
 20
362.36159852800415
 10
293.7067474719706
 20
362.440071589711
  0
LWPOLYLINE
  5
6C6
330
17
100
AcDbEntity
  8
OBJECT
370
18
100
AcDbPolyline
 90
2
 70
0
 10
290.09977708279007
 20
362.752786119793
 10
292.0750227721032
 20
362.752786119793
  0
LWPOLYLINE
  5
6C7
330
17
100
AcDbEntity
  8
OBJECT
370
18
100
AcDbPolyline
 90
2
 70
0
 10
290.09977708279007
 20
362.7681893494749
 10
290.09977708279007
 20
364.0563930598965
  0
LWPOLYLINE
  5
6C8
330
17
100
AcDbEntity
  8
OBJECT
370
18
100
AcDbPolyline
 90
2
 70
0
 10
290.09977708279007
 20
362.7681893494749
 10
292.0750227721032
 20
362.7681893494749
  0
LWPOLYLINE
  5
6C9
330
17
100
AcDbEntity
  8
OBJECT
370
18
100
AcDbPolyline
 90
2
 70
0
 10
293.7067474719706
 20
363.55651480540973
 10
293.7067474719706
 20
364.0563930598965
  0
LWPOLYLINE
  5
6CA
330
17
100
AcDbEntity
  8
OBJECT
370
18
100
AcDbPolyline
 90
2
 70
0
 10
290.09977708279007
 20
364.0563930598965
 10
293.7067474719706
 20
364.0563930598965
  0
LWPOLYLINE
  5
6CB
330
17
100
AcDbEntity
  8
OBJECT
370
18
100
AcDbPolyline
 90
2
 70
0
 10
290.09977708279007
 20
364.0717962895784
 10
290.09977708279007
 20
365.36
  0
LWPOLYLINE
  5
6CC
330
17
100
AcDbEntity
  8
OBJECT
370
18
100
AcDbPolyline
 90
2
 70
0
 10
290.09977708279007
 20
364.0717962895784
 10
293.7067474719706
 20
364.0717962895784
  0
LWPOLYLINE
  5
6CD
330
17
100
AcDbEntity
  8
OBJECT
370
18
100
AcDbPolyline
 90
2
 70
0
 10
293.7067474719706
 20
364.0717962895784
 10
293.7067474719706
 20
365.36
  0
LWPOLYLINE
  5
6CE
330
17
100
AcDbEntity
  8
OBJECT
370
18
100
AcDbPolyline
 90
2
 70
0
 10
290.09977708279007
 20
365.36
 10
293.7067474719706
 20
365.36
  0
LWPOLYLINE
  5
6CF
330
17
100
AcDbEntity
  8
OBJECT
370
18
100
AcDbPolyline
 90
2
 70
0
 10
292.0750227721032
 20
362.440071589711
 10
292.0750227721032
 20
363.55651480540973
  0
LWPOLYLINE
  5
6D0
330
17
100
AcDbEntity
  8
OBJECT
370
18
100
AcDbPolyline
 90
2
 70
0
 10
292.0750227721032
 20
362.440071589711
 10
295.1667116771151
 20
362.440071589711
  0
LWPOLYLINE
  5
6D1
330
17
100
AcDbEntity
  8
OBJECT
370
18
100
AcDbPolyline
 90
2
 70
0
 10
295.1667116771151
 20
362.440071589711
 10
295.1667116771151
 20
363.55651480540973
  0
LWPOLYLINE
  5
6D2
330
17
100
AcDbEntity
  8
OBJECT
370
18
100
AcDbPolyline
 90
2
 70
0
 10
292.0750227721032
 20
363.55651480540973
 10
295.1667116771151
 20
363.55651480540973
  0
LWPOLYLINE
  5
6D3
330
17
100
AcDbEntity
  8
OBJECT
370
18
100
AcDbPolyline
 90
2
 70
0
 10
292.12022290229567
 20
361.2451553123054
 10
292.12022290229567
 20
362.36159852800415
  0
LWPOLYLINE
  5
6D4
330
17
100
AcDbEntity
  8
OBJECT
370
18
100
AcDbPolyline
 90
2
 70
0
 10
292.12022290229567
 20
361.2451553123054
 10
295.21191180730756
 20
361.2451553123054
  0
LWPOLYLINE
  5
6D5
330
17
100
AcDbEntity
  8
OBJECT
370
18
100
AcDbPolyline
 90
2
 70
0
 10
295.21191180730756
 20
361.2451553123054
 10
295.21191180730756
 20
362.36159852800415
  0
LWPOLYLINE
  5
6D6
330
17
100
AcDbEntity
  8
OBJECT
370
18
100
AcDbPolyline
 90
2
 70
0
 10
292.12022290229567
 20
362.36159852800415
 10
295.21191180730756
 20
362.36159852800415
  0
LWPOLYLINE
  5
6D7
330
17
100
AcDbEntity
  8
OBJECT
370
18
100
AcDbPolyline
 90
2
 70
0
 10
292.1654230324882
 20
360.05023903489985
 10
292.1654230324882
 20
361.16668225059857
  0
LWPOLYLINE
  5
6D8
330
17
100
AcDbEntity
  8
OBJECT
370
18
100
AcDbPolyline
 90
2
 70
0
 10
292.1654230324882
 20
360.05023903489985
 10
295.25711193750004
 20
360.05023903489985
  0
LWPOLYLINE
  5
6D9
330
17
100
AcDbEntity
  8
OBJECT
370
18
100
AcDbPolyline
 90
2
 70
0
 10
295.25711193750004
 20
360.05023903489985
 10
295.25711193750004
 20
361.16668225059857
  0
LWPOLYLINE
  5
6DA
330
17
100
AcDbEntity
  8
OBJECT
370
18
100
AcDbPolyline
 90
2
 70
0
 10
292.1654230324882
 20
361.16668225059857
 10
295.25711193750004
 20
361.16668225059857
  0
LWPOLYLINE
  5
6DB
330
17
100
AcDbEntity
  8
OBJECT
370
18
100
AcDbPolyline
 90
2
 70
0
 10
292.2106231626807
 20
358.8553227574943
 10
292.2106231626807
 20
359.97176597319304
  0
LWPOLYLINE
  5
6DC
330
17
100
AcDbEntity
  8
OBJECT
370
18
100
AcDbPolyline
 90
2
 70
0
 10
292.2106231626807
 20
358.8553227574943
 10
295.3023120676925
 20
358.8553227574943
  0
LWPOLYLINE
  5
6DD
330
17
100
AcDbEntity
  8
OBJECT
370
18
100
AcDbPolyline
 90
2
 70
0
 10
295.3023120676925
 20
358.8553227574943
 10
295.3023120676925
 20
359.97176597319304
  0
LWPOLYLINE
  5
6DE
330
17
100
AcDbEntity
  8
OBJECT
370
18
100
AcDbPolyline
 90
2
 70
0
 10
292.2106231626807
 20
359.97176597319304
 10
295.3023120676925
 20
359.97176597319304
  0
LWPOLYLINE
  5
6DF
330
17
100
AcDbEntity
  8
OBJECT
370
18
100
AcDbPolyline
 90
2
 70
0
 10
292.2558232928646
 20
357.66040648008874
 10
292.2558232928646
 20
358.77684969578746
  0
LWPOLYLINE
  5
6E0
330
17
100
AcDbEntity
  8
OBJECT
370
18
100
AcDbPolyline
 90
2
 70
0
 10
292.2558232928646
 20
357.66040648008874
 10
295.3475121978764
 20
357.66040648008874
  0
LWPOLYLINE
  5
6E1
330
17
100
AcDbEntity
  8
OBJECT
370
18
100
AcDbPolyline
 90
2
 70
0
 10
295.3475121978764
 20
357.66040648008874
 10
295.3475121978764
 20
358.77684969578746
  0
LWPOLYLINE
  5
6E2
330
17
100
AcDbEntity
  8
OBJECT
370
18
100
AcDbPolyline
 90
2
 70
0
 10
292.2558232928646
 20
358.77684969578746
 10
295.3475121978764
 20
358.77684969578746
  0
LWPOLYLINE
  5
6E3
330
17
100
AcDbEntity
  8
OBJECT
370
18
100
AcDbPolyline
 90
2
 70
0
 10
292.3010234230571
 20
356.46549020268316
 10
292.3010234230571
 20
357.5819334183819
  0
LWPOLYLINE
  5
6E4
330
17
100
AcDbEntity
  8
OBJECT
370
18
100
AcDbPolyline
 90
2
 70
0
 10
292.3010234230571
 20
356.46549020268316
 10
295.3927123280689
 20
356.46549020268316
  0
LWPOLYLINE
  5
6E5
330
17
100
AcDbEntity
  8
OBJECT
370
18
100
AcDbPolyline
 90
2
 70
0
 10
295.3927123280689
 20
356.46549020268316
 10
295.3927123280689
 20
357.5819334183819
  0
LWPOLYLINE
  5
6E6
330
17
100
AcDbEntity
  8
OBJECT
370
18
100
AcDbPolyline
 90
2
 70
0
 10
292.3010234230571
 20
357.5819334183819
 10
295.3927123280689
 20
357.5819334183819
  0
LWPOLYLINE
  5
6E7
330
17
100
AcDbEntity
  8
OBJECT
370
18
100
AcDbPolyline
 90
2
 70
0
 10
292.34622355324956
 20
355.2705739252776
 10
292.34622355324956
 20
356.3870171409763
  0
LWPOLYLINE
  5
6E8
330
17
100
AcDbEntity
  8
OBJECT
370
18
100
AcDbPolyline
 90
2
 70
0
 10
292.34622355324956
 20
355.2705739252776
 10
295.4379124582614
 20
355.2705739252776
  0
LWPOLYLINE
  5
6E9
330
17
100
AcDbEntity
  8
OBJECT
370
18
100
AcDbPolyline
 90
2
 70
0
 10
295.4379124582614
 20
355.2705739252776
 10
295.4379124582614
 20
356.3870171409763
  0
LWPOLYLINE
  5
6EA
330
17
100
AcDbEntity
  8
OBJECT
370
18
100
AcDbPolyline
 90
2
 70
0
 10
292.34622355324956
 20
356.3870171409763
 10
295.4379124582614
 20
356.3870171409763
  0
LWPOLYLINE
  5
6EB
330
17
100
AcDbEntity
  8
OBJECT
370
18
100
AcDbPolyline
 90
2
 70
0
 10
292.39142368344204
 20
354.075657647872
 10
292.39142368344204
 20
355.1921008635708
  0
LWPOLYLINE
  5
6EC
330
17
100
AcDbEntity
  8
OBJECT
370
18
100
AcDbPolyline
 90
2
 70
0
 10
292.39142368344204
 20
354.075657647872
 10
295.48311258845393
 20
354.075657647872
  0
LWPOLYLINE
  5
6ED
330
17
100
AcDbEntity
  8
OBJECT
370
18
100
AcDbPolyline
 90
2
 70
0
 10
295.48311258845393
 20
354.075657647872
 10
295.48311258845393
 20
355.1921008635708
  0
LWPOLYLINE
  5
6EE
330
17
100
AcDbEntity
  8
OBJECT
370
18
100
AcDbPolyline
 90
2
 70
0
 10
292.39142368344204
 20
355.1921008635708
 10
295.48311258845393
 20
355.1921008635708
  0
LWPOLYLINE
  5
6EF
330
17
100
AcDbEntity
  8
OBJECT
370
18
100
AcDbPolyline
 90
2
 70
0
 10
292.43662381362594
 20
352.88074137046647
 10
292.43662381362594
 20
353.9971845861652
  0
LWPOLYLINE
  5
6F0
330
17
100
AcDbEntity
  8
OBJECT
370
18
100
AcDbPolyline
 90
2
 70
0
 10
292.43662381362594
 20
352.88074137046647
 10
295.52831271863784
 20
352.88074137046647
  0
LWPOLYLINE
  5
6F1
330
17
100
AcDbEntity
  8
OBJECT
370
18
100
AcDbPolyline
 90
2
 70
0
 10
295.52831271863784
 20
352.88074137046647
 10
295.52831271863784
 20
353.9971845861652
  0
LWPOLYLINE
  5
6F2
330
17
100
AcDbEntity
  8
OBJECT
370
18
100
AcDbPolyline
 90
2
 70
0
 10
292.43662381362594
 20
353.9971845861652
 10
295.52831271863784
 20
353.9971845861652
  0
LWPOLYLINE
  5
6F3
330
17
100
AcDbEntity
  8
OBJECT
370
18
100
AcDbPolyline
 90
2
 70
0
 10
292.4818239438184
 20
351.6858250930609
 10
292.4818239438184
 20
352.8022683087596
  0
LWPOLYLINE
  5
6F4
330
17
100
AcDbEntity
  8
OBJECT
370
18
100
AcDbPolyline
 90
2
 70
0
 10
292.4818239438184
 20
351.6858250930609
 10
295.5735128488303
 20
351.6858250930609
  0
LWPOLYLINE
  5
6F5
330
17
100
AcDbEntity
  8
OBJECT
370
18
100
AcDbPolyline
 90
2
 70
0
 10
295.5735128488303
 20
351.6858250930609
 10
295.5735128488303
 20
352.8022683087596
  0
LWPOLYLINE
  5
6F6
330
17
100
AcDbEntity
  8
OBJECT
370
18
100
AcDbPolyline
 90
2
 70
0
 10
292.4818239438184
 20
352.8022683087596
 10
295.5735128488303
 20
352.8022683087596
  0
LWPOLYLINE
  5
6F7
330
17
100
AcDbEntity
  8
OBJECT
370
18
100
AcDbPolyline
 90
2
 70
0
 10
292.5270240740109
 20
350.4909088156553
 10
292.5270240740109
 20
351.607352031354
  0
LWPOLYLINE
  5
6F8
330
17
100
AcDbEntity
  8
OBJECT
370
18
100
AcDbPolyline
 90
2
 70
0
 10
292.5270240740109
 20
350.4909088156553
 10
295.6187129790228
 20
350.4909088156553
  0
LWPOLYLINE
  5
6F9
330
17
100
AcDbEntity
  8
OBJECT
370
18
100
AcDbPolyline
 90
2
 70
0
 10
295.6187129790228
 20
350.4909088156553
 10
295.6187129790228
 20
351.607352031354
  0
LWPOLYLINE
  5
6FA
330
17
100
AcDbEntity
  8
OBJECT
370
18
100
AcDbPolyline
 90
2
 70
0
 10
292.5270240740109
 20
351.607352031354
 10
295.6187129790228
 20
351.607352031354
  0
LWPOLYLINE
  5
6FB
330
17
100
AcDbEntity
  8
OBJECT
370
18
100
AcDbPolyline
 90
2
 70
0
 10
292.57222420420345
 20
349.2959925382497
 10
292.57222420420345
 20
350.41243575394844
  0
LWPOLYLINE
  5
6FC
330
17
100
AcDbEntity
  8
OBJECT
370
18
100
AcDbPolyline
 90
2
 70
0
 10
292.57222420420345
 20
349.2959925382497
 10
295.6639131092153
 20
349.2959925382497
  0
LWPOLYLINE
  5
6FD
330
17
100
AcDbEntity
  8
OBJECT
370
18
100
AcDbPolyline
 90
2
 70
0
 10
295.6639131092153
 20
349.2959925382497
 10
295.6639131092153
 20
350.41243575394844
  0
LWPOLYLINE
  5
6FE
330
17
100
AcDbEntity
  8
OBJECT
370
18
100
AcDbPolyline
 90
2
 70
0
 10
292.57222420420345
 20
350.41243575394844
 10
295.6639131092153
 20
350.41243575394844
  0
LWPOLYLINE
  5
6FF
330
17
100
AcDbEntity
  8
OBJECT
370
18
100
AcDbPolyline
 90
2
 70
0
 10
292.61742433438735
 20
348.10107626084414
 10
292.61742433438735
 20
349.21751947654286
  0
LWPOLYLINE
  5
700
330
17
100
AcDbEntity
  8
OBJECT
370
18
100
AcDbPolyline
 90
2
 70
0
 10
292.61742433438735
 20
348.10107626084414
 10
295.7091132393992
 20
348.10107626084414
  0
LWPOLYLINE
  5
701
330
17
100
AcDbEntity
  8
OBJECT
370
18
100
AcDbPolyline
 90
2
 70
0
 10
295.7091132393992
 20
348.10107626084414
 10
295.7091132393992
 20
349.21751947654286
  0
LWPOLYLINE
  5
702
330
17
100
AcDbEntity
  8
OBJECT
370
18
100
AcDbPolyline
 90
2
 70
0
 10
292.61742433438735
 20
349.21751947654286
 10
295.7091132393992
 20
349.21751947654286
  0
LWPOLYLINE
  5
703
330
17
100
AcDbEntity
  8
OBJECT
370
18
100
AcDbPolyline
 90
2
 70
0
 10
292.66262446457984
 20
346.9061599834386
 10
292.66262446457984
 20
348.02260319913734
  0
LWPOLYLINE
  5
704
330
17
100
AcDbEntity
  8
OBJECT
370
18
100
AcDbPolyline
 90
2
 70
0
 10
292.66262446457984
 20
346.9061599834386
 10
295.75431336959167
 20
346.9061599834386
  0
LWPOLYLINE
  5
705
330
17
100
AcDbEntity
  8
OBJECT
370
18
100
AcDbPolyline
 90
2
 70
0
 10
295.75431336959167
 20
346.9061599834386
 10
295.75431336959167
 20
348.02260319913734
  0
LWPOLYLINE
  5
706
330
17
100
AcDbEntity
  8
OBJECT
370
18
100
AcDbPolyline
 90
2
 70
0
 10
292.66262446457984
 20
348.02260319913734
 10
295.75431336959167
 20
348.02260319913734
  0
LWPOLYLINE
  5
707
330
17
100
AcDbEntity
  8
OBJECT
370
18
100
AcDbPolyline
 90
2
 70
0
 10
292.7078245947723
 20
345.71124370603303
 10
292.7078245947723
 20
346.82768692173175
  0
LWPOLYLINE
  5
708
330
17
100
AcDbEntity
  8
OBJECT
370
18
100
AcDbPolyline
 90
2
 70
0
 10
292.7078245947723
 20
345.71124370603303
 10
295.79951349978415
 20
345.71124370603303
  0
LWPOLYLINE
  5
709
330
17
100
AcDbEntity
  8
OBJECT
370
18
100
AcDbPolyline
 90
2
 70
0
 10
295.79951349978415
 20
345.71124370603303
 10
295.79951349978415
 20
346.82768692173175
  0
LWPOLYLINE
  5
70A
330
17
100
AcDbEntity
  8
OBJECT
370
18
100
AcDbPolyline
 90
2
 70
0
 10
292.7078245947723
 20
346.82768692173175
 10
295.79951349978415
 20
346.82768692173175
  0
LWPOLYLINE
  5
70B
330
17
100
AcDbEntity
  8
OBJECT
370
18
100
AcDbPolyline
 90
2
 70
0
 10
292.7530247249648
 20
344.51632742862745
 10
292.7530247249648
 20
345.6327706443262
  0
LWPOLYLINE
  5
70C
330
17
100
AcDbEntity
  8
OBJECT
370
18
100
AcDbPolyline
 90
2
 70
0
 10
292.7530247249648
 20
344.51632742862745
 10
295.8447136299767
 20
344.51632742862745
  0
LWPOLYLINE
  5
70D
330
17
100
AcDbEntity
  8
OBJECT
370
18
100
AcDbPolyline
 90
2
 70
0
 10
295.8447136299767
 20
344.51632742862745
 10
295.8447136299767
 20
345.6327706443262
  0
LWPOLYLINE
  5
70E
330
17
100
AcDbEntity
  8
OBJECT
370
18
100
AcDbPolyline
 90
2
 70
0
 10
292.7530247249648
 20
345.6327706443262
 10
295.8447136299767
 20
345.6327706443262
  0
LWPOLYLINE
  5
70F
330
17
100
AcDbEntity
  8
OBJECT
370
18
100
AcDbPolyline
 90
2
 70
0
 10
292.7982248551487
 20
343.32141115122187
 10
292.7982248551487
 20
344.4378543669206
  0
LWPOLYLINE
  5
710
330
17
100
AcDbEntity
  8
OBJECT
370
18
100
AcDbPolyline
 90
2
 70
0
 10
292.7982248551487
 20
343.32141115122187
 10
295.8899137601606
 20
343.32141115122187
  0
LWPOLYLINE
  5
711
330
17
100
AcDbEntity
  8
OBJECT
370
18
100
AcDbPolyline
 90
2
 70
0
 10
295.8899137601606
 20
343.32141115122187
 10
295.8899137601606
 20
344.4378543669206
  0
LWPOLYLINE
  5
712
330
17
100
AcDbEntity
  8
OBJECT
370
18
100
AcDbPolyline
 90
2
 70
0
 10
292.7982248551487
 20
344.4378543669206
 10
295.8899137601606
 20
344.4378543669206
  0
LWPOLYLINE
  5
713
330
17
100
AcDbEntity
  8
OBJECT
370
18
100
AcDbPolyline
 90
2
 70
0
 10
292.8434249853412
 20
342.1264948738163
 10
292.8434249853412
 20
343.242938089515
  0
LWPOLYLINE
  5
714
330
17
100
AcDbEntity
  8
OBJECT
370
18
100
AcDbPolyline
 90
2
 70
0
 10
292.8434249853412
 20
342.1264948738163
 10
295.9351138903531
 20
342.1264948738163
  0
LWPOLYLINE
  5
715
330
17
100
AcDbEntity
  8
OBJECT
370
18
100
AcDbPolyline
 90
2
 70
0
 10
295.9351138903531
 20
342.1264948738163
 10
295.9351138903531
 20
343.242938089515
  0
LWPOLYLINE
  5
716
330
17
100
AcDbEntity
  8
OBJECT
370
18
100
AcDbPolyline
 90
2
 70
0
 10
292.8434249853412
 20
343.242938089515
 10
295.9351138903531
 20
343.242938089515
  0
LWPOLYLINE
  5
717
330
17
100
AcDbEntity
  8
OBJECT
370
18
100
AcDbPolyline
 90
2
 70
0
 10
292.88862511553367
 20
340.93157859641076
 10
292.88862511553367
 20
342.0480218121095
  0
LWPOLYLINE
  5
718
330
17
100
AcDbEntity
  8
OBJECT
370
18
100
AcDbPolyline
 90
2
 70
0
 10
292.88862511553367
 20
340.93157859641076
 10
295.98031402054556
 20
340.93157859641076
  0
LWPOLYLINE
  5
719
330
17
100
AcDbEntity
  8
OBJECT
370
18
100
AcDbPolyline
 90
2
 70
0
 10
295.98031402054556
 20
340.93157859641076
 10
295.98031402054556
 20
342.0480218121095
  0
LWPOLYLINE
  5
71A
330
17
100
AcDbEntity
  8
OBJECT
370
18
100
AcDbPolyline
 90
2
 70
0
 10
292.88862511553367
 20
342.0480218121095
 10
295.98031402054556
 20
342.0480218121095
  0
LWPOLYLINE
  5
71B
330
17
100
AcDbEntity
  8
OBJECT
370
18
100
AcDbPolyline
 90
2
 70
0
 10
292.93382524571757
 20
339.7366623190052
 10
292.93382524571757
 20
340.8531055347039
  0
LWPOLYLINE
  5
71C
330
17
100
AcDbEntity
  8
OBJECT
370
18
100
AcDbPolyline
 90
2
 70
0
 10
292.93382524571757
 20
339.7366623190052
 10
296.02551415072946
 20
339.7366623190052
  0
LWPOLYLINE
  5
71D
330
17
100
AcDbEntity
  8
OBJECT
370
18
100
AcDbPolyline
 90
2
 70
0
 10
296.02551415072946
 20
339.7366623190052
 10
296.02551415072946
 20
340.8531055347039
  0
LWPOLYLINE
  5
71E
330
17
100
AcDbEntity
  8
OBJECT
370
18
100
AcDbPolyline
 90
2
 70
0
 10
292.93382524571757
 20
340.8531055347039
 10
296.02551415072946
 20
340.8531055347039
  0
LWPOLYLINE
  5
71F
330
17
100
AcDbEntity
  8
OBJECT
370
18
100
AcDbPolyline
 90
2
 70
0
 10
321.1025463802701
 20
310.3429482717576
 10
336.9903921421366
 20
310.3429482717576
  0
LWPOLYLINE
  5
720
330
17
100
AcDbEntity
  8
OBJECT
370
18
100
AcDbPolyline
 90
2
 70
0
 10
336.9903921421366
 20
310.3429482717576
 10
336.9903921421366
 20
311.8887927242635
  0
LWPOLYLINE
  5
721
330
17
100
AcDbEntity
  8
OBJECT
370
18
100
AcDbPolyline
 90
2
 70
0
 10
321.1025463802701
 20
311.8887927242635
 10
336.9903921421366
 20
311.8887927242635
  0
LWPOLYLINE
  5
722
330
17
100
AcDbEntity
  8
OBJECT
370
18
100
AcDbPolyline
 90
2
 70
0
 10
332.6963797740646
 20
289.2164074208432
 10
332.6963797740646
 20
310.3429482717576
  0
LWPOLYLINE
  5
723
330
17
100
AcDbEntity
  8
OBJECT
370
18
100
AcDbPolyline
 90
2
 70
0
 10
332.6963797740646
 20
311.8887927242635
 10
332.6963797740646
 20
333.8741360487923
  0
LWPOLYLINE
  5
724
330
17
100
AcDbEntity
  8
OBJECT
370
18
100
AcDbPolyline
 90
2
 70
0
 10
333.555182247679
 20
289.2164074208432
 10
336.1315896685222
 20
289.2164074208432
  0
LWPOLYLINE
  5
725
330
17
100
AcDbEntity
  8
OBJECT
370
18
100
AcDbPolyline
 90
2
 70
0
 10
336.1315896685222
 20
289.2164074208432
 10
336.1315896685222
 20
310.3429482717576
  0
LWPOLYLINE
  5
726
330
17
100
AcDbEntity
  8
OBJECT
370
18
100
AcDbPolyline
 90
2
 70
0
 10
336.1315896685222
 20
311.8887927242635
 10
336.1315896685222
 20
333.8741360487923
  0
LWPOLYLINE
  5
727
330
17
100
AcDbEntity
  8
OBJECT
370
18
100
AcDbPolyline
 90
2
 70
0
 10
332.6963797740646
 20
333.8741360487923
 10
336.1315896685222
 20
333.8741360487923
  0
LWPOLYLINE
  5
728
330
17
100
AcDbEntity
  8
OBJECT
370
18
100
AcDbPolyline
 90
2
 70
0
 10
333.3404816292754
 20
330.2242255359311
 10
333.3404816292754
 20
332.3712317199671
  0
LWPOLYLINE
  5
729
330
17
100
AcDbEntity
  8
OBJECT
370
18
100
AcDbPolyline
 90
2
 70
0
 10
333.3404816292754
 20
330.2242255359311
 10
335.4874878133114
 20
330.2242255359311
  0
LWPOLYLINE
  5
72A
330
17
100
AcDbEntity
  8
OBJECT
370
18
100
AcDbPolyline
 90
2
 70
0
 10
335.4874878133114
 20
330.2242255359311
 10
335.4874878133114
 20
332.3712317199671
  0
LWPOLYLINE
  5
72B
330
17
100
AcDbEntity
  8
OBJECT
370
18
100
AcDbPolyline
 90
2
 70
0
 10
333.3404816292754
 20
332.3712317199671
 10
335.4874878133114
 20
332.3712317199671
  0
LWPOLYLINE
  5
72C
330
17
100
AcDbEntity
  8
OBJECT
370
18
100
AcDbPolyline
 90
2
 70
0
 10
276.8742189891282
 20
302.5278457618665
 10
276.8742189891282
 20
322.28030265499785
  0
LWPOLYLINE
  5
72D
330
17
100
AcDbEntity
  8
OBJECT
370
18
100
AcDbPolyline
 90
2
 70
0
 10
276.8742189891282
 20
302.5278457618665
 10
285.4622437252723
 20
302.5278457618665
  0
LWPOLYLINE
  5
72E
330
17
100
AcDbEntity
  8
OBJECT
370
18
100
AcDbPolyline
 90
2
 70
0
 10
285.4622437252723
 20
302.5278457618665
 10
285.4622437252723
 20
321.67914092346774
  0
LWPOLYLINE
  5
72F
330
17
100
AcDbEntity
  8
OBJECT
370
18
100
AcDbPolyline
 90
2
 70
0
 10
276.8742189891282
 20
322.28030265499785
 10
283.74463877804345
 20
322.28030265499785
  0
LWPOLYLINE
  5
730
330
17
100
AcDbEntity
  8
OBJECT
370
18
100
AcDbPolyline
 90
2
 70
0
 10
275.84365602079095
 20
305.1042531827097
 10
275.84365602079095
 20
319.70389523415463
  0
LWPOLYLINE
  5
731
330
17
100
AcDbEntity
  8
OBJECT
370
18
100
AcDbPolyline
 90
2
 70
0
 10
275.84365602079095
 20
305.1042531827097
 10
276.8742189891282
 20
305.1042531827097
  0
LWPOLYLINE
  5
732
330
17
100
AcDbEntity
  8
OBJECT
370
18
100
AcDbPolyline
 90
2
 70
0
 10
275.84365602079095
 20
319.70389523415463
 10
276.8742189891282
 20
319.70389523415463
  0
LWPOLYLINE
  5
733
330
17
100
AcDbEntity
  8
OBJECT
370
18
100
AcDbPolyline
 90
2
 70
0
 10
275.1566140418994
 20
322.49500327340144
 10
277.3036202259354
 20
322.49500327340144
  0
LWPOLYLINE
  5
734
330
17
100
AcDbEntity
  8
OBJECT
370
18
100
AcDbPolyline
 90
2
 70
0
 10
273.0096078578634
 20
322.49500327340144
 10
275.1566140418994
 20
322.49500327340144
  0
LWPOLYLINE
  5
735
330
17
100
AcDbEntity
  8
OBJECT
370
18
100
AcDbPolyline
 90
2
 70
0
 10
275.1566140418994
 20
320.34799708936544
 10
276.8742189891282
 20
320.34799708936544
  0
LWPOLYLINE
  5
736
330
17
100
AcDbEntity
  8
OBJECT
370
18
100
AcDbPolyline
 90
2
 70
0
 10
273.0096078578634
 20
320.34799708936544
 10
275.1566140418994
 20
320.34799708936544
  0
LWPOLYLINE
  5
737
330
17
100
AcDbEntity
  8
OBJECT
370
18
100
AcDbPolyline
 90
2
 70
0
 10
313.3733241177405
 20
339.19871138520165
 10
313.3733241177405
 20
342.2904002902135
  0
LWPOLYLINE
  5
738
330
17
100
AcDbEntity
  8
OBJECT
370
18
100
AcDbPolyline
 90
2
 70
0
 10
313.3733241177405
 20
339.19871138520165
 10
319.3849414330413
 20
339.19871138520165
  0
LWPOLYLINE
  5
739
330
17
100
AcDbEntity
  8
OBJECT
370
18
100
AcDbPolyline
 90
2
 70
0
 10
319.3849414330413
 20
339.19871138520165
 10
319.3849414330413
 20
342.2904002902135
  0
LWPOLYLINE
  5
73A
330
17
100
AcDbEntity
  8
OBJECT
370
18
100
AcDbPolyline
 90
2
 70
0
 10
313.3733241177405
 20
342.2904002902135
 10
319.3849414330413
 20
342.2904002902135
  0
LWPOLYLINE
  5
73B
330
17
100
AcDbEntity
  8
OBJECT
370
18
100
AcDbPolyline
 90
9
 70
0
 10
316.3791327753909
 20
340.05751385881604
 10
316.8649448176249
 20
340.25874379547355
 10
317.06617475428243
 20
340.7445558377076
 10
316.8649448176249
 20
341.2303678799416
 10
316.3791327753909
 20
341.4315978165991
 10
315.8933207331569
 20
341.2303678799416
 10
315.6920907964994
 20
340.7445558377076
 10
315.8933207331569
 20
340.25874379547355
 10
316.3791327753909
 20
340.05751385881604
  0
LWPOLYLINE
  5
73C
330
17
100
AcDbEntity
  8
OBJECT
370
18
100
AcDbPolyline
 90
2
 70
0
 10
325.8259599851493
 20
296.08682720975844
 10
325.8259599851493
 20
298.83499512532455
  0
LWPOLYLINE
  5
73D
330
17
100
AcDbEntity
  8
OBJECT
370
18
100
AcDbPolyline
 90
2
 70
0
 10
281.1682313572002
 20
296.08682720975844
 10
281.1682313572002
 20
298.83499512532455
  0
LWPOLYLINE
  5
73E
330
17
100
AcDbEntity
  8
OBJECT
370
18
100
AcDbPolyline
 90
2
 70
0
 10
321.1025463802701
 20
299.041107718992
 10
321.1025463802701
 20
321.16385943929913
  0
LWPOLYLINE
  5
73F
330
17
100
AcDbEntity
  8
OBJECT
370
18
100
AcDbPolyline
 90
2
 70
0
 10
285.89164496207945
 20
299.041107718992
 10
285.89164496207945
 20
321.16385943929913
  0
LWPOLYLINE
  5
740
330
17
100
AcDbEntity
  8
OBJECT
370
18
100
AcDbPolyline
 90
2
 70
0
 10
323.2495525643061
 20
321.67914092346774
 10
323.2495525643061
 20
324.0837878495881
  0
LWPOLYLINE
  5
741
330
17
100
AcDbEntity
  8
OBJECT
370
18
100
AcDbPolyline
 90
2
 70
0
 10
283.74463877804345
 20
321.67914092346774
 10
283.74463877804345
 20
324.0837878495881
  0
LWPOLYLINE
  5
742
330
17
100
AcDbEntity
  8
OBJECT
370
18
100
AcDbPolyline
 90
2
 70
0
 10
304.6650670352904
 20
298.83499512532455
 10
304.6650670352904
 20
299.041107718992
  0
LWPOLYLINE
  5
743
330
17
100
AcDbEntity
  8
OBJECT
370
18
100
AcDbPolyline
 90
2
 70
0
 10
302.3291243070592
 20
298.83499512532455
 10
302.3291243070592
 20
299.041107718992
  0
LWPOLYLINE
  5
744
330
17
100
AcDbEntity
  8
OBJECT
370
18
100
AcDbPolyline
 90
2
 70
0
 10
312.05968029763415
 20
298.83499512532455
 10
312.05968029763415
 20
299.041107718992
  0
LWPOLYLINE
  5
745
330
17
100
AcDbEntity
  8
OBJECT
370
18
100
AcDbPolyline
 90
2
 70
0
 10
309.72373756940294
 20
298.83499512532455
 10
309.72373756940294
 20
299.041107718992
  0
LWPOLYLINE
  5
746
330
17
100
AcDbEntity
  8
OBJECT
370
18
100
AcDbPolyline
 90
2
 70
0
 10
318.32853072312196
 20
298.83499512532455
 10
318.32853072312196
 20
299.041107718992
  0
LWPOLYLINE
  5
747
330
17
100
AcDbEntity
  8
OBJECT
370
18
100
AcDbPolyline
 90
2
 70
0
 10
315.9925879948908
 20
298.83499512532455
 10
315.9925879948908
 20
299.041107718992
  0
LWPOLYLINE
  5
748
330
17
100
AcDbEntity
  8
OBJECT
370
18
100
AcDbPolyline
 90
2
 70
0
 10
322.5172426617447
 20
298.83499512532455
 10
322.5172426617447
 20
299.041107718992
  0
LWPOLYLINE
  5
749
330
17
100
AcDbEntity
  8
OBJECT
370
18
100
AcDbPolyline
 90
2
 70
0
 10
320.18129993351357
 20
298.83499512532455
 10
320.18129993351357
 20
299.041107718992
  0
LWPOLYLINE
  5
74A
330
17
100
AcDbEntity
  8
OBJECT
370
18
100
AcDbPolyline
 90
2
 70
0
 10
323.98812269161454
 20
298.83499512532455
 10
323.98812269161454
 20
299.041107718992
  0
LWPOLYLINE
  5
74B
330
17
100
AcDbEntity
  8
OBJECT
370
18
100
AcDbPolyline
 90
2
 70
0
 10
283.0060686507351
 20
298.83499512532455
 10
283.0060686507351
 20
299.041107718992
  0
LWPOLYLINE
  5
74C
330
17
100
AcDbEntity
  8
OBJECT
370
18
100
AcDbPolyline
 90
2
 70
0
 10
286.81289140883945
 20
298.83499512532455
 10
286.81289140883945
 20
299.041107718992
  0
LWPOLYLINE
  5
74D
330
17
100
AcDbEntity
  8
OBJECT
370
18
100
AcDbPolyline
 90
2
 70
0
 10
284.4769486806083
 20
298.83499512532455
 10
284.4769486806083
 20
299.041107718992
  0
LWPOLYLINE
  5
74E
330
17
100
AcDbEntity
  8
OBJECT
370
18
100
AcDbPolyline
 90
2
 70
0
 10
291.0016033474648
 20
298.83499512532455
 10
291.0016033474648
 20
299.041107718992
  0
LWPOLYLINE
  5
74F
330
17
100
AcDbEntity
  8
OBJECT
370
18
100
AcDbPolyline
 90
2
 70
0
 10
288.6656606192336
 20
298.83499512532455
 10
288.6656606192336
 20
299.041107718992
  0
LWPOLYLINE
  5
750
330
17
100
AcDbEntity
  8
OBJECT
370
18
100
AcDbPolyline
 90
2
 70
0
 10
297.27045377294706
 20
298.83499512532455
 10
297.27045377294706
 20
299.041107718992
  0
LWPOLYLINE
  5
751
330
17
100
AcDbEntity
  8
OBJECT
370
18
100
AcDbPolyline
 90
2
 70
0
 10
294.93451104471586
 20
298.83499512532455
 10
294.93451104471586
 20
299.041107718992
  0
LWPOLYLINE
  5
752
330
17
100
AcDbEntity
  8
OBJECT
370
18
100
AcDbPolyline
 90
2
 70
0
 10
311.1925952620789
 20
324.0837878495881
 10
311.1925952620789
 20
325.02847057056397
  0
LWPOLYLINE
  5
753
330
17
100
AcDbEntity
  8
OBJECT
370
18
100
AcDbPolyline
 90
2
 70
0
 10
310.3337927884645
 20
324.0837878495881
 10
310.3337927884645
 20
325.02847057056397
  0
LWPOLYLINE
  5
754
330
17
100
AcDbEntity
  8
OBJECT
370
18
100
AcDbPolyline
 90
2
 70
0
 10
311.493176127844
 20
325.02847057056397
 10
311.493176127844
 20
325.58669217841333
  0
LWPOLYLINE
  5
755
330
17
100
AcDbEntity
  8
OBJECT
370
18
100
AcDbPolyline
 90
2
 70
0
 10
310.0332119226995
 20
325.02847057056397
 10
310.0332119226995
 20
325.58669217841333
  0
LWPOLYLINE
  5
756
330
17
100
AcDbEntity
  8
OBJECT
370
18
100
AcDbPolyline
 90
2
 70
0
 10
320.2532717082423
 20
324.0837878495881
 10
320.2532717082423
 20
325.02847057056397
  0
LWPOLYLINE
  5
757
330
17
100
AcDbEntity
  8
OBJECT
370
18
100
AcDbPolyline
 90
2
 70
0
 10
319.39446923462793
 20
324.0837878495881
 10
319.39446923462793
 20
325.02847057056397
  0
LWPOLYLINE
  5
758
330
17
100
AcDbEntity
  8
OBJECT
370
18
100
AcDbPolyline
 90
2
 70
0
 10
320.5538525740074
 20
325.02847057056397
 10
320.5538525740074
 20
325.58669217841333
  0
LWPOLYLINE
  5
759
330
17
100
AcDbEntity
  8
OBJECT
370
18
100
AcDbPolyline
 90
2
 70
0
 10
319.0938883688629
 20
325.02847057056397
 10
319.0938883688629
 20
325.58669217841333
  0
LWPOLYLINE
  5
75A
330
17
100
AcDbEntity
  8
OBJECT
370
18
100
AcDbPolyline
 90
2
 70
0
 10
319.39446923462793
 20
324.0837878495881
 10
319.39446923462793
 20
325.02847057056397
  0
LWPOLYLINE
  5
75B
330
17
100
AcDbEntity
  8
OBJECT
370
18
100
AcDbPolyline
 90
2
 70
0
 10
320.5538525740074
 20
325.02847057056397
 10
320.5538525740074
 20
325.58669217841333
  0
LWPOLYLINE
  5
75C
330
17
100
AcDbEntity
  8
OBJECT
370
18
100
AcDbPolyline
 90
2
 70
0
 10
287.59972210772594
 20
324.0837878495881
 10
287.59972210772594
 20
325.02847057056397
  0
LWPOLYLINE
  5
75D
330
17
100
AcDbEntity
  8
OBJECT
370
18
100
AcDbPolyline
 90
2
 70
0
 10
287.59972210772594
 20
324.0837878495881
 10
287.59972210772594
 20
325.02847057056397
  0
LWPOLYLINE
  5
75E
330
17
100
AcDbEntity
  8
OBJECT
370
18
100
AcDbPolyline
 90
2
 70
0
 10
286.74091963411155
 20
324.0837878495881
 10
286.74091963411155
 20
325.02847057056397
  0
LWPOLYLINE
  5
75F
330
17
100
AcDbEntity
  8
OBJECT
370
18
100
AcDbPolyline
 90
2
 70
0
 10
287.90030297349097
 20
325.02847057056397
 10
287.90030297349097
 20
325.06282266950853
  0
LWPOLYLINE
  5
760
330
17
100
AcDbEntity
  8
OBJECT
370
18
100
AcDbPolyline
 90
2
 70
0
 10
286.44033876834646
 20
325.02847057056397
 10
286.44033876834646
 20
325.06282266950853
  0
LWPOLYLINE
  5
761
330
17
100
AcDbEntity
  8
OBJECT
370
18
100
AcDbPolyline
 90
2
 70
0
 10
296.6603985538854
 20
324.0837878495881
 10
296.6603985538854
 20
325.02847057056397
  0
LWPOLYLINE
  5
762
330
17
100
AcDbEntity
  8
OBJECT
370
18
100
AcDbPolyline
 90
2
 70
0
 10
295.801596080271
 20
324.0837878495881
 10
295.801596080271
 20
325.02847057056397
  0
LWPOLYLINE
  5
763
330
17
100
AcDbEntity
  8
OBJECT
370
18
100
AcDbPolyline
 90
2
 70
0
 10
296.96097941965047
 20
325.02847057056397
 10
296.96097941965047
 20
325.58669217841333
  0
LWPOLYLINE
  5
764
330
17
100
AcDbEntity
  8
OBJECT
370
18
100
AcDbPolyline
 90
2
 70
0
 10
295.50101521450597
 20
325.02847057056397
 10
295.50101521450597
 20
325.58669217841333
  0
LWPOLYLINE
  5
765
330
17
100
AcDbEntity
  8
OBJECT
370
18
100
AcDbPolyline
 90
2
 70
0
 10
312.51452164412603
 20
342.8915620217436
 10
312.4286413967646
 20
342.8915620217436
  0
LWPOLYLINE
  5
766
330
17
100
AcDbEntity
  8
OBJECT
370
18
100
AcDbPolyline
 90
2
 70
0
 10
314.57564758080065
 20
336.91644381157136
 10
313.7168451071862
 20
336.91644381157136
  0
LWPOLYLINE
  5
767
330
17
100
AcDbEntity
  8
OBJECT
370
18
100
AcDbPolyline
 90
2
 70
0
 10
314.57564758080065
 20
336.22940183267986
 10
314.23212659135487
 20
336.22940183267986
  0
LWPOLYLINE
  5
768
330
17
100
AcDbEntity
  8
OBJECT
370
18
100
AcDbPolyline
 90
2
 70
0
 10
315.0222248670801
 20
337.1569085041834
 10
314.57564758080065
 20
337.1569085041834
  0
LWPOLYLINE
  5
769
330
17
100
AcDbEntity
  8
OBJECT
370
18
100
AcDbPolyline
 90
2
 70
0
 10
315.0222248670801
 20
335.9889371400678
 10
314.57564758080065
 20
335.9889371400678
  0
LWPOLYLINE
  5
76A
330
17
100
AcDbEntity
  8
OBJECT
370
18
100
AcDbPolyline
 90
2
 70
0
 10
315.0222248670801
 20
342.43210269835987
 10
314.57564758080065
 20
342.43210269835987
  0
LWPOLYLINE
  5
76B
330
17
100
AcDbEntity
  8
OBJECT
370
18
100
AcDbPolyline
 90
2
 70
0
 10
314.57564758080065
 20
336.22940183267986
 10
314.23212659135487
 20
336.22940183267986
  0
LWPOLYLINE
  5
76C
330
17
100
AcDbEntity
  8
OBJECT
370
18
100
AcDbPolyline
 90
2
 70
0
 10
315.0222248670801
 20
337.1569085041834
 10
314.57564758080065
 20
337.1569085041834
  0
LWPOLYLINE
  5
76D
330
17
100
AcDbEntity
  8
OBJECT
370
18
100
AcDbPolyline
 90
2
 70
0
 10
315.0222248670801
 20
335.9889371400678
 10
314.57564758080065
 20
335.9889371400678
  0
LWPOLYLINE
  5
76E
330
17
100
AcDbEntity
  8
OBJECT
370
18
100
AcDbPolyline
 90
2
 70
0
 10
295.879517730215
 20
336.85247179319987
 10
294.9777751329199
 20
336.85247179319987
  0
LWPOLYLINE
  5
76F
330
17
100
AcDbEntity
  8
OBJECT
370
18
100
AcDbPolyline
 90
2
 70
0
 10
312.0164162094297
 20
336.85247179319987
 10
311.1146736121346
 20
336.85247179319987
  0
LWPOLYLINE
  5
770
330
17
100
AcDbEntity
  8
OBJECT
370
18
100
AcDbPolyline
 90
2
 70
0
 10
311.2263179337044
 20
342.3035105420527
 10
311.1146736121346
 20
342.3035105420527
  0
LWPOLYLINE
  5
771
330
17
100
AcDbEntity
  8
OBJECT
370
18
100
AcDbPolyline
 90
2
 70
0
 10
311.2263179337044
 20
361.88184998186165
 10
295.76787340864513
 20
361.88184998186165
  0
LWPOLYLINE
  5
772
330
17
100
AcDbEntity
  8
OBJECT
370
18
100
AcDbPolyline
 90
2
 70
0
 10
311.2263179337044
 20
342.64467457289896
 10
311.1146736121346
 20
342.64467457289896
  0
LWPOLYLINE
  5
773
330
17
100
AcDbEntity
  8
OBJECT
370
18
100
AcDbPolyline
 90
2
 70
0
 10
295.76787340864513
 20
360.3428759491446
 10
295.42435241919935
 20
360.3428759491446
  0
LWPOLYLINE
  5
774
330
17
100
AcDbEntity
  8
OBJECT
370
18
100
AcDbPolyline
 90
2
 70
0
 10
295.42435241919935
 20
358.51534428529317
 10
295.3475121978764
 20
358.51534428529317
  0
LWPOLYLINE
  5
775
330
17
100
AcDbEntity
  8
OBJECT
370
18
100
AcDbPolyline
 90
2
 70
0
 10
312.4286413967646
 20
363.42082401457867
 10
311.2263179337044
 20
363.42082401457867
  0
LWPOLYLINE
  5
776
330
17
100
AcDbEntity
  8
OBJECT
370
18
100
AcDbPolyline
 90
2
 70
0
 10
312.4286413967646
 20
341.10570054018194
 10
311.2263179337044
 20
341.10570054018194
  0
LWPOLYLINE
  5
777
330
17
100
AcDbEntity
  8
OBJECT
370
18
100
AcDbPolyline
 90
2
 70
0
 10
313.28744387037904
 20
352.6067832668261
 10
312.4286413967646
 20
352.6067832668261
  0
LWPOLYLINE
  5
778
330
17
100
AcDbEntity
  8
OBJECT
370
18
100
AcDbPolyline
 90
2
 70
0
 10
313.28744387037904
 20
351.9197412879345
 10
312.4286413967646
 20
351.9197412879345
  0
LWPOLYLINE
  5
779
330
17
100
AcDbEntity
  8
OBJECT
370
18
100
AcDbPolyline
 90
2
 70
0
 10
313.7340211566585
 20
352.8472479594381
 10
313.28744387037904
 20
352.8472479594381
  0
LWPOLYLINE
  5
77A
330
17
100
AcDbEntity
  8
OBJECT
370
18
100
AcDbPolyline
 90
2
 70
0
 10
313.7340211566585
 20
351.6792765953225
 10
313.28744387037904
 20
351.6792765953225
  0
LWPOLYLINE
  5
77B
330
17
100
AcDbEntity
  8
OBJECT
370
18
100
AcDbPolyline
 90
2
 70
0
 10
313.28744387037904
 20
356.98324067236507
 10
312.4286413967646
 20
356.98324067236507
  0
LWPOLYLINE
  5
77C
330
17
100
AcDbEntity
  8
OBJECT
370
18
100
AcDbPolyline
 90
2
 70
0
 10
313.28744387037904
 20
356.29619869347357
 10
312.4286413967646
 20
356.29619869347357
  0
LWPOLYLINE
  5
77D
330
17
100
AcDbEntity
  8
OBJECT
370
18
100
AcDbPolyline
 90
2
 70
0
 10
313.7340211566585
 20
357.2237053649771
 10
313.28744387037904
 20
357.2237053649771
  0
LWPOLYLINE
  5
77E
330
17
100
AcDbEntity
  8
OBJECT
370
18
100
AcDbPolyline
 90
2
 70
0
 10
313.7340211566585
 20
356.05573400086155
 10
313.28744387037904
 20
356.05573400086155
  0
LWPOLYLINE
  5
77F
330
17
100
AcDbEntity
  8
OBJECT
370
18
100
AcDbPolyline
 90
2
 70
0
 10
313.28744387037904
 20
360.1870298503807
 10
312.4286413967646
 20
360.1870298503807
  0
LWPOLYLINE
  5
780
330
17
100
AcDbEntity
  8
OBJECT
370
18
100
AcDbPolyline
 90
2
 70
0
 10
313.28744387037904
 20
359.49998787148917
 10
312.4286413967646
 20
359.49998787148917
  0
LWPOLYLINE
  5
781
330
17
100
AcDbEntity
  8
OBJECT
370
18
100
AcDbPolyline
 90
2
 70
0
 10
313.7340211566585
 20
360.42749454299275
 10
313.28744387037904
 20
360.42749454299275
  0
LWPOLYLINE
  5
782
330
17
100
AcDbEntity
  8
OBJECT
370
18
100
AcDbPolyline
 90
2
 70
0
 10
313.7340211566585
 20
359.25952317887715
 10
313.28744387037904
 20
359.25952317887715
  0
LWPOLYLINE
  5
783
330
17
100
AcDbEntity
  8
OBJECT
370
18
100
AcDbPolyline
 90
2
 70
0
 10
313.28744387037904
 20
361.3596980779041
 10
312.4286413967646
 20
361.3596980779041
  0
LWPOLYLINE
  5
784
330
17
100
AcDbEntity
  8
OBJECT
370
18
100
AcDbPolyline
 90
2
 70
0
 10
313.28744387037904
 20
360.67265609901256
 10
312.4286413967646
 20
360.67265609901256
  0
LWPOLYLINE
  5
785
330
17
100
AcDbEntity
  8
OBJECT
370
18
100
AcDbPolyline
 90
2
 70
0
 10
313.7340211566585
 20
361.60016277051614
 10
313.28744387037904
 20
361.60016277051614
  0
LWPOLYLINE
  5
786
330
17
100
AcDbEntity
  8
OBJECT
370
18
100
AcDbPolyline
 90
2
 70
0
 10
313.7340211566585
 20
360.43219140640053
 10
313.28744387037904
 20
360.43219140640053
  0
LWPOLYLINE
  5
787
330
17
100
AcDbEntity
  8
OBJECT
370
18
100
AcDbPolyline
 90
2
 70
0
 10
313.28744387037904
 20
343.85386845574806
 10
312.4286413967646
 20
343.85386845574806
  0
LWPOLYLINE
  5
788
330
17
100
AcDbEntity
  8
OBJECT
370
18
100
AcDbPolyline
 90
2
 70
0
 10
313.28744387037904
 20
343.1668264768565
 10
312.4286413967646
 20
343.1668264768565
  0
LWPOLYLINE
  5
789
330
17
100
AcDbEntity
  8
OBJECT
370
18
100
AcDbPolyline
 90
2
 70
0
 10
313.7340211566585
 20
344.0943331483601
 10
313.28744387037904
 20
344.0943331483601
  0
LWPOLYLINE
  5
78A
330
17
100
AcDbEntity
  8
OBJECT
370
18
100
AcDbPolyline
 90
2
 70
0
 10
313.7340211566585
 20
342.9263617842445
 10
313.28744387037904
 20
342.9263617842445
  0
LWPOLYLINE
  5
78B
330
17
100
AcDbEntity
  8
OBJECT
370
18
100
AcDbPolyline
 90
2
 70
0
 10
313.28744387037904
 20
345.02653668327144
 10
312.4286413967646
 20
345.02653668327144
  0
LWPOLYLINE
  5
78C
330
17
100
AcDbEntity
  8
OBJECT
370
18
100
AcDbPolyline
 90
2
 70
0
 10
313.28744387037904
 20
344.3394947043799
 10
312.4286413967646
 20
344.3394947043799
  0
LWPOLYLINE
  5
78D
330
17
100
AcDbEntity
  8
OBJECT
370
18
100
AcDbPolyline
 90
2
 70
0
 10
313.7340211566585
 20
345.26700137588347
 10
313.28744387037904
 20
345.26700137588347
  0
LWPOLYLINE
  5
78E
330
17
100
AcDbEntity
  8
OBJECT
370
18
100
AcDbPolyline
 90
2
 70
0
 10
313.7340211566585
 20
344.09903001176787
 10
313.28744387037904
 20
344.09903001176787
  0
LWPOLYLINE
  5
78F
330
17
100
AcDbEntity
  8
OBJECT
370
18
100
AcDbPolyline
 90
2
 70
0
 10
313.28744387037904
 20
348.23032586128704
 10
312.4286413967646
 20
348.23032586128704
  0
LWPOLYLINE
  5
790
330
17
100
AcDbEntity
  8
OBJECT
370
18
100
AcDbPolyline
 90
2
 70
0
 10
313.28744387037904
 20
347.54328388239554
 10
312.4286413967646
 20
347.54328388239554
  0
LWPOLYLINE
  5
791
330
17
100
AcDbEntity
  8
OBJECT
370
18
100
AcDbPolyline
 90
2
 70
0
 10
313.7340211566585
 20
348.47079055389906
 10
313.28744387037904
 20
348.47079055389906
  0
LWPOLYLINE
  5
792
330
17
100
AcDbEntity
  8
OBJECT
370
18
100
AcDbPolyline
 90
2
 70
0
 10
313.7340211566585
 20
347.3028191897835
 10
313.28744387037904
 20
347.3028191897835
  0
LWPOLYLINE
  5
793
330
17
100
AcDbEntity
  8
OBJECT
370
18
100
AcDbPolyline
 90
2
 70
0
 10
296.9873729211776
 20
345.5351118368395
 10
296.2144506949246
 20
345.5351118368395
  0
LWPOLYLINE
  5
794
330
17
100
AcDbEntity
  8
OBJECT
370
18
100
AcDbPolyline
 90
2
 70
0
 10
310.77974064742494
 20
345.5351118368395
 10
310.006818421172
 20
345.5351118368395
  0
LWPOLYLINE
  5
795
330
17
100
AcDbEntity
  8
OBJECT
370
18
100
AcDbPolyline
 90
2
 70
0
 10
296.9873729211776
 20
339.8555140695953
 10
296.2144506949246
 20
339.8555140695953
  0
LWPOLYLINE
  5
796
330
17
100
AcDbEntity
  8
OBJECT
370
18
100
AcDbPolyline
 90
2
 70
0
 10
310.77974064742494
 20
339.8555140695953
 10
310.006818421172
 20
339.8555140695953
  0
LWPOLYLINE
  5
797
330
17
100
AcDbEntity
  8
OBJECT
370
18
100
AcDbPolyline
 90
2
 70
0
 10
277.3036202259354
 20
322.28030265499785
 10
277.3036202259354
 20
322.49500327340144
  0
LWPOLYLINE
  5
798
330
17
100
AcDbEntity
  8
OBJECT
370
18
100
AcDbPolyline
 90
2
 70
0
 10
273.0096078578634
 20
320.34799708936544
 10
273.0096078578634
 20
322.49500327340144
  0
TEXT
  5
799
330
17
100
AcDbEntity
  8
TEXT
100
AcDbText
 10
305.0
 20
373.0
 30
0.0
 40
3.2
  1
右视图 / RIGHT VIEW
  7
CJK
 72
1
 11
305.0
 21
373.0
 31
0.0
100
AcDbText
 73
2
  0
LINE
  5
79A
330
17
100
AcDbEntity
  8
DIM
370
18
100
AcDbLine
 10
35.0
 20
116.0
 30
0.0
 11
35.0
 21
106.0
 31
0.0
  0
LINE
  5
79B
330
17
100
AcDbEntity
  8
DIM
370
18
100
AcDbLine
 10
390.0
 20
116.0
 30
0.0
 11
390.0
 21
106.0
 31
0.0
  0
LINE
  5
79C
330
17
100
AcDbEntity
  8
DIM
370
18
100
AcDbLine
 10
35.0
 20
106.0
 30
0.0
 11
390.0
 21
106.0
 31
0.0
  0
LWPOLYLINE
  5
79D
330
17
100
AcDbEntity
  8
DIM
370
18
100
AcDbPolyline
 90
3
 70
1
 10
35.0
 20
106.0
 10
32.8349364905389
 20
107.25
 10
32.8349364905389
 20
104.75
  0
LWPOLYLINE
  5
79E
330
17
100
AcDbEntity
  8
DIM
370
18
100
AcDbPolyline
 90
3
 70
1
 10
390.0
 20
106.0
 10
392.1650635094611
 20
104.75
 10
392.1650635094611
 20
107.25
  0
TEXT
  5
79F
330
17
100
AcDbEntity
  8
DIM
100
AcDbText
 10
212.5
 20
108.0
 30
0.0
 40
3.0
  1
1180 最大工作半径（参考）/MAX. RADIUS REF.
  7
CJK
 72
1
 11
212.5
 21
108.0
 31
0.0
100
AcDbText
 73
2
  0
CIRCLE
  5
7A0
330
17
100
AcDbEntity
  8
BOM
370
25
100
AcDbCircle
 10
70.0
 20
145.0
 30
0.0
 40
6.0
  0
TEXT
  5
7A1
330
17
100
AcDbEntity
  8
BOM
100
AcDbText
 10
70.0
 20
145.0
 30
0.0
 40
3.5
  1
1
  7
CJK
 72
1
 11
70.0
 21
145.0
 31
0.0
100
AcDbText
 73
2
  0
CIRCLE
  5
7A2
330
17
100
AcDbEntity
  8
BOM
370
25
100
AcDbCircle
 10
115.0
 20
180.0
 30
0.0
 40
6.0
  0
TEXT
  5
7A3
330
17
100
AcDbEntity
  8
BOM
100
AcDbText
 10
115.0
 20
180.0
 30
0.0
 40
3.5
  1
2
  7
CJK
 72
1
 11
115.0
 21
180.0
 31
0.0
100
AcDbText
 73
2
  0
CIRCLE
  5
7A4
330
17
100
AcDbEntity
  8
BOM
370
25
100
AcDbCircle
 10
175.0
 20
225.0
 30
0.0
 40
6.0
  0
TEXT
  5
7A5
330
17
100
AcDbEntity
  8
BOM
100
AcDbText
 10
175.0
 20
225.0
 30
0.0
 40
3.5
  1
3
  7
CJK
 72
1
 11
175.0
 21
225.0
 31
0.0
100
AcDbText
 73
2
  0
CIRCLE
  5
7A6
330
17
100
AcDbEntity
  8
BOM
370
25
100
AcDbCircle
 10
245.0
 20
210.0
 30
0.0
 40
6.0
  0
TEXT
  5
7A7
330
17
100
AcDbEntity
  8
BOM
100
AcDbText
 10
245.0
 20
210.0
 30
0.0
 40
3.5
  1
4
  7
CJK
 72
1
 11
245.0
 21
210.0
 31
0.0
100
AcDbText
 73
2
  0
CIRCLE
  5
7A8
330
17
100
AcDbEntity
  8
BOM
370
25
100
AcDbCircle
 10
315.0
 20
175.0
 30
0.0
 40
6.0
  0
TEXT
  5
7A9
330
17
100
AcDbEntity
  8
BOM
100
AcDbText
 10
315.0
 20
175.0
 30
0.0
 40
3.5
  1
5
  7
CJK
 72
1
 11
315.0
 21
175.0
 31
0.0
100
AcDbText
 73
2
  0
CIRCLE
  5
7AA
330
17
100
AcDbEntity
  8
BOM
370
25
100
AcDbCircle
 10
365.0
 20
145.0
 30
0.0
 40
6.0
  0
TEXT
  5
7AB
330
17
100
AcDbEntity
  8
BOM
100
AcDbText
 10
365.0
 20
145.0
 30
0.0
 40
3.5
  1
6
  7
CJK
 72
1
 11
365.0
 21
145.0
 31
0.0
100
AcDbText
 73
2
  0
TEXT
  5
7AC
330
17
100
AcDbEntity
  8
BOM
100
AcDbText
 10
420.0
 20
395.0
 30
0.0
 40
3.5
  1
明细栏 / BILL OF MATERIALS
  7
CJK
 11
420.0
 21
395.0
 31
0.0
100
AcDbText
  0
LINE
  5
7AD
330
17
100
AcDbEntity
  8
BOM
370
18
100
AcDbLine
 10
420.0
 20
390.0
 30
0.0
 11
575.0
 21
390.0
 31
0.0
  0
LINE
  5
7AE
330
17
100
AcDbEntity
  8
BOM
370
18
100
AcDbLine
 10
420.0
 20
383.0
 30
0.0
 11
575.0
 21
383.0
 31
0.0
  0
LINE
  5
7AF
330
17
100
AcDbEntity
  8
BOM
370
18
100
AcDbLine
 10
420.0
 20
376.0
 30
0.0
 11
575.0
 21
376.0
 31
0.0
  0
LINE
  5
7B0
330
17
100
AcDbEntity
  8
BOM
370
18
100
AcDbLine
 10
420.0
 20
369.0
 30
0.0
 11
575.0
 21
369.0
 31
0.0
  0
LINE
  5
7B1
330
17
100
AcDbEntity
  8
BOM
370
18
100
AcDbLine
 10
420.0
 20
362.0
 30
0.0
 11
575.0
 21
362.0
 31
0.0
  0
LINE
  5
7B2
330
17
100
AcDbEntity
  8
BOM
370
18
100
AcDbLine
 10
420.0
 20
355.0
 30
0.0
 11
575.0
 21
355.0
 31
0.0
  0
LINE
  5
7B3
330
17
100
AcDbEntity
  8
BOM
370
18
100
AcDbLine
 10
420.0
 20
348.0
 30
0.0
 11
575.0
 21
348.0
 31
0.0
  0
LINE
  5
7B4
330
17
100
AcDbEntity
  8
BOM
370
18
100
AcDbLine
 10
420.0
 20
341.0
 30
0.0
 11
575.0
 21
341.0
 31
0.0
  0
LINE
  5
7B5
330
17
100
AcDbEntity
  8
BOM
370
18
100
AcDbLine
 10
420.0
 20
390.0
 30
0.0
 11
420.0
 21
341.0
 31
0.0
  0
LINE
  5
7B6
330
17
100
AcDbEntity
  8
BOM
370
18
100
AcDbLine
 10
432.0
 20
390.0
 30
0.0
 11
432.0
 21
341.0
 31
0.0
  0
LINE
  5
7B7
330
17
100
AcDbEntity
  8
BOM
370
18
100
AcDbLine
 10
490.0
 20
390.0
 30
0.0
 11
490.0
 21
341.0
 31
0.0
  0
LINE
  5
7B8
330
17
100
AcDbEntity
  8
BOM
370
18
100
AcDbLine
 10
505.0
 20
390.0
 30
0.0
 11
505.0
 21
341.0
 31
0.0
  0
LINE
  5
7B9
330
17
100
AcDbEntity
  8
BOM
370
18
100
AcDbLine
 10
540.0
 20
390.0
 30
0.0
 11
540.0
 21
341.0
 31
0.0
  0
LINE
  5
7BA
330
17
100
AcDbEntity
  8
BOM
370
18
100
AcDbLine
 10
575.0
 20
390.0
 30
0.0
 11
575.0
 21
341.0
 31
0.0
  0
TEXT
  5
7BB
330
17
100
AcDbEntity
  8
BOM
100
AcDbText
 10
426.0
 20
386.5
 30
0.0
 40
2.3
  1
序号
  7
CJK
 72
1
 11
426.0
 21
386.5
 31
0.0
100
AcDbText
 73
2
  0
TEXT
  5
7BC
330
17
100
AcDbEntity
  8
BOM
100
AcDbText
 10
461.0
 20
386.5
 30
0.0
 40
2.3
  1
名称/NAME
  7
CJK
 72
1
 11
461.0
 21
386.5
 31
0.0
100
AcDbText
 73
2
  0
TEXT
  5
7BD
330
17
100
AcDbEntity
  8
BOM
100
AcDbText
 10
497.5
 20
386.5
 30
0.0
 40
2.3
  1
数量
  7
CJK
 72
1
 11
497.5
 21
386.5
 31
0.0
100
AcDbText
 73
2
  0
TEXT
  5
7BE
330
17
100
AcDbEntity
  8
BOM
100
AcDbText
 10
522.5
 20
386.5
 30
0.0
 40
2.3
  1
材料/MAT.
  7
CJK
 72
1
 11
522.5
 21
386.5
 31
0.0
100
AcDbText
 73
2
  0
TEXT
  5
7BF
330
17
100
AcDbEntity
  8
BOM
100
AcDbText
 10
557.5
 20
386.5
 30
0.0
 40
2.3
  1
备注/NOTE
  7
CJK
 72
1
 11
557.5
 21
386.5
 31
0.0
100
AcDbText
 73
2
  0
TEXT
  5
7C0
330
17
100
AcDbEntity
  8
BOM
100
AcDbText
 10
426.0
 20
379.5
 30
0.0
 40
2.1
  1
1
  7
CJK
 72
1
 11
426.0
 21
379.5
 31
0.0
100
AcDbText
 73
2
  0
TEXT
  5
7C1
330
17
100
AcDbEntity
  8
BOM
100
AcDbText
 10
461.0
 20
379.5
 30
0.0
 40
2.1
  1
基础/Base
  7
CJK
 72
1
 11
461.0
 21
379.5
 31
0.0
100
AcDbText
 73
2
  0
TEXT
  5
7C2
330
17
100
AcDbEntity
  8
BOM
100
AcDbText
 10
497.5
 20
379.5
 30
0.0
 40
2.1
  1
1
  7
CJK
 72
1
 11
497.5
 21
379.5
 31
0.0
100
AcDbText
 73
2
  0
TEXT
  5
7C3
330
17
100
AcDbEntity
  8
BOM
100
AcDbText
 10
522.5
 20
379.5
 30
0.0
 40
2.1
  1
Q345B
  7
CJK
 72
1
 11
522.5
 21
379.5
 31
0.0
100
AcDbText
 73
2
  0
TEXT
  5
7C4
330
17
100
AcDbEntity
  8
BOM
100
AcDbText
 10
557.5
 20
379.5
 30
0.0
 40
2.1
  1

  7
CJK
 72
1
 11
557.5
 21
379.5
 31
0.0
100
AcDbText
 73
2
  0
TEXT
  5
7C5
330
17
100
AcDbEntity
  8
BOM
100
AcDbText
 10
426.0
 20
372.5
 30
0.0
 40
2.1
  1
2
  7
CJK
 72
1
 11
426.0
 21
372.5
 31
0.0
100
AcDbText
 73
2
  0
TEXT
  5
7C6
330
17
100
AcDbEntity
  8
BOM
100
AcDbText
 10
461.0
 20
372.5
 30
0.0
 40
2.1
  1
J1模块/J1
  7
CJK
 72
1
 11
461.0
 21
372.5
 31
0.0
100
AcDbText
 73
2
  0
TEXT
  5
7C7
330
17
100
AcDbEntity
  8
BOM
100
AcDbText
 10
497.5
 20
372.5
 30
0.0
 40
2.1
  1
1
  7
CJK
 72
1
 11
497.5
 21
372.5
 31
0.0
100
AcDbText
 73
2
  0
TEXT
  5
7C8
330
17
100
AcDbEntity
  8
BOM
100
AcDbText
 10
522.5
 20
372.5
 30
0.0
 40
2.1
  1
ASSY
  7
CJK
 72
1
 11
522.5
 21
372.5
 31
0.0
100
AcDbText
 73
2
  0
TEXT
  5
7C9
330
17
100
AcDbEntity
  8
BOM
100
AcDbText
 10
557.5
 20
372.5
 30
0.0
 40
2.1
  1

  7
CJK
 72
1
 11
557.5
 21
372.5
 31
0.0
100
AcDbText
 73
2
  0
TEXT
  5
7CA
330
17
100
AcDbEntity
  8
BOM
100
AcDbText
 10
426.0
 20
365.5
 30
0.0
 40
2.1
  1
3
  7
CJK
 72
1
 11
426.0
 21
365.5
 31
0.0
100
AcDbText
 73
2
  0
TEXT
  5
7CB
330
17
100
AcDbEntity
  8
BOM
100
AcDbText
 10
461.0
 20
365.5
 30
0.0
 40
2.1
  1
大臂/Upper arm
  7
CJK
 72
1
 11
461.0
 21
365.5
 31
0.0
100
AcDbText
 73
2
  0
TEXT
  5
7CC
330
17
100
AcDbEntity
  8
BOM
100
AcDbText
 10
497.5
 20
365.5
 30
0.0
 40
2.1
  1
1
  7
CJK
 72
1
 11
497.5
 21
365.5
 31
0.0
100
AcDbText
 73
2
  0
TEXT
  5
7CD
330
17
100
AcDbEntity
  8
BOM
100
AcDbText
 10
522.5
 20
365.5
 30
0.0
 40
2.1
  1
Q345B
  7
CJK
 72
1
 11
522.5
 21
365.5
 31
0.0
100
AcDbText
 73
2
  0
TEXT
  5
7CE
330
17
100
AcDbEntity
  8
BOM
100
AcDbText
 10
557.5
 20
365.5
 30
0.0
 40
2.1
  1

  7
CJK
 72
1
 11
557.5
 21
365.5
 31
0.0
100
AcDbText
 73
2
  0
TEXT
  5
7CF
330
17
100
AcDbEntity
  8
BOM
100
AcDbText
 10
426.0
 20
358.5
 30
0.0
 40
2.1
  1
4
  7
CJK
 72
1
 11
426.0
 21
358.5
 31
0.0
100
AcDbText
 73
2
  0
TEXT
  5
7D0
330
17
100
AcDbEntity
  8
BOM
100
AcDbText
 10
461.0
 20
358.5
 30
0.0
 40
2.1
  1
小臂/Forearm
  7
CJK
 72
1
 11
461.0
 21
358.5
 31
0.0
100
AcDbText
 73
2
  0
TEXT
  5
7D1
330
17
100
AcDbEntity
  8
BOM
100
AcDbText
 10
497.5
 20
358.5
 30
0.0
 40
2.1
  1
1
  7
CJK
 72
1
 11
497.5
 21
358.5
 31
0.0
100
AcDbText
 73
2
  0
TEXT
  5
7D2
330
17
100
AcDbEntity
  8
BOM
100
AcDbText
 10
522.5
 20
358.5
 30
0.0
 40
2.1
  1
Q345B
  7
CJK
 72
1
 11
522.5
 21
358.5
 31
0.0
100
AcDbText
 73
2
  0
TEXT
  5
7D3
330
17
100
AcDbEntity
  8
BOM
100
AcDbText
 10
557.5
 20
358.5
 30
0.0
 40
2.1
  1

  7
CJK
 72
1
 11
557.5
 21
358.5
 31
0.0
100
AcDbText
 73
2
  0
TEXT
  5
7D4
330
17
100
AcDbEntity
  8
BOM
100
AcDbText
 10
426.0
 20
351.5
 30
0.0
 40
2.1
  1
5
  7
CJK
 72
1
 11
426.0
 21
351.5
 31
0.0
100
AcDbText
 73
2
  0
TEXT
  5
7D5
330
17
100
AcDbEntity
  8
BOM
100
AcDbText
 10
461.0
 20
351.5
 30
0.0
 40
2.1
  1
腕部/Wrist
  7
CJK
 72
1
 11
461.0
 21
351.5
 31
0.0
100
AcDbText
 73
2
  0
TEXT
  5
7D6
330
17
100
AcDbEntity
  8
BOM
100
AcDbText
 10
497.5
 20
351.5
 30
0.0
 40
2.1
  1
1
  7
CJK
 72
1
 11
497.5
 21
351.5
 31
0.0
100
AcDbText
 73
2
  0
TEXT
  5
7D7
330
17
100
AcDbEntity
  8
BOM
100
AcDbText
 10
522.5
 20
351.5
 30
0.0
 40
2.1
  1
ASSY
  7
CJK
 72
1
 11
522.5
 21
351.5
 31
0.0
100
AcDbText
 73
2
  0
TEXT
  5
7D8
330
17
100
AcDbEntity
  8
BOM
100
AcDbText
 10
557.5
 20
351.5
 30
0.0
 40
2.1
  1

  7
CJK
 72
1
 11
557.5
 21
351.5
 31
0.0
100
AcDbText
 73
2
  0
TEXT
  5
7D9
330
17
100
AcDbEntity
  8
BOM
100
AcDbText
 10
426.0
 20
344.5
 30
0.0
 40
2.1
  1
6
  7
CJK
 72
1
 11
426.0
 21
344.5
 31
0.0
100
AcDbText
 73
2
  0
TEXT
  5
7DA
330
17
100
AcDbEntity
  8
BOM
100
AcDbText
 10
461.0
 20
344.5
 30
0.0
 40
2.1
  1
夹爪/Gripper
  7
CJK
 72
1
 11
461.0
 21
344.5
 31
0.0
100
AcDbText
 73
2
  0
TEXT
  5
7DB
330
17
100
AcDbEntity
  8
BOM
100
AcDbText
 10
497.5
 20
344.5
 30
0.0
 40
2.1
  1
1
  7
CJK
 72
1
 11
497.5
 21
344.5
 31
0.0
100
AcDbText
 73
2
  0
TEXT
  5
7DC
330
17
100
AcDbEntity
  8
BOM
100
AcDbText
 10
522.5
 20
344.5
 30
0.0
 40
2.1
  1
ASSY
  7
CJK
 72
1
 11
522.5
 21
344.5
 31
0.0
100
AcDbText
 73
2
  0
TEXT
  5
7DD
330
17
100
AcDbEntity
  8
BOM
100
AcDbText
 10
557.5
 20
344.5
 30
0.0
 40
2.1
  1

  7
CJK
 72
1
 11
557.5
 21
344.5
 31
0.0
100
AcDbText
 73
2
  0
TEXT
  5
7DE
330
17
100
AcDbEntity
  8
TEXT
100
AcDbText
 10
35.0
 20
95.0
 30
0.0
 40
4.0
  1
技术要求 / TECHNICAL REQUIREMENTS
  7
CJK
 11
35.0
 21
95.0
 31
0.0
100
AcDbText
  0
TEXT
  5
7DF
330
17
100
AcDbEntity
  8
TEXT
100
AcDbText
 10
35.0
 20
89.0
 30
0.0
 40
2.8
  1
1. 装配前清洗全部零件，去除毛刺和锐边。
  7
CJK
 11
35.0
 21
89.0
 31
0.0
100
AcDbText
  0
TEXT
  5
7E0
330
17
100
AcDbEntity
  8
TEXT
100
AcDbText
 10
35.0
 20
83.0
 30
0.0
 40
2.8
  1
2. 关键法兰采用止口和圆柱销定位。
  7
CJK
 11
35.0
 21
83.0
 31
0.0
100
AcDbText
  0
TEXT
  5
7E1
330
17
100
AcDbEntity
  8
TEXT
100
AcDbText
 10
35.0
 20
77.0
 30
0.0
 40
2.8
  1
3. 运动部件装配后手动检查全行程，不得卡滞。
  7
CJK
 11
35.0
 21
77.0
 31
0.0
100
AcDbText
  0
TEXT
  5
7E2
330
17
100
AcDbEntity
  8
TEXT
100
AcDbText
 10
35.0
 20
71.0
 30
0.0
 40
2.8
  1
4. 紧固件按规定力矩拧紧，并作防松标记。
  7
CJK
 11
35.0
 21
71.0
 31
0.0
100
AcDbText
  0
TEXT
  5
7E3
330
17
100
AcDbEntity
  8
TEXT
100
AcDbText
 10
35.0
 20
65.0
 30
0.0
 40
2.8
  1
5. 标注“参考”的尺寸仅用于总体布置，不作为加工依据。
  7
CJK
 11
35.0
 21
65.0
 31
0.0
100
AcDbText
  0
ARC
  5
7E4
330
17
100
AcDbEntity
  8
TEXT
370
25
100
AcDbCircle
 10
380.0
 20
95.0
 30
0.0
 40
7.0
100
AcDbArc
 50
90.0
 51
270.0
  0
ARC
  5
7E5
330
17
100
AcDbEntity
  8
TEXT
370
25
100
AcDbCircle
 10
394.0
 20
95.0
 30
0.0
 40
4.0
100
AcDbArc
 50
90.0
 51
270.0
  0
ARC
  5
7E6
330
17
100
AcDbEntity
  8
TEXT
370
25
100
AcDbCircle
 10
394.0
 20
95.0
 30
0.0
 40
7.0
100
AcDbArc
 50
-90.0
 51
90.0
  0
LINE
  5
7E7
330
17
100
AcDbEntity
  8
TEXT
370
25
100
AcDbLine
 10
380.0
 20
88.0
 30
0.0
 11
394.0
 21
88.0
 31
0.0
  0
LINE
  5
7E8
330
17
100
AcDbEntity
  8
TEXT
370
25
100
AcDbLine
 10
380.0
 20
102.0
 30
0.0
 11
394.0
 21
102.0
 31
0.0
  0
TEXT
  5
7E9
330
17
100
AcDbEntity
  8
TEXT
100
AcDbText
 10
387.0
 20
83.0
 30
0.0
 40
2.3
  1
第一角法/FIRST ANGLE
  7
CJK
 72
1
 11
387.0
 21
83.0
 31
0.0
100
AcDbText
 73
2
  0
ENDSEC
  0
SECTION
  2
OBJECTS
  0
DICTIONARY
  5
A
330
0
100
AcDbDictionary
281
1
  3
ACAD_COLOR
350
B
  3
ACAD_GROUP
350
C
  3
ACAD_LAYOUT
350
D
  3
ACAD_MATERIAL
350
E
  3
ACAD_MLEADERSTYLE
350
F
  3
ACAD_MLINESTYLE
350
10
  3
ACAD_PLOTSETTINGS
350
11
  3
ACAD_PLOTSTYLENAME
350
12
  3
ACAD_SCALELIST
350
14
  3
ACAD_TABLESTYLE
350
15
  3
ACAD_VISUALSTYLE
350
16
  3
EZDXF_META
350
2D
  0
DICTIONARY
  5
B
330
A
100
AcDbDictionary
281
1
  0
DICTIONARY
  5
C
330
A
100
AcDbDictionary
281
1
  0
DICTIONARY
  5
D
330
A
100
AcDbDictionary
281
1
  3
Model
350
1A
  3
Layout1
350
1E
  0
DICTIONARY
  5
E
330
A
100
AcDbDictionary
281
1
  3
ByBlock
350
1F
  3
ByLayer
350
20
  3
Global
350
21
  0
DICTIONARY
  5
F
330
A
100
AcDbDictionary
281
1
  3
Standard
350
2C
  0
DICTIONARY
  5
10
330
A
100
AcDbDictionary
281
1
  3
Standard
350
22
  0
DICTIONARY
  5
11
330
A
100
AcDbDictionary
281
1
  0
ACDBDICTIONARYWDFLT
  5
12
330
A
100
AcDbDictionary
281
1
  3
Normal
350
13
100
AcDbDictionaryWithDefault
340
13
  0
ACDBPLACEHOLDER
  5
13
330
12
  0
DICTIONARY
  5
14
330
A
100
AcDbDictionary
281
1
  0
DICTIONARY
  5
15
330
A
100
AcDbDictionary
281
1
  0
DICTIONARY
  5
16
330
A
100
AcDbDictionary
281
1
  3
2dWireframe
350
5A
  3
Basic
350
5B
  3
Brighten
350
5C
  3
ColorChange
350
5D
  3
Conceptual
350
5E
  3
Dim
350
5F
  3
EdgeColorOff
350
60
  3
Facepattern
350
61
  3
Flat
350
62
  3
FlatWithEdges
350
63
  3
Gouraud
350
64
  3
GouraudWithEdges
350
65
  3
Hidden
350
66
  3
JitterOff
350
67
  3
Linepattern
350
68
  3
Modeling
350
69
  3
OverhangOff
350
6A
  3
Realistic
350
6B
  3
Shaded
350
6C
  3
Shaded with edges
350
6D
  3
Shades of Gray
350
6E
  3
Sketchy
350
6F
  3
Thicken
350
70
  3
Wireframe
350
71
  3
X-Ray
350
72
  0
LAYOUT
  5
1A
330
D
100
AcDbPlotSettings
  1

  4
A3
  6

 40
7.5
 41
20.0
 42
7.5
 43
20.0
 44
420.0
 45
297.0
 46
0.0
 47
0.0
 48
0.0
 49
0.0
140
0.0
141
0.0
142
1.0
143
1.0
 70
1024
 72
1
 73
0
 74
5
  7

 75
16
 76
0
 77
2
 78
300
147
1.0
148
0.0
149
0.0
100
AcDbLayout
  1
Model
 70
1
 71
0
 10
0.0
 20
0.0
 11
420.0
 21
297.0
 12
0.0
 22
0.0
 32
0.0
 14
1e+20
 24
1e+20
 34
1e+20
 15
-1e+20
 25
-1e+20
 35
-1e+20
146
0.0
 13
0.0
 23
0.0
 33
0.0
 16
1.0
 26
0.0
 36
0.0
 17
0.0
 27
1.0
 37
0.0
 76
1
330
17
  0
LAYOUT
  5
1E
330
D
100
AcDbPlotSettings
  1

  4
A3
  6

 40
7.5
 41
20.0
 42
7.5
 43
20.0
 44
420.0
 45
297.0
 46
0.0
 47
0.0
 48
0.0
 49
0.0
140
0.0
141
0.0
142
1.0
143
1.0
 70
0
 72
1
 73
0
 74
5
  7

 75
16
 76
0
 77
2
 78
300
147
1.0
148
0.0
149
0.0
100
AcDbLayout
  1
Layout1
 70
1
 71
1
 10
0.0
 20
0.0
 11
420.0
 21
297.0
 12
0.0
 22
0.0
 32
0.0
 14
1e+20
 24
1e+20
 34
1e+20
 15
-1e+20
 25
-1e+20
 35
-1e+20
146
0.0
 13
0.0
 23
0.0
 33
0.0
 16
1.0
 26
0.0
 36
0.0
 17
0.0
 27
1.0
 37
0.0
 76
1
330
1B
  0
MATERIAL
  5
1F
102
{ACAD_REACTORS
330
E
102
}
330
E
100
AcDbMaterial
  1
ByBlock
  2

 70
0
 40
1.0
 71
1
 41
1.0
 91
-1023410177
 42
1.0
 72
1
  3

 73
1
 74
1
 75
1
 44
0.5
 73
0
 45
1.0
 46
1.0
 77
1
  4

 78
1
 79
1
170
1
 48
1.0
171
1
  6

172
1
173
1
174
1
140
1.0
141
1.0
175
1
  7

176
1
177
1
178
1
143
1.0
179
1
  8

270
1
271
1
272
1
145
1.0
146
1.0
273
1
  9

274
1
275
1
276
1
 42
1.0
 72
1
  3

 73
1
 74
1
 75
1
 94
63
  0
MATERIAL
  5
20
102
{ACAD_REACTORS
330
E
102
}
330
E
100
AcDbMaterial
  1
ByLayer
  2

 70
0
 40
1.0
 71
1
 41
1.0
 91
-1023410177
 42
1.0
 72
1
  3

 73
1
 74
1
 75
1
 44
0.5
 73
0
 45
1.0
 46
1.0
 77
1
  4

 78
1
 79
1
170
1
 48
1.0
171
1
  6

172
1
173
1
174
1
140
1.0
141
1.0
175
1
  7

176
1
177
1
178
1
143
1.0
179
1
  8

270
1
271
1
272
1
145
1.0
146
1.0
273
1
  9

274
1
275
1
276
1
 42
1.0
 72
1
  3

 73
1
 74
1
 75
1
 94
63
  0
MATERIAL
  5
21
102
{ACAD_REACTORS
330
E
102
}
330
E
100
AcDbMaterial
  1
Global
  2

 70
0
 40
1.0
 71
1
 41
1.0
 91
-1023410177
 42
1.0
 72
1
  3

 73
1
 74
1
 75
1
 44
0.5
 73
0
 45
1.0
 46
1.0
 77
1
  4

 78
1
 79
1
170
1
 48
1.0
171
1
  6

172
1
173
1
174
1
140
1.0
141
1.0
175
1
  7

176
1
177
1
178
1
143
1.0
179
1
  8

270
1
271
1
272
1
145
1.0
146
1.0
273
1
  9

274
1
275
1
276
1
 42
1.0
 72
1
  3

 73
1
 74
1
 75
1
 94
63
  0
MLINESTYLE
  5
22
102
{ACAD_REACTORS
330
10
102
}
330
10
100
AcDbMlineStyle
  2
Standard
 70
0
  3

 62
256
 51
90.0
 52
90.0
 71
2
 49
0.5
 62
256
  6
BYLAYER
 49
-0.5
 62
256
  6
BYLAYER
  0
MLEADERSTYLE
  5
2C
102
{ACAD_REACTORS
330
F
102
}
330
F
100
AcDbMLeaderStyle
179
2
170
2
171
1
172
0
 90
2
 40
0.0
 41
0.0
173
1
 91
-1056964608
 92
-2
290
1
 42
2.0
291
1
 43
8.0
  3
Standard
 44
4.0
300

342
29
174
1
175
1
176
0
178
1
 93
-1056964608
 45
4.0
292
0
297
0
 46
4.0
 94
-1056964608
 47
1.0
 49
1.0
140
1.0
294
1
141
0.0
177
0
142
1.0
295
0
296
0
143
3.75
271
0
272
9
273
9
  0
DICTIONARY
  5
2D
330
A
100
AcDbDictionary
280
1
281
1
  3
CREATED_BY_EZDXF
350
2E
  3
WRITTEN_BY_EZDXF
350
7EC
  0
DICTIONARYVAR
  5
2E
330
2D
100
DictionaryVariables
280
0
  1
1.4.4 @ 2026-07-15T16:55:05.529269+00:00
  0
VISUALSTYLE
  5
5A
102
{ACAD_REACTORS
330
16
102
}
330
16
100
AcDbVisualStyle
  2
2dWireframe
 70
4
177
3
291
0
 70
58
 90
2
176
1
 90
2
176
1
 90
0
176
1
 90
0
176
1
 40
0.6
176
1
 40
30.0
176
1
 62
7
420
16777215
176
1
 90
1
176
1
 90
4
176
1
 62
7
176
1
 62
257
176
1
 90
1
176
1
 90
1
176
1
 40
1.0
176
1
 90
8
176
1
 62
7
176
1
 40
1.0
176
1
 90
1
176
1
 90
6
176
1
 90
2
176
1
 62
7
176
1
 90
5
176
1
 90
0
176
1
 90
0
176
1
290
0
176
1
 90
1
176
1
 40
0.0
176
1
 90
0
176
1
290
1
176
1
290
1
176
1
290
0
176
1
290
0
176
1
290
0
176
1
290
0
176
1
290
0
176
1
290
0
176
1
290
0
176
1
 90
50
176
1
 40
0.0
176
1
 40
1.0
176
1
 90
0
176
1
 62
18
420
0
176
1
 90
50
176
1
 90
3
176
1
 62
5
420
255
176
1
290
0
176
1
 90
50
176
1
 90
50
176
1
 90
50
176
1
290
0
176
1
 90
50
176
1
 62
256
176
0
 40
1.0
176
0
 90
2
176
1
  1
strokes_ogs.tif
176
1
290
0
176
1
 40
1.0
176
1
 40
1.0
176
1
  0
VISUALSTYLE
  5
5B
102
{ACAD_REACTORS
330
16
102
}
330
16
100
AcDbVisualStyle
  2
Basic
 70
7
177
3
291
1
 70
58
 90
2
176
1
 90
2
176
1
 90
0
176
1
 90
1
176
1
 40
0.6
176
1
 40
30.0
176
1
 62
7
420
16777215
176
1
 90
1
176
1
 90
4
176
1
 62
7
176
1
 62
257
176
1
 90
1
176
1
 90
1
176
1
 40
1.0
176
1
 90
8
176
1
 62
7
176
1
 40
1.0
176
1
 90
1
176
1
 90
6
176
1
 90
2
176
1
 62
7
176
1
 90
5
176
1
 90
0
176
1
 90
0
176
1
290
0
176
1
 90
1
176
1
 40
0.0
176
1
 90
0
176
1
290
0
176
1
290
1
176
1
290
1
176
1
290
0
176
1
290
0
176
1
290
0
176
1
290
0
176
1
290
0
176
1
290
0
176
1
 90
50
176
1
 40
0.0
176
1
 40
1.0
176
1
 90
0
176
1
 62
18
420
0
176
1
 90
50
176
1
 90
3
176
1
 62
5
420
255
176
1
290
0
176
1
 90
50
176
1
 90
50
176
1
 90
50
176
1
290
0
176
1
 90
50
176
1
 62
256
176
0
 40
1.0
176
0
 90
2
176
1
  1
strokes_ogs.tif
176
1
290
0
176
1
 40
1.0
176
1
 40
1.0
176
1
  0
VISUALSTYLE
  5
5C
102
{ACAD_REACTORS
330
16
102
}
330
16
100
AcDbVisualStyle
  2
Brighten
 70
12
177
3
291
1
 70
58
 90
2
176
1
 90
2
176
1
 90
0
176
1
 90
2
176
1
 40
0.6
176
1
 40
30.0
176
1
 62
7
420
16777215
176
1
 90
1
176
1
 90
4
176
1
 62
7
176
1
 62
257
176
1
 90
1
176
1
 90
1
176
1
 40
1.0
176
1
 90
8
176
1
 62
7
176
1
 40
1.0
176
1
 90
1
176
1
 90
6
176
1
 90
2
176
1
 62
7
176
1
 90
5
176
1
 90
0
176
1
 90
0
176
1
290
0
176
1
 90
1
176
1
 40
0.0
176
1
 90
0
176
1
290
0
176
1
290
1
176
1
290
1
176
1
290
0
176
1
290
0
176
1
290
0
176
1
290
0
176
1
290
0
176
1
290
0
176
1
 90
50
176
1
 40
0.0
176
1
 40
1.0
176
1
 90
0
176
1
 62
18
420
0
176
1
 90
50
176
1
 90
3
176
1
 62
5
420
255
176
1
290
0
176
1
 90
50
176
1
 90
50
176
1
 90
50
176
1
290
0
176
1
 90
50
176
1
 62
256
176
0
 40
1.0
176
0
 90
2
176
1
  1
strokes_ogs.tif
176
1
290
0
176
1
 40
1.0
176
1
 40
1.0
176
1
  0
VISUALSTYLE
  5
5D
102
{ACAD_REACTORS
330
16
102
}
330
16
100
AcDbVisualStyle
  2
ColorChange
 70
16
177
3
291
1
 70
58
 90
2
176
1
 90
2
176
1
 90
0
176
1
 90
2
176
1
 40
0.6
176
1
 40
30.0
176
1
 62
7
420
16777215
176
1
 90
1
176
1
 90
4
176
1
 62
7
176
1
 62
257
176
1
 90
1
176
1
 90
1
176
1
 40
1.0
176
1
 90
8
176
1
 62
7
176
1
 40
1.0
176
1
 90
1
176
1
 90
6
176
1
 90
2
176
1
 62
7
176
1
 90
5
176
1
 90
0
176
1
 90
0
176
1
290
0
176
1
 90
1
176
1
 40
0.0
176
1
 90
0
176
1
290
0
176
1
290
1
176
1
290
1
176
1
290
0
176
1
290
0
176
1
290
0
176
1
290
0
176
1
290
0
176
1
290
0
176
1
 90
50
176
1
 40
0.0
176
1
 40
1.0
176
1
 90
0
176
1
 62
18
420
0
176
1
 90
50
176
1
 90
3
176
1
 62
5
420
255
176
1
290
0
176
1
 90
50
176
1
 90
50
176
1
 90
50
176
1
290
0
176
1
 90
50
176
1
 62
256
176
0
 40
1.0
176
0
 90
2
176
1
  1
strokes_ogs.tif
176
1
290
0
176
1
 40
1.0
176
1
 40
1.0
176
1
  0
VISUALSTYLE
  5
5E
102
{ACAD_REACTORS
330
16
102
}
330
16
100
AcDbVisualStyle
  2
Conceptual
 70
9
177
3
291
0
 70
58
 90
2
176
1
 90
2
176
1
 90
0
176
1
 90
3
176
1
 40
0.6
176
1
 40
30.0
176
1
 62
7
420
16777215
176
1
 90
1
176
1
 90
4
176
1
 62
7
176
1
 62
257
176
1
 90
1
176
1
 90
1
176
1
 40
1.0
176
1
 90
8
176
1
 62
7
176
1
 40
1.0
176
1
 90
1
176
1
 90
6
176
1
 90
2
176
1
 62
7
176
1
 90
5
176
1
 90
0
176
1
 90
0
176
1
290
0
176
1
 90
1
176
1
 40
0.0
176
1
 90
0
176
1
290
0
176
1
290
1
176
1
290
1
176
1
290
0
176
1
290
0
176
1
290
0
176
1
290
0
176
1
290
0
176
1
290
0
176
1
 90
50
176
1
 40
0.0
176
1
 40
1.0
176
1
 90
0
176
1
 62
18
420
0
176
1
 90
50
176
1
 90
3
176
1
 62
5
420
255
176
1
290
0
176
1
 90
50
176
1
 90
50
176
1
 90
50
176
1
290
0
176
1
 90
50
176
1
 62
256
176
0
 40
1.0
176
0
 90
2
176
1
  1
strokes_ogs.tif
176
1
290
0
176
1
 40
1.0
176
1
 40
1.0
176
1
  0
VISUALSTYLE
  5
5F
102
{ACAD_REACTORS
330
16
102
}
330
16
100
AcDbVisualStyle
  2
Dim
 70
11
177
3
291
1
 70
58
 90
2
176
1
 90
2
176
1
 90
0
176
1
 90
2
176
1
 40
0.6
176
1
 40
30.0
176
1
 62
7
420
16777215
176
1
 90
1
176
1
 90
4
176
1
 62
7
176
1
 62
257
176
1
 90
1
176
1
 90
1
176
1
 40
1.0
176
1
 90
8
176
1
 62
7
176
1
 40
1.0
176
1
 90
1
176
1
 90
6
176
1
 90
2
176
1
 62
7
176
1
 90
5
176
1
 90
0
176
1
 90
0
176
1
290
0
176
1
 90
1
176
1
 40
0.0
176
1
 90
0
176
1
290
0
176
1
290
1
176
1
290
1
176
1
290
0
176
1
290
0
176
1
290
0
176
1
290
0
176
1
290
0
176
1
290
0
176
1
 90
50
176
1
 40
0.0
176
1
 40
1.0
176
1
 90
0
176
1
 62
18
420
0
176
1
 90
50
176
1
 90
3
176
1
 62
5
420
255
176
1
290
0
176
1
 90
50
176
1
 90
50
176
1
 90
50
176
1
290
0
176
1
 90
50
176
1
 62
256
176
0
 40
1.0
176
0
 90
2
176
1
  1
strokes_ogs.tif
176
1
290
0
176
1
 40
1.0
176
1
 40
1.0
176
1
  0
VISUALSTYLE
  5
60
102
{ACAD_REACTORS
330
16
102
}
330
16
100
AcDbVisualStyle
  2
EdgeColorOff
 70
22
177
3
291
1
 70
58
 90
2
176
1
 90
2
176
1
 90
0
176
1
 90
2
176
1
 40
0.6
176
1
 40
30.0
176
1
 62
7
420
16777215
176
1
 90
1
176
1
 90
4
176
1
 62
7
176
1
 62
257
176
1
 90
1
176
1
 90
1
176
1
 40
1.0
176
1
 90
8
176
1
 62
7
176
1
 40
1.0
176
1
 90
1
176
1
 90
6
176
1
 90
2
176
1
 62
7
176
1
 90
5
176
1
 90
0
176
1
 90
0
176
1
290
0
176
1
 90
1
176
1
 40
0.0
176
1
 90
0
176
1
290
0
176
1
290
1
176
1
290
1
176
1
290
0
176
1
290
0
176
1
290
0
176
1
290
0
176
1
290
0
176
1
290
0
176
1
 90
50
176
1
 40
0.0
176
1
 40
1.0
176
1
 90
0
176
1
 62
18
420
0
176
1
 90
50
176
1
 90
3
176
1
 62
5
420
255
176
1
290
0
176
1
 90
50
176
1
 90
50
176
1
 90
50
176
1
290
0
176
1
 90
50
176
1
 62
256
176
0
 40
1.0
176
0
 90
2
176
1
  1
strokes_ogs.tif
176
1
290
0
176
1
 40
1.0
176
1
 40
1.0
176
1
  0
VISUALSTYLE
  5
61
102
{ACAD_REACTORS
330
16
102
}
330
16
100
AcDbVisualStyle
  2
Facepattern
 70
15
177
3
291
1
 70
58
 90
2
176
1
 90
2
176
1
 90
0
176
1
 90
2
176
1
 40
0.6
176
1
 40
30.0
176
1
 62
7
420
16777215
176
1
 90
1
176
1
 90
4
176
1
 62
7
176
1
 62
257
176
1
 90
1
176
1
 90
1
176
1
 40
1.0
176
1
 90
8
176
1
 62
7
176
1
 40
1.0
176
1
 90
1
176
1
 90
6
176
1
 90
2
176
1
 62
7
176
1
 90
5
176
1
 90
0
176
1
 90
0
176
1
290
0
176
1
 90
1
176
1
 40
0.0
176
1
 90
0
176
1
290
0
176
1
290
1
176
1
290
1
176
1
290
0
176
1
290
0
176
1
290
0
176
1
290
0
176
1
290
0
176
1
290
0
176
1
 90
50
176
1
 40
0.0
176
1
 40
1.0
176
1
 90
0
176
1
 62
18
420
0
176
1
 90
50
176
1
 90
3
176
1
 62
5
420
255
176
1
290
0
176
1
 90
50
176
1
 90
50
176
1
 90
50
176
1
290
0
176
1
 90
50
176
1
 62
256
176
0
 40
1.0
176
0
 90
2
176
1
  1
strokes_ogs.tif
176
1
290
0
176
1
 40
1.0
176
1
 40
1.0
176
1
  0
VISUALSTYLE
  5
62
102
{ACAD_REACTORS
330
16
102
}
330
16
100
AcDbVisualStyle
  2
Flat
 70
0
177
3
291
1
 70
58
 90
2
176
1
 90
2
176
1
 90
0
176
1
 90
2
176
1
 40
0.6
176
1
 40
30.0
176
1
 62
7
420
16777215
176
1
 90
1
176
1
 90
4
176
1
 62
7
176
1
 62
257
176
1
 90
1
176
1
 90
1
176
1
 40
1.0
176
1
 90
8
176
1
 62
7
176
1
 40
1.0
176
1
 90
1
176
1
 90
6
176
1
 90
2
176
1
 62
7
176
1
 90
5
176
1
 90
0
176
1
 90
0
176
1
290
0
176
1
 90
1
176
1
 40
0.0
176
1
 90
0
176
1
290
0
176
1
290
1
176
1
290
1
176
1
290
0
176
1
290
0
176
1
290
0
176
1
290
0
176
1
290
0
176
1
290
0
176
1
 90
50
176
1
 40
0.0
176
1
 40
1.0
176
1
 90
0
176
1
 62
18
420
0
176
1
 90
50
176
1
 90
3
176
1
 62
5
420
255
176
1
290
0
176
1
 90
50
176
1
 90
50
176
1
 90
50
176
1
290
0
176
1
 90
50
176
1
 62
256
176
0
 40
1.0
176
0
 90
2
176
1
  1
strokes_ogs.tif
176
1
290
0
176
1
 40
1.0
176
1
 40
1.0
176
1
  0
VISUALSTYLE
  5
63
102
{ACAD_REACTORS
330
16
102
}
330
16
100
AcDbVisualStyle
  2
FlatWithEdges
 70
1
177
3
291
1
 70
58
 90
2
176
1
 90
2
176
1
 90
0
176
1
 90
2
176
1
 40
0.6
176
1
 40
30.0
176
1
 62
7
420
16777215
176
1
 90
1
176
1
 90
4
176
1
 62
7
176
1
 62
257
176
1
 90
1
176
1
 90
1
176
1
 40
1.0
176
1
 90
8
176
1
 62
7
176
1
 40
1.0
176
1
 90
1
176
1
 90
6
176
1
 90
2
176
1
 62
7
176
1
 90
5
176
1
 90
0
176
1
 90
0
176
1
290
0
176
1
 90
1
176
1
 40
0.0
176
1
 90
0
176
1
290
0
176
1
290
1
176
1
290
1
176
1
290
0
176
1
290
0
176
1
290
0
176
1
290
0
176
1
290
0
176
1
290
0
176
1
 90
50
176
1
 40
0.0
176
1
 40
1.0
176
1
 90
0
176
1
 62
18
420
0
176
1
 90
50
176
1
 90
3
176
1
 62
5
420
255
176
1
290
0
176
1
 90
50
176
1
 90
50
176
1
 90
50
176
1
290
0
176
1
 90
50
176
1
 62
256
176
0
 40
1.0
176
0
 90
2
176
1
  1
strokes_ogs.tif
176
1
290
0
176
1
 40
1.0
176
1
 40
1.0
176
1
  0
VISUALSTYLE
  5
64
102
{ACAD_REACTORS
330
16
102
}
330
16
100
AcDbVisualStyle
  2
Gouraud
 70
2
177
3
291
1
 70
58
 90
2
176
1
 90
2
176
1
 90
0
176
1
 90
2
176
1
 40
0.6
176
1
 40
30.0
176
1
 62
7
420
16777215
176
1
 90
1
176
1
 90
4
176
1
 62
7
176
1
 62
257
176
1
 90
1
176
1
 90
1
176
1
 40
1.0
176
1
 90
8
176
1
 62
7
176
1
 40
1.0
176
1
 90
1
176
1
 90
6
176
1
 90
2
176
1
 62
7
176
1
 90
5
176
1
 90
0
176
1
 90
0
176
1
290
0
176
1
 90
1
176
1
 40
0.0
176
1
 90
0
176
1
290
0
176
1
290
1
176
1
290
1
176
1
290
0
176
1
290
0
176
1
290
0
176
1
290
0
176
1
290
0
176
1
290
0
176
1
 90
50
176
1
 40
0.0
176
1
 40
1.0
176
1
 90
0
176
1
 62
18
420
0
176
1
 90
50
176
1
 90
3
176
1
 62
5
420
255
176
1
290
0
176
1
 90
50
176
1
 90
50
176
1
 90
50
176
1
290
0
176
1
 90
50
176
1
 62
256
176
0
 40
1.0
176
0
 90
2
176
1
  1
strokes_ogs.tif
176
1
290
0
176
1
 40
1.0
176
1
 40
1.0
176
1
  0
VISUALSTYLE
  5
65
102
{ACAD_REACTORS
330
16
102
}
330
16
100
AcDbVisualStyle
  2
GouraudWithEdges
 70
3
177
3
291
1
 70
58
 90
2
176
1
 90
2
176
1
 90
0
176
1
 90
2
176
1
 40
0.6
176
1
 40
30.0
176
1
 62
7
420
16777215
176
1
 90
1
176
1
 90
4
176
1
 62
7
176
1
 62
257
176
1
 90
1
176
1
 90
1
176
1
 40
1.0
176
1
 90
8
176
1
 62
7
176
1
 40
1.0
176
1
 90
1
176
1
 90
6
176
1
 90
2
176
1
 62
7
176
1
 90
5
176
1
 90
0
176
1
 90
0
176
1
290
0
176
1
 90
1
176
1
 40
0.0
176
1
 90
0
176
1
290
0
176
1
290
1
176
1
290
1
176
1
290
0
176
1
290
0
176
1
290
0
176
1
290
0
176
1
290
0
176
1
290
0
176
1
 90
50
176
1
 40
0.0
176
1
 40
1.0
176
1
 90
0
176
1
 62
18
420
0
176
1
 90
50
176
1
 90
3
176
1
 62
5
420
255
176
1
290
0
176
1
 90
50
176
1
 90
50
176
1
 90
50
176
1
290
0
176
1
 90
50
176
1
 62
256
176
0
 40
1.0
176
0
 90
2
176
1
  1
strokes_ogs.tif
176
1
290
0
176
1
 40
1.0
176
1
 40
1.0
176
1
  0
VISUALSTYLE
  5
66
102
{ACAD_REACTORS
330
16
102
}
330
16
100
AcDbVisualStyle
  2
Hidden
 70
6
177
3
291
0
 70
58
 90
2
176
1
 90
2
176
1
 90
0
176
1
 90
1
176
1
 40
0.6
176
1
 40
30.0
176
1
 62
7
420
16777215
176
1
 90
1
176
1
 90
4
176
1
 62
7
176
1
 62
257
176
1
 90
1
176
1
 90
1
176
1
 40
1.0
176
1
 90
8
176
1
 62
7
176
1
 40
1.0
176
1
 90
1
176
1
 90
6
176
1
 90
2
176
1
 62
7
176
1
 90
5
176
1
 90
0
176
1
 90
0
176
1
290
0
176
1
 90
1
176
1
 40
0.0
176
1
 90
0
176
1
290
0
176
1
290
1
176
1
290
1
176
1
290
0
176
1
290
0
176
1
290
0
176
1
290
0
176
1
290
0
176
1
290
0
176
1
 90
50
176
1
 40
0.0
176
1
 40
1.0
176
1
 90
0
176
1
 62
18
420
0
176
1
 90
50
176
1
 90
3
176
1
 62
5
420
255
176
1
290
0
176
1
 90
50
176
1
 90
50
176
1
 90
50
176
1
290
0
176
1
 90
50
176
1
 62
256
176
0
 40
1.0
176
0
 90
2
176
1
  1
strokes_ogs.tif
176
1
290
0
176
1
 40
1.0
176
1
 40
1.0
176
1
  0
VISUALSTYLE
  5
67
102
{ACAD_REACTORS
330
16
102
}
330
16
100
AcDbVisualStyle
  2
JitterOff
 70
20
177
3
291
1
 70
58
 90
2
176
1
 90
2
176
1
 90
0
176
1
 90
2
176
1
 40
0.6
176
1
 40
30.0
176
1
 62
7
420
16777215
176
1
 90
1
176
1
 90
4
176
1
 62
7
176
1
 62
257
176
1
 90
1
176
1
 90
1
176
1
 40
1.0
176
1
 90
8
176
1
 62
7
176
1
 40
1.0
176
1
 90
1
176
1
 90
6
176
1
 90
2
176
1
 62
7
176
1
 90
5
176
1
 90
0
176
1
 90
0
176
1
290
0
176
1
 90
1
176
1
 40
0.0
176
1
 90
0
176
1
290
0
176
1
290
1
176
1
290
1
176
1
290
0
176
1
290
0
176
1
290
0
176
1
290
0
176
1
290
0
176
1
290
0
176
1
 90
50
176
1
 40
0.0
176
1
 40
1.0
176
1
 90
0
176
1
 62
18
420
0
176
1
 90
50
176
1
 90
3
176
1
 62
5
420
255
176
1
290
0
176
1
 90
50
176
1
 90
50
176
1
 90
50
176
1
290
0
176
1
 90
50
176
1
 62
256
176
0
 40
1.0
176
0
 90
2
176
1
  1
strokes_ogs.tif
176
1
290
0
176
1
 40
1.0
176
1
 40
1.0
176
1
  0
VISUALSTYLE
  5
68
102
{ACAD_REACTORS
330
16
102
}
330
16
100
AcDbVisualStyle
  2
Linepattern
 70
14
177
3
291
1
 70
58
 90
2
176
1
 90
2
176
1
 90
0
176
1
 90
2
176
1
 40
0.6
176
1
 40
30.0
176
1
 62
7
420
16777215
176
1
 90
1
176
1
 90
4
176
1
 62
7
176
1
 62
257
176
1
 90
1
176
1
 90
1
176
1
 40
1.0
176
1
 90
8
176
1
 62
7
176
1
 40
1.0
176
1
 90
1
176
1
 90
6
176
1
 90
2
176
1
 62
7
176
1
 90
5
176
1
 90
0
176
1
 90
0
176
1
290
0
176
1
 90
1
176
1
 40
0.0
176
1
 90
0
176
1
290
0
176
1
290
1
176
1
290
1
176
1
290
0
176
1
290
0
176
1
290
0
176
1
290
0
176
1
290
0
176
1
290
0
176
1
 90
50
176
1
 40
0.0
176
1
 40
1.0
176
1
 90
0
176
1
 62
18
420
0
176
1
 90
50
176
1
 90
3
176
1
 62
5
420
255
176
1
290
0
176
1
 90
50
176
1
 90
50
176
1
 90
50
176
1
290
0
176
1
 90
50
176
1
 62
256
176
0
 40
1.0
176
0
 90
2
176
1
  1
strokes_ogs.tif
176
1
290
0
176
1
 40
1.0
176
1
 40
1.0
176
1
  0
VISUALSTYLE
  5
69
102
{ACAD_REACTORS
330
16
102
}
330
16
100
AcDbVisualStyle
  2
Modeling
 70
10
177
3
291
0
 70
58
 90
2
176
1
 90
2
176
1
 90
0
176
1
 90
2
176
1
 40
0.6
176
1
 40
30.0
176
1
 62
7
420
16777215
176
1
 90
1
176
1
 90
4
176
1
 62
7
176
1
 62
257
176
1
 90
1
176
1
 90
1
176
1
 40
1.0
176
1
 90
8
176
1
 62
7
176
1
 40
1.0
176
1
 90
1
176
1
 90
6
176
1
 90
2
176
1
 62
7
176
1
 90
5
176
1
 90
0
176
1
 90
0
176
1
290
0
176
1
 90
1
176
1
 40
0.0
176
1
 90
0
176
1
290
0
176
1
290
1
176
1
290
1
176
1
290
0
176
1
290
0
176
1
290
0
176
1
290
0
176
1
290
0
176
1
290
0
176
1
 90
50
176
1
 40
0.0
176
1
 40
1.0
176
1
 90
0
176
1
 62
18
420
0
176
1
 90
50
176
1
 90
3
176
1
 62
5
420
255
176
1
290
0
176
1
 90
50
176
1
 90
50
176
1
 90
50
176
1
290
0
176
1
 90
50
176
1
 62
256
176
0
 40
1.0
176
0
 90
2
176
1
  1
strokes_ogs.tif
176
1
290
0
176
1
 40
1.0
176
1
 40
1.0
176
1
  0
VISUALSTYLE
  5
6A
102
{ACAD_REACTORS
330
16
102
}
330
16
100
AcDbVisualStyle
  2
OverhangOff
 70
21
177
3
291
1
 70
58
 90
2
176
1
 90
2
176
1
 90
0
176
1
 90
2
176
1
 40
0.6
176
1
 40
30.0
176
1
 62
7
420
16777215
176
1
 90
1
176
1
 90
4
176
1
 62
7
176
1
 62
257
176
1
 90
1
176
1
 90
1
176
1
 40
1.0
176
1
 90
8
176
1
 62
7
176
1
 40
1.0
176
1
 90
1
176
1
 90
6
176
1
 90
2
176
1
 62
7
176
1
 90
5
176
1
 90
0
176
1
 90
0
176
1
290
0
176
1
 90
1
176
1
 40
0.0
176
1
 90
0
176
1
290
0
176
1
290
1
176
1
290
1
176
1
290
0
176
1
290
0
176
1
290
0
176
1
290
0
176
1
290
0
176
1
290
0
176
1
 90
50
176
1
 40
0.0
176
1
 40
1.0
176
1
 90
0
176
1
 62
18
420
0
176
1
 90
50
176
1
 90
3
176
1
 62
5
420
255
176
1
290
0
176
1
 90
50
176
1
 90
50
176
1
 90
50
176
1
290
0
176
1
 90
50
176
1
 62
256
176
0
 40
1.0
176
0
 90
2
176
1
  1
strokes_ogs.tif
176
1
290
0
176
1
 40
1.0
176
1
 40
1.0
176
1
  0
VISUALSTYLE
  5
6B
102
{ACAD_REACTORS
330
16
102
}
330
16
100
AcDbVisualStyle
  2
Realistic
 70
8
177
3
291
0
 70
58
 90
2
176
1
 90
2
176
1
 90
0
176
1
 90
2
176
1
 40
0.6
176
1
 40
30.0
176
1
 62
7
420
16777215
176
1
 90
1
176
1
 90
4
176
1
 62
7
176
1
 62
257
176
1
 90
1
176
1
 90
1
176
1
 40
1.0
176
1
 90
8
176
1
 62
7
176
1
 40
1.0
176
1
 90
1
176
1
 90
6
176
1
 90
2
176
1
 62
7
176
1
 90
5
176
1
 90
0
176
1
 90
0
176
1
290
0
176
1
 90
1
176
1
 40
0.0
176
1
 90
0
176
1
290
0
176
1
290
1
176
1
290
1
176
1
290
0
176
1
290
0
176
1
290
0
176
1
290
0
176
1
290
0
176
1
290
0
176
1
 90
50
176
1
 40
0.0
176
1
 40
1.0
176
1
 90
0
176
1
 62
18
420
0
176
1
 90
50
176
1
 90
3
176
1
 62
5
420
255
176
1
290
0
176
1
 90
50
176
1
 90
50
176
1
 90
50
176
1
290
0
176
1
 90
50
176
1
 62
256
176
0
 40
1.0
176
0
 90
2
176
1
  1
strokes_ogs.tif
176
1
290
0
176
1
 40
1.0
176
1
 40
1.0
176
1
  0
VISUALSTYLE
  5
6C
102
{ACAD_REACTORS
330
16
102
}
330
16
100
AcDbVisualStyle
  2
Shaded
 70
27
177
3
291
0
 70
58
 90
2
176
1
 90
2
176
1
 90
0
176
1
 90
2
176
1
 40
0.6
176
1
 40
30.0
176
1
 62
7
420
16777215
176
1
 90
1
176
1
 90
4
176
1
 62
7
176
1
 62
257
176
1
 90
1
176
1
 90
1
176
1
 40
1.0
176
1
 90
8
176
1
 62
7
176
1
 40
1.0
176
1
 90
1
176
1
 90
6
176
1
 90
2
176
1
 62
7
176
1
 90
5
176
1
 90
0
176
1
 90
0
176
1
290
0
176
1
 90
1
176
1
 40
0.0
176
1
 90
0
176
1
290
0
176
1
290
1
176
1
290
1
176
1
290
0
176
1
290
0
176
1
290
0
176
1
290
0
176
1
290
0
176
1
290
0
176
1
 90
50
176
1
 40
0.0
176
1
 40
1.0
176
1
 90
0
176
1
 62
18
420
0
176
1
 90
50
176
1
 90
3
176
1
 62
5
420
255
176
1
290
0
176
1
 90
50
176
1
 90
50
176
1
 90
50
176
1
290
0
176
1
 90
50
176
1
 62
256
176
0
 40
1.0
176
0
 90
2
176
1
  1
strokes_ogs.tif
176
1
290
0
176
1
 40
1.0
176
1
 40
1.0
176
1
  0
VISUALSTYLE
  5
6D
102
{ACAD_REACTORS
330
16
102
}
330
16
100
AcDbVisualStyle
  2
Shaded with edges
 70
26
177
3
291
0
 70
58
 90
2
176
1
 90
2
176
1
 90
0
176
1
 90
2
176
1
 40
0.6
176
1
 40
30.0
176
1
 62
7
420
16777215
176
1
 90
1
176
1
 90
4
176
1
 62
7
176
1
 62
257
176
1
 90
1
176
1
 90
1
176
1
 40
1.0
176
1
 90
8
176
1
 62
7
176
1
 40
1.0
176
1
 90
1
176
1
 90
6
176
1
 90
2
176
1
 62
7
176
1
 90
5
176
1
 90
0
176
1
 90
0
176
1
290
0
176
1
 90
1
176
1
 40
0.0
176
1
 90
0
176
1
290
0
176
1
290
1
176
1
290
1
176
1
290
0
176
1
290
0
176
1
290
0
176
1
290
0
176
1
290
0
176
1
290
0
176
1
 90
50
176
1
 40
0.0
176
1
 40
1.0
176
1
 90
0
176
1
 62
18
420
0
176
1
 90
50
176
1
 90
3
176
1
 62
5
420
255
176
1
290
0
176
1
 90
50
176
1
 90
50
176
1
 90
50
176
1
290
0
176
1
 90
50
176
1
 62
256
176
0
 40
1.0
176
0
 90
2
176
1
  1
strokes_ogs.tif
176
1
290
0
176
1
 40
1.0
176
1
 40
1.0
176
1
  0
VISUALSTYLE
  5
6E
102
{ACAD_REACTORS
330
16
102
}
330
16
100
AcDbVisualStyle
  2
Shades of Gray
 70
23
177
3
291
0
 70
58
 90
2
176
1
 90
2
176
1
 90
0
176
1
 90
2
176
1
 40
0.6
176
1
 40
30.0
176
1
 62
7
420
16777215
176
1
 90
1
176
1
 90
4
176
1
 62
7
176
1
 62
257
176
1
 90
1
176
1
 90
1
176
1
 40
1.0
176
1
 90
8
176
1
 62
7
176
1
 40
1.0
176
1
 90
1
176
1
 90
6
176
1
 90
2
176
1
 62
7
176
1
 90
5
176
1
 90
0
176
1
 90
0
176
1
290
0
176
1
 90
1
176
1
 40
0.0
176
1
 90
0
176
1
290
0
176
1
290
1
176
1
290
1
176
1
290
0
176
1
290
0
176
1
290
0
176
1
290
0
176
1
290
0
176
1
290
0
176
1
 90
50
176
1
 40
0.0
176
1
 40
1.0
176
1
 90
0
176
1
 62
18
420
0
176
1
 90
50
176
1
 90
3
176
1
 62
5
420
255
176
1
290
0
176
1
 90
50
176
1
 90
50
176
1
 90
50
176
1
290
0
176
1
 90
50
176
1
 62
256
176
0
 40
1.0
176
0
 90
2
176
1
  1
strokes_ogs.tif
176
1
290
0
176
1
 40
1.0
176
1
 40
1.0
176
1
  0
VISUALSTYLE
  5
6F
102
{ACAD_REACTORS
330
16
102
}
330
16
100
AcDbVisualStyle
  2
Sketchy
 70
24
177
3
291
0
 70
58
 90
2
176
1
 90
2
176
1
 90
0
176
1
 90
1
176
1
 40
0.6
176
1
 40
30.0
176
1
 62
7
420
16777215
176
1
 90
1
176
1
 90
4
176
1
 62
7
176
1
 62
257
176
1
 90
1
176
1
 90
1
176
1
 40
1.0
176
1
 90
8
176
1
 62
7
176
1
 40
1.0
176
1
 90
1
176
1
 90
6
176
1
 90
2
176
1
 62
7
176
1
 90
5
176
1
 90
0
176
1
 90
0
176
1
290
0
176
1
 90
1
176
1
 40
0.0
176
1
 90
0
176
1
290
0
176
1
290
1
176
1
290
1
176
1
290
0
176
1
290
0
176
1
290
0
176
1
290
0
176
1
290
0
176
1
290
0
176
1
 90
50
176
1
 40
0.0
176
1
 40
1.0
176
1
 90
0
176
1
 62
18
420
0
176
1
 90
50
176
1
 90
3
176
1
 62
5
420
255
176
1
290
0
176
1
 90
50
176
1
 90
50
176
1
 90
50
176
1
290
0
176
1
 90
50
176
1
 62
256
176
0
 40
1.0
176
0
 90
2
176
1
  1
strokes_ogs.tif
176
1
290
0
176
1
 40
1.0
176
1
 40
1.0
176
1
  0
VISUALSTYLE
  5
70
102
{ACAD_REACTORS
330
16
102
}
330
16
100
AcDbVisualStyle
  2
Thicken
 70
13
177
3
291
1
 70
58
 90
2
176
1
 90
2
176
1
 90
0
176
1
 90
2
176
1
 40
0.6
176
1
 40
30.0
176
1
 62
7
420
16777215
176
1
 90
1
176
1
 90
4
176
1
 62
7
176
1
 62
257
176
1
 90
1
176
1
 90
1
176
1
 40
1.0
176
1
 90
8
176
1
 62
7
176
1
 40
1.0
176
1
 90
1
176
1
 90
6
176
1
 90
2
176
1
 62
7
176
1
 90
5
176
1
 90
0
176
1
 90
0
176
1
290
0
176
1
 90
1
176
1
 40
0.0
176
1
 90
0
176
1
290
0
176
1
290
1
176
1
290
1
176
1
290
0
176
1
290
0
176
1
290
0
176
1
290
0
176
1
290
0
176
1
290
0
176
1
 90
50
176
1
 40
0.0
176
1
 40
1.0
176
1
 90
0
176
1
 62
18
420
0
176
1
 90
50
176
1
 90
3
176
1
 62
5
420
255
176
1
290
0
176
1
 90
50
176
1
 90
50
176
1
 90
50
176
1
290
0
176
1
 90
50
176
1
 62
256
176
0
 40
1.0
176
0
 90
2
176
1
  1
strokes_ogs.tif
176
1
290
0
176
1
 40
1.0
176
1
 40
1.0
176
1
  0
VISUALSTYLE
  5
71
102
{ACAD_REACTORS
330
16
102
}
330
16
100
AcDbVisualStyle
  2
Wireframe
 70
5
177
3
291
0
 70
58
 90
2
176
1
 90
2
176
1
 90
0
176
1
 90
0
176
1
 40
0.6
176
1
 40
30.0
176
1
 62
7
420
16777215
176
1
 90
1
176
1
 90
4
176
1
 62
7
176
1
 62
257
176
1
 90
1
176
1
 90
1
176
1
 40
1.0
176
1
 90
8
176
1
 62
7
176
1
 40
1.0
176
1
 90
1
176
1
 90
6
176
1
 90
2
176
1
 62
7
176
1
 90
5
176
1
 90
0
176
1
 90
0
176
1
290
0
176
1
 90
1
176
1
 40
0.0
176
1
 90
0
176
1
290
0
176
1
290
1
176
1
290
1
176
1
290
0
176
1
290
0
176
1
290
0
176
1
290
0
176
1
290
0
176
1
290
0
176
1
 90
50
176
1
 40
0.0
176
1
 40
1.0
176
1
 90
0
176
1
 62
18
420
0
176
1
 90
50
176
1
 90
3
176
1
 62
5
420
255
176
1
290
0
176
1
 90
50
176
1
 90
50
176
1
 90
50
176
1
290
0
176
1
 90
50
176
1
 62
256
176
0
 40
1.0
176
0
 90
2
176
1
  1
strokes_ogs.tif
176
1
290
0
176
1
 40
1.0
176
1
 40
1.0
176
1
  0
VISUALSTYLE
  5
72
102
{ACAD_REACTORS
330
16
102
}
330
16
100
AcDbVisualStyle
  2
X-Ray
 70
25
177
3
291
0
 70
58
 90
2
176
1
 90
2
176
1
 90
0
176
1
 90
2
176
1
 40
0.5
176
1
 40
30.0
176
1
 62
7
420
16777215
176
1
 90
1
176
1
 90
4
176
1
 62
7
176
1
 62
257
176
1
 90
1
176
1
 90
1
176
1
 40
1.0
176
1
 90
8
176
1
 62
7
176
1
 40
1.0
176
1
 90
1
176
1
 90
6
176
1
 90
2
176
1
 62
7
176
1
 90
5
176
1
 90
0
176
1
 90
0
176
1
290
0
176
1
 90
1
176
1
 40
0.0
176
1
 90
0
176
1
290
0
176
1
290
1
176
1
290
1
176
1
290
0
176
1
290
0
176
1
290
0
176
1
290
0
176
1
290
0
176
1
290
0
176
1
 90
50
176
1
 40
0.0
176
1
 40
1.0
176
1
 90
0
176
1
 62
18
420
0
176
1
 90
50
176
1
 90
3
176
1
 62
5
420
255
176
1
290
0
176
1
 90
50
176
1
 90
50
176
1
 90
50
176
1
290
0
176
1
 90
50
176
1
 62
256
176
0
 40
1.0
176
0
 90
2
176
1
  1
strokes_ogs.tif
176
1
290
0
176
1
 40
1.0
176
1
 40
1.0
176
1
  0
DICTIONARYVAR
  5
7EC
330
2D
100
DictionaryVariables
280
0
  1
1.4.4 @ 2026-07-15T16:55:07.198544+00:00
  0
ENDSEC
  0
EOF
