ISO-10303-21;
HEADER;
FILE_DESCRIPTION (( 'STEP AP203' ),
    '1' );
FILE_NAME ('MKH-300_gripper_module.STEP',
    '2026-07-28T16:27:02',
    ( '' ),
    ( '' ),
    'SwSTEP 2.0',
    'SolidWorks 2023',
    '' );
FILE_SCHEMA (( 'CONFIG_CONTROL_DESIGN' ));
ENDSEC;

DATA;
#1 = ORIENTED_EDGE ( 'NONE', *, *, #2134, .T. ) ;
#2 = EDGE_CURVE ( 'NONE', #497, #1321, #1162, .T. ) ;
#3 = VERTEX_POINT ( 'NONE', #2613 ) ;
#4 = APPROVAL_ROLE ( '' ) ;
#5 = DIRECTION ( 'NONE',  ( 1.000000000000000000, -0.000000000000000000, 0.000000000000000000 ) ) ;
#6 = LINE ( 'NONE', #2760, #2324 ) ;
#7 = EDGE_CURVE ( 'NONE', #2151, #56, #25, .T. ) ;
#8 = CARTESIAN_POINT ( 'NONE',  ( 75.75812166592551478, 30.00000000000000000, 24.38004145393735200 ) ) ;
#9 = ORIENTED_EDGE ( 'NONE', *, *, #1960, .T. ) ;
#10 = CYLINDRICAL_SURFACE ( 'NONE', #2386, 7.000000000000020428 ) ;
#11 = VERTEX_POINT ( 'NONE', #1151 ) ;
#12 = DIRECTION ( 'NONE',  ( -0.000000000000000000, -1.000000000000000000, -0.000000000000000000 ) ) ;
#13 = ORIENTED_EDGE ( 'NONE', *, *, #619, .T. ) ;
#14 = APPROVAL_DATE_TIME ( #2092, #1985 ) ;
#15 = SHAPE_DEFINITION_REPRESENTATION ( #2082, #577 ) ;
#16 = LINE ( 'NONE', #246, #228 ) ;
#17 = CARTESIAN_POINT ( 'NONE',  ( -70.00000000000000000, 95.00000000000000000, 39.49999999999999289 ) ) ;
#18 = CARTESIAN_POINT ( 'NONE',  ( 59.00000000000000000, 28.00000000000000000, 0.000000000000000000 ) ) ;
#19 = ORIENTED_EDGE ( 'NONE', *, *, #1528, .F. ) ;
#20 = PLANE ( 'NONE',  #338 ) ;
#21 = CC_DESIGN_APPROVAL ( #2848, ( #2852 ) ) ;
#22 =( REPRESENTATION_RELATIONSHIP ('NONE','NONE', #1821, #1927 ) REPRESENTATION_RELATIONSHIP_WITH_TRANSFORMATION ( #2695 )SHAPE_REPRESENTATION_RELATIONSHIP( ) );
#23 = APPROVAL_PERSON_ORGANIZATION ( #918, #124, #48 ) ;
#24 = DIRECTION ( 'NONE',  ( 0.000000000000000000, 1.000000000000000000, 0.000000000000000000 ) ) ;
#25 = LINE ( 'NONE', #960, #1351 ) ;
#26 = CIRCLE ( 'NONE', #1728, 6.999999999999999112 ) ;
#27 = EDGE_LOOP ( 'NONE', ( #1977, #2952, #2548, #2919 ) ) ;
#28 = APPROVAL_ROLE ( '' ) ;
#29 = DIRECTION ( 'NONE',  ( 0.000000000000000000, 1.000000000000000000, 0.000000000000000000 ) ) ;
#30 = DIRECTION ( 'NONE',  ( -0.000000000000000000, -1.000000000000000000, -0.000000000000000000 ) ) ;
#31 = AXIS2_PLACEMENT_3D ( 'NONE', #2353, #258, #278 ) ;
#32 = ADVANCED_FACE ( 'NONE', ( #2153, #2826, #2871, #774, #1697 ), #1419, .T. ) ;
#33 = CARTESIAN_POINT ( 'NONE',  ( -120.0000000000000000, 120.0000000000000000, 90.00000000000000000 ) ) ;
#34 = DIRECTION ( 'NONE',  ( 0.000000000000000000, 1.000000000000000000, 0.000000000000000000 ) ) ;
#35 = ORIENTED_EDGE ( 'NONE', *, *, #1065, .F. ) ;
#36 = FACE_OUTER_BOUND ( 'NONE', #1515, .T. ) ;
#37 = EDGE_LOOP ( 'NONE', ( #1511, #2518 ) ) ;
#38 = EDGE_CURVE ( 'NONE', #2902, #691, #60, .T. ) ;
#39 = CARTESIAN_POINT ( 'NONE',  ( 95.00000000000000000, 95.00000000000000000, 65.00000000000000000 ) ) ;
#40 = CIRCLE ( 'NONE', #2633, 7.000000000000020428 ) ;
#41 = DIRECTION ( 'NONE',  ( 0.000000000000000000, 0.000000000000000000, -1.000000000000000000 ) ) ;
#42 = ORIENTED_EDGE ( 'NONE', *, *, #287, .F. ) ;
#43 = APPROVAL_STATUS ( 'not_yet_approved' ) ;
#44 = CARTESIAN_POINT ( 'NONE',  ( 110.0000000000000000, 28.00000000000000000, 24.00000000000000000 ) ) ;
#45 = EDGE_CURVE ( 'NONE', #1374, #1359, #296, .T. ) ;
#46 = CC_DESIGN_DATE_AND_TIME_ASSIGNMENT ( #1490, #2432, ( #930 ) ) ;
#47 = VERTEX_POINT ( 'NONE', #1904 ) ;
#48 = APPROVAL_ROLE ( '' ) ;
#49 = VERTEX_POINT ( 'NONE', #2843 ) ;
#50 = DIRECTION ( 'NONE',  ( 0.000000000000000000, 0.000000000000000000, -1.000000000000000000 ) ) ;
#51 = DIRECTION ( 'NONE',  ( -0.000000000000000000, -1.000000000000000000, -0.000000000000000000 ) ) ;
#52 = PLANE ( 'NONE',  #2377 ) ;
#53 = DIRECTION ( 'NONE',  ( -0.000000000000000000, -1.000000000000000000, -0.000000000000000000 ) ) ;
#54 = VERTEX_POINT ( 'NONE', #465 ) ;
#55 = ORIENTED_EDGE ( 'NONE', *, *, #2195, .T. ) ;
#56 = VERTEX_POINT ( 'NONE', #984 ) ;
#57 = CYLINDRICAL_SURFACE ( 'NONE', #1345, 115.0000000000000000 ) ;
#58 = DIRECTION ( 'NONE',  ( 0.000000000000000000, 1.000000000000000000, 0.000000000000000000 ) ) ;
#59 = APPROVAL_STATUS ( 'not_yet_approved' ) ;
#60 = LINE ( 'NONE', #44, #1952 ) ;
#61 = VERTEX_POINT ( 'NONE', #927 ) ;
#62 = PERSON_AND_ORGANIZATION ( #2735, #2316 ) ;
#63 = ORIENTED_EDGE ( 'NONE', *, *, #2547, .T. ) ;
#64 = FACE_OUTER_BOUND ( 'NONE', #1584, .T. ) ;
#65 = FACE_BOUND ( 'NONE', #203, .T. ) ;
#66 = CARTESIAN_POINT ( 'NONE',  ( 75.75812166592551478, 30.00000000000000000, 31.38004145393735200 ) ) ;
#67 = EDGE_CURVE ( 'NONE', #265, #1000, #1503, .T. ) ;
#68 = DIRECTION ( 'NONE',  ( -0.000000000000000000, -1.000000000000000000, -0.000000000000000000 ) ) ;
#69 = VERTEX_POINT ( 'NONE', #2139 ) ;
#70 = CC_DESIGN_APPROVAL ( #396, ( #1029 ) ) ;
#71 = CARTESIAN_POINT ( 'NONE',  ( 0.000000000000000000, 180.0000000000000000, 0.000000000000000000 ) ) ;
#72 = ORIENTED_EDGE ( 'NONE', *, *, #2292, .F. ) ;
#73 =( LENGTH_UNIT ( ) NAMED_UNIT ( * ) SI_UNIT ( .MILLI., .METRE. ) );
#74 = ADVANCED_FACE ( 'NONE', ( #725 ), #2599, .F. ) ;
#75 = DIRECTION ( 'NONE',  ( -0.000000000000000000, -1.000000000000000000, -0.000000000000000000 ) ) ;
#76 = EDGE_CURVE ( 'NONE', #1321, #2751, #1694, .T. ) ;
#77 = AXIS2_PLACEMENT_3D ( 'NONE', #2708, #1549, #395 ) ;
#78 = EDGE_LOOP ( 'NONE', ( #2256, #1088 ) ) ;
#79 = PERSON_AND_ORGANIZATION ( #2735, #2316 ) ;
#80 = ORIENTED_EDGE ( 'NONE', *, *, #2295, .F. ) ;
#81 = AXIS2_PLACEMENT_3D ( 'NONE', #2309, #2789, #1890 ) ;
#82 = PERSON_AND_ORGANIZATION_ROLE ( 'design_owner' ) ;
#83 = DIRECTION ( 'NONE',  ( 1.000000000000000000, 0.000000000000000000, 0.000000000000000000 ) ) ;
#84 = AXIS2_PLACEMENT_3D ( 'NONE', #623, #2738, #606 ) ;
#85 = CARTESIAN_POINT ( 'NONE',  ( 0.000000000000000000, 30.00000000000000000, 0.000000000000000000 ) ) ;
#86 = DIRECTION ( 'NONE',  ( -0.000000000000000000, -1.000000000000000000, -0.000000000000000000 ) ) ;
#87 = CC_DESIGN_PERSON_AND_ORGANIZATION_ASSIGNMENT ( #1996, #2659, ( #976 ) ) ;
#88 = CARTESIAN_POINT ( 'NONE',  ( 75.75812166592551478, 30.00000000000000000, -31.38004145393736266 ) ) ;
#89 = EDGE_CURVE ( 'NONE', #1761, #1547, #242, .T. ) ;
#90 = ORIENTED_EDGE ( 'NONE', *, *, #1273, .T. ) ;
#91 = CARTESIAN_POINT ( 'NONE',  ( 75.75812166592551478, 30.00000000000000000, -31.38004145393736266 ) ) ;
#92 = VECTOR ( 'NONE', #646, 1000.000000000000000 ) ;
#93 = CARTESIAN_POINT ( 'NONE',  ( 0.000000000000000000, 180.0000000000000000, 0.000000000000000000 ) ) ;
#94 = CALENDAR_DATE ( 2026, 29, 7 ) ;
#95 = CIRCLE ( 'NONE', #470, 5.500000000000005329 ) ;
#96 = CIRCLE ( 'NONE', #1837, 65.00000000000000000 ) ;
#97 = EDGE_CURVE ( 'NONE', #1724, #2302, #1948, .T. ) ;
#98 = ORIENTED_EDGE ( 'NONE', *, *, #1905, .F. ) ;
#99 = CIRCLE ( 'NONE', #476, 7.000000000000006217 ) ;
#100 = APPROVAL_STATUS ( 'not_yet_approved' ) ;
#101 = CARTESIAN_POINT ( 'NONE',  ( -31.38004145393735911, 30.00000000000000000, 82.75812166592554320 ) ) ;
#102 = CARTESIAN_POINT ( 'NONE',  ( 101.0000000000000000, 28.00000000000000000, 0.000000000000000000 ) ) ;
#103 = AXIS2_PLACEMENT_3D ( 'NONE', #2669, #345, #1539 ) ;
#104 = ADVANCED_FACE ( 'NONE', ( #2632 ), #253, .F. ) ;
#105 = LINE ( 'NONE', #357, #2787 ) ;
#106 = CARTESIAN_POINT ( 'NONE',  ( 75.75812166592551478, 0.000000000000000000, -31.38004145393736266 ) ) ;
#107 = ORIENTED_EDGE ( 'NONE', *, *, #38, .F. ) ;
#108 = CARTESIAN_POINT ( 'NONE',  ( -31.38004145393735911, 30.00000000000000000, 68.75812166592550057 ) ) ;
#109 = LINE ( 'NONE', #1233, #2565 ) ;
#110 = COORDINATED_UNIVERSAL_TIME_OFFSET ( 8, 0, .AHEAD. ) ;
#111 = ADVANCED_FACE ( 'NONE', ( #1456, #1626 ), #2396, .T. ) ;
#112 = ORIENTED_EDGE ( 'NONE', *, *, #1811, .F. ) ;
#113 = CARTESIAN_POINT ( 'NONE',  ( 15.00000000000000000, 28.00000000000000000, 7.500000000000000000 ) ) ;
#114 = DATE_AND_TIME ( #1261, #2210 ) ;
#115 = LINE ( 'NONE', #1289, #1442 ) ;
#116 = CARTESIAN_POINT ( 'NONE',  ( 70.00000000000000000, 0.000000000000000000, -39.49999999999999289 ) ) ;
#117 = CYLINDRICAL_SURFACE ( 'NONE', #468, 6.999999999999999112 ) ;
#118 = VERTEX_POINT ( 'NONE', #2105 ) ;
#119 = DIRECTION ( 'NONE',  ( 1.000000000000000000, 0.000000000000000000, 0.000000000000000000 ) ) ;
#120 = ORIENTED_EDGE ( 'NONE', *, *, #1783, .T. ) ;
#121 = DATE_AND_TIME ( #1406, #743 ) ;
#122 = CC_DESIGN_APPROVAL ( #2533, ( #930 ) ) ;
#123 = ORIENTED_EDGE ( 'NONE', *, *, #1811, .T. ) ;
#124 = APPROVAL ( #2569, '未' ) ;
#125 = LOCAL_TIME ( 0, 27, 2.000000000000000000, #2748 ) ;
#126 = COORDINATED_UNIVERSAL_TIME_OFFSET ( 8, 0, .AHEAD. ) ;
#127 =( LENGTH_UNIT ( ) NAMED_UNIT ( * ) SI_UNIT ( .MILLI., .METRE. ) );
#128 = LINE ( 'NONE', #2896, #1293 ) ;
#129 = DIRECTION ( 'NONE',  ( -0.000000000000000000, -1.000000000000000000, -0.000000000000000000 ) ) ;
#130 = CIRCLE ( 'NONE', #2912, 7.000000000000006217 ) ;
#131 = EDGE_CURVE ( 'NONE', #2784, #1965, #625, .T. ) ;
#132 =( GEOMETRIC_REPRESENTATION_CONTEXT ( 3 ) GLOBAL_UNCERTAINTY_ASSIGNED_CONTEXT ( ( #1877 ) ) GLOBAL_UNIT_ASSIGNED_CONTEXT ( ( #73, #1017, #1283 ) ) REPRESENTATION_CONTEXT ( 'NONE', 'WORKASPACE' ) );
#133 = CARTESIAN_POINT ( 'NONE',  ( -75.75812166592551478, 30.00000000000000000, 38.38004145393735200 ) ) ;
#134 = ORIENTED_EDGE ( 'NONE', *, *, #45, .T. ) ;
#135 = FACE_BOUND ( 'NONE', #605, .T. ) ;
#136 = EDGE_CURVE ( 'NONE', #1770, #1374, #1178, .T. ) ;
#137 = PERSON_AND_ORGANIZATION ( #1042, #1661 ) ;
#138 = CALENDAR_DATE ( 2026, 29, 7 ) ;
#139 = LINE ( 'NONE', #1955, #681 ) ;
#140 = CIRCLE ( 'NONE', #2174, 6.999999999999999112 ) ;
#141 = ORIENTED_EDGE ( 'NONE', *, *, #1677, .F. ) ;
#142 = APPROVAL ( #1966, 'UNKNOWN' ) ;
#143 = AXIS2_PLACEMENT_3D ( 'NONE', #851, #1780, #2740 ) ;
#144 = AXIS2_PLACEMENT_3D ( 'NONE', #377, #663, #2281 ) ;
#145 = DIRECTION ( 'NONE',  ( -0.000000000000000000, -1.000000000000000000, -0.000000000000000000 ) ) ;
#146 = CARTESIAN_POINT ( 'NONE',  ( 31.38004145393736266, 30.00000000000000000, 75.75812166592551478 ) ) ;
#147 = CARTESIAN_POINT ( 'NONE',  ( -85.00000000000000000, 120.0000000000000000, -60.00000000000000000 ) ) ;
#148 = FACE_BOUND ( 'NONE', #1541, .T. ) ;
#149 = VERTEX_POINT ( 'NONE', #2696 ) ;
#150 = DIRECTION ( 'NONE',  ( 0.000000000000000000, 0.000000000000000000, 1.000000000000000000 ) ) ;
#151 = PERSON ( 'NAUO-PER4', 'UNSPECIFIED', 'UNSPECIFIED', ('UNSPECIFIED'), ('UNSPECIFIED'), ('UNSPECIFIED') ) ;
#152 = ORIENTED_EDGE ( 'NONE', *, *, #1683, .F. ) ;
#153 = APPROVAL_DATE_TIME ( #2444, #142 ) ;
#154 = PERSON_AND_ORGANIZATION ( #2735, #2316 ) ;
#155 = CARTESIAN_POINT ( 'NONE',  ( 59.00000000000000000, 42.00000000000000000, 24.00000000000000000 ) ) ;
#156 = ORIENTED_EDGE ( 'NONE', *, *, #417, .F. ) ;
#157 = CARTESIAN_POINT ( 'NONE',  ( 1160.000000000000000, 895.0000000000000000, -58.00000000000000000 ) ) ;
#158 = DIRECTION ( 'NONE',  ( 0.000000000000000000, 0.000000000000000000, 1.000000000000000000 ) ) ;
#159 = DIRECTION ( 'NONE',  ( 0.000000000000000000, 1.000000000000000000, 0.000000000000000000 ) ) ;
#160 = CARTESIAN_POINT ( 'NONE',  ( -120.0000000000000000, 120.0000000000000000, 90.00000000000000000 ) ) ;
#161 = VERTEX_POINT ( 'NONE', #1967 ) ;
#162 = PLANE ( 'NONE',  #1302 ) ;
#163 = COORDINATED_UNIVERSAL_TIME_OFFSET ( 8, 0, .AHEAD. ) ;
#164 = EDGE_CURVE ( 'NONE', #366, #2118, #341, .T. ) ;
#165 = ORIENTED_EDGE ( 'NONE', *, *, #2520, .F. ) ;
#166 = AXIS2_PLACEMENT_3D ( 'NONE', #146, #2979, #413 ) ;
#167 = APPLICATION_PROTOCOL_DEFINITION ( 'international standard', 'config_control_design', 1994, #2046 ) ;
#168 = CYLINDRICAL_SURFACE ( 'NONE', #2430, 7.000000000000020428 ) ;
#169 = LOCAL_TIME ( 0, 27, 2.000000000000000000, #1094 ) ;
#170 = CARTESIAN_POINT ( 'NONE',  ( -110.0000000000000000, 28.00000000000000000, -24.00000000000000000 ) ) ;
#171 = CARTESIAN_POINT ( 'NONE',  ( 101.0000000000000000, 28.00000000000000355, -24.00000000000000000 ) ) ;
#172 = DIRECTION ( 'NONE',  ( -0.000000000000000000, -1.000000000000000000, -0.000000000000000000 ) ) ;
#173 = ADVANCED_FACE ( 'NONE', ( #568 ), #1066, .T. ) ;
#174 = EDGE_LOOP ( 'NONE', ( #1421, #1312 ) ) ;
#175 = DIRECTION ( 'NONE',  ( 0.000000000000000000, 1.000000000000000000, 0.000000000000000000 ) ) ;
#176 = ORIENTED_EDGE ( 'NONE', *, *, #1361, .T. ) ;
#177 = APPROVAL ( #2020, 'UNKNOWN' ) ;
#178 = AXIS2_PLACEMENT_3D ( 'NONE', #742, #1665, #50 ) ;
#179 = AXIS2_PLACEMENT_3D ( 'NONE', #786, #2469, #599 ) ;
#180 =( REPRESENTATION_RELATIONSHIP ('NONE','NONE', #1821, #577 ) REPRESENTATION_RELATIONSHIP_WITH_TRANSFORMATION ( #2269 )SHAPE_REPRESENTATION_RELATIONSHIP( ) );
#181 = AXIS2_PLACEMENT_3D ( 'NONE', #1843, #660, #2279 ) ;
#182 = ORIENTED_EDGE ( 'NONE', *, *, #479, .T. ) ;
#183 = EDGE_CURVE ( 'NONE', #1888, #47, #2640, .T. ) ;
#184 = CIRCLE ( 'NONE', #1881, 6.999999999999999112 ) ;
#185 = ORIENTED_EDGE ( 'NONE', *, *, #2594, .F. ) ;
#186 = COORDINATED_UNIVERSAL_TIME_OFFSET ( 8, 0, .AHEAD. ) ;
#187 = PERSON_AND_ORGANIZATION ( #2735, #2316 ) ;
#188 = CARTESIAN_POINT ( 'NONE',  ( 85.00000000000000000, 0.000000000000000000, -60.00000000000000000 ) ) ;
#189 = VECTOR ( 'NONE', #2415, 1000.000000000000000 ) ;
#190 = EDGE_CURVE ( 'NONE', #393, #1104, #1841, .T. ) ;
#191 = DIRECTION ( 'NONE',  ( 1.000000000000000000, 0.000000000000000000, 0.000000000000000000 ) ) ;
#192 = FACE_OUTER_BOUND ( 'NONE', #2937, .T. ) ;
#193 = VECTOR ( 'NONE', #437, 1000.000000000000000 ) ;
#194 = DIRECTION ( 'NONE',  ( 0.000000000000000000, 0.000000000000000000, -1.000000000000000000 ) ) ;
#195 = LINE ( 'NONE', #1101, #1390 ) ;
#196 = ORIENTED_EDGE ( 'NONE', *, *, #1193, .T. ) ;
#197 = FACE_BOUND ( 'NONE', #37, .T. ) ;
#198 = AXIS2_PLACEMENT_3D ( 'NONE', #3009, #887, #316 ) ;
#199 = CIRCLE ( 'NONE', #344, 5.500000000000005329 ) ;
#200 = ORIENTED_EDGE ( 'NONE', *, *, #1866, .T. ) ;
#201 = FACE_OUTER_BOUND ( 'NONE', #2536, .T. ) ;
#202 = EDGE_CURVE ( 'NONE', #1692, #945, #723, .T. ) ;
#203 = EDGE_LOOP ( 'NONE', ( #2218, #2142 ) ) ;
#204 = COORDINATED_UNIVERSAL_TIME_OFFSET ( 8, 0, .AHEAD. ) ;
#205 = CARTESIAN_POINT ( 'NONE',  ( -110.0000000000000000, 28.00000000000000000, 24.00000000000000000 ) ) ;
#206 = CARTESIAN_POINT ( 'NONE',  ( -95.00000000000000000, 95.00000000000000000, 65.00000000000000000 ) ) ;
#207 = DIRECTION ( 'NONE',  ( 0.000000000000000000, 0.000000000000000000, -1.000000000000000000 ) ) ;
#208 = DIRECTION ( 'NONE',  ( -0.000000000000000000, -1.000000000000000000, -0.000000000000000000 ) ) ;
#209 = ORIENTED_EDGE ( 'NONE', *, *, #1648, .F. ) ;
#210 = CARTESIAN_POINT ( 'NONE',  ( -78.00000000000000000, 28.00000000000000000, -7.499999999999999112 ) ) ;
#211 = ORIENTED_EDGE ( 'NONE', *, *, #1844, .F. ) ;
#212 = DATE_TIME_ROLE ( 'classification_date' ) ;
#213 = DIRECTION ( 'NONE',  ( 0.000000000000000000, 1.000000000000000000, 0.000000000000000000 ) ) ;
#214 = EDGE_CURVE ( 'NONE', #1965, #449, #2242, .T. ) ;
#215 = ORIENTED_EDGE ( 'NONE', *, *, #2184, .F. ) ;
#216 = ORIENTED_EDGE ( 'NONE', *, *, #2458, .F. ) ;
#217 = PERSON_AND_ORGANIZATION ( #2735, #2316 ) ;
#218 = CC_DESIGN_SECURITY_CLASSIFICATION ( #2104, ( #1029 ) ) ;
#219 = FACE_OUTER_BOUND ( 'NONE', #2237, .T. ) ;
#220 = PLANE ( 'NONE',  #1431 ) ;
#221 = PRODUCT_DEFINITION_SHAPE ( 'NONE', 'NONE',  #3031 ) ;
#222 = DIRECTION ( 'NONE',  ( 0.000000000000000000, 0.000000000000000000, -1.000000000000000000 ) ) ;
#223 = DIRECTION ( 'NONE',  ( -0.000000000000000000, -1.000000000000000000, -0.000000000000000000 ) ) ;
#224 = ORIENTED_EDGE ( 'NONE', *, *, #1898, .T. ) ;
#225 = FACE_BOUND ( 'NONE', #1722, .T. ) ;
#226 = PERSON_AND_ORGANIZATION ( #538, #552 ) ;
#227 = ORIENTED_EDGE ( 'NONE', *, *, #1056, .F. ) ;
#228 = VECTOR ( 'NONE', #905, 1000.000000000000000 ) ;
#229 =( GEOMETRIC_REPRESENTATION_CONTEXT ( 3 ) GLOBAL_UNCERTAINTY_ASSIGNED_CONTEXT ( ( #2562 ) ) GLOBAL_UNIT_ASSIGNED_CONTEXT ( ( #1469, #1500, #2455 ) ) REPRESENTATION_CONTEXT ( 'NONE', 'WORKASPACE' ) );
#230 = ORIENTED_EDGE ( 'NONE', *, *, #2917, .T. ) ;
#231 = CIRCLE ( 'NONE', #2573, 6.999999999999999112 ) ;
#232 = EDGE_LOOP ( 'NONE', ( #2342, #1415 ) ) ;
#233 = EDGE_CURVE ( 'NONE', #161, #1832, #323, .T. ) ;
#234 = APPROVAL_STATUS ( 'not_yet_approved' ) ;
#235 = VECTOR ( 'NONE', #464, 1000.000000000000000 ) ;
#236 = LINE ( 'NONE', #456, #2220 ) ;
#237 = AXIS2_PLACEMENT_3D ( 'NONE', #2775, #672, #1594 ) ;
#238 = LINE ( 'NONE', #1099, #1504 ) ;
#239 = CARTESIAN_POINT ( 'NONE',  ( -110.0000000000000000, 28.00000000000000000, -24.00000000000000000 ) ) ;
#240 = EDGE_LOOP ( 'NONE', ( #1267, #176, #1815, #972 ) ) ;
#241 = FACE_BOUND ( 'NONE', #2282, .T. ) ;
#242 = LINE ( 'NONE', #1865, #2185 ) ;
#243 = ORIENTED_EDGE ( 'NONE', *, *, #1866, .F. ) ;
#244 = PERSON_AND_ORGANIZATION ( #2735, #2316 ) ;
#245 = CARTESIAN_POINT ( 'NONE',  ( -31.38004145393735911, 0.000000000000000000, -68.75812166592551478 ) ) ;
#246 = CARTESIAN_POINT ( 'NONE',  ( 59.00000000000000000, 42.00000000000000000, 24.00000000000000000 ) ) ;
#247 = DIRECTION ( 'NONE',  ( 0.000000000000000000, 0.000000000000000000, -1.000000000000000000 ) ) ;
#248 = FACE_OUTER_BOUND ( 'NONE', #637, .T. ) ;
#249 = EDGE_LOOP ( 'NONE', ( #1679, #1853, #442, #1466 ) ) ;
#250 = DIRECTION ( 'NONE',  ( 0.000000000000000000, 0.000000000000000000, 1.000000000000000000 ) ) ;
#251 = ORIENTED_EDGE ( 'NONE', *, *, #2060, .F. ) ;
#252 = PERSON_AND_ORGANIZATION ( #2735, #2316 ) ;
#253 = CYLINDRICAL_SURFACE ( 'NONE', #1637, 5.500000000000005329 ) ;
#254 = ORIENTED_EDGE ( 'NONE', *, *, #1299, .F. ) ;
#255 = SECURITY_CLASSIFICATION_LEVEL ( 'unclassified' ) ;
#256 = EDGE_CURVE ( 'NONE', #795, #2634, #1743, .T. ) ;
#257 = APPROVAL_PERSON_ORGANIZATION ( #1684, #2533, #1458 ) ;
#258 = DIRECTION ( 'NONE',  ( -0.000000000000000000, -1.000000000000000000, -0.000000000000000000 ) ) ;
#259 = CYLINDRICAL_SURFACE ( 'NONE', #2774, 7.000000000000006217 ) ;
#260 = DIRECTION ( 'NONE',  ( 0.000000000000000000, 0.000000000000000000, 1.000000000000000000 ) ) ;
#261 = EDGE_LOOP ( 'NONE', ( #2645, #1980 ) ) ;
#262 = APPROVAL_STATUS ( 'not_yet_approved' ) ;
#263 = EDGE_CURVE ( 'NONE', #1386, #61, #1004, .T. ) ;
#264 = LINE ( 'NONE', #39, #2287 ) ;
#265 = VERTEX_POINT ( 'NONE', #1514 ) ;
#266 = APPROVAL ( #572, '未' ) ;
#267 = LOCAL_TIME ( 0, 27, 2.000000000000000000, #2788 ) ;
#268 = DIRECTION ( 'NONE',  ( 0.000000000000000000, 0.000000000000000000, 1.000000000000000000 ) ) ;
#269 = EDGE_LOOP ( 'NONE', ( #548, #1441, #2875, #507 ) ) ;
#270 = SHAPE_REPRESENTATION ( 'MKH-012_gripper_body', ( #1621 ), #132 ) ;
#271 = DIRECTION ( 'NONE',  ( 0.000000000000000000, 1.000000000000000000, 0.000000000000000000 ) ) ;
#272 = AXIS2_PLACEMENT_3D ( 'NONE', #834, #2964, #400 ) ;
#273 = EDGE_LOOP ( 'NONE', ( #1768, #2090, #90, #2820 ) ) ;
#274 = DATE_AND_TIME ( #2601, #412 ) ;
#275 = EDGE_CURVE ( 'NONE', #916, #718, #2647, .T. ) ;
#276 = EDGE_CURVE ( 'NONE', #3004, #718, #2223, .T. ) ;
#277 = FACE_OUTER_BOUND ( 'NONE', #2202, .T. ) ;
#278 = DIRECTION ( 'NONE',  ( 0.000000000000000000, 0.000000000000000000, -1.000000000000000000 ) ) ;
#279 = AXIS2_PLACEMENT_3D ( 'NONE', #1168, #1209, #1910 ) ;
#280 = CARTESIAN_POINT ( 'NONE',  ( 31.38004145393736266, 0.000000000000000000, 82.75812166592554320 ) ) ;
#281 = FACE_OUTER_BOUND ( 'NONE', #1069, .T. ) ;
#282 = EDGE_LOOP ( 'NONE', ( #1513, #1208 ) ) ;
#283 = PLANE ( 'NONE',  #1093 ) ;
#284 = ORIENTED_EDGE ( 'NONE', *, *, #2205, .T. ) ;
#285 = VECTOR ( 'NONE', #995, 1000.000000000000000 ) ;
#286 = DIRECTION ( 'NONE',  ( 0.000000000000000000, 1.000000000000000000, 0.000000000000000000 ) ) ;
#287 = EDGE_CURVE ( 'NONE', #2908, #423, #139, .T. ) ;
#288 = CIRCLE ( 'NONE', #567, 18.00000000000000000 ) ;
#289 = ADVANCED_FACE ( 'NONE', ( #1727 ), #845, .F. ) ;
#290 = DIRECTION ( 'NONE',  ( -1.000000000000000000, 0.000000000000000000, 0.000000000000000000 ) ) ;
#291 = AXIS2_PLACEMENT_3D ( 'NONE', #1360, #1103, #2045 ) ;
#292 = APPLICATION_PROTOCOL_DEFINITION ( 'international standard', 'config_control_design', 1994, #757 ) ;
#293 = CC_DESIGN_PERSON_AND_ORGANIZATION_ASSIGNMENT ( #1887, #698, ( #1741 ) ) ;
#294 = CARTESIAN_POINT ( 'NONE',  ( 0.000000000000000000, 30.00000000000000000, 0.000000000000000000 ) ) ;
#295 = ORIENTED_EDGE ( 'NONE', *, *, #1578, .F. ) ;
#296 = CIRCLE ( 'NONE', #1595, 65.00000000000000000 ) ;
#297 = CALENDAR_DATE ( 2026, 29, 7 ) ;
#298 = EDGE_CURVE ( 'NONE', #1862, #331, #2891, .T. ) ;
#299 = DIRECTION ( 'NONE',  ( -0.000000000000000000, -1.000000000000000000, -0.000000000000000000 ) ) ;
#300 = DIRECTION ( 'NONE',  ( 0.000000000000000000, 0.000000000000000000, -1.000000000000000000 ) ) ;
#301 = DIRECTION ( 'NONE',  ( 0.000000000000000000, 0.000000000000000000, -1.000000000000000000 ) ) ;
#302 = ORIENTED_EDGE ( 'NONE', *, *, #1010, .T. ) ;
#303 = LINE ( 'NONE', #545, #2684 ) ;
#304 = ORIENTED_EDGE ( 'NONE', *, *, #635, .F. ) ;
#305 = DIRECTION ( 'NONE',  ( 0.000000000000000000, 0.000000000000000000, 1.000000000000000000 ) ) ;
#306 = CARTESIAN_POINT ( 'NONE',  ( 85.00000000000000000, 120.0000000000000000, 67.00000000000000000 ) ) ;
#307 = DATE_AND_TIME ( #1177, #1279 ) ;
#308 = DIRECTION ( 'NONE',  ( 0.000000000000000000, 1.000000000000000000, 0.000000000000000000 ) ) ;
#309 = ORIENTED_EDGE ( 'NONE', *, *, #1783, .F. ) ;
#310 = CC_DESIGN_PERSON_AND_ORGANIZATION_ASSIGNMENT ( #1943, #1025, ( #2664 ) ) ;
#311 = DIRECTION ( 'NONE',  ( -0.000000000000000000, -1.000000000000000000, -0.000000000000000000 ) ) ;
#312 = FACE_OUTER_BOUND ( 'NONE', #2017, .T. ) ;
#313 = DIRECTION ( 'NONE',  ( 0.000000000000000000, 0.000000000000000000, -1.000000000000000000 ) ) ;
#314 = PLANE ( 'NONE',  #1885 ) ;
#315 = ORIENTED_EDGE ( 'NONE', *, *, #1569, .T. ) ;
#316 = DIRECTION ( 'NONE',  ( 0.000000000000000000, 0.000000000000000000, 1.000000000000000000 ) ) ;
#317 = FACE_OUTER_BOUND ( 'NONE', #989, .T. ) ;
#318 = ORIENTED_EDGE ( 'NONE', *, *, #401, .T. ) ;
#319 = CC_DESIGN_SECURITY_CLASSIFICATION ( #2960, ( #3034 ) ) ;
#320 = DIRECTION ( 'NONE',  ( -0.000000000000000000, -1.000000000000000000, -0.000000000000000000 ) ) ;
#321 = VERTEX_POINT ( 'NONE', #2801 ) ;
#322 = DATE_TIME_ROLE ( 'classification_date' ) ;
#323 = LINE ( 'NONE', #155, #1997 ) ;
#324 = VECTOR ( 'NONE', #1879, 1000.000000000000000 ) ;
#325 = VERTEX_POINT ( 'NONE', #245 ) ;
#326 = AXIS2_PLACEMENT_3D ( 'NONE', #1623, #58, #1108 ) ;
#327 = ADVANCED_FACE ( 'NONE', ( #687 ), #2307, .F. ) ;
#328 = FACE_BOUND ( 'NONE', #2476, .T. ) ;
#329 = FACE_OUTER_BOUND ( 'NONE', #590, .T. ) ;
#330 = CIRCLE ( 'NONE', #2275, 65.00000000000000000 ) ;
#331 = VERTEX_POINT ( 'NONE', #1155 ) ;
#332 = LINE ( 'NONE', #2454, #719 ) ;
#333 = CIRCLE ( 'NONE', #1782, 5.500000000000005329 ) ;
#334 = SHAPE_REPRESENTATION_RELATIONSHIP ( 'NONE' , 'NONE' ,  #2892, #1961 ) ;
#335 = ORIENTED_EDGE ( 'NONE', *, *, #2876, .F. ) ;
#336 = APPROVAL_STATUS ( 'not_yet_approved' ) ;
#337 = DIRECTION ( 'NONE',  ( -0.000000000000000000, -1.000000000000000000, -0.000000000000000000 ) ) ;
#338 = AXIS2_PLACEMENT_3D ( 'NONE', #1638, #1934, #2117 ) ;
#339 = EDGE_LOOP ( 'NONE', ( #295, #602 ) ) ;
#340 = DIRECTION ( 'NONE',  ( 0.000000000000000000, 0.000000000000000000, -1.000000000000000000 ) ) ;
#341 = CIRCLE ( 'NONE', #2931, 57.50000000000000000 ) ;
#342 = SHAPE_DEFINITION_REPRESENTATION ( #2988, #1927 ) ;
#343 = CARTESIAN_POINT ( 'NONE',  ( 70.00000000000000000, 95.00000000000000000, -50.50000000000000000 ) ) ;
#344 = AXIS2_PLACEMENT_3D ( 'NONE', #2572, #1582, #2777 ) ;
#345 = DIRECTION ( 'NONE',  ( -0.000000000000000000, -1.000000000000000000, -0.000000000000000000 ) ) ;
#346 = ORIENTED_EDGE ( 'NONE', *, *, #869, .T. ) ;
#347 = CARTESIAN_POINT ( 'NONE',  ( 7.041719095097280485E-15, 145.0000000000000000, 57.50000000000000000 ) ) ;
#348 = ORIENTED_EDGE ( 'NONE', *, *, #256, .F. ) ;
#349 = CC_DESIGN_PERSON_AND_ORGANIZATION_ASSIGNMENT ( #454, #1840, ( #913 ) ) ;
#350 = COORDINATED_UNIVERSAL_TIME_OFFSET ( 8, 0, .AHEAD. ) ;
#351 = COORDINATED_UNIVERSAL_TIME_OFFSET ( 8, 0, .AHEAD. ) ;
#352 = VERTEX_POINT ( 'NONE', #1794 ) ;
#353 = EDGE_CURVE ( 'NONE', #1329, #1906, #438, .T. ) ;
#354 = MECHANICAL_CONTEXT ( 'NONE', #701, 'mechanical' ) ;
#355 = EDGE_CURVE ( 'NONE', #47, #1888, #1097, .T. ) ;
#356 = LINE ( 'NONE', #369, #2479 ) ;
#357 = CARTESIAN_POINT ( 'NONE',  ( 0.000000000000000000, 180.0000000000000000, -18.00000000000000000 ) ) ;
#358 = DIRECTION ( 'NONE',  ( 0.000000000000000000, 0.000000000000000000, 1.000000000000000000 ) ) ;
#359 = ORIENTED_EDGE ( 'NONE', *, *, #1569, .F. ) ;
#360 = CYLINDRICAL_SURFACE ( 'NONE', #1251, 65.00000000000000000 ) ;
#361 = CARTESIAN_POINT ( 'NONE',  ( 0.000000000000000000, 0.000000000000000000, 0.000000000000000000 ) ) ;
#362 = SECURITY_CLASSIFICATION_LEVEL ( 'unclassified' ) ;
#363 = CC_DESIGN_DATE_AND_TIME_ASSIGNMENT ( #1725, #1712, ( #1568 ) ) ;
#364 = LOCAL_TIME ( 0, 27, 2.000000000000000000, #800 ) ;
#365 = DIRECTION ( 'NONE',  ( -0.000000000000000000, -0.000000000000000000, 1.000000000000000000 ) ) ;
#366 = VERTEX_POINT ( 'NONE', #1706 ) ;
#367 = APPROVAL_DATE_TIME ( #1517, #2533 ) ;
#368 = EDGE_CURVE ( 'NONE', #1146, #1347, #546, .T. ) ;
#369 = CARTESIAN_POINT ( 'NONE',  ( -78.00000000000000000, 28.00000000000000000, 7.499999999999999112 ) ) ;
#370 = CIRCLE ( 'NONE', #2063, 7.000000000000006217 ) ;
#371 = CARTESIAN_POINT ( 'NONE',  ( 85.00000000000000000, 0.000000000000000000, -67.00000000000000000 ) ) ;
#372 = DIRECTION ( 'NONE',  ( -0.000000000000000000, -1.000000000000000000, -0.000000000000000000 ) ) ;
#373 = SECURITY_CLASSIFICATION ( '', '', #255 ) ;
#374 = DIRECTION ( 'NONE',  ( 0.000000000000000000, 1.000000000000000000, 0.000000000000000000 ) ) ;
#375 = FACE_OUTER_BOUND ( 'NONE', #582, .T. ) ;
#376 = ORIENTED_EDGE ( 'NONE', *, *, #2917, .F. ) ;
#377 = CARTESIAN_POINT ( 'NONE',  ( 0.000000000000000000, 120.0000000000000000, 0.000000000000000000 ) ) ;
#378 = CARTESIAN_POINT ( 'NONE',  ( 120.0000000000000000, 0.000000000000000000, 90.00000000000000000 ) ) ;
#379 = AXIS2_PLACEMENT_3D ( 'NONE', #1634, #1924, #2388 ) ;
#380 = APPROVAL_DATE_TIME ( #1481, #2848 ) ;
#381 = VECTOR ( 'NONE', #1249, 1000.000000000000000 ) ;
#382 = CIRCLE ( 'NONE', #1243, 6.999999999999999112 ) ;
#383 = ORIENTED_EDGE ( 'NONE', *, *, #2079, .T. ) ;
#384 = AXIS2_PLACEMENT_3D ( 'NONE', #1580, #3011, #1808 ) ;
#385 = CIRCLE ( 'NONE', #2825, 57.50000000000000000 ) ;
#386 = DIRECTION ( 'NONE',  ( 0.000000000000000000, 0.000000000000000000, 1.000000000000000000 ) ) ;
#387 = CARTESIAN_POINT ( 'NONE',  ( 75.75812166592551478, 0.000000000000000000, -24.38004145393736621 ) ) ;
#388 = CARTESIAN_POINT ( 'NONE',  ( -70.00000000000000000, 95.00000000000000000, 50.50000000000000000 ) ) ;
#389 = ORIENTED_EDGE ( 'NONE', *, *, #2065, .F. ) ;
#390 = LINE ( 'NONE', #2951, #193 ) ;
#391 = VERTEX_POINT ( 'NONE', #2595 ) ;
#392 = EDGE_CURVE ( 'NONE', #1414, #2286, #99, .T. ) ;
#393 = VERTEX_POINT ( 'NONE', #2183 ) ;
#394 = EDGE_CURVE ( 'NONE', #935, #1862, #264, .T. ) ;
#395 = DIRECTION ( 'NONE',  ( 6.123233995736766036E-17, -1.000000000000000000, 0.000000000000000000 ) ) ;
#396 = APPROVAL ( #43, '未' ) ;
#397 = DIRECTION ( 'NONE',  ( -0.000000000000000000, -1.000000000000000000, -0.000000000000000000 ) ) ;
#398 = CARTESIAN_POINT ( 'NONE',  ( -31.38004145393735911, 30.00000000000000000, -68.75812166592551478 ) ) ;
#399 = FACE_OUTER_BOUND ( 'NONE', #789, .T. ) ;
#400 = DIRECTION ( 'NONE',  ( 0.000000000000000000, 0.000000000000000000, 1.000000000000000000 ) ) ;
#401 = EDGE_CURVE ( 'NONE', #2257, #503, #959, .T. ) ;
#402 = DIRECTION ( 'NONE',  ( 0.000000000000000000, 1.000000000000000000, 0.000000000000000000 ) ) ;
#403 = EDGE_LOOP ( 'NONE', ( #664, #1610 ) ) ;
#404 = APPROVAL_DATE_TIME ( #912, #2946 ) ;
#405 = EDGE_CURVE ( 'NONE', #54, #1497, #1495, .T. ) ;
#406 = MANIFOLD_SOLID_BREP ( '02_Locating_Hub', #956 ) ;
#407 = ORIENTED_EDGE ( 'NONE', *, *, #67, .F. ) ;
#408 = APPROVAL_PERSON_ORGANIZATION ( #1996, #1750, #1003 ) ;
#409 = EDGE_LOOP ( 'NONE', ( #2357, #1805 ) ) ;
#410 = DIRECTION ( 'NONE',  ( 1.000000000000000000, 0.000000000000000000, 0.000000000000000000 ) ) ;
#411 = DIRECTION ( 'NONE',  ( -0.000000000000000000, -1.000000000000000000, -0.000000000000000000 ) ) ;
#412 = LOCAL_TIME ( 0, 27, 2.000000000000000000, #1629 ) ;
#413 = DIRECTION ( 'NONE',  ( 0.000000000000000000, 0.000000000000000000, 1.000000000000000000 ) ) ;
#414 = CARTESIAN_POINT ( 'NONE',  ( -78.00000000000000000, 28.00000000000000000, 0.000000000000000000 ) ) ;
#415 = CC_DESIGN_DATE_AND_TIME_ASSIGNMENT ( #1854, #2800, ( #373 ) ) ;
#416 = CYLINDRICAL_SURFACE ( 'NONE', #181, 6.999999999999999112 ) ;
#417 = EDGE_CURVE ( 'NONE', #1692, #2730, #2965, .T. ) ;
#418 = ORIENTED_EDGE ( 'NONE', *, *, #758, .T. ) ;
#419 = DIRECTION ( 'NONE',  ( 0.000000000000000000, 0.000000000000000000, 1.000000000000000000 ) ) ;
#420 = CIRCLE ( 'NONE', #326, 6.999999999999999112 ) ;
#421 = ADVANCED_FACE ( 'NONE', ( #793 ), #595, .F. ) ;
#422 = AXIS2_PLACEMENT_3D ( 'NONE', #1564, #702, #2511 ) ;
#423 = VERTEX_POINT ( 'NONE', #1280 ) ;
#424 = ADVANCED_FACE ( 'NONE', ( #148, #2913, #809, #2729 ), #580, .T. ) ;
#425 = DIRECTION ( 'NONE',  ( -0.000000000000000000, -1.000000000000000000, -0.000000000000000000 ) ) ;
#426 = CIRCLE ( 'NONE', #2327, 7.000000000000006217 ) ;
#427 = APPROVAL_STATUS ( 'not_yet_approved' ) ;
#428 = DIRECTION ( 'NONE',  ( 0.000000000000000000, 0.000000000000000000, 1.000000000000000000 ) ) ;
#429 = AXIS2_PLACEMENT_3D ( 'NONE', #1211, #1705, #2434 ) ;
#430 = EDGE_CURVE ( 'NONE', #2634, #2009, #2390, .T. ) ;
#431 = FACE_OUTER_BOUND ( 'NONE', #1505, .T. ) ;
#432 = CARTESIAN_POINT ( 'NONE',  ( -120.0000000000000000, 120.0000000000000000, -90.00000000000000000 ) ) ;
#433 = VECTOR ( 'NONE', #3016, 1000.000000000000000 ) ;
#434 = DIRECTION ( 'NONE',  ( -0.000000000000000000, -1.000000000000000000, -0.000000000000000000 ) ) ;
#435 = DIRECTION ( 'NONE',  ( 0.000000000000000000, 1.000000000000000000, 0.000000000000000000 ) ) ;
#436 = ORIENTED_EDGE ( 'NONE', *, *, #933, .F. ) ;
#437 = DIRECTION ( 'NONE',  ( 0.000000000000000000, 0.000000000000000000, 1.000000000000000000 ) ) ;
#438 = CIRCLE ( 'NONE', #1548, 6.999999999999999112 ) ;
#439 = PRODUCT_DEFINITION_SHAPE ( 'NONE', 'NONE',  #3034 ) ;
#440 = EDGE_LOOP ( 'NONE', ( #42, #230, #727, #185 ) ) ;
#441 = ORIENTED_EDGE ( 'NONE', *, *, #849, .T. ) ;
#442 = ORIENTED_EDGE ( 'NONE', *, *, #214, .T. ) ;
#443 = DIRECTION ( 'NONE',  ( 0.000000000000000000, 0.000000000000000000, 1.000000000000000000 ) ) ;
#444 = CARTESIAN_POINT ( 'NONE',  ( 0.000000000000000000, 95.00000000000000000, -18.00000000000000000 ) ) ;
#445 = CARTESIAN_POINT ( 'NONE',  ( 15.00000000000000000, 28.00000000000000000, -7.500000000000000000 ) ) ;
#446 = CARTESIAN_POINT ( 'NONE',  ( 59.00000000000000000, 0.000000000000000000, 7.500000000000000000 ) ) ;
#447 = CARTESIAN_POINT ( 'NONE',  ( 15.00000000000000000, 0.000000000000000000, 7.500000000000000000 ) ) ;
#448 = EDGE_LOOP ( 'NONE', ( #2298, #968, #1370, #1 ) ) ;
#449 = VERTEX_POINT ( 'NONE', #1751 ) ;
#450 = ADVANCED_FACE ( 'NONE', ( #1319 ), #1508, .F. ) ;
#451 = CC_DESIGN_DATE_AND_TIME_ASSIGNMENT ( #1729, #2661, ( #2625 ) ) ;
#452 = ORIENTED_EDGE ( 'NONE', *, *, #202, .F. ) ;
#453 = EDGE_LOOP ( 'NONE', ( #1217, #2799, #1813, #556 ) ) ;
#454 = PERSON_AND_ORGANIZATION ( #2735, #2316 ) ;
#455 = APPROVAL_PERSON_ORGANIZATION ( #252, #396, #1202 ) ;
#456 = CARTESIAN_POINT ( 'NONE',  ( 15.00000000000000000, 28.00000000000000000, -7.500000000000000000 ) ) ;
#457 = LINE ( 'NONE', #675, #726 ) ;
#458 = DIRECTION ( 'NONE',  ( 0.000000000000000000, 1.000000000000000000, 0.000000000000000000 ) ) ;
#459 = EDGE_LOOP ( 'NONE', ( #2552, #1894 ) ) ;
#460 = AXIS2_PLACEMENT_3D ( 'NONE', #2693, #2704, #1526 ) ;
#461 = CARTESIAN_POINT ( 'NONE',  ( -31.38004145393735911, 0.000000000000000000, 75.75812166592551478 ) ) ;
#462 = EDGE_CURVE ( 'NONE', #1472, #2009, #105, .T. ) ;
#463 = LOCAL_TIME ( 0, 27, 2.000000000000000000, #1807 ) ;
#464 = DIRECTION ( 'NONE',  ( -0.000000000000000000, -1.000000000000000000, -0.000000000000000000 ) ) ;
#465 = CARTESIAN_POINT ( 'NONE',  ( -120.0000000000000000, 120.0000000000000000, -90.00000000000000000 ) ) ;
#466 = VECTOR ( 'NONE', #908, 1000.000000000000000 ) ;
#467 = PERSON_AND_ORGANIZATION_ROLE ( 'creator' ) ;
#468 = AXIS2_PLACEMENT_3D ( 'NONE', #88, #810, #1478 ) ;
#469 = CYLINDRICAL_SURFACE ( 'NONE', #1484, 18.00000000000000000 ) ;
#470 = AXIS2_PLACEMENT_3D ( 'NONE', #1316, #808, #2480 ) ;
#471 = CARTESIAN_POINT ( 'NONE',  ( 31.38004145393736266, 30.00000000000000000, -75.75812166592551478 ) ) ;
#472 = LINE ( 'NONE', #18, #2577 ) ;
#473 = VERTEX_POINT ( 'NONE', #2713 ) ;
#474 = AXIS2_PLACEMENT_3D ( 'NONE', #91, #2885, #305 ) ;
#475 = CYLINDRICAL_SURFACE ( 'NONE', #666, 6.999999999999999112 ) ;
#476 = AXIS2_PLACEMENT_3D ( 'NONE', #1640, #519, #2165 ) ;
#477 = ORIENTED_EDGE ( 'NONE', *, *, #1876, .T. ) ;
#478 = COORDINATED_UNIVERSAL_TIME_OFFSET ( 8, 0, .AHEAD. ) ;
#479 = EDGE_CURVE ( 'NONE', #2453, #2797, #2990, .T. ) ;
#480 = DIRECTION ( 'NONE',  ( 0.000000000000000000, -0.000000000000000000, -1.000000000000000000 ) ) ;
#481 = CIRCLE ( 'NONE', #865, 7.000000000000006217 ) ;
#482 = ORIENTED_EDGE ( 'NONE', *, *, #1983, .F. ) ;
#483 = PERSON_AND_ORGANIZATION ( #2735, #2316 ) ;
#484 = PLANE ( 'NONE',  #2517 ) ;
#485 = CARTESIAN_POINT ( 'NONE',  ( -42.00000000000000000, 28.00000000000000000, 0.000000000000000000 ) ) ;
#486 = CARTESIAN_POINT ( 'NONE',  ( 31.38004145393736266, 30.00000000000000000, -75.75812166592551478 ) ) ;
#487 = DIRECTION ( 'NONE',  ( -1.000000000000000000, 0.000000000000000000, 0.000000000000000000 ) ) ;
#488 = EDGE_LOOP ( 'NONE', ( #1369, #2498 ) ) ;
#489 = EDGE_CURVE ( 'NONE', #2563, #1180, #1554, .T. ) ;
#490 = MANIFOLD_SOLID_BREP ( '02_Reinforcement_Boss', #2285 ) ;
#491 = CARTESIAN_POINT ( 'NONE',  ( 120.0000000000000000, 120.0000000000000000, 90.00000000000000000 ) ) ;
#492 = ORIENTED_EDGE ( 'NONE', *, *, #430, .T. ) ;
#493 = EDGE_CURVE ( 'NONE', #838, #1647, #1792, .T. ) ;
#494 = CARTESIAN_POINT ( 'NONE',  ( 85.00000000000000000, 120.0000000000000000, 60.00000000000000000 ) ) ;
#495 = ORIENTED_EDGE ( 'NONE', *, *, #2352, .F. ) ;
#496 = CALENDAR_DATE ( 2026, 29, 7 ) ;
#497 = VERTEX_POINT ( 'NONE', #388 ) ;
#498 = DIRECTION ( 'NONE',  ( 0.000000000000000000, 0.000000000000000000, 1.000000000000000000 ) ) ;
#499 = LOCAL_TIME ( 0, 27, 2.000000000000000000, #2178 ) ;
#500 = CARTESIAN_POINT ( 'NONE',  ( -95.00000000000000000, 95.00000000000000000, 65.00000000000000000 ) ) ;
#501 = FACE_OUTER_BOUND ( 'NONE', #2575, .T. ) ;
#502 = CARTESIAN_POINT ( 'NONE',  ( 70.00000000000000000, 95.00000000000000000, 45.00000000000000000 ) ) ;
#503 = VERTEX_POINT ( 'NONE', #1311 ) ;
#504 = FACE_BOUND ( 'NONE', #2365, .T. ) ;
#505 = APPROVAL_PERSON_ORGANIZATION ( #226, #177, #1342 ) ;
#506 = CYLINDRICAL_SURFACE ( 'NONE', #2721, 5.500000000000005329 ) ;
#507 = ORIENTED_EDGE ( 'NONE', *, *, #2970, .F. ) ;
#508 = DIRECTION ( 'NONE',  ( 0.000000000000000000, 0.000000000000000000, 1.000000000000000000 ) ) ;
#509 = AXIS2_PLACEMENT_3D ( 'NONE', #1141, #2542, #1156 ) ;
#510 = CC_DESIGN_APPROVAL ( #1206, ( #2710 ) ) ;
#511 = ORIENTED_EDGE ( 'NONE', *, *, #1432, .T. ) ;
#512 = PERSON_AND_ORGANIZATION ( #2735, #2316 ) ;
#513 = CARTESIAN_POINT ( 'NONE',  ( 75.75812166592551478, 30.00000000000000000, 38.38004145393735200 ) ) ;
#514 = CIRCLE ( 'NONE', #2228, 6.999999999999999112 ) ;
#515 = DIRECTION ( 'NONE',  ( 1.000000000000000000, 0.000000000000000000, 0.000000000000000000 ) ) ;
#516 = LINE ( 'NONE', #1461, #2382 ) ;
#517 = EDGE_LOOP ( 'NONE', ( #987, #107, #528, #1338, #1454, #1660, #1662, #768 ) ) ;
#518 = VECTOR ( 'NONE', #1075, 1000.000000000000000 ) ;
#519 = DIRECTION ( 'NONE',  ( 0.000000000000000000, 1.000000000000000000, 0.000000000000000000 ) ) ;
#520 = ORIENTED_EDGE ( 'NONE', *, *, #1608, .T. ) ;
#521 = VECTOR ( 'NONE', #2248, 1000.000000000000000 ) ;
#522 = FACE_BOUND ( 'NONE', #2989, .T. ) ;
#523 = DIRECTION ( 'NONE',  ( -0.000000000000000000, -1.000000000000000000, -0.000000000000000000 ) ) ;
#524 = VECTOR ( 'NONE', #1430, 1000.000000000000000 ) ;
#525 = DIRECTION ( 'NONE',  ( -0.000000000000000000, -1.000000000000000000, -0.000000000000000000 ) ) ;
#526 = VERTEX_POINT ( 'NONE', #116 ) ;
#527 = VECTOR ( 'NONE', #2008, 1000.000000000000000 ) ;
#528 = ORIENTED_EDGE ( 'NONE', *, *, #1957, .F. ) ;
#529 = MECHANICAL_CONTEXT ( 'NONE', #1315, 'mechanical' ) ;
#530 = DIRECTION ( 'NONE',  ( -0.000000000000000000, -1.000000000000000000, -0.000000000000000000 ) ) ;
#531 = ADVANCED_FACE ( 'NONE', ( #1522 ), #2252, .F. ) ;
#532 = DIRECTION ( 'NONE',  ( 0.000000000000000000, 0.000000000000000000, -1.000000000000000000 ) ) ;
#533 = EDGE_CURVE ( 'NONE', #736, #2077, #481, .T. ) ;
#534 = DIRECTION ( 'NONE',  ( -0.000000000000000000, -1.000000000000000000, -0.000000000000000000 ) ) ;
#535 = ORIENTED_EDGE ( 'NONE', *, *, #1839, .F. ) ;
#536 = DIRECTION ( 'NONE',  ( -0.000000000000000000, -1.000000000000000000, -0.000000000000000000 ) ) ;
#537 = DIRECTION ( 'NONE',  ( 0.000000000000000000, 0.000000000000000000, 1.000000000000000000 ) ) ;
#538 = PERSON ( 'NAUO-PER5', 'UNSPECIFIED', 'UNSPECIFIED', ('UNSPECIFIED'), ('UNSPECIFIED'), ('UNSPECIFIED') ) ;
#539 = PERSON_AND_ORGANIZATION ( #2735, #2316 ) ;
#540 = CARTESIAN_POINT ( 'NONE',  ( 75.75812166592551478, 30.00000000000000000, -31.38004145393736266 ) ) ;
#541 = ORIENTED_EDGE ( 'NONE', *, *, #1119, .T. ) ;
#542 = DATE_AND_TIME ( #759, #2909 ) ;
#543 = DIRECTION ( 'NONE',  ( 0.000000000000000000, 1.000000000000000000, 0.000000000000000000 ) ) ;
#544 = LINE ( 'NONE', #2897, #671 ) ;
#545 = CARTESIAN_POINT ( 'NONE',  ( 95.00000000000000000, 95.00000000000000000, -65.00000000000000000 ) ) ;
#546 = LINE ( 'NONE', #2359, #1895 ) ;
#547 = DIRECTION ( 'NONE',  ( 0.000000000000000000, 0.000000000000000000, -1.000000000000000000 ) ) ;
#548 = ORIENTED_EDGE ( 'NONE', *, *, #2982, .T. ) ;
#549 = APPROVAL_PERSON_ORGANIZATION ( #2910, #2795, #991 ) ;
#550 = DIRECTION ( 'NONE',  ( -0.000000000000000000, -1.000000000000000000, -0.000000000000000000 ) ) ;
#551 = LINE ( 'NONE', #2674, #1771 ) ;
#552 = ORGANIZATION ( 'NAUO-ORG5', 'UNSPECIFIED', 'UNSPECIFIED' ) ;
#553 = CONTEXT_DEPENDENT_SHAPE_REPRESENTATION ( #2798, #221 ) ;
#554 = CC_DESIGN_APPROVAL ( #1884, ( #1326 ) ) ;
#555 = CALENDAR_DATE ( 2026, 29, 7 ) ;
#556 = ORIENTED_EDGE ( 'NONE', *, *, #214, .F. ) ;
#557 = CARTESIAN_POINT ( 'NONE',  ( 0.000000000000000000, 0.000000000000000000, -115.0000000000000000 ) ) ;
#558 = PERSON_AND_ORGANIZATION_ROLE ( 'design_supplier' ) ;
#559 = CARTESIAN_POINT ( 'NONE',  ( -110.0000000000000000, 28.00000000000000000, -24.00000000000000000 ) ) ;
#560 = AXIS2_PLACEMENT_3D ( 'NONE', #1891, #530, #2589 ) ;
#561 = DIRECTION ( 'NONE',  ( -0.000000000000000000, -1.000000000000000000, -0.000000000000000000 ) ) ;
#562 = FACE_OUTER_BOUND ( 'NONE', #685, .T. ) ;
#563 = ORIENTED_EDGE ( 'NONE', *, *, #190, .F. ) ;
#564 = CARTESIAN_POINT ( 'NONE',  ( -75.75812166592551478, 30.00000000000000000, -38.38004145393736621 ) ) ;
#565 = VECTOR ( 'NONE', #53, 1000.000000000000000 ) ;
#566 = DATE_AND_TIME ( #2189, #364 ) ;
#567 = AXIS2_PLACEMENT_3D ( 'NONE', #1332, #641, #824 ) ;
#568 = FACE_OUTER_BOUND ( 'NONE', #693, .T. ) ;
#569 = AXIS2_PLACEMENT_3D ( 'NONE', #2431, #805, #340 ) ;
#570 = EDGE_CURVE ( 'NONE', #1761, #2280, #2337, .T. ) ;
#571 = EDGE_CURVE ( 'NONE', #1965, #2784, #1899, .T. ) ;
#572 = APPROVAL_STATUS ( 'not_yet_approved' ) ;
#573 = VERTEX_POINT ( 'NONE', #446 ) ;
#574 = CLOSED_SHELL ( 'NONE', ( #2483, #902, #1022, #2091, #2767, #2213, #32, #2773, #1859, #1624, #1574, #958, #1152, #2446, #645, #1264, #1873 ) ) ;
#575 = AXIS2_PLACEMENT_3D ( 'NONE', #971, #1407, #2583 ) ;
#576 = APPROVAL_ROLE ( '' ) ;
#577 = SHAPE_REPRESENTATION ( 'MKH-013_heavy_finger', ( #1621 ), #1825 ) ;
#578 = AXIS2_PLACEMENT_3D ( 'NONE', #2947, #835, #1766 ) ;
#579 = CC_DESIGN_PERSON_AND_ORGANIZATION_ASSIGNMENT ( #1746, #2414, ( #930 ) ) ;
#580 = PLANE ( 'NONE',  #1744 ) ;
#581 = FACE_BOUND ( 'NONE', #2209, .T. ) ;
#582 = EDGE_LOOP ( 'NONE', ( #2616, #224, #2600, #1121, #600, #1801, #227, #2521 ) ) ;
#583 = FACE_OUTER_BOUND ( 'NONE', #453, .T. ) ;
#584 = ORIENTED_EDGE ( 'NONE', *, *, #1838, .F. ) ;
#585 = ORIENTED_EDGE ( 'NONE', *, *, #2352, .T. ) ;
#586 = PERSON_AND_ORGANIZATION_ROLE ( 'classification_officer' ) ;
#587 = CARTESIAN_POINT ( 'NONE',  ( 70.00000000000000000, 95.00000000000000000, -45.00000000000000000 ) ) ;
#588 = ADVANCED_FACE ( 'NONE', ( #1607 ), #2543, .F. ) ;
#589 = APPLICATION_PROTOCOL_DEFINITION ( 'international standard', 'config_control_design', 1994, #1416 ) ;
#590 = EDGE_LOOP ( 'NONE', ( #284, #2603, #1586, #2254 ) ) ;
#591 = SHAPE_REPRESENTATION_RELATIONSHIP ( 'NONE' , 'NONE' ,  #577, #2807 ) ;
#592 = CARTESIAN_POINT ( 'NONE',  ( -75.75812166592551478, 0.000000000000000000, 31.38004145393735200 ) ) ;
#593 = CARTESIAN_POINT ( 'NONE',  ( 4.653657836759941941E-15, 0.000000000000000000, 38.00000000000000000 ) ) ;
#594 = EDGE_CURVE ( 'NONE', #878, #497, #199, .T. ) ;
#595 = CYLINDRICAL_SURFACE ( 'NONE', #2538, 7.500000000000000000 ) ;
#596 = CARTESIAN_POINT ( 'NONE',  ( 0.000000000000000000, 30.00000000000000000, -38.00000000000000000 ) ) ;
#597 = EDGE_LOOP ( 'NONE', ( #2227, #1081, #2551, #1831 ) ) ;
#598 = CARTESIAN_POINT ( 'NONE',  ( -95.00000000000000000, 95.00000000000000000, 65.00000000000000000 ) ) ;
#599 = DIRECTION ( 'NONE',  ( 0.000000000000000000, 0.000000000000000000, 1.000000000000000000 ) ) ;
#600 = ORIENTED_EDGE ( 'NONE', *, *, #1477, .F. ) ;
#601 = CC_DESIGN_APPROVAL ( #1750, ( #976 ) ) ;
#602 = ORIENTED_EDGE ( 'NONE', *, *, #2614, .F. ) ;
#603 = DIRECTION ( 'NONE',  ( 0.000000000000000000, 1.000000000000000000, 0.000000000000000000 ) ) ;
#604 = EDGE_CURVE ( 'NONE', #1700, #2240, #1357, .T. ) ;
#605 = EDGE_LOOP ( 'NONE', ( #2762, #870 ) ) ;
#606 = DIRECTION ( 'NONE',  ( 1.000000000000000000, 0.000000000000000000, 0.000000000000000000 ) ) ;
#607 = CARTESIAN_POINT ( 'NONE',  ( -85.00000000000000000, 0.000000000000000000, 67.00000000000000000 ) ) ;
#608 = CARTESIAN_POINT ( 'NONE',  ( 31.38004145393736266, 30.00000000000000000, -68.75812166592551478 ) ) ;
#609 = DIRECTION ( 'NONE',  ( 1.000000000000000000, 0.000000000000000000, 0.000000000000000000 ) ) ;
#610 = APPROVAL_PERSON_ORGANIZATION ( #62, #2416, #1615 ) ;
#611 = DIRECTION ( 'NONE',  ( 0.000000000000000000, 0.000000000000000000, -1.000000000000000000 ) ) ;
#612 = DIRECTION ( 'NONE',  ( -0.000000000000000000, -1.000000000000000000, -0.000000000000000000 ) ) ;
#613 = ORIENTED_EDGE ( 'NONE', *, *, #2667, .F. ) ;
#614 = CARTESIAN_POINT ( 'NONE',  ( -31.38004145393735911, 0.000000000000000000, -75.75812166592551478 ) ) ;
#615 = ORIENTED_EDGE ( 'NONE', *, *, #76, .F. ) ;
#616 = AXIS2_PLACEMENT_3D ( 'NONE', #106, #1266, #2201 ) ;
#617 = SECURITY_CLASSIFICATION_LEVEL ( 'unclassified' ) ;
#618 = CIRCLE ( 'NONE', #762, 5.500000000000005329 ) ;
#619 = EDGE_CURVE ( 'NONE', #54, #1613, #457, .T. ) ;
#620 = CC_DESIGN_DATE_AND_TIME_ASSIGNMENT ( #2456, #322, ( #2852 ) ) ;
#621 = ORIENTED_EDGE ( 'NONE', *, *, #1883, .T. ) ;
#622 = VECTOR ( 'NONE', #1062, 1000.000000000000000 ) ;
#623 = CARTESIAN_POINT ( 'NONE',  ( 1160.000000000000000, 895.0000000000000000, 58.00000000000000000 ) ) ;
#624 = DIRECTION ( 'NONE',  ( 0.000000000000000000, 1.000000000000000000, 0.000000000000000000 ) ) ;
#625 = CIRCLE ( 'NONE', #2080, 7.000000000000006217 ) ;
#626 = CARTESIAN_POINT ( 'NONE',  ( -70.00000000000000000, 0.000000000000000000, -45.00000000000000000 ) ) ;
#627 = PRODUCT ( 'MKH-014_gripper_cylinder', 'MKH-014_gripper_cylinder', '', ( #1379 ) ) ;
#628 = DIRECTION ( 'NONE',  ( -0.000000000000000000, 1.000000000000000000, -0.000000000000000000 ) ) ;
#629 = AXIS2_PLACEMENT_3D ( 'NONE', #2465, #2484, #1975 ) ;
#630 = DIRECTION ( 'NONE',  ( -0.000000000000000000, -1.000000000000000000, -0.000000000000000000 ) ) ;
#631 = ORIENTED_EDGE ( 'NONE', *, *, #619, .F. ) ;
#632 = CARTESIAN_POINT ( 'NONE',  ( 101.0000000000000000, 42.00000000000000000, 24.00000000000000000 ) ) ;
#633 = EDGE_LOOP ( 'NONE', ( #2193, #2087 ) ) ;
#634 = EDGE_CURVE ( 'NONE', #1116, #2089, #1100, .T. ) ;
#635 = EDGE_CURVE ( 'NONE', #838, #1116, #238, .T. ) ;
#636 = ADVANCED_FACE ( 'NONE', ( #875 ), #1383, .F. ) ;
#637 = EDGE_LOOP ( 'NONE', ( #2753, #2717, #1576, #9 ) ) ;
#638 = EDGE_LOOP ( 'NONE', ( #1968, #2137, #13, #2374 ) ) ;
#639 = ADVANCED_FACE ( 'NONE', ( #1799 ), #2323, .T. ) ;
#640 = PERSON_AND_ORGANIZATION ( #2735, #2316 ) ;
#641 = DIRECTION ( 'NONE',  ( -0.000000000000000000, 1.000000000000000000, -0.000000000000000000 ) ) ;
#642 = CARTESIAN_POINT ( 'NONE',  ( -31.38004145393735911, 30.00000000000000000, -82.75812166592552899 ) ) ;
#643 = CARTESIAN_POINT ( 'NONE',  ( -75.75812166592551478, 30.00000000000000000, 38.38004145393735200 ) ) ;
#644 = DIRECTION ( 'NONE',  ( -0.000000000000000000, -1.000000000000000000, -0.000000000000000000 ) ) ;
#645 = ADVANCED_FACE ( 'NONE', ( #1336 ), #1144, .F. ) ;
#646 = DIRECTION ( 'NONE',  ( -0.000000000000000000, -1.000000000000000000, -0.000000000000000000 ) ) ;
#647 = EDGE_LOOP ( 'NONE', ( #318, #2062 ) ) ;
#648 = CARTESIAN_POINT ( 'NONE',  ( 59.00000000000000000, 28.00000000000000000, 7.500000000000000000 ) ) ;
#649 = EDGE_LOOP ( 'NONE', ( #1956, #1940, #710, #2467 ) ) ;
#650 = VERTEX_POINT ( 'NONE', #2264 ) ;
#651 = CC_DESIGN_APPROVAL ( #1985, ( #1473 ) ) ;
#652 = CARTESIAN_POINT ( 'NONE',  ( -42.00000000000000000, 28.00000000000000000, 7.500000000000000000 ) ) ;
#653 = ORIENTED_EDGE ( 'NONE', *, *, #1683, .T. ) ;
#654 = DIRECTION ( 'NONE',  ( 0.000000000000000000, 0.000000000000000000, 1.000000000000000000 ) ) ;
#655 = EDGE_LOOP ( 'NONE', ( #2051, #2692 ) ) ;
#656 = CARTESIAN_POINT ( 'NONE',  ( 1045.000000000000000, 920.0000000000000000, 0.000000000000000000 ) ) ;
#657 = LOCAL_TIME ( 0, 27, 2.000000000000000000, #2156 ) ;
#658 = DIRECTION ( 'NONE',  ( 0.000000000000000000, 0.000000000000000000, -1.000000000000000000 ) ) ;
#659 = DIRECTION ( 'NONE',  ( 0.000000000000000000, 1.000000000000000000, 0.000000000000000000 ) ) ;
#660 = DIRECTION ( 'NONE',  ( -0.000000000000000000, -1.000000000000000000, -0.000000000000000000 ) ) ;
#661 = CARTESIAN_POINT ( 'NONE',  ( -95.00000000000000000, 0.000000000000000000, -65.00000000000000000 ) ) ;
#662 = ORIENTED_EDGE ( 'NONE', *, *, #298, .T. ) ;
#663 = DIRECTION ( 'NONE',  ( -0.000000000000000000, 1.000000000000000000, -0.000000000000000000 ) ) ;
#664 = ORIENTED_EDGE ( 'NONE', *, *, #1195, .T. ) ;
#665 = VERTEX_POINT ( 'NONE', #2296 ) ;
#666 = AXIS2_PLACEMENT_3D ( 'NONE', #3006, #1915, #871 ) ;
#667 = AXIS2_PLACEMENT_3D ( 'NONE', #85, #543, #1244 ) ;
#668 = EDGE_CURVE ( 'NONE', #1395, #2592, #6, .T. ) ;
#669 = ORIENTED_EDGE ( 'NONE', *, *, #2516, .T. ) ;
#670 = VECTOR ( 'NONE', #1401, 1000.000000000000000 ) ;
#671 = VECTOR ( 'NONE', #2639, 1000.000000000000000 ) ;
#672 = DIRECTION ( 'NONE',  ( 0.000000000000000000, 1.000000000000000000, 0.000000000000000000 ) ) ;
#673 = DIRECTION ( 'NONE',  ( 0.000000000000000000, 1.000000000000000000, 0.000000000000000000 ) ) ;
#674 = CIRCLE ( 'NONE', #953, 5.500000000000005329 ) ;
#675 = CARTESIAN_POINT ( 'NONE',  ( -120.0000000000000000, 120.0000000000000000, 90.00000000000000000 ) ) ;
#676 = DIRECTION ( 'NONE',  ( 0.000000000000000000, 1.000000000000000000, 0.000000000000000000 ) ) ;
#677 = VERTEX_POINT ( 'NONE', #1856 ) ;
#678 = CARTESIAN_POINT ( 'NONE',  ( 0.000000000000000000, 30.00000000000000000, -115.0000000000000000 ) ) ;
#679 = EDGE_LOOP ( 'NONE', ( #482, #1604, #1636, #152 ) ) ;
#680 = CC_DESIGN_PERSON_AND_ORGANIZATION_ASSIGNMENT ( #2666, #82, ( #1764 ) ) ;
#681 = VECTOR ( 'NONE', #1272, 1000.000000000000000 ) ;
#682 = DIRECTION ( 'NONE',  ( 1.000000000000000000, 0.000000000000000000, 0.000000000000000000 ) ) ;
#683 = ORIENTED_EDGE ( 'NONE', *, *, #430, .F. ) ;
#684 = ORIENTED_EDGE ( 'NONE', *, *, #462, .T. ) ;
#685 = EDGE_LOOP ( 'NONE', ( #2824, #2392, #63, #2503 ) ) ;
#686 = DATE_AND_TIME ( #297, #2107 ) ;
#687 = FACE_OUTER_BOUND ( 'NONE', #2405, .T. ) ;
#688 = CARTESIAN_POINT ( 'NONE',  ( 120.0000000000000000, 0.000000000000000000, -90.00000000000000000 ) ) ;
#689 = DIRECTION ( 'NONE',  ( 0.000000000000000000, 0.000000000000000000, 1.000000000000000000 ) ) ;
#690 = CARTESIAN_POINT ( 'NONE',  ( -85.00000000000000000, 0.000000000000000000, -52.99999999999999289 ) ) ;
#691 = VERTEX_POINT ( 'NONE', #2803 ) ;
#692 = FACE_BOUND ( 'NONE', #232, .T. ) ;
#693 = EDGE_LOOP ( 'NONE', ( #2512, #855 ) ) ;
#694 = ORIENTED_EDGE ( 'NONE', *, *, #1051, .F. ) ;
#695 = ORIENTED_EDGE ( 'NONE', *, *, #1983, .T. ) ;
#696 = ORIENTED_EDGE ( 'NONE', *, *, #1905, .T. ) ;
#697 = ORIENTED_EDGE ( 'NONE', *, *, #1798, .T. ) ;
#698 = PERSON_AND_ORGANIZATION_ROLE ( 'design_owner' ) ;
#699 = CC_DESIGN_SECURITY_CLASSIFICATION ( #1568, ( #3032 ) ) ;
#700 = CARTESIAN_POINT ( 'NONE',  ( 70.00000000000000000, 0.000000000000000000, -50.50000000000000000 ) ) ;
#701 = APPLICATION_CONTEXT ( 'configuration controlled 3d designs of mechanical parts and assemblies' ) ;
#702 = DIRECTION ( 'NONE',  ( 0.000000000000000000, 1.000000000000000000, 0.000000000000000000 ) ) ;
#703 = DIRECTION ( 'NONE',  ( -0.000000000000000000, -0.000000000000000000, 1.000000000000000000 ) ) ;
#704 = EDGE_LOOP ( 'NONE', ( #721, #182 ) ) ;
#705 = AXIS2_PLACEMENT_3D ( 'NONE', #2024, #901, #3020 ) ;
#706 = VECTOR ( 'NONE', #523, 1000.000000000000000 ) ;
#707 = CARTESIAN_POINT ( 'NONE',  ( -70.00000000000000000, 95.00000000000000000, 45.00000000000000000 ) ) ;
#708 = ORIENTED_EDGE ( 'NONE', *, *, #1528, .T. ) ;
#709 = DIRECTION ( 'NONE',  ( 0.000000000000000000, 0.000000000000000000, -1.000000000000000000 ) ) ;
#710 = ORIENTED_EDGE ( 'NONE', *, *, #1343, .T. ) ;
#711 = PERSON_AND_ORGANIZATION ( #2735, #2316 ) ;
#712 = VECTOR ( 'NONE', #223, 1000.000000000000000 ) ;
#713 = DIRECTION ( 'NONE',  ( 1.000000000000000000, 0.000000000000000000, -0.000000000000000000 ) ) ;
#714 = CIRCLE ( 'NONE', #237, 6.999999999999999112 ) ;
#715 = DIRECTION ( 'NONE',  ( 0.000000000000000000, 1.000000000000000000, 0.000000000000000000 ) ) ;
#716 = CYLINDRICAL_SURFACE ( 'NONE', #379, 5.500000000000005329 ) ;
#717 = DIRECTION ( 'NONE',  ( 0.000000000000000000, 0.000000000000000000, 1.000000000000000000 ) ) ;
#718 = VERTEX_POINT ( 'NONE', #864 ) ;
#719 = VECTOR ( 'NONE', #536, 1000.000000000000000 ) ;
#720 = ADVANCED_FACE ( 'NONE', ( #1114 ), #2998, .T. ) ;
#721 = ORIENTED_EDGE ( 'NONE', *, *, #2876, .T. ) ;
#722 = CARTESIAN_POINT ( 'NONE',  ( 0.000000000000000000, 145.0000000000000000, -57.50000000000000000 ) ) ;
#723 = CIRCLE ( 'NONE', #776, 5.500000000000005329 ) ;
#724 = ORIENTED_EDGE ( 'NONE', *, *, #1953, .T. ) ;
#725 = FACE_OUTER_BOUND ( 'NONE', #915, .T. ) ;
#726 = VECTOR ( 'NONE', #2557, 1000.000000000000000 ) ;
#727 = ORIENTED_EDGE ( 'NONE', *, *, #7, .T. ) ;
#728 = PERSON_AND_ORGANIZATION ( #2735, #2316 ) ;
#729 = ORIENTED_EDGE ( 'NONE', *, *, #2181, .F. ) ;
#730 = DIRECTION ( 'NONE',  ( 0.000000000000000000, 0.000000000000000000, -1.000000000000000000 ) ) ;
#731 = CARTESIAN_POINT ( 'NONE',  ( 31.38004145393736266, 30.00000000000000000, 82.75812166592554320 ) ) ;
#732 = PLANE ( 'NONE',  #667 ) ;
#733 = LINE ( 'NONE', #1653, #2578 ) ;
#734 = ORIENTED_EDGE ( 'NONE', *, *, #2, .T. ) ;
#735 = CARTESIAN_POINT ( 'NONE',  ( 59.00000000000000000, 42.00000000000000000, -24.00000000000000000 ) ) ;
#736 = VERTEX_POINT ( 'NONE', #1810 ) ;
#737 = FACE_OUTER_BOUND ( 'NONE', #1836, .T. ) ;
#738 = ORIENTED_EDGE ( 'NONE', *, *, #136, .T. ) ;
#739 = CARTESIAN_POINT ( 'NONE',  ( -70.00000000000000000, 95.00000000000000000, 50.50000000000000000 ) ) ;
#740 = ORIENTED_EDGE ( 'NONE', *, *, #1711, .F. ) ;
#741 = APPROVAL_STATUS ( 'not_yet_approved' ) ;
#742 = CARTESIAN_POINT ( 'NONE',  ( -85.00000000000000000, 120.0000000000000000, 60.00000000000000000 ) ) ;
#743 = LOCAL_TIME ( 0, 27, 2.000000000000000000, #478 ) ;
#744 = DIRECTION ( 'NONE',  ( 0.000000000000000000, 1.000000000000000000, 0.000000000000000000 ) ) ;
#745 = CARTESIAN_POINT ( 'NONE',  ( -85.00000000000000000, 120.0000000000000000, -60.00000000000000000 ) ) ;
#746 = DIRECTION ( 'NONE',  ( 1.000000000000000000, -0.000000000000000000, 0.000000000000000000 ) ) ;
#747 = EDGE_CURVE ( 'NONE', #2827, #2579, #2475, .T. ) ;
#748 = ORIENTED_EDGE ( 'NONE', *, *, #1957, .T. ) ;
#749 = CARTESIAN_POINT ( 'NONE',  ( 59.00000000000000000, 0.000000000000000000, 24.00000000000000000 ) ) ;
#750 = DIRECTION ( 'NONE',  ( 0.000000000000000000, 0.000000000000000000, 1.000000000000000000 ) ) ;
#751 = ORIENTED_EDGE ( 'NONE', *, *, #2490, .F. ) ;
#752 = DIRECTION ( 'NONE',  ( 0.000000000000000000, 0.000000000000000000, 1.000000000000000000 ) ) ;
#753 = VECTOR ( 'NONE', #1073, 1000.000000000000000 ) ;
#754 = ADVANCED_FACE ( 'NONE', ( #1125 ), #416, .F. ) ;
#755 = AXIS2_PLACEMENT_3D ( 'NONE', #2887, #1710, #2868 ) ;
#756 = ORIENTED_EDGE ( 'NONE', *, *, #355, .F. ) ;
#757 = APPLICATION_CONTEXT ( 'configuration controlled 3d designs of mechanical parts and assemblies' ) ;
#758 = EDGE_CURVE ( 'NONE', #47, #2584, #1617, .T. ) ;
#759 = CALENDAR_DATE ( 2026, 29, 7 ) ;
#760 =( NAMED_UNIT ( * ) PLANE_ANGLE_UNIT ( ) SI_UNIT ( $, .RADIAN. ) );
#761 = CARTESIAN_POINT ( 'NONE',  ( 59.00000000000000000, 42.00000000000000000, -24.00000000000000000 ) ) ;
#762 = AXIS2_PLACEMENT_3D ( 'NONE', #502, #1189, #2652 ) ;
#763 = DIRECTION ( 'NONE',  ( 1.000000000000000000, -0.000000000000000000, 0.000000000000000000 ) ) ;
#764 = CARTESIAN_POINT ( 'NONE',  ( 95.00000000000000000, 0.000000000000000000, 65.00000000000000000 ) ) ;
#765 = ORIENTED_EDGE ( 'NONE', *, *, #1195, .F. ) ;
#766 = CIRCLE ( 'NONE', #2870, 18.00000000000000000 ) ;
#767 = FACE_OUTER_BOUND ( 'NONE', #448, .T. ) ;
#768 = ORIENTED_EDGE ( 'NONE', *, *, #275, .T. ) ;
#769 = CC_DESIGN_PERSON_AND_ORGANIZATION_ASSIGNMENT ( #1105, #2314, ( #1612 ) ) ;
#770 = AXIS2_PLACEMENT_3D ( 'NONE', #559, #1669, #1492 ) ;
#771 = PLANE ( 'NONE',  #2129 ) ;
#772 = CARTESIAN_POINT ( 'NONE',  ( -110.0000000000000000, 0.000000000000000000, -24.00000000000000000 ) ) ;
#773 = AXIS2_PLACEMENT_3D ( 'NONE', #2712, #659, #2700 ) ;
#774 = FACE_BOUND ( 'NONE', #1259, .T. ) ;
#775 = ORIENTED_EDGE ( 'NONE', *, *, #2226, .F. ) ;
#776 = AXIS2_PLACEMENT_3D ( 'NONE', #587, #2457, #2172 ) ;
#777 = EDGE_LOOP ( 'NONE', ( #80, #2697, #951, #1238 ) ) ;
#778 = DIRECTION ( 'NONE',  ( 0.000000000000000000, 0.000000000000000000, 1.000000000000000000 ) ) ;
#779 = PERSON_AND_ORGANIZATION_ROLE ( 'creator' ) ;
#780 = CARTESIAN_POINT ( 'NONE',  ( 0.000000000000000000, 30.00000000000000000, 0.000000000000000000 ) ) ;
#781 = CARTESIAN_POINT ( 'NONE',  ( 15.00000000000000000, 28.00000000000000000, 7.500000000000000000 ) ) ;
#782 = CARTESIAN_POINT ( 'NONE',  ( 0.000000000000000000, 30.00000000000000000, -115.0000000000000000 ) ) ;
#783 = DIRECTION ( 'NONE',  ( 0.000000000000000000, 1.000000000000000000, 0.000000000000000000 ) ) ;
#784 = ORIENTED_EDGE ( 'NONE', *, *, #1299, .T. ) ;
#785 = FACE_OUTER_BOUND ( 'NONE', #2702, .T. ) ;
#786 = CARTESIAN_POINT ( 'NONE',  ( -78.00000000000000000, 0.000000000000000000, 0.000000000000000000 ) ) ;
#787 = CALENDAR_DATE ( 2026, 29, 7 ) ;
#788 = CARTESIAN_POINT ( 'NONE',  ( -95.00000000000000000, 95.00000000000000000, -65.00000000000000000 ) ) ;
#789 = EDGE_LOOP ( 'NONE', ( #922, #2991, #1755, #2943 ) ) ;
#790 = FACE_OUTER_BOUND ( 'NONE', #1313, .T. ) ;
#791 = FACE_OUTER_BOUND ( 'NONE', #2610, .T. ) ;
#792 = EDGE_CURVE ( 'NONE', #2608, #2443, #3027, .T. ) ;
#793 = FACE_OUTER_BOUND ( 'NONE', #2836, .T. ) ;
#794 = CARTESIAN_POINT ( 'NONE',  ( 75.75812166592551478, 30.00000000000000000, -24.38004145393736621 ) ) ;
#795 = VERTEX_POINT ( 'NONE', #1686 ) ;
#796 = LOCAL_TIME ( 0, 27, 2.000000000000000000, #1757 ) ;
#797 = CARTESIAN_POINT ( 'NONE',  ( 101.0000000000000000, 42.00000000000000000, 24.00000000000000000 ) ) ;
#798 = EDGE_LOOP ( 'NONE', ( #694, #3019, #819, #2680 ) ) ;
#799 = ORIENTED_EDGE ( 'NONE', *, *, #1365, .F. ) ;
#800 = COORDINATED_UNIVERSAL_TIME_OFFSET ( 8, 0, .AHEAD. ) ;
#801 = DIRECTION ( 'NONE',  ( -0.000000000000000000, -1.000000000000000000, -0.000000000000000000 ) ) ;
#802 = LOCAL_TIME ( 0, 27, 2.000000000000000000, #351 ) ;
#803 = ORIENTED_EDGE ( 'NONE', *, *, #1193, .F. ) ;
#804 = CC_DESIGN_PERSON_AND_ORGANIZATION_ASSIGNMENT ( #2192, #2411, ( #627 ) ) ;
#805 = DIRECTION ( 'NONE',  ( -0.000000000000000000, -1.000000000000000000, -0.000000000000000000 ) ) ;
#806 = AXIS2_PLACEMENT_3D ( 'NONE', #626, #1563, #1167 ) ;
#807 = CALENDAR_DATE ( 2026, 29, 7 ) ;
#808 = DIRECTION ( 'NONE',  ( 0.000000000000000000, 1.000000000000000000, 0.000000000000000000 ) ) ;
#809 = FACE_BOUND ( 'NONE', #1215, .T. ) ;
#810 = DIRECTION ( 'NONE',  ( -0.000000000000000000, -1.000000000000000000, -0.000000000000000000 ) ) ;
#811 = ORIENTED_EDGE ( 'NONE', *, *, #2427, .F. ) ;
#812 = DIRECTION ( 'NONE',  ( -0.000000000000000000, -1.000000000000000000, -0.000000000000000000 ) ) ;
#813 = ORIENTED_EDGE ( 'NONE', *, *, #2270, .F. ) ;
#814 = VECTOR ( 'NONE', #86, 1000.000000000000000 ) ;
#815 = CALENDAR_DATE ( 2026, 29, 7 ) ;
#816 = VECTOR ( 'NONE', #2726, 1000.000000000000000 ) ;
#817 = DIRECTION ( 'NONE',  ( 0.000000000000000000, 1.000000000000000000, 0.000000000000000000 ) ) ;
#818 = CIRCLE ( 'NONE', #144, 57.50000000000000000 ) ;
#819 = ORIENTED_EDGE ( 'NONE', *, *, #2698, .T. ) ;
#820 = ADVANCED_FACE ( 'NONE', ( #2096 ), #949, .F. ) ;
#821 = AXIS2_PLACEMENT_3D ( 'NONE', #1437, #2381, #1882 ) ;
#822 = SECURITY_CLASSIFICATION_LEVEL ( 'unclassified' ) ;
#823 =( NAMED_UNIT ( * ) SI_UNIT ( $, .STERADIAN. ) SOLID_ANGLE_UNIT ( ) );
#824 = DIRECTION ( 'NONE',  ( 0.000000000000000000, 0.000000000000000000, -1.000000000000000000 ) ) ;
#825 = DIRECTION ( 'NONE',  ( 0.000000000000000000, 1.000000000000000000, 0.000000000000000000 ) ) ;
#826 = CARTESIAN_POINT ( 'NONE',  ( -95.00000000000000000, 95.00000000000000000, -65.00000000000000000 ) ) ;
#827 = VERTEX_POINT ( 'NONE', #513 ) ;
#828 = LINE ( 'NONE', #2406, #3029 ) ;
#829 = DIRECTION ( 'NONE',  ( -0.000000000000000000, -1.000000000000000000, -0.000000000000000000 ) ) ;
#830 = ADVANCED_FACE ( 'NONE', ( #2131 ), #2849, .F. ) ;
#831 = VERTEX_POINT ( 'NONE', #2402 ) ;
#832 = DIRECTION ( 'NONE',  ( 1.000000000000000000, 0.000000000000000000, 0.000000000000000000 ) ) ;
#833 = CARTESIAN_POINT ( 'NONE',  ( 70.00000000000000000, 95.00000000000000000, -45.00000000000000000 ) ) ;
#834 = CARTESIAN_POINT ( 'NONE',  ( 70.00000000000000000, 0.000000000000000000, 45.00000000000000000 ) ) ;
#835 = DIRECTION ( 'NONE',  ( 0.000000000000000000, 1.000000000000000000, 0.000000000000000000 ) ) ;
#836 = EDGE_CURVE ( 'NONE', #2395, #1770, #330, .T. ) ;
#837 = CARTESIAN_POINT ( 'NONE',  ( 0.000000000000000000, 30.00000000000000000, -65.00000000000000000 ) ) ;
#838 = VERTEX_POINT ( 'NONE', #731 ) ;
#839 = DIRECTION ( 'NONE',  ( 0.000000000000000000, 0.000000000000000000, -1.000000000000000000 ) ) ;
#840 = CC_DESIGN_DATE_AND_TIME_ASSIGNMENT ( #1625, #2646, ( #2104 ) ) ;
#841 = COORDINATED_UNIVERSAL_TIME_OFFSET ( 8, 0, .AHEAD. ) ;
#842 = ADVANCED_FACE ( 'NONE', ( #2619 ), #964, .F. ) ;
#843 = LOCAL_TIME ( 0, 27, 2.000000000000000000, #110 ) ;
#844 = DATE_AND_TIME ( #1064, #125 ) ;
#845 = CYLINDRICAL_SURFACE ( 'NONE', #2335, 6.999999999999999112 ) ;
#846 = ORIENTED_EDGE ( 'NONE', *, *, #2879, .F. ) ;
#847 = EDGE_CURVE ( 'NONE', #1231, #858, #2523, .T. ) ;
#848 = CARTESIAN_POINT ( 'NONE',  ( -120.0000000000000000, 120.0000000000000000, -90.00000000000000000 ) ) ;
#849 = EDGE_CURVE ( 'NONE', #1919, #935, #1411, .T. ) ;
#850 = CIRCLE ( 'NONE', #2567, 5.500000000000005329 ) ;
#851 = CARTESIAN_POINT ( 'NONE',  ( 0.000000000000000000, 145.0000000000000000, 0.000000000000000000 ) ) ;
#852 = CARTESIAN_POINT ( 'NONE',  ( -42.00000000000000000, 0.000000000000000000, -7.500000000000000000 ) ) ;
#853 = APPROVAL_PERSON_ORGANIZATION ( #483, #1908, #28 ) ;
#854 = DIRECTION ( 'NONE',  ( -0.000000000000000000, -1.000000000000000000, -0.000000000000000000 ) ) ;
#855 = ORIENTED_EDGE ( 'NONE', *, *, #1974, .T. ) ;
#856 = AXIS2_PLACEMENT_3D ( 'NONE', #1949, #286, #358 ) ;
#857 = ORIENTED_EDGE ( 'NONE', *, *, #1257, .T. ) ;
#858 = VERTEX_POINT ( 'NONE', #1157 ) ;
#859 = DIRECTION ( 'NONE',  ( 0.000000000000000000, 1.000000000000000000, 6.123233995736766036E-17 ) ) ;
#860 = CARTESIAN_POINT ( 'NONE',  ( 75.75812166592551478, 30.00000000000000000, 38.38004145393735200 ) ) ;
#861 = CARTESIAN_POINT ( 'NONE',  ( -95.00000000000000000, 95.00000000000000000, 65.00000000000000000 ) ) ;
#862 = AXIS2_PLACEMENT_3D ( 'NONE', #2921, #1530, #2191 ) ;
#863 = CARTESIAN_POINT ( 'NONE',  ( -85.00000000000000000, 0.000000000000000000, -60.00000000000000000 ) ) ;
#864 = CARTESIAN_POINT ( 'NONE',  ( -110.0000000000000000, 0.000000000000000000, 24.00000000000000000 ) ) ;
#865 = AXIS2_PLACEMENT_3D ( 'NONE', #1991, #374, #2930 ) ;
#866 = ORIENTED_EDGE ( 'NONE', *, *, #1677, .T. ) ;
#867 = DIRECTION ( 'NONE',  ( -0.000000000000000000, -1.000000000000000000, -0.000000000000000000 ) ) ;
#868 = CONTEXT_DEPENDENT_SHAPE_REPRESENTATION ( #1731, #1356 ) ;
#869 = EDGE_CURVE ( 'NONE', #2280, #1007, #1667, .T. ) ;
#870 = ORIENTED_EDGE ( 'NONE', *, *, #1018, .T. ) ;
#871 = DIRECTION ( 'NONE',  ( 0.000000000000000000, 0.000000000000000000, -1.000000000000000000 ) ) ;
#872 = PERSON_AND_ORGANIZATION_ROLE ( 'creator' ) ;
#873 = DIRECTION ( 'NONE',  ( -0.000000000000000000, -1.000000000000000000, -0.000000000000000000 ) ) ;
#874 = CARTESIAN_POINT ( 'NONE',  ( 85.00000000000000000, 0.000000000000000000, 60.00000000000000000 ) ) ;
#875 = FACE_OUTER_BOUND ( 'NONE', #1867, .T. ) ;
#876 = EDGE_LOOP ( 'NONE', ( #2440, #1087, #2300, #2085 ) ) ;
#877 = FACE_OUTER_BOUND ( 'NONE', #2854, .T. ) ;
#878 = VERTEX_POINT ( 'NONE', #17 ) ;
#879 = PERSON_AND_ORGANIZATION_ROLE ( 'classification_officer' ) ;
#880 = EDGE_LOOP ( 'NONE', ( #1463, #621 ) ) ;
#881 = LOCAL_TIME ( 0, 27, 2.000000000000000000, #1903 ) ;
#882 = CARTESIAN_POINT ( 'NONE',  ( -85.00000000000000000, 0.000000000000000000, -67.00000000000000000 ) ) ;
#883 = ORIENTED_EDGE ( 'NONE', *, *, #939, .F. ) ;
#884 = CYLINDRICAL_SURFACE ( 'NONE', #1485, 7.000000000000020428 ) ;
#885 = DATE_AND_TIME ( #3008, #463 ) ;
#886 = CC_DESIGN_DATE_AND_TIME_ASSIGNMENT ( #2953, #212, ( #1612 ) ) ;
#887 = DIRECTION ( 'NONE',  ( 0.000000000000000000, 1.000000000000000000, 0.000000000000000000 ) ) ;
#888 = CYLINDRICAL_SURFACE ( 'NONE', #1543, 5.500000000000005329 ) ;
#889 = LINE ( 'NONE', #1842, #2271 ) ;
#890 = CARTESIAN_POINT ( 'NONE',  ( 101.0000000000000000, 42.00000000000000000, -24.00000000000000000 ) ) ;
#891 = VECTOR ( 'NONE', #2556, 1000.000000000000000 ) ;
#892 = LINE ( 'NONE', #447, #2631 ) ;
#893 = ORIENTED_EDGE ( 'NONE', *, *, #2112, .T. ) ;
#894 = FACE_BOUND ( 'NONE', #3017, .T. ) ;
#895 = ORIENTED_EDGE ( 'NONE', *, *, #1018, .F. ) ;
#896 = UNCERTAINTY_MEASURE_WITH_UNIT (LENGTH_MEASURE( 1.000000000000000082E-05 ), #2918, 'distance_accuracy_value', 'NONE');
#897 = EDGE_LOOP ( 'NONE', ( #3000, #2955, #492, #1715 ) ) ;
#898 = VECTOR ( 'NONE', #1071, 1000.000000000000000 ) ;
#899 = EDGE_LOOP ( 'NONE', ( #1620, #653 ) ) ;
#900 = AXIS2_PLACEMENT_3D ( 'NONE', #2761, #2778, #3014 ) ;
#901 = DIRECTION ( 'NONE',  ( 0.000000000000000000, 0.000000000000000000, 1.000000000000000000 ) ) ;
#902 = ADVANCED_FACE ( 'NONE', ( #312 ), #2637, .F. ) ;
#903 = AXIS2_PLACEMENT_3D ( 'NONE', #2293, #2963, #158 ) ;
#904 = FACE_OUTER_BOUND ( 'NONE', #1428, .T. ) ;
#905 = DIRECTION ( 'NONE',  ( -0.000000000000000000, -0.000000000000000000, 1.000000000000000000 ) ) ;
#906 = CIRCLE ( 'NONE', #773, 38.00000000000000000 ) ;
#907 = APPLICATION_CONTEXT ( 'configuration controlled 3d designs of mechanical parts and assemblies' ) ;
#908 = DIRECTION ( 'NONE',  ( -0.000000000000000000, -1.000000000000000000, -0.000000000000000000 ) ) ;
#909 = CARTESIAN_POINT ( 'NONE',  ( -70.00000000000000000, 95.00000000000000000, -45.00000000000000000 ) ) ;
#910 = ORIENTED_EDGE ( 'NONE', *, *, #635, .T. ) ;
#911 = AXIS2_PLACEMENT_3D ( 'NONE', #1719, #628, #611 ) ;
#912 = DATE_AND_TIME ( #1772, #2660 ) ;
#913 = PRODUCT_DEFINITION ( '�', '', #2268, #1850 ) ;
#914 = ADVANCED_FACE ( 'NONE', ( #64 ), #1225, .T. ) ;
#915 = EDGE_LOOP ( 'NONE', ( #2187, #1804, #1149, #2537 ) ) ;
#916 = VERTEX_POINT ( 'NONE', #2161 ) ;
#917 = EDGE_CURVE ( 'NONE', #1457, #2157, #2833, .T. ) ;
#918 = PERSON_AND_ORGANIZATION ( #2735, #2316 ) ;
#919 = CARTESIAN_POINT ( 'NONE',  ( 75.75812166592551478, 30.00000000000000000, 31.38004145393735200 ) ) ;
#920 = DIRECTION ( 'NONE',  ( 0.000000000000000000, 0.000000000000000000, 1.000000000000000000 ) ) ;
#921 = CARTESIAN_POINT ( 'NONE',  ( -70.00000000000000000, 95.00000000000000000, 45.00000000000000000 ) ) ;
#922 = ORIENTED_EDGE ( 'NONE', *, *, #1436, .F. ) ;
#923 = FACE_BOUND ( 'NONE', #488, .T. ) ;
#924 = EDGE_LOOP ( 'NONE', ( #1591, #2061 ) ) ;
#925 = EDGE_CURVE ( 'NONE', #1000, #265, #942, .T. ) ;
#926 = PERSON_AND_ORGANIZATION ( #2735, #2316 ) ;
#927 = CARTESIAN_POINT ( 'NONE',  ( -95.00000000000000000, 0.000000000000000000, 65.00000000000000000 ) ) ;
#928 = VERTEX_POINT ( 'NONE', #2111 ) ;
#929 = APPLICATION_PROTOCOL_DEFINITION ( 'international standard', 'config_control_design', 1994, #2267 ) ;
#930 = SECURITY_CLASSIFICATION ( '', '', #822 ) ;
#931 = LINE ( 'NONE', #2776, #2768 ) ;
#932 = CARTESIAN_POINT ( 'NONE',  ( 0.000000000000000000, 50.00000000000000000, 0.000000000000000000 ) ) ;
#933 = EDGE_CURVE ( 'NONE', #1906, #1329, #231, .T. ) ;
#934 = DIRECTION ( 'NONE',  ( 0.000000000000000000, 0.000000000000000000, 1.000000000000000000 ) ) ;
#935 = VERTEX_POINT ( 'NONE', #992 ) ;
#936 = PRODUCT_DEFINITION_FORMATION_WITH_SPECIFIED_SOURCE ( '�', '', #627, .NOT_KNOWN. ) ;
#937 = FACE_BOUND ( 'NONE', #2265, .T. ) ;
#938 = CIRCLE ( 'NONE', #81, 6.999999999999999112 ) ;
#939 = EDGE_CURVE ( 'NONE', #1902, #2933, #2723, .T. ) ;
#940 = CARTESIAN_POINT ( 'NONE',  ( 15.00000000000000000, 28.00000000000000000, 7.500000000000000000 ) ) ;
#941 = DIRECTION ( 'NONE',  ( 0.000000000000000000, -1.000000000000000000, 0.000000000000000000 ) ) ;
#942 = CIRCLE ( 'NONE', #1290, 7.500000000000000000 ) ;
#943 = EDGE_LOOP ( 'NONE', ( #1609, #2655, #2116, #2724 ) ) ;
#944 = COORDINATED_UNIVERSAL_TIME_OFFSET ( 8, 0, .AHEAD. ) ;
#945 = VERTEX_POINT ( 'NONE', #1633 ) ;
#946 = VECTOR ( 'NONE', #2325, 1000.000000000000000 ) ;
#947 = DIRECTION ( 'NONE',  ( 0.000000000000000000, 0.000000000000000000, -1.000000000000000000 ) ) ;
#948 = AXIS2_PLACEMENT_3D ( 'NONE', #848, #1777, #2025 ) ;
#949 = PLANE ( 'NONE',  #1878 ) ;
#950 = DIRECTION ( 'NONE',  ( 0.000000000000000000, 1.000000000000000000, 0.000000000000000000 ) ) ;
#951 = ORIENTED_EDGE ( 'NONE', *, *, #2065, .T. ) ;
#952 = CARTESIAN_POINT ( 'NONE',  ( 0.000000000000000000, 0.000000000000000000, 0.000000000000000000 ) ) ;
#953 = AXIS2_PLACEMENT_3D ( 'NONE', #1222, #2158, #2682 ) ;
#954 = ORIENTED_EDGE ( 'NONE', *, *, #394, .T. ) ;
#955 = DIRECTION ( 'NONE',  ( 0.000000000000000000, 0.000000000000000000, -1.000000000000000000 ) ) ;
#956 = CLOSED_SHELL ( 'NONE', ( #914, #327, #2942, #2250, #1148, #754, #2346, #636, #289, #2010, #720, #1026, #2125, #1187, #830, #1186, #1068, #842, #2363, #2842, #1773, #1931, #531, #111, #2109 ) ) ;
#957 = CARTESIAN_POINT ( 'NONE',  ( -31.38004145393735911, 30.00000000000000000, 75.75812166592551478 ) ) ;
#958 = ADVANCED_FACE ( 'NONE', ( #2370 ), #2878, .F. ) ;
#959 = CIRCLE ( 'NONE', #1200, 115.0000000000000000 ) ;
#960 = CARTESIAN_POINT ( 'NONE',  ( -70.00000000000000000, 95.00000000000000000, -50.50000000000000000 ) ) ;
#961 = ORIENTED_EDGE ( 'NONE', *, *, #847, .F. ) ;
#962 = DATE_TIME_ROLE ( 'classification_date' ) ;
#963 = CARTESIAN_POINT ( 'NONE',  ( -78.00000000000000000, 28.00000000000000000, 7.499999999999999112 ) ) ;
#964 = CYLINDRICAL_SURFACE ( 'NONE', #2817, 7.000000000000006217 ) ;
#965 = FACE_OUTER_BOUND ( 'NONE', #647, .T. ) ;
#966 = CARTESIAN_POINT ( 'NONE',  ( 0.000000000000000000, 42.00000000000000000, 0.000000000000000000 ) ) ;
#967 = ORIENTED_EDGE ( 'NONE', *, *, #1960, .F. ) ;
#968 = ORIENTED_EDGE ( 'NONE', *, *, #164, .F. ) ;
#969 = CARTESIAN_POINT ( 'NONE',  ( -70.00000000000000000, 0.000000000000000000, 45.00000000000000000 ) ) ;
#970 = APPROVAL_DATE_TIME ( #1659, #396 ) ;
#971 = CARTESIAN_POINT ( 'NONE',  ( -70.00000000000000000, 0.000000000000000000, 45.00000000000000000 ) ) ;
#972 = ORIENTED_EDGE ( 'NONE', *, *, #1861, .F. ) ;
#973 = DIRECTION ( 'NONE',  ( 0.000000000000000000, 0.000000000000000000, -1.000000000000000000 ) ) ;
#974 = CALENDAR_DATE ( 2026, 29, 7 ) ;
#975 = CC_DESIGN_DATE_AND_TIME_ASSIGNMENT ( #566, #2171, ( #976 ) ) ;
#976 = SECURITY_CLASSIFICATION ( '', '', #1234 ) ;
#977 = DIRECTION ( 'NONE',  ( 0.000000000000000000, 1.000000000000000000, 0.000000000000000000 ) ) ;
#978 = FACE_BOUND ( 'NONE', #261, .T. ) ;
#979 = LINE ( 'NONE', #764, #285 ) ;
#980 = CARTESIAN_POINT ( 'NONE',  ( -85.00000000000000000, 0.000000000000000000, 60.00000000000000000 ) ) ;
#981 = ORIENTED_EDGE ( 'NONE', *, *, #2676, .T. ) ;
#982 = CARTESIAN_POINT ( 'NONE',  ( 15.00000000000000000, 28.00000000000000000, 7.500000000000000000 ) ) ;
#983 = ORIENTED_EDGE ( 'NONE', *, *, #1477, .T. ) ;
#984 = CARTESIAN_POINT ( 'NONE',  ( -70.00000000000000000, 0.000000000000000000, -50.50000000000000000 ) ) ;
#985 = AXIS2_PLACEMENT_3D ( 'NONE', #2378, #290, #250 ) ;
#986 = CIRCLE ( 'NONE', #755, 5.500000000000005329 ) ;
#987 = ORIENTED_EDGE ( 'NONE', *, *, #1065, .T. ) ;
#988 = APPROVAL_ROLE ( '' ) ;
#989 = EDGE_LOOP ( 'NONE', ( #2098, #2844, #866, #696 ) ) ;
#990 = AXIS2_PLACEMENT_3D ( 'NONE', #2641, #68, #547 ) ;
#991 = APPROVAL_ROLE ( '' ) ;
#992 = CARTESIAN_POINT ( 'NONE',  ( 95.00000000000000000, 95.00000000000000000, 65.00000000000000000 ) ) ;
#993 = CIRCLE ( 'NONE', #856, 6.999999999999999112 ) ;
#994 = LINE ( 'NONE', #781, #1833 ) ;
#995 = DIRECTION ( 'NONE',  ( 0.000000000000000000, 0.000000000000000000, -1.000000000000000000 ) ) ;
#996 = CC_DESIGN_PERSON_AND_ORGANIZATION_ASSIGNMENT ( #244, #2813, ( #2268 ) ) ;
#997 = AXIS2_PLACEMENT_3D ( 'NONE', #3023, #2626, #2916 ) ;
#998 = ADVANCED_BREP_SHAPE_REPRESENTATION ( '', ( #2448, #1621 ), #132 ) ;
#999 = DIRECTION ( 'NONE',  ( -0.000000000000000000, -1.000000000000000000, -0.000000000000000000 ) ) ;
#1000 = VERTEX_POINT ( 'NONE', #652 ) ;
#1001 = CIRCLE ( 'NONE', #2433, 57.50000000000000000 ) ;
#1002 = DIRECTION ( 'NONE',  ( 0.000000000000000000, 0.000000000000000000, -1.000000000000000000 ) ) ;
#1003 = APPROVAL_ROLE ( '' ) ;
#1004 = LINE ( 'NONE', #1713, #527 ) ;
#1005 = VECTOR ( 'NONE', #1981, 1000.000000000000000 ) ;
#1006 = CALENDAR_DATE ( 2026, 29, 7 ) ;
#1007 = VERTEX_POINT ( 'NONE', #882 ) ;
#1008 = CARTESIAN_POINT ( 'NONE',  ( -75.75812166592551478, 30.00000000000000000, -24.38004145393736621 ) ) ;
#1009 = APPROVAL_DATE_TIME ( #2159, #2795 ) ;
#1010 = EDGE_CURVE ( 'NONE', #61, #3, #1759, .T. ) ;
#1011 = DIRECTION ( 'NONE',  ( -1.000000000000000000, -0.000000000000000000, -0.000000000000000000 ) ) ;
#1012 = CARTESIAN_POINT ( 'NONE',  ( -31.38004145393735911, 30.00000000000000000, 68.75812166592550057 ) ) ;
#1013 = DIRECTION ( 'NONE',  ( 0.000000000000000000, 0.000000000000000000, -1.000000000000000000 ) ) ;
#1014 = CARTESIAN_POINT ( 'NONE',  ( -75.75812166592551478, 0.000000000000000000, 38.38004145393735200 ) ) ;
#1015 = ORIENTED_EDGE ( 'NONE', *, *, #1051, .T. ) ;
#1016 = DIRECTION ( 'NONE',  ( 0.000000000000000000, 0.000000000000000000, -1.000000000000000000 ) ) ;
#1017 =( NAMED_UNIT ( * ) PLANE_ANGLE_UNIT ( ) SI_UNIT ( $, .RADIAN. ) );
#1018 = EDGE_CURVE ( 'NONE', #69, #665, #1622, .T. ) ;
#1019 = SECURITY_CLASSIFICATION_LEVEL ( 'unclassified' ) ;
#1020 = CC_DESIGN_PERSON_AND_ORGANIZATION_ASSIGNMENT ( #1954, #2206, ( #1568 ) ) ;
#1021 = DIRECTION ( 'NONE',  ( -0.000000000000000000, -1.000000000000000000, -0.000000000000000000 ) ) ;
#1022 = ADVANCED_FACE ( 'NONE', ( #501 ), #2590, .F. ) ;
#1023 = APPROVAL ( #427, '未' ) ;
#1024 = VERTEX_POINT ( 'NONE', #101 ) ;
#1025 = PERSON_AND_ORGANIZATION_ROLE ( 'creator' ) ;
#1026 = ADVANCED_FACE ( 'NONE', ( #2132, #328, #1668, #65, #965, #1911, #1945, #2880, #978, #1210 ), #732, .T. ) ;
#1027 = DIRECTION ( 'NONE',  ( -0.000000000000000000, -1.000000000000000000, -0.000000000000000000 ) ) ;
#1028 = PRODUCT ( 'MKH-011_wrist_flange', 'MKH-011_wrist_flange', '', ( #529 ) ) ;
#1029 = PRODUCT_DEFINITION_FORMATION_WITH_SPECIFIED_SOURCE ( '�', '', #1028, .NOT_KNOWN. ) ;
#1030 = DIRECTION ( 'NONE',  ( 0.000000000000000000, 0.000000000000000000, -1.000000000000000000 ) ) ;
#1031 = ORIENTED_EDGE ( 'NONE', *, *, #2034, .T. ) ;
#1032 = CYLINDRICAL_SURFACE ( 'NONE', #2581, 6.999999999999999112 ) ;
#1033 = ORIENTED_EDGE ( 'NONE', *, *, #2657, .F. ) ;
#1034 = SHAPE_REPRESENTATION_RELATIONSHIP ( 'NONE' , 'NONE' ,  #270, #998 ) ;
#1035 = CONTEXT_DEPENDENT_SHAPE_REPRESENTATION ( #22, #2539 ) ;
#1036 = APPROVAL_ROLE ( '' ) ;
#1037 = ADVANCED_FACE ( 'NONE', ( #2606 ), #2180, .F. ) ;
#1038 = CARTESIAN_POINT ( 'NONE',  ( 85.00000000000000000, 120.0000000000000000, 53.00000000000000000 ) ) ;
#1039 = CC_DESIGN_APPROVAL ( #2416, ( #913 ) ) ;
#1040 = AXIS2_PLACEMENT_3D ( 'NONE', #1828, #2571, #498 ) ;
#1041 = ORIENTED_EDGE ( 'NONE', *, *, #1516, .T. ) ;
#1042 = PERSON ( 'NAUO-PER1', 'UNSPECIFIED', 'UNSPECIFIED', ('UNSPECIFIED'), ('UNSPECIFIED'), ('UNSPECIFIED') ) ;
#1043 = CIRCLE ( 'NONE', #1872, 5.500000000000005329 ) ;
#1044 = DATE_TIME_ROLE ( 'creation_date' ) ;
#1045 = DIRECTION ( 'NONE',  ( 0.000000000000000000, 0.000000000000000000, -1.000000000000000000 ) ) ;
#1046 = CARTESIAN_POINT ( 'NONE',  ( 75.75812166592551478, 30.00000000000000000, 31.38004145393735200 ) ) ;
#1047 = CARTESIAN_POINT ( 'NONE',  ( -70.00000000000000000, 0.000000000000000000, 50.50000000000000000 ) ) ;
#1048 = ORIENTED_EDGE ( 'NONE', *, *, #275, .F. ) ;
#1049 = FACE_BOUND ( 'NONE', #403, .T. ) ;
#1050 = AXIS2_PLACEMENT_3D ( 'NONE', #1992, #1320, #2932 ) ;
#1051 = EDGE_CURVE ( 'NONE', #831, #3015, #2834, .T. ) ;
#1052 = ORIENTED_EDGE ( 'NONE', *, *, #1507, .T. ) ;
#1053 = ITEM_DEFINED_TRANSFORMATION ( 'NONE', 'NONE', #705,  #1621 ) ;
#1054 = VECTOR ( 'NONE', #832, 1000.000000000000000 ) ;
#1055 = ORIENTED_EDGE ( 'NONE', *, *, #2152, .T. ) ;
#1056 = EDGE_CURVE ( 'NONE', #2750, #2863, #994, .T. ) ;
#1057 = DIRECTION ( 'NONE',  ( 0.000000000000000000, 0.000000000000000000, 1.000000000000000000 ) ) ;
#1058 = LINE ( 'NONE', #642, #2126 ) ;
#1059 = DIRECTION ( 'NONE',  ( -0.000000000000000000, -1.000000000000000000, -0.000000000000000000 ) ) ;
#1060 = CARTESIAN_POINT ( 'NONE',  ( -85.00000000000000000, 120.0000000000000000, -60.00000000000000000 ) ) ;
#1061 = ORIENTED_EDGE ( 'NONE', *, *, #1589, .F. ) ;
#1062 = DIRECTION ( 'NONE',  ( 1.000000000000000000, 0.000000000000000000, 0.000000000000000000 ) ) ;
#1063 = COORDINATED_UNIVERSAL_TIME_OFFSET ( 8, 0, .AHEAD. ) ;
#1064 = CALENDAR_DATE ( 2026, 29, 7 ) ;
#1065 = EDGE_CURVE ( 'NONE', #718, #691, #2651, .T. ) ;
#1066 = PLANE ( 'NONE',  #862 ) ;
#1067 = ADVANCED_FACE ( 'NONE', ( #2818 ), #716, .F. ) ;
#1068 = ADVANCED_FACE ( 'NONE', ( #2354 ), #259, .F. ) ;
#1069 = EDGE_LOOP ( 'NONE', ( #2873, #2326, #631, #1567 ) ) ;
#1070 =( NAMED_UNIT ( * ) PLANE_ANGLE_UNIT ( ) SI_UNIT ( $, .RADIAN. ) );
#1071 = DIRECTION ( 'NONE',  ( -0.000000000000000000, -1.000000000000000000, -0.000000000000000000 ) ) ;
#1072 = CARTESIAN_POINT ( 'NONE',  ( 0.000000000000000000, 50.00000000000000000, -38.00000000000000000 ) ) ;
#1073 = DIRECTION ( 'NONE',  ( -0.000000000000000000, -1.000000000000000000, -0.000000000000000000 ) ) ;
#1074 = DIRECTION ( 'NONE',  ( 0.000000000000000000, 1.000000000000000000, 0.000000000000000000 ) ) ;
#1075 = DIRECTION ( 'NONE',  ( -0.000000000000000000, -1.000000000000000000, -0.000000000000000000 ) ) ;
#1076 = ORIENTED_EDGE ( 'NONE', *, *, #1380, .T. ) ;
#1077 = DIRECTION ( 'NONE',  ( 0.000000000000000000, -0.000000000000000000, 1.000000000000000000 ) ) ;
#1078 = EDGE_LOOP ( 'NONE', ( #961, #19 ) ) ;
#1079 = LOCAL_TIME ( 0, 27, 2.000000000000000000, #2501 ) ;
#1080 = APPROVAL_PERSON_ORGANIZATION ( #2138, #1985, #1036 ) ;
#1081 = ORIENTED_EDGE ( 'NONE', *, *, #1010, .F. ) ;
#1082 = PLANE ( 'NONE',  #948 ) ;
#1083 = AXIS2_PLACEMENT_3D ( 'NONE', #1161, #1575, #268 ) ;
#1084 = DIRECTION ( 'NONE',  ( -1.000000000000000000, -0.000000000000000000, -0.000000000000000000 ) ) ;
#1085 = FACE_OUTER_BOUND ( 'NONE', #2305, .T. ) ;
#1086 = DIRECTION ( 'NONE',  ( 0.000000000000000000, 0.000000000000000000, -1.000000000000000000 ) ) ;
#1087 = ORIENTED_EDGE ( 'NONE', *, *, #1307, .F. ) ;
#1088 = ORIENTED_EDGE ( 'NONE', *, *, #2195, .F. ) ;
#1089 = ORIENTED_EDGE ( 'NONE', *, *, #97, .F. ) ;
#1090 = AXIS2_PLACEMENT_3D ( 'NONE', #2356, #2505, #260 ) ;
#1091 = VECTOR ( 'NONE', #119, 1000.000000000000000 ) ;
#1092 = ORIENTED_EDGE ( 'NONE', *, *, #353, .F. ) ;
#1093 = AXIS2_PLACEMENT_3D ( 'NONE', #952, #1896, #2837 ) ;
#1094 = COORDINATED_UNIVERSAL_TIME_OFFSET ( 8, 0, .AHEAD. ) ;
#1095 = DIRECTION ( 'NONE',  ( 0.000000000000000000, 1.000000000000000000, 0.000000000000000000 ) ) ;
#1096 = LINE ( 'NONE', #2040, #1248 ) ;
#1097 = CIRCLE ( 'NONE', #198, 38.00000000000000000 ) ;
#1098 = CYLINDRICAL_SURFACE ( 'NONE', #3018, 57.50000000000000000 ) ;
#1099 = CARTESIAN_POINT ( 'NONE',  ( 31.38004145393736266, 30.00000000000000000, 82.75812166592554320 ) ) ;
#1100 = CIRCLE ( 'NONE', #2734, 7.000000000000020428 ) ;
#1101 = CARTESIAN_POINT ( 'NONE',  ( 59.00000000000000000, 28.00000000000000000, -7.500000000000000000 ) ) ;
#1102 = ORIENTED_EDGE ( 'NONE', *, *, #1973, .F. ) ;
#1103 = DIRECTION ( 'NONE',  ( 0.000000000000000000, 1.000000000000000000, 0.000000000000000000 ) ) ;
#1104 = VERTEX_POINT ( 'NONE', #2114 ) ;
#1105 = PERSON_AND_ORGANIZATION ( #151, #1863 ) ;
#1106 = APPROVAL ( #1680, '未' ) ;
#1107 = ORIENTED_EDGE ( 'NONE', *, *, #493, .T. ) ;
#1108 = DIRECTION ( 'NONE',  ( 0.000000000000000000, 0.000000000000000000, 1.000000000000000000 ) ) ;
#1109 = EDGE_LOOP ( 'NONE', ( #309, #2809, #2545, #563 ) ) ;
#1110 = CALENDAR_DATE ( 2026, 29, 7 ) ;
#1111 = DIRECTION ( 'NONE',  ( 0.000000000000000000, 0.000000000000000000, -1.000000000000000000 ) ) ;
#1112 = CYLINDRICAL_SURFACE ( 'NONE', #2635, 7.499999999999999112 ) ;
#1113 = EDGE_CURVE ( 'NONE', #1613, #1700, #2861, .T. ) ;
#1114 = FACE_OUTER_BOUND ( 'NONE', #2840, .T. ) ;
#1115 = LINE ( 'NONE', #2056, #814 ) ;
#1116 = VERTEX_POINT ( 'NONE', #280 ) ;
#1117 = LINE ( 'NONE', #1556, #622 ) ;
#1118 = ADVANCED_FACE ( 'NONE', ( #1188 ), #52, .F. ) ;
#1119 = EDGE_CURVE ( 'NONE', #1745, #2563, #514, .T. ) ;
#1120 = ORGANIZATION ( 'NAUO-ORG3', 'UNSPECIFIED', 'UNSPECIFIED' ) ;
#1121 = ORIENTED_EDGE ( 'NONE', *, *, #2785, .T. ) ;
#1122 = DIRECTION ( 'NONE',  ( 1.000000000000000000, 0.000000000000000000, 0.000000000000000000 ) ) ;
#1123 = CYLINDRICAL_SURFACE ( 'NONE', #2330, 38.00000000000000000 ) ;
#1124 = FACE_OUTER_BOUND ( 'NONE', #1969, .T. ) ;
#1125 = FACE_OUTER_BOUND ( 'NONE', #1803, .T. ) ;
#1126 = EDGE_CURVE ( 'NONE', #2784, #473, #1747, .T. ) ;
#1127 = AXIS2_PLACEMENT_3D ( 'NONE', #863, #2249, #2741 ) ;
#1128 = DIRECTION ( 'NONE',  ( 0.000000000000000000, 0.000000000000000000, 1.000000000000000000 ) ) ;
#1129 = ORIENTED_EDGE ( 'NONE', *, *, #917, .T. ) ;
#1130 = CIRCLE ( 'NONE', #460, 5.500000000000005329 ) ;
#1131 = DATE_TIME_ROLE ( 'classification_date' ) ;
#1132 = ORIENTED_EDGE ( 'NONE', *, *, #2547, .F. ) ;
#1133 = CIRCLE ( 'NONE', #900, 7.000000000000006217 ) ;
#1134 = EDGE_CURVE ( 'NONE', #503, #1724, #128, .T. ) ;
#1135 = ORIENTED_EDGE ( 'NONE', *, *, #2417, .F. ) ;
#1136 = AXIS2_PLACEMENT_3D ( 'NONE', #2260, #1795, #1057 ) ;
#1137 = EDGE_LOOP ( 'NONE', ( #541, #2968, #765, #2558 ) ) ;
#1138 = PERSON_AND_ORGANIZATION_ROLE ( 'creator' ) ;
#1139 = DIRECTION ( 'NONE',  ( 0.000000000000000000, 0.000000000000000000, -1.000000000000000000 ) ) ;
#1140 = AXIS2_PLACEMENT_3D ( 'NONE', #598, #1542, #1814 ) ;
#1141 = CARTESIAN_POINT ( 'NONE',  ( 75.75812166592551478, 0.000000000000000000, -31.38004145393736266 ) ) ;
#1142 = AXIS2_PLACEMENT_3D ( 'NONE', #113, #973, #1970 ) ;
#1143 = CC_DESIGN_DATE_AND_TIME_ASSIGNMENT ( #307, #2122, ( #1473 ) ) ;
#1144 = CYLINDRICAL_SURFACE ( 'NONE', #1778, 7.000000000000006217 ) ;
#1145 = LINE ( 'NONE', #1368, #2380 ) ;
#1146 = VERTEX_POINT ( 'NONE', #2550 ) ;
#1147 = DIRECTION ( 'NONE',  ( 0.000000000000000000, -0.000000000000000000, -1.000000000000000000 ) ) ;
#1148 = ADVANCED_FACE ( 'NONE', ( #1707 ), #1448, .F. ) ;
#1149 = ORIENTED_EDGE ( 'NONE', *, *, #792, .F. ) ;
#1150 = VECTOR ( 'NONE', #365, 1000.000000000000000 ) ;
#1151 = CARTESIAN_POINT ( 'NONE',  ( 75.75812166592551478, 30.00000000000000000, -38.38004145393736621 ) ) ;
#1152 = ADVANCED_FACE ( 'NONE', ( #2914 ), #1212, .F. ) ;
#1153 = ORIENTED_EDGE ( 'NONE', *, *, #1493, .T. ) ;
#1154 = CALENDAR_DATE ( 2026, 29, 7 ) ;
#1155 = CARTESIAN_POINT ( 'NONE',  ( -95.00000000000000000, 95.00000000000000000, -65.00000000000000000 ) ) ;
#1156 = DIRECTION ( 'NONE',  ( 0.000000000000000000, 0.000000000000000000, 1.000000000000000000 ) ) ;
#1157 = CARTESIAN_POINT ( 'NONE',  ( -31.38004145393735911, 30.00000000000000000, -68.75812166592551478 ) ) ;
#1158 = DIRECTION ( 'NONE',  ( -1.000000000000000000, -0.000000000000000000, -0.000000000000000000 ) ) ;
#1159 = ORIENTED_EDGE ( 'NONE', *, *, #2103, .F. ) ;
#1160 = DIRECTION ( 'NONE',  ( 0.000000000000000000, -1.000000000000000000, 0.000000000000000000 ) ) ;
#1161 = CARTESIAN_POINT ( 'NONE',  ( -70.00000000000000000, 95.00000000000000000, -45.00000000000000000 ) ) ;
#1162 = LINE ( 'NONE', #739, #2685 ) ;
#1163 = LOCAL_TIME ( 0, 27, 2.000000000000000000, #2699 ) ;
#1164 = ORIENTED_EDGE ( 'NONE', *, *, #1838, .T. ) ;
#1165 = SHAPE_DEFINITION_REPRESENTATION ( #2561, #1821 ) ;
#1166 = CC_DESIGN_APPROVAL ( #142, ( #1568 ) ) ;
#1167 = DIRECTION ( 'NONE',  ( 0.000000000000000000, 0.000000000000000000, 1.000000000000000000 ) ) ;
#1168 = CARTESIAN_POINT ( 'NONE',  ( -31.38004145393735911, 30.00000000000000000, -75.75812166592551478 ) ) ;
#1169 = DIRECTION ( 'NONE',  ( -0.000000000000000000, -1.000000000000000000, -0.000000000000000000 ) ) ;
#1170 = FACE_OUTER_BOUND ( 'NONE', #27, .T. ) ;
#1171 = ORIENTED_EDGE ( 'NONE', *, *, #533, .T. ) ;
#1172 = APPROVAL_PERSON_ORGANIZATION ( #2791, #2207, #2560 ) ;
#1173 = CARTESIAN_POINT ( 'NONE',  ( 120.0000000000000000, 120.0000000000000000, -90.00000000000000000 ) ) ;
#1174 = EDGE_CURVE ( 'NONE', #2445, #1558, #1937, .T. ) ;
#1175 = CIRCLE ( 'NONE', #1040, 65.00000000000000000 ) ;
#1176 = LINE ( 'NONE', #2597, #1236 ) ;
#1177 = CALENDAR_DATE ( 2026, 29, 7 ) ;
#1178 = LINE ( 'NONE', #1255, #1453 ) ;
#1179 = AXIS2_PLACEMENT_3D ( 'NONE', #745, #1892, #313 ) ;
#1180 = VERTEX_POINT ( 'NONE', #1014 ) ;
#1181 = CALENDAR_DATE ( 2026, 29, 7 ) ;
#1182 = ORIENTED_EDGE ( 'NONE', *, *, #1861, .T. ) ;
#1183 = CIRCLE ( 'NONE', #2073, 5.500000000000005329 ) ;
#1184 = LINE ( 'NONE', #445, #1929 ) ;
#1185 = DIRECTION ( 'NONE',  ( 0.000000000000000000, 0.000000000000000000, 1.000000000000000000 ) ) ;
#1186 = ADVANCED_FACE ( 'NONE', ( #562 ), #117, .F. ) ;
#1187 = ADVANCED_FACE ( 'NONE', ( #317 ), #57, .T. ) ;
#1188 = FACE_OUTER_BOUND ( 'NONE', #1775, .T. ) ;
#1189 = DIRECTION ( 'NONE',  ( 0.000000000000000000, 1.000000000000000000, 0.000000000000000000 ) ) ;
#1190 = ORIENTED_EDGE ( 'NONE', *, *, #1643, .T. ) ;
#1191 = CARTESIAN_POINT ( 'NONE',  ( 70.00000000000000000, 95.00000000000000000, 39.49999999999999289 ) ) ;
#1192 = AXIS2_PLACEMENT_3D ( 'NONE', #2343, #1160, #1147 ) ;
#1193 = EDGE_CURVE ( 'NONE', #1787, #352, #426, .T. ) ;
#1194 = COORDINATED_UNIVERSAL_TIME_OFFSET ( 8, 0, .AHEAD. ) ;
#1195 = EDGE_CURVE ( 'NONE', #2966, #1180, #140, .T. ) ;
#1196 = DIRECTION ( 'NONE',  ( 0.000000000000000000, 0.000000000000000000, 1.000000000000000000 ) ) ;
#1197 = DESIGN_CONTEXT ( 'detailed design', #907, 'design' ) ;
#1198 = ORIENTED_EDGE ( 'NONE', *, *, #2079, .F. ) ;
#1199 = CARTESIAN_POINT ( 'NONE',  ( 31.38004145393736266, 30.00000000000000000, -75.75812166592551478 ) ) ;
#1200 = AXIS2_PLACEMENT_3D ( 'NONE', #2437, #1074, #1294 ) ;
#1201 = ORIENTED_EDGE ( 'NONE', *, *, #1578, .T. ) ;
#1202 = APPROVAL_ROLE ( '' ) ;
#1203 = CARTESIAN_POINT ( 'NONE',  ( 0.000000000000000000, 0.000000000000000000, 0.000000000000000000 ) ) ;
#1204 = APPROVAL ( #1470, '未' ) ;
#1205 = ORIENTED_EDGE ( 'NONE', *, *, #2112, .F. ) ;
#1206 = APPROVAL ( #1352, '未' ) ;
#1207 = SECURITY_CLASSIFICATION_LEVEL ( 'unclassified' ) ;
#1208 = ORIENTED_EDGE ( 'NONE', *, *, #131, .F. ) ;
#1209 = DIRECTION ( 'NONE',  ( 0.000000000000000000, 1.000000000000000000, 0.000000000000000000 ) ) ;
#1210 = FACE_BOUND ( 'NONE', #2546, .T. ) ;
#1211 = CARTESIAN_POINT ( 'NONE',  ( 31.38004145393736266, 0.000000000000000000, -75.75812166592551478 ) ) ;
#1212 = CYLINDRICAL_SURFACE ( 'NONE', #990, 6.999999999999999112 ) ;
#1213 = ORIENTED_EDGE ( 'NONE', *, *, #2997, .F. ) ;
#1214 = LINE ( 'NONE', #1467, #1091 ) ;
#1215 = EDGE_LOOP ( 'NONE', ( #2925, #2771 ) ) ;
#1216 = CARTESIAN_POINT ( 'NONE',  ( -42.00000000000000000, 0.000000000000000000, 7.500000000000000000 ) ) ;
#1217 = ORIENTED_EDGE ( 'NONE', *, *, #571, .T. ) ;
#1218 = APPLICATION_CONTEXT ( 'configuration controlled 3d designs of mechanical parts and assemblies' ) ;
#1219 = DIRECTION ( 'NONE',  ( 0.000000000000000000, 0.000000000000000000, 1.000000000000000000 ) ) ;
#1220 = VERTEX_POINT ( 'NONE', #794 ) ;
#1221 = CC_DESIGN_PERSON_AND_ORGANIZATION_ASSIGNMENT ( #512, #1138, ( #2268 ) ) ;
#1222 = CARTESIAN_POINT ( 'NONE',  ( 70.00000000000000000, 95.00000000000000000, -45.00000000000000000 ) ) ;
#1223 = PERSON_AND_ORGANIZATION ( #2735, #2316 ) ;
#1224 = APPROVAL_PERSON_ORGANIZATION ( #1105, #2946, #2301 ) ;
#1225 = CYLINDRICAL_SURFACE ( 'NONE', #1587, 65.00000000000000000 ) ;
#1226 = CARTESIAN_POINT ( 'NONE',  ( -120.0000000000000000, 120.0000000000000000, 90.00000000000000000 ) ) ;
#1227 = ORIENTED_EDGE ( 'NONE', *, *, #2528, .T. ) ;
#1228 = DIRECTION ( 'NONE',  ( -0.000000000000000000, -1.000000000000000000, -0.000000000000000000 ) ) ;
#1229 = AXIS2_PLACEMENT_3D ( 'NONE', #656, #2976, #1122 ) ;
#1230 = LINE ( 'NONE', #749, #381 ) ;
#1231 = VERTEX_POINT ( 'NONE', #1736 ) ;
#1232 = DIRECTION ( 'NONE',  ( 0.000000000000000000, 0.000000000000000000, 1.000000000000000000 ) ) ;
#1233 = CARTESIAN_POINT ( 'NONE',  ( 70.00000000000000000, 95.00000000000000000, 39.49999999999999289 ) ) ;
#1234 = SECURITY_CLASSIFICATION_LEVEL ( 'unclassified' ) ;
#1235 = CARTESIAN_POINT ( 'NONE',  ( 0.000000000000000000, 145.0000000000000000, 0.000000000000000000 ) ) ;
#1236 = VECTOR ( 'NONE', #2612, 1000.000000000000000 ) ;
#1237 = CC_DESIGN_SECURITY_CLASSIFICATION ( #373, ( #2710 ) ) ;
#1238 = ORIENTED_EDGE ( 'NONE', *, *, #479, .F. ) ;
#1239 = ADVANCED_FACE ( 'NONE', ( #2186 ), #2333, .F. ) ;
#1240 = EDGE_CURVE ( 'NONE', #831, #573, #1230, .T. ) ;
#1241 = VECTOR ( 'NONE', #299, 1000.000000000000000 ) ;
#1242 = COORDINATED_UNIVERSAL_TIME_OFFSET ( 8, 0, .AHEAD. ) ;
#1243 = AXIS2_PLACEMENT_3D ( 'NONE', #2804, #2574, #934 ) ;
#1244 = DIRECTION ( 'NONE',  ( 0.000000000000000000, -0.000000000000000000, 1.000000000000000000 ) ) ;
#1245 = PLANE ( 'NONE',  #1491 ) ;
#1246 = ORIENTED_EDGE ( 'NONE', *, *, #2048, .T. ) ;
#1247 = VERTEX_POINT ( 'NONE', #2439 ) ;
#1248 = VECTOR ( 'NONE', #873, 1000.000000000000000 ) ;
#1249 = DIRECTION ( 'NONE',  ( -0.000000000000000000, -0.000000000000000000, 1.000000000000000000 ) ) ;
#1250 = ORIENTED_EDGE ( 'NONE', *, *, #1134, .T. ) ;
#1251 = AXIS2_PLACEMENT_3D ( 'NONE', #1964, #2672, #1709 ) ;
#1252 = CARTESIAN_POINT ( 'NONE',  ( 85.00000000000000000, 120.0000000000000000, 60.00000000000000000 ) ) ;
#1253 = ORIENTED_EDGE ( 'NONE', *, *, #1436, .T. ) ;
#1254 = APPROVAL_ROLE ( '' ) ;
#1255 = CARTESIAN_POINT ( 'NONE',  ( 7.960204194457797252E-15, 50.00000000000000000, 65.00000000000000000 ) ) ;
#1256 = AXIS2_PLACEMENT_3D ( 'NONE', #2472, #817, #2941 ) ;
#1257 = EDGE_CURVE ( 'NONE', #2975, #325, #2821, .T. ) ;
#1258 = AXIS2_PLACEMENT_3D ( 'NONE', #2200, #402, #2900 ) ;
#1259 = EDGE_LOOP ( 'NONE', ( #2491, #511 ) ) ;
#1260 = CARTESIAN_POINT ( 'NONE',  ( -85.00000000000000000, 120.0000000000000000, 60.00000000000000000 ) ) ;
#1261 = CALENDAR_DATE ( 2026, 29, 7 ) ;
#1262 =( NAMED_UNIT ( * ) PLANE_ANGLE_UNIT ( ) SI_UNIT ( $, .RADIAN. ) );
#1263 = CARTESIAN_POINT ( 'NONE',  ( -70.00000000000000000, 95.00000000000000000, 39.49999999999999289 ) ) ;
#1264 = ADVANCED_FACE ( 'NONE', ( #767 ), #1691, .T. ) ;
#1265 = DIRECTION ( 'NONE',  ( -0.000000000000000000, -1.000000000000000000, -0.000000000000000000 ) ) ;
#1266 = DIRECTION ( 'NONE',  ( 0.000000000000000000, 1.000000000000000000, 0.000000000000000000 ) ) ;
#1267 = ORIENTED_EDGE ( 'NONE', *, *, #67, .T. ) ;
#1268 = FACE_BOUND ( 'NONE', #1476, .T. ) ;
#1269 = ORIENTED_EDGE ( 'NONE', *, *, #2197, .T. ) ;
#1270 = ORIENTED_EDGE ( 'NONE', *, *, #1468, .F. ) ;
#1271 = APPROVAL_ROLE ( '' ) ;
#1272 = DIRECTION ( 'NONE',  ( -0.000000000000000000, -1.000000000000000000, -0.000000000000000000 ) ) ;
#1273 = EDGE_CURVE ( 'NONE', #1745, #2966, #2166, .T. ) ;
#1274 = APPROVAL_DATE_TIME ( #1486, #266 ) ;
#1275 = ORIENTED_EDGE ( 'NONE', *, *, #2214, .F. ) ;
#1276 = COORDINATED_UNIVERSAL_TIME_OFFSET ( 8, 0, .AHEAD. ) ;
#1277 = DIRECTION ( 'NONE',  ( 0.000000000000000000, 1.000000000000000000, 0.000000000000000000 ) ) ;
#1278 = PRODUCT_DEFINITION_SHAPE ( 'NONE', 'NONE',  #1473 ) ;
#1279 = LOCAL_TIME ( 0, 27, 2.000000000000000000, #186 ) ;
#1280 = CARTESIAN_POINT ( 'NONE',  ( -70.00000000000000000, 0.000000000000000000, -39.49999999999999289 ) ) ;
#1281 = ORIENTED_EDGE ( 'NONE', *, *, #849, .F. ) ;
#1282 = DIRECTION ( 'NONE',  ( -0.000000000000000000, -1.000000000000000000, -0.000000000000000000 ) ) ;
#1283 =( NAMED_UNIT ( * ) SI_UNIT ( $, .STERADIAN. ) SOLID_ANGLE_UNIT ( ) );
#1284 = EDGE_LOOP ( 'NONE', ( #2888, #1246, #123, #1092 ) ) ;
#1285 = APPROVAL_STATUS ( 'not_yet_approved' ) ;
#1286 = DIRECTION ( 'NONE',  ( 0.000000000000000000, 1.000000000000000000, 0.000000000000000000 ) ) ;
#1287 = ORIENTED_EDGE ( 'NONE', *, *, #2295, .T. ) ;
#1288 = CIRCLE ( 'NONE', #1434, 18.00000000000000000 ) ;
#1289 = CARTESIAN_POINT ( 'NONE',  ( 85.00000000000000000, 120.0000000000000000, -67.00000000000000000 ) ) ;
#1290 = AXIS2_PLACEMENT_3D ( 'NONE', #485, #977, #1185 ) ;
#1291 = FACE_OUTER_BOUND ( 'NONE', #2259, .T. ) ;
#1292 = LINE ( 'NONE', #206, #2487 ) ;
#1293 = VECTOR ( 'NONE', #397, 1000.000000000000000 ) ;
#1294 = DIRECTION ( 'NONE',  ( 0.000000000000000000, 0.000000000000000000, 1.000000000000000000 ) ) ;
#1295 = DIRECTION ( 'NONE',  ( -0.000000000000000000, -1.000000000000000000, -0.000000000000000000 ) ) ;
#1296 = ORIENTED_EDGE ( 'NONE', *, *, #2226, .T. ) ;
#1297 = CARTESIAN_POINT ( 'NONE',  ( 31.38004145393736266, 30.00000000000000000, 68.75812166592550057 ) ) ;
#1298 = AXIS2_PLACEMENT_3D ( 'NONE', #2591, #487, #1619 ) ;
#1299 = EDGE_CURVE ( 'NONE', #928, #2592, #993, .T. ) ;
#1300 = VECTOR ( 'NONE', #1084, 1000.000000000000000 ) ;
#1301 = DIRECTION ( 'NONE',  ( 0.000000000000000000, 0.000000000000000000, 1.000000000000000000 ) ) ;
#1302 = AXIS2_PLACEMENT_3D ( 'NONE', #2967, #1786, #2299 ) ;
#1303 = EDGE_CURVE ( 'NONE', #831, #391, #195, .T. ) ;
#1304 = EDGE_LOOP ( 'NONE', ( #1350, #2884, #1701, #211 ) ) ;
#1305 = CC_DESIGN_PERSON_AND_ORGANIZATION_ASSIGNMENT ( #226, #1362, ( #2960 ) ) ;
#1306 = AXIS2_PLACEMENT_3D ( 'NONE', #2364, #2334, #752 ) ;
#1307 = EDGE_CURVE ( 'NONE', #2240, #2690, #2466, .T. ) ;
#1308 = APPLICATION_PROTOCOL_DEFINITION ( 'international standard', 'config_control_design', 1994, #907 ) ;
#1309 = DIRECTION ( 'NONE',  ( 0.000000000000000000, 0.000000000000000000, 1.000000000000000000 ) ) ;
#1310 = DIRECTION ( 'NONE',  ( 0.000000000000000000, 0.000000000000000000, -1.000000000000000000 ) ) ;
#1311 = CARTESIAN_POINT ( 'NONE',  ( 1.408343819019456097E-14, 30.00000000000000000, 115.0000000000000000 ) ) ;
#1312 = ORIENTED_EDGE ( 'NONE', *, *, #1174, .T. ) ;
#1313 = EDGE_LOOP ( 'NONE', ( #1785, #1164, #1389, #1851 ) ) ;
#1314 = CARTESIAN_POINT ( 'NONE',  ( 0.000000000000000000, 0.000000000000000000, 0.000000000000000000 ) ) ;
#1315 = APPLICATION_CONTEXT ( 'configuration controlled 3d designs of mechanical parts and assemblies' ) ;
#1316 = CARTESIAN_POINT ( 'NONE',  ( -70.00000000000000000, 95.00000000000000000, -45.00000000000000000 ) ) ;
#1317 = DIRECTION ( 'NONE',  ( -0.000000000000000000, -1.000000000000000000, -0.000000000000000000 ) ) ;
#1318 = DIRECTION ( 'NONE',  ( 0.000000000000000000, 0.000000000000000000, -1.000000000000000000 ) ) ;
#1319 = FACE_OUTER_BOUND ( 'NONE', #1109, .T. ) ;
#1320 = DIRECTION ( 'NONE',  ( -0.000000000000000000, -1.000000000000000000, -0.000000000000000000 ) ) ;
#1321 = VERTEX_POINT ( 'NONE', #1047 ) ;
#1322 = DIRECTION ( 'NONE',  ( 0.000000000000000000, 1.000000000000000000, 0.000000000000000000 ) ) ;
#1323 = EDGE_CURVE ( 'NONE', #1613, #118, #2253, .T. ) ;
#1324 = SECURITY_CLASSIFICATION_LEVEL ( 'unclassified' ) ;
#1325 = CC_DESIGN_APPROVAL ( #1204, ( #2104 ) ) ;
#1326 = SECURITY_CLASSIFICATION ( '', '', #1207 ) ;
#1327 = ORIENTED_EDGE ( 'NONE', *, *, #2205, .F. ) ;
#1328 = ADVANCED_FACE ( 'NONE', ( #1800 ), #2497, .F. ) ;
#1329 = VERTEX_POINT ( 'NONE', #1523 ) ;
#1330 = PERSON_AND_ORGANIZATION ( #2735, #2316 ) ;
#1331 = MECHANICAL_CONTEXT ( 'NONE', #2046, 'mechanical' ) ;
#1332 = CARTESIAN_POINT ( 'NONE',  ( 0.000000000000000000, 95.00000000000000000, 0.000000000000000000 ) ) ;
#1333 = CIRCLE ( 'NONE', #272, 5.500000000000005329 ) ;
#1334 = LINE ( 'NONE', #2276, #1590 ) ;
#1335 = CYLINDRICAL_SURFACE ( 'NONE', #1994, 6.999999999999999112 ) ;
#1336 = FACE_OUTER_BOUND ( 'NONE', #1284, .T. ) ;
#1337 = EDGE_CURVE ( 'NONE', #331, #1386, #2743, .T. ) ;
#1338 = ORIENTED_EDGE ( 'NONE', *, *, #2222, .F. ) ;
#1339 = CARTESIAN_POINT ( 'NONE',  ( 0.000000000000000000, 0.000000000000000000, -38.00000000000000000 ) ) ;
#1340 = ORIENTED_EDGE ( 'NONE', *, *, #1826, .F. ) ;
#1341 = CC_DESIGN_PERSON_AND_ORGANIZATION_ASSIGNMENT ( #1702, #558, ( #1765 ) ) ;
#1342 = APPROVAL_ROLE ( '' ) ;
#1343 = EDGE_CURVE ( 'NONE', #1888, #2170, #2689, .T. ) ;
#1344 = SECURITY_CLASSIFICATION_LEVEL ( 'unclassified' ) ;
#1345 = AXIS2_PLACEMENT_3D ( 'NONE', #1391, #999, #2883 ) ;
#1346 = AXIS2_PLACEMENT_3D ( 'NONE', #1552, #2493, #1111 ) ;
#1347 = VERTEX_POINT ( 'NONE', #1752 ) ;
#1348 = ADVANCED_FACE ( 'NONE', ( #2999, #581, #375 ), #2236, .F. ) ;
#1349 = DIRECTION ( 'NONE',  ( 0.000000000000000000, 1.000000000000000000, 0.000000000000000000 ) ) ;
#1350 = ORIENTED_EDGE ( 'NONE', *, *, #368, .F. ) ;
#1351 = VECTOR ( 'NONE', #1392, 1000.000000000000000 ) ;
#1352 = APPROVAL_STATUS ( 'not_yet_approved' ) ;
#1353 = DIRECTION ( 'NONE',  ( 0.000000000000000000, 0.000000000000000000, -1.000000000000000000 ) ) ;
#1354 = VECTOR ( 'NONE', #561, 1000.000000000000000 ) ;
#1355 = LINE ( 'NONE', #1520, #2470 ) ;
#1356 = PRODUCT_DEFINITION_SHAPE ( 'NONE', 'NONE',  #3033 ) ;
#1357 = LINE ( 'NONE', #2790, #2038 ) ;
#1358 = CARTESIAN_POINT ( 'NONE',  ( -120.0000000000000000, 0.000000000000000000, -90.00000000000000000 ) ) ;
#1359 = VERTEX_POINT ( 'NONE', #837 ) ;
#1360 = CARTESIAN_POINT ( 'NONE',  ( -85.00000000000000000, 0.000000000000000000, -60.00000000000000000 ) ) ;
#1361 = EDGE_CURVE ( 'NONE', #1000, #2827, #1767, .T. ) ;
#1362 = PERSON_AND_ORGANIZATION_ROLE ( 'classification_officer' ) ;
#1363 = ORIENTED_EDGE ( 'NONE', *, *, #2197, .F. ) ;
#1364 = ORIENTED_EDGE ( 'NONE', *, *, #1303, .F. ) ;
#1365 = EDGE_CURVE ( 'NONE', #503, #2257, #2477, .T. ) ;
#1366 = DIRECTION ( 'NONE',  ( 0.000000000000000000, 0.000000000000000000, -1.000000000000000000 ) ) ;
#1367 = DIRECTION ( 'NONE',  ( 0.000000000000000000, 0.000000000000000000, -1.000000000000000000 ) ) ;
#1368 = CARTESIAN_POINT ( 'NONE',  ( -110.0000000000000000, 0.000000000000000000, -24.00000000000000000 ) ) ;
#1369 = ORIENTED_EDGE ( 'NONE', *, *, #1474, .T. ) ;
#1370 = ORIENTED_EDGE ( 'NONE', *, *, #2949, .T. ) ;
#1371 = ADVANCED_BREP_SHAPE_REPRESENTATION ( '', ( #2495, #1621 ), #2473 ) ;
#1372 = VERTEX_POINT ( 'NONE', #239 ) ;
#1373 = APPROVAL_PERSON_ORGANIZATION ( #137, #2848, #1254 ) ;
#1374 = VERTEX_POINT ( 'NONE', #1583 ) ;
#1375 = PRODUCT_RELATED_PRODUCT_CATEGORY ( 'detail', '', ( #1764 ) ) ;
#1376 = APPLICATION_CONTEXT ( 'configuration controlled 3d designs of mechanical parts and assemblies' ) ;
#1377 = ORIENTED_EDGE ( 'NONE', *, *, #1468, .T. ) ;
#1378 = LOCAL_TIME ( 0, 27, 2.000000000000000000, #204 ) ;
#1379 = MECHANICAL_CONTEXT ( 'NONE', #2267, 'mechanical' ) ;
#1380 = EDGE_CURVE ( 'NONE', #497, #878, #333, .T. ) ;
#1381 = DIRECTION ( 'NONE',  ( -0.000000000000000000, -1.000000000000000000, -0.000000000000000000 ) ) ;
#1382 = CARTESIAN_POINT ( 'NONE',  ( 2.204364238465235033E-15, 95.00000000000000000, 18.00000000000000000 ) ) ;
#1383 = CYLINDRICAL_SURFACE ( 'NONE', #1388, 7.000000000000006217 ) ;
#1384 = CIRCLE ( 'NONE', #806, 5.500000000000005329 ) ;
#1385 = CARTESIAN_POINT ( 'NONE',  ( -95.00000000000000000, 0.000000000000000000, -65.00000000000000000 ) ) ;
#1386 = VERTEX_POINT ( 'NONE', #1385 ) ;
#1387 = CIRCLE ( 'NONE', #179, 7.499999999999999112 ) ;
#1388 = AXIS2_PLACEMENT_3D ( 'NONE', #471, #434, #1367 ) ;
#1389 = ORIENTED_EDGE ( 'NONE', *, *, #1257, .F. ) ;
#1390 = VECTOR ( 'NONE', #2043, 1000.000000000000000 ) ;
#1391 = CARTESIAN_POINT ( 'NONE',  ( 0.000000000000000000, 30.00000000000000000, 0.000000000000000000 ) ) ;
#1392 = DIRECTION ( 'NONE',  ( -0.000000000000000000, -1.000000000000000000, -0.000000000000000000 ) ) ;
#1393 = EDGE_CURVE ( 'NONE', #2118, #321, #2297, .T. ) ;
#1394 = AXIS2_PLACEMENT_3D ( 'NONE', #1893, #2389, #1912 ) ;
#1395 = VERTEX_POINT ( 'NONE', #8 ) ;
#1396 = PERSON_AND_ORGANIZATION_ROLE ( 'classification_officer' ) ;
#1397 = VECTOR ( 'NONE', #867, 1000.000000000000000 ) ;
#1398 = CC_DESIGN_PERSON_AND_ORGANIZATION_ASSIGNMENT ( #2320, #1396, ( #373 ) ) ;
#1399 = CARTESIAN_POINT ( 'NONE',  ( 0.000000000000000000, 180.0000000000000000, 0.000000000000000000 ) ) ;
#1400 = CARTESIAN_POINT ( 'NONE',  ( 0.000000000000000000, 50.00000000000000000, 0.000000000000000000 ) ) ;
#1401 = DIRECTION ( 'NONE',  ( -0.000000000000000000, -1.000000000000000000, -0.000000000000000000 ) ) ;
#1402 = ORIENTED_EDGE ( 'NONE', *, *, #2949, .F. ) ;
#1403 = AXIS2_PLACEMENT_3D ( 'NONE', #2348, #308, #1644 ) ;
#1404 = CARTESIAN_POINT ( 'NONE',  ( 110.0000000000000000, 28.00000000000000000, 24.00000000000000000 ) ) ;
#1405 = ORIENTED_EDGE ( 'NONE', *, *, #89, .F. ) ;
#1406 = CALENDAR_DATE ( 2026, 29, 7 ) ;
#1407 = DIRECTION ( 'NONE',  ( 0.000000000000000000, 1.000000000000000000, 0.000000000000000000 ) ) ;
#1408 = ORIENTED_EDGE ( 'NONE', *, *, #2553, .T. ) ;
#1409 = COORDINATED_UNIVERSAL_TIME_OFFSET ( 8, 0, .AHEAD. ) ;
#1410 = CARTESIAN_POINT ( 'NONE',  ( 15.00000000000000000, 0.000000000000000000, 7.500000000000000000 ) ) ;
#1411 = LINE ( 'NONE', #500, #2173 ) ;
#1412 = DIRECTION ( 'NONE',  ( -1.000000000000000000, 0.000000000000000000, -0.000000000000000000 ) ) ;
#1413 = DIRECTION ( 'NONE',  ( 0.000000000000000000, 0.000000000000000000, 1.000000000000000000 ) ) ;
#1414 = VERTEX_POINT ( 'NONE', #1874 ) ;
#1415 = ORIENTED_EDGE ( 'NONE', *, *, #1571, .F. ) ;
#1416 = APPLICATION_CONTEXT ( 'configuration controlled 3d designs of mechanical parts and assemblies' ) ;
#1417 = LINE ( 'NONE', #2289, #2718 ) ;
#1418 = ORIENTED_EDGE ( 'NONE', *, *, #2520, .T. ) ;
#1419 = PLANE ( 'NONE',  #2585 ) ;
#1420 = LOCAL_TIME ( 0, 27, 2.000000000000000000, #2221 ) ;
#1421 = ORIENTED_EDGE ( 'NONE', *, *, #2602, .T. ) ;
#1422 = APPLICATION_PROTOCOL_DEFINITION ( 'international standard', 'config_control_design', 1994, #1376 ) ;
#1423 = EDGE_CURVE ( 'NONE', #2579, #2827, #2924, .T. ) ;
#1424 = CYLINDRICAL_SURFACE ( 'NONE', #178, 6.999999999999999112 ) ;
#1425 = DIRECTION ( 'NONE',  ( 0.000000000000000000, 0.000000000000000000, 1.000000000000000000 ) ) ;
#1426 = CARTESIAN_POINT ( 'NONE',  ( -110.0000000000000000, 0.000000000000000000, 24.00000000000000000 ) ) ;
#1427 = CARTESIAN_POINT ( 'NONE',  ( -120.0000000000000000, 120.0000000000000000, 90.00000000000000000 ) ) ;
#1428 = EDGE_LOOP ( 'NONE', ( #2106, #418, #1135, #1670 ) ) ;
#1429 = CC_DESIGN_SECURITY_CLASSIFICATION ( #1326, ( #2268 ) ) ;
#1430 = DIRECTION ( 'NONE',  ( -1.000000000000000000, -0.000000000000000000, -0.000000000000000000 ) ) ;
#1431 = AXIS2_PLACEMENT_3D ( 'NONE', #2130, #5, #1616 ) ;
#1432 = EDGE_CURVE ( 'NONE', #473, #449, #1133, .T. ) ;
#1433 = PRODUCT_RELATED_PRODUCT_CATEGORY ( 'detail', '', ( #1028 ) ) ;
#1434 = AXIS2_PLACEMENT_3D ( 'NONE', #93, #1739, #2936 ) ;
#1435 = LINE ( 'NONE', #722, #324 ) ;
#1436 = EDGE_CURVE ( 'NONE', #3015, #2671, #892, .T. ) ;
#1437 = CARTESIAN_POINT ( 'NONE',  ( -42.00000000000000000, 28.00000000000000000, 0.000000000000000000 ) ) ;
#1438 = VECTOR ( 'NONE', #2372, 1000.000000000000000 ) ;
#1439 = ORIENTED_EDGE ( 'NONE', *, *, #2846, .T. ) ;
#1440 = APPROVAL_STATUS ( 'not_yet_approved' ) ;
#1441 = ORIENTED_EDGE ( 'NONE', *, *, #368, .T. ) ;
#1442 = VECTOR ( 'NONE', #1535, 1000.000000000000000 ) ;
#1443 = DIRECTION ( 'NONE',  ( 0.000000000000000000, 0.000000000000000000, -1.000000000000000000 ) ) ;
#1444 = CARTESIAN_POINT ( 'NONE',  ( -110.0000000000000000, 28.00000000000000000, 24.00000000000000000 ) ) ;
#1445 = DIRECTION ( 'NONE',  ( 0.000000000000000000, -0.000000000000000000, -1.000000000000000000 ) ) ;
#1446 = AXIS2_PLACEMENT_3D ( 'NONE', #2986, #1322, #419 ) ;
#1447 = CLOSED_SHELL ( 'NONE', ( #2094, #1067, #1545, #588, #104, #2231, #2258, #1450, #2662, #2243, #2163, #2940, #1239, #1328, #1979, #2754, #173 ) ) ;
#1448 = CYLINDRICAL_SURFACE ( 'NONE', #2070, 6.999999999999999112 ) ;
#1449 = ORIENTED_EDGE ( 'NONE', *, *, #2657, .T. ) ;
#1450 = ADVANCED_FACE ( 'NONE', ( #248 ), #2341, .F. ) ;
#1451 = FACE_OUTER_BOUND ( 'NONE', #1790, .T. ) ;
#1452 = CARTESIAN_POINT ( 'NONE',  ( -75.75812166592551478, 0.000000000000000000, -38.38004145393736621 ) ) ;
#1453 = VECTOR ( 'NONE', #2677, 1000.000000000000000 ) ;
#1454 = ORIENTED_EDGE ( 'NONE', *, *, #2528, .F. ) ;
#1455 = PERSON_AND_ORGANIZATION ( #2735, #2316 ) ;
#1456 = FACE_OUTER_BOUND ( 'NONE', #2715, .T. ) ;
#1457 = VERTEX_POINT ( 'NONE', #2071 ) ;
#1458 = APPROVAL_ROLE ( '' ) ;
#1459 = CARTESIAN_POINT ( 'NONE',  ( 0.000000000000000000, 28.00000000000000000, 0.000000000000000000 ) ) ;
#1460 = CARTESIAN_POINT ( 'NONE',  ( -75.75812166592551478, 30.00000000000000000, 31.38004145393735200 ) ) ;
#1461 = CARTESIAN_POINT ( 'NONE',  ( -120.0000000000000000, 0.000000000000000000, -90.00000000000000000 ) ) ;
#1462 = EDGE_CURVE ( 'NONE', #2744, #1386, #2084, .T. ) ;
#1463 = ORIENTED_EDGE ( 'NONE', *, *, #2417, .T. ) ;
#1464 = EDGE_CURVE ( 'NONE', #11, #1220, #2526, .T. ) ;
#1465 = CARTESIAN_POINT ( 'NONE',  ( -31.38004145393735911, 0.000000000000000000, -75.75812166592551478 ) ) ;
#1466 = ORIENTED_EDGE ( 'NONE', *, *, #1432, .F. ) ;
#1467 = CARTESIAN_POINT ( 'NONE',  ( 15.00000000000000000, 0.000000000000000000, 7.500000000000000000 ) ) ;
#1468 = EDGE_CURVE ( 'NONE', #2057, #3004, #1145, .T. ) ;
#1469 =( LENGTH_UNIT ( ) NAMED_UNIT ( * ) SI_UNIT ( .MILLI., .METRE. ) );
#1470 = APPROVAL_STATUS ( 'not_yet_approved' ) ;
#1471 = DIRECTION ( 'NONE',  ( 0.000000000000000000, 0.000000000000000000, -1.000000000000000000 ) ) ;
#1472 = VERTEX_POINT ( 'NONE', #2097 ) ;
#1473 = PRODUCT_DEFINITION ( '�', '', #1029, #1601 ) ;
#1474 = EDGE_CURVE ( 'NONE', #56, #423, #1130, .T. ) ;
#1475 = DIRECTION ( 'NONE',  ( 0.000000000000000000, 0.000000000000000000, 1.000000000000000000 ) ) ;
#1476 = EDGE_LOOP ( 'NONE', ( #981, #784 ) ) ;
#1477 = EDGE_CURVE ( 'NONE', #1247, #1832, #472, .T. ) ;
#1478 = DIRECTION ( 'NONE',  ( 0.000000000000000000, 0.000000000000000000, -1.000000000000000000 ) ) ;
#1479 = ORIENTED_EDGE ( 'NONE', *, *, #233, .F. ) ;
#1480 = LINE ( 'NONE', #982, #1789 ) ;
#1481 = DATE_AND_TIME ( #2938, #3010 ) ;
#1482 = ORIENTED_EDGE ( 'NONE', *, *, #1240, .F. ) ;
#1483 = DIRECTION ( 'NONE',  ( -0.000000000000000000, -1.000000000000000000, -0.000000000000000000 ) ) ;
#1484 = AXIS2_PLACEMENT_3D ( 'NONE', #1399, #2815, #730 ) ;
#1485 = AXIS2_PLACEMENT_3D ( 'NONE', #2102, #2361, #1822 ) ;
#1486 = DATE_AND_TIME ( #555, #802 ) ;
#1487 = ORIENTED_EDGE ( 'NONE', *, *, #533, .F. ) ;
#1488 = FACE_OUTER_BOUND ( 'NONE', #943, .T. ) ;
#1489 = AXIS2_PLACEMENT_3D ( 'NONE', #780, #2605, #1443 ) ;
#1490 = DATE_AND_TIME ( #2895, #499 ) ;
#1491 = AXIS2_PLACEMENT_3D ( 'NONE', #1427, #301, #1688 ) ;
#1492 = DIRECTION ( 'NONE',  ( 1.000000000000000000, 0.000000000000000000, -0.000000000000000000 ) ) ;
#1493 = EDGE_CURVE ( 'NONE', #1220, #2445, #2529, .T. ) ;
#1494 = AXIS2_PLACEMENT_3D ( 'NONE', #2656, #1978, #1232 ) ;
#1495 = LINE ( 'NONE', #2235, #2688 ) ;
#1496 = DIRECTION ( 'NONE',  ( -0.000000000000000000, -1.000000000000000000, -0.000000000000000000 ) ) ;
#1497 = VERTEX_POINT ( 'NONE', #1358 ) ;
#1498 = VECTOR ( 'NONE', #812, 1000.000000000000000 ) ;
#1499 = CARTESIAN_POINT ( 'NONE',  ( 110.0000000000000000, 28.00000000000000000, -24.00000000000000000 ) ) ;
#1500 =( NAMED_UNIT ( * ) PLANE_ANGLE_UNIT ( ) SI_UNIT ( $, .RADIAN. ) );
#1501 = DATE_AND_TIME ( #94, #843 ) ;
#1502 = CARTESIAN_POINT ( 'NONE',  ( 2.204364238465235033E-15, 180.0000000000000000, 18.00000000000000000 ) ) ;
#1503 = CIRCLE ( 'NONE', #821, 7.500000000000000000 ) ;
#1504 = VECTOR ( 'NONE', #1829, 1000.000000000000000 ) ;
#1505 = EDGE_LOOP ( 'NONE', ( #740, #585, #1730, #2319 ) ) ;
#1506 = CALENDAR_DATE ( 2026, 29, 7 ) ;
#1507 = EDGE_CURVE ( 'NONE', #2280, #1761, #382, .T. ) ;
#1508 = CYLINDRICAL_SURFACE ( 'NONE', #103, 7.499999999999999112 ) ;
#1509 = ORIENTED_EDGE ( 'NONE', *, *, #570, .F. ) ;
#1510 = DIRECTION ( 'NONE',  ( -0.000000000000000000, -1.000000000000000000, -0.000000000000000000 ) ) ;
#1511 = ORIENTED_EDGE ( 'NONE', *, *, #1516, .F. ) ;
#1512 = CARTESIAN_POINT ( 'NONE',  ( -31.38004145393735911, 0.000000000000000000, -82.75812166592552899 ) ) ;
#1513 = ORIENTED_EDGE ( 'NONE', *, *, #571, .F. ) ;
#1514 = CARTESIAN_POINT ( 'NONE',  ( -42.00000000000000000, 28.00000000000000000, -7.500000000000000000 ) ) ;
#1515 = EDGE_LOOP ( 'NONE', ( #954, #662, #1737, #441 ) ) ;
#1516 = EDGE_CURVE ( 'NONE', #49, #1565, #1939, .T. ) ;
#1517 = DATE_AND_TIME ( #807, #1163 ) ;
#1518 = DIRECTION ( 'NONE',  ( 0.000000000000000000, 0.000000000000000000, 1.000000000000000000 ) ) ;
#1519 = PLANE ( 'NONE',  #2926 ) ;
#1520 = CARTESIAN_POINT ( 'NONE',  ( -120.0000000000000000, 0.000000000000000000, 90.00000000000000000 ) ) ;
#1521 = LOCAL_TIME ( 0, 27, 2.000000000000000000, #1276 ) ;
#1522 = FACE_OUTER_BOUND ( 'NONE', #1984, .T. ) ;
#1523 = CARTESIAN_POINT ( 'NONE',  ( 85.00000000000000000, 0.000000000000000000, -52.99999999999999289 ) ) ;
#1524 = EDGE_LOOP ( 'NONE', ( #2746, #734, #846, #1061 ) ) ;
#1525 = DIRECTION ( 'NONE',  ( -1.000000000000000000, -0.000000000000000000, -0.000000000000000000 ) ) ;
#1526 = DIRECTION ( 'NONE',  ( 0.000000000000000000, 0.000000000000000000, 1.000000000000000000 ) ) ;
#1527 = ORIENTED_EDGE ( 'NONE', *, *, #97, .T. ) ;
#1528 = EDGE_CURVE ( 'NONE', #858, #1231, #2426, .T. ) ;
#1529 = CC_DESIGN_DATE_AND_TIME_ASSIGNMENT ( #844, #3028, ( #2514 ) ) ;
#1530 = DIRECTION ( 'NONE',  ( 0.000000000000000000, 1.000000000000000000, 0.000000000000000000 ) ) ;
#1531 = AXIS2_PLACEMENT_3D ( 'NONE', #147, #1059, #2001 ) ;
#1532 = ORIENTED_EDGE ( 'NONE', *, *, #1844, .T. ) ;
#1533 =( GEOMETRIC_REPRESENTATION_CONTEXT ( 3 ) GLOBAL_UNCERTAINTY_ASSIGNED_CONTEXT ( ( #2036 ) ) GLOBAL_UNIT_ASSIGNED_CONTEXT ( ( #2504, #1070, #2772 ) ) REPRESENTATION_CONTEXT ( 'NONE', 'WORKASPACE' ) );
#1534 = CARTESIAN_POINT ( 'NONE',  ( 85.00000000000000000, 120.0000000000000000, 67.00000000000000000 ) ) ;
#1535 = DIRECTION ( 'NONE',  ( -0.000000000000000000, -1.000000000000000000, -0.000000000000000000 ) ) ;
#1536 = VECTOR ( 'NONE', #1651, 1000.000000000000000 ) ;
#1537 = DIRECTION ( 'NONE',  ( -0.000000000000000000, -1.000000000000000000, -0.000000000000000000 ) ) ;
#1538 = CARTESIAN_POINT ( 'NONE',  ( -75.75812166592551478, 30.00000000000000000, -31.38004145393736266 ) ) ;
#1539 = DIRECTION ( 'NONE',  ( 0.000000000000000000, 0.000000000000000000, -1.000000000000000000 ) ) ;
#1540 = CARTESIAN_POINT ( 'NONE',  ( 0.000000000000000000, 30.00000000000000000, 0.000000000000000000 ) ) ;
#1541 = EDGE_LOOP ( 'NONE', ( #1482, #1015, #1253, #1031 ) ) ;
#1542 = DIRECTION ( 'NONE',  ( 0.000000000000000000, 0.000000000000000000, -1.000000000000000000 ) ) ;
#1543 = AXIS2_PLACEMENT_3D ( 'NONE', #833, #1762, #1353 ) ;
#1544 = COORDINATED_UNIVERSAL_TIME_OFFSET ( 8, 0, .AHEAD. ) ;
#1545 = ADVANCED_FACE ( 'NONE', ( #1170 ), #2115, .F. ) ;
#1546 = AXIS2_PLACEMENT_3D ( 'NONE', #614, #175, #2032 ) ;
#1547 = VERTEX_POINT ( 'NONE', #690 ) ;
#1548 = AXIS2_PLACEMENT_3D ( 'NONE', #188, #1095, #428 ) ;
#1549 = DIRECTION ( 'NONE',  ( 0.000000000000000000, 0.000000000000000000, 1.000000000000000000 ) ) ;
#1550 = CARTESIAN_POINT ( 'NONE',  ( -31.38004145393735911, 30.00000000000000000, 75.75812166592551478 ) ) ;
#1551 = EDGE_CURVE ( 'NONE', #2077, #1787, #1115, .T. ) ;
#1552 = CARTESIAN_POINT ( 'NONE',  ( 31.38004145393736266, 30.00000000000000000, 75.75812166592551478 ) ) ;
#1553 = CARTESIAN_POINT ( 'NONE',  ( -95.00000000000000000, 95.00000000000000000, 65.00000000000000000 ) ) ;
#1554 = LINE ( 'NONE', #133, #2831 ) ;
#1555 = ORIENTED_EDGE ( 'NONE', *, *, #836, .T. ) ;
#1556 = CARTESIAN_POINT ( 'NONE',  ( -120.0000000000000000, 0.000000000000000000, 90.00000000000000000 ) ) ;
#1557 = VERTEX_POINT ( 'NONE', #1012 ) ;
#1558 = VERTEX_POINT ( 'NONE', #2835 ) ;
#1559 = ORIENTED_EDGE ( 'NONE', *, *, #836, .F. ) ;
#1560 = PERSON_AND_ORGANIZATION_ROLE ( 'design_owner' ) ;
#1561 = CARTESIAN_POINT ( 'NONE',  ( 1.408343819019456097E-14, 0.000000000000000000, 115.0000000000000000 ) ) ;
#1562 = CARTESIAN_POINT ( 'NONE',  ( 0.000000000000000000, 0.000000000000000000, 0.000000000000000000 ) ) ;
#1563 = DIRECTION ( 'NONE',  ( 0.000000000000000000, 1.000000000000000000, 0.000000000000000000 ) ) ;
#1564 = CARTESIAN_POINT ( 'NONE',  ( -42.00000000000000000, 0.000000000000000000, 0.000000000000000000 ) ) ;
#1565 = VERTEX_POINT ( 'NONE', #2133 ) ;
#1566 = DIRECTION ( 'NONE',  ( 0.000000000000000000, -1.000000000000000000, 0.000000000000000000 ) ) ;
#1567 = ORIENTED_EDGE ( 'NONE', *, *, #405, .T. ) ;
#1568 = SECURITY_CLASSIFICATION ( '', '', #1019 ) ;
#1569 = EDGE_CURVE ( 'NONE', #2730, #526, #1183, .T. ) ;
#1570 = CALENDAR_DATE ( 2026, 29, 7 ) ;
#1571 = EDGE_CURVE ( 'NONE', #1146, #2273, #618, .T. ) ;
#1572 = CC_DESIGN_APPROVAL ( #2207, ( #2514 ) ) ;
#1573 = ORIENTED_EDGE ( 'NONE', *, *, #634, .F. ) ;
#1574 = ADVANCED_FACE ( 'NONE', ( #329 ), #1245, .F. ) ;
#1575 = DIRECTION ( 'NONE',  ( 0.000000000000000000, 1.000000000000000000, 0.000000000000000000 ) ) ;
#1576 = ORIENTED_EDGE ( 'NONE', *, *, #394, .F. ) ;
#1577 = APPROVAL_DATE_TIME ( #2039, #1023 ) ;
#1578 = EDGE_CURVE ( 'NONE', #1395, #827, #184, .T. ) ;
#1579 = VECTOR ( 'NONE', #2980, 1000.000000000000000 ) ;
#1580 = CARTESIAN_POINT ( 'NONE',  ( 31.38004145393736266, 0.000000000000000000, 75.75812166592551478 ) ) ;
#1581 = DIRECTION ( 'NONE',  ( 0.000000000000000000, 0.000000000000000000, 1.000000000000000000 ) ) ;
#1582 = DIRECTION ( 'NONE',  ( 0.000000000000000000, 1.000000000000000000, 0.000000000000000000 ) ) ;
#1583 = CARTESIAN_POINT ( 'NONE',  ( 7.960204194457797252E-15, 30.00000000000000000, 65.00000000000000000 ) ) ;
#1584 = EDGE_LOOP ( 'NONE', ( #613, #738, #1363, #1213 ) ) ;
#1585 = CARTESIAN_POINT ( 'NONE',  ( 0.000000000000000000, 30.00000000000000000, 0.000000000000000000 ) ) ;
#1586 = ORIENTED_EDGE ( 'NONE', *, *, #1113, .F. ) ;
#1587 = AXIS2_PLACEMENT_3D ( 'NONE', #932, #51, #2650 ) ;
#1588 = AXIS2_PLACEMENT_3D ( 'NONE', #1635, #34, #1413 ) ;
#1589 = EDGE_CURVE ( 'NONE', #878, #2751, #2373, .T. ) ;
#1590 = VECTOR ( 'NONE', #191, 1000.000000000000000 ) ;
#1591 = ORIENTED_EDGE ( 'NONE', *, *, #1423, .T. ) ;
#1592 = VECTOR ( 'NONE', #2494, 1000.000000000000000 ) ;
#1593 = CALENDAR_DATE ( 2026, 29, 7 ) ;
#1594 = DIRECTION ( 'NONE',  ( 0.000000000000000000, 0.000000000000000000, 1.000000000000000000 ) ) ;
#1595 = AXIS2_PLACEMENT_3D ( 'NONE', #294, #12, #508 ) ;
#1596 = DIRECTION ( 'NONE',  ( 0.000000000000000000, 0.000000000000000000, 1.000000000000000000 ) ) ;
#1597 = DIRECTION ( 'NONE',  ( 0.000000000000000000, 1.000000000000000000, 0.000000000000000000 ) ) ;
#1598 = CARTESIAN_POINT ( 'NONE',  ( -42.00000000000000000, 0.000000000000000000, 0.000000000000000000 ) ) ;
#1599 = EDGE_LOOP ( 'NONE', ( #1690, #1327, #751, #2554 ) ) ;
#1600 = EDGE_CURVE ( 'NONE', #3, #2744, #979, .T. ) ;
#1601 = DESIGN_CONTEXT ( 'detailed design', #757, 'design' ) ;
#1602 = EDGE_LOOP ( 'NONE', ( #2064, #669 ) ) ;
#1603 = ORIENTED_EDGE ( 'NONE', *, *, #1361, .F. ) ;
#1604 = ORIENTED_EDGE ( 'NONE', *, *, #2796, .T. ) ;
#1605 = DATE_AND_TIME ( #496, #2620 ) ;
#1606 = DIRECTION ( 'NONE',  ( 0.000000000000000000, 0.000000000000000000, -1.000000000000000000 ) ) ;
#1607 = FACE_OUTER_BOUND ( 'NONE', #269, .T. ) ;
#1608 = EDGE_CURVE ( 'NONE', #2902, #2037, #544, .T. ) ;
#1609 = ORIENTED_EDGE ( 'NONE', *, *, #1742, .T. ) ;
#1610 = ORIENTED_EDGE ( 'NONE', *, *, #1938, .T. ) ;
#1611 = ORIENTED_EDGE ( 'NONE', *, *, #2198, .F. ) ;
#1612 = SECURITY_CLASSIFICATION ( '', '', #362 ) ;
#1613 = VERTEX_POINT ( 'NONE', #1226 ) ;
#1614 = APPROVAL_PERSON_ORGANIZATION ( #187, #1023, #2245 ) ;
#1615 = APPROVAL_ROLE ( '' ) ;
#1616 = DIRECTION ( 'NONE',  ( 0.000000000000000000, 0.000000000000000000, -1.000000000000000000 ) ) ;
#1617 = LINE ( 'NONE', #3013, #2425 ) ;
#1618 = CIRCLE ( 'NONE', #509, 6.999999999999999112 ) ;
#1619 = DIRECTION ( 'NONE',  ( 0.000000000000000000, 0.000000000000000000, 1.000000000000000000 ) ) ;
#1620 = ORIENTED_EDGE ( 'NONE', *, *, #2150, .T. ) ;
#1621 = AXIS2_PLACEMENT_3D ( 'NONE', #361, #537, #2422 ) ;
#1622 = CIRCLE ( 'NONE', #2922, 7.000000000000020428 ) ;
#1623 = CARTESIAN_POINT ( 'NONE',  ( -75.75812166592551478, 0.000000000000000000, -31.38004145393736266 ) ) ;
#1624 = ADVANCED_FACE ( 'NONE', ( #281 ), #1946, .F. ) ;
#1625 = DATE_AND_TIME ( #1695, #2510 ) ;
#1626 = FACE_BOUND ( 'NONE', #2649, .T. ) ;
#1627 = CIRCLE ( 'NONE', #903, 115.0000000000000000 ) ;
#1628 = EDGE_LOOP ( 'NONE', ( #883, #1900 ) ) ;
#1629 = COORDINATED_UNIVERSAL_TIME_OFFSET ( 8, 0, .AHEAD. ) ;
#1630 = CIRCLE ( 'NONE', #291, 6.999999999999999112 ) ;
#1631 = FACE_OUTER_BOUND ( 'NONE', #2155, .T. ) ;
#1632 = CC_DESIGN_DATE_AND_TIME_ASSIGNMENT ( #2336, #1869, ( #913 ) ) ;
#1633 = CARTESIAN_POINT ( 'NONE',  ( 70.00000000000000000, 95.00000000000000000, -39.49999999999999289 ) ) ;
#1634 = CARTESIAN_POINT ( 'NONE',  ( 70.00000000000000000, 95.00000000000000000, -45.00000000000000000 ) ) ;
#1635 = CARTESIAN_POINT ( 'NONE',  ( 85.00000000000000000, 120.0000000000000000, -60.00000000000000000 ) ) ;
#1636 = ORIENTED_EDGE ( 'NONE', *, *, #2899, .T. ) ;
#1637 = AXIS2_PLACEMENT_3D ( 'NONE', #1936, #525, #709 ) ;
#1638 = CARTESIAN_POINT ( 'NONE',  ( -95.00000000000000000, 95.00000000000000000, 65.00000000000000000 ) ) ;
#1639 = AXIS2_PLACEMENT_3D ( 'NONE', #2983, #172, #194 ) ;
#1640 = CARTESIAN_POINT ( 'NONE',  ( 31.38004145393736266, 30.00000000000000000, -75.75812166592551478 ) ) ;
#1641 = ADVANCED_FACE ( 'NONE', ( #791 ), #2199, .F. ) ;
#1642 = CARTESIAN_POINT ( 'NONE',  ( -75.75812166592551478, 0.000000000000000000, 24.38004145393735200 ) ) ;
#1643 = EDGE_CURVE ( 'NONE', #2690, #1497, #516, .T. ) ;
#1644 = DIRECTION ( 'NONE',  ( 0.000000000000000000, -0.000000000000000000, 1.000000000000000000 ) ) ;
#1645 = ORIENTED_EDGE ( 'NONE', *, *, #1240, .T. ) ;
#1646 = PERSON_AND_ORGANIZATION_ROLE ( 'classification_officer' ) ;
#1647 = VERTEX_POINT ( 'NONE', #2182 ) ;
#1648 = EDGE_CURVE ( 'NONE', #1753, #2443, #1718, .T. ) ;
#1649 = CARTESIAN_POINT ( 'NONE',  ( -95.00000000000000000, 95.00000000000000000, -65.00000000000000000 ) ) ;
#1650 = PRODUCT_RELATED_PRODUCT_CATEGORY ( 'detail', '', ( #1741 ) ) ;
#1651 = DIRECTION ( 'NONE',  ( -0.000000000000000000, -1.000000000000000000, -0.000000000000000000 ) ) ;
#1652 = DIRECTION ( 'NONE',  ( -0.000000000000000000, -0.000000000000000000, 1.000000000000000000 ) ) ;
#1653 = CARTESIAN_POINT ( 'NONE',  ( 70.00000000000000000, 95.00000000000000000, -39.49999999999999289 ) ) ;
#1654 = ORIENTED_EDGE ( 'NONE', *, *, #2973, .F. ) ;
#1655 = CARTESIAN_POINT ( 'NONE',  ( -85.00000000000000000, 120.0000000000000000, -67.00000000000000000 ) ) ;
#1656 = EDGE_LOOP ( 'NONE', ( #1681, #2399, #200, #803 ) ) ;
#1657 = FACE_OUTER_BOUND ( 'NONE', #240, .T. ) ;
#1658 = EDGE_LOOP ( 'NONE', ( #2204, #1153, #2315, #1132 ) ) ;
#1659 = DATE_AND_TIME ( #2841, #881 ) ;
#1660 = ORIENTED_EDGE ( 'NONE', *, *, #233, .T. ) ;
#1661 = ORGANIZATION ( 'NAUO-ORG1', 'UNSPECIFIED', 'UNSPECIFIED' ) ;
#1662 = ORIENTED_EDGE ( 'NONE', *, *, #2785, .F. ) ;
#1663 = COORDINATED_UNIVERSAL_TIME_OFFSET ( 8, 0, .AHEAD. ) ;
#1664 = CYLINDRICAL_SURFACE ( 'NONE', #569, 7.000000000000006217 ) ;
#1665 = DIRECTION ( 'NONE',  ( -0.000000000000000000, -1.000000000000000000, -0.000000000000000000 ) ) ;
#1666 = ADVANCED_FACE ( 'NONE', ( #2403 ), #314, .F. ) ;
#1667 = LINE ( 'NONE', #2144, #1241 ) ;
#1668 = FACE_BOUND ( 'NONE', #1628, .T. ) ;
#1669 = DIRECTION ( 'NONE',  ( 0.000000000000000000, 0.000000000000000000, 1.000000000000000000 ) ) ;
#1670 = ORIENTED_EDGE ( 'NONE', *, *, #1343, .F. ) ;
#1671 = AXIS2_PLACEMENT_3D ( 'NONE', #3024, #29, #1596 ) ;
#1672 = CARTESIAN_POINT ( 'NONE',  ( -75.75812166592551478, 30.00000000000000000, 31.38004145393735200 ) ) ;
#1673 = APPROVAL_PERSON_ORGANIZATION ( #2196, #2246, #576 ) ;
#1674 = LINE ( 'NONE', #2050, #2021 ) ;
#1675 = ORIENTED_EDGE ( 'NONE', *, *, #353, .T. ) ;
#1676 = PERSON_AND_ORGANIZATION_ROLE ( 'classification_officer' ) ;
#1677 = EDGE_CURVE ( 'NONE', #2257, #2302, #2881, .T. ) ;
#1678 = DIRECTION ( 'NONE',  ( 0.000000000000000000, 1.000000000000000000, 0.000000000000000000 ) ) ;
#1679 = ORIENTED_EDGE ( 'NONE', *, *, #1126, .F. ) ;
#1680 = APPROVAL_STATUS ( 'not_yet_approved' ) ;
#1681 = ORIENTED_EDGE ( 'NONE', *, *, #1551, .F. ) ;
#1682 = AXIS2_PLACEMENT_3D ( 'NONE', #1930, #1496, #2851 ) ;
#1683 = EDGE_CURVE ( 'NONE', #2312, #677, #1941, .T. ) ;
#1684 = PERSON_AND_ORGANIZATION ( #2735, #2316 ) ;
#1685 = CIRCLE ( 'NONE', #384, 7.000000000000020428 ) ;
#1686 = CARTESIAN_POINT ( 'NONE',  ( 2.204364238465235033E-15, 180.0000000000000000, 18.00000000000000000 ) ) ;
#1687 = DIRECTION ( 'NONE',  ( 0.000000000000000000, 0.000000000000000000, -1.000000000000000000 ) ) ;
#1688 = DIRECTION ( 'NONE',  ( -1.000000000000000000, 0.000000000000000000, -0.000000000000000000 ) ) ;
#1689 = AXIS2_PLACEMENT_3D ( 'NONE', #71, #1951, #1016 ) ;
#1690 = ORIENTED_EDGE ( 'NONE', *, *, #2694, .F. ) ;
#1691 = CYLINDRICAL_SURFACE ( 'NONE', #1733, 57.50000000000000000 ) ;
#1692 = VERTEX_POINT ( 'NONE', #343 ) ;
#1693 = CARTESIAN_POINT ( 'NONE',  ( 0.000000000000000000, 0.000000000000000000, 0.000000000000000000 ) ) ;
#1694 = CIRCLE ( 'NONE', #575, 5.500000000000005329 ) ;
#1695 = CALENDAR_DATE ( 2026, 29, 7 ) ;
#1696 = CC_DESIGN_PERSON_AND_ORGANIZATION_ASSIGNMENT ( #1330, #2274, ( #1473 ) ) ;
#1697 = FACE_BOUND ( 'NONE', #2031, .T. ) ;
#1698 = EDGE_CURVE ( 'NONE', #665, #69, #2822, .T. ) ;
#1699 = CC_DESIGN_DATE_AND_TIME_ASSIGNMENT ( #885, #2522, ( #2344 ) ) ;
#1700 = VERTEX_POINT ( 'NONE', #2850 ) ;
#1701 = ORIENTED_EDGE ( 'NONE', *, *, #2970, .T. ) ;
#1702 = PERSON_AND_ORGANIZATION ( #2735, #2316 ) ;
#1703 = DIRECTION ( 'NONE',  ( 0.000000000000000000, 0.000000000000000000, 1.000000000000000000 ) ) ;
#1704 = DIRECTION ( 'NONE',  ( 0.000000000000000000, 0.000000000000000000, -1.000000000000000000 ) ) ;
#1705 = DIRECTION ( 'NONE',  ( 0.000000000000000000, 1.000000000000000000, 0.000000000000000000 ) ) ;
#1706 = CARTESIAN_POINT ( 'NONE',  ( 0.000000000000000000, 145.0000000000000000, -57.50000000000000000 ) ) ;
#1707 = FACE_OUTER_BOUND ( 'NONE', #1137, .T. ) ;
#1708 = ORIENTED_EDGE ( 'NONE', *, *, #594, .F. ) ;
#1709 = DIRECTION ( 'NONE',  ( 0.000000000000000000, 0.000000000000000000, -1.000000000000000000 ) ) ;
#1710 = DIRECTION ( 'NONE',  ( 0.000000000000000000, 1.000000000000000000, 0.000000000000000000 ) ) ;
#1711 = EDGE_CURVE ( 'NONE', #945, #526, #733, .T. ) ;
#1712 = DATE_TIME_ROLE ( 'classification_date' ) ;
#1713 = CARTESIAN_POINT ( 'NONE',  ( -95.00000000000000000, 0.000000000000000000, 65.00000000000000000 ) ) ;
#1714 = CALENDAR_DATE ( 2026, 29, 7 ) ;
#1715 = ORIENTED_EDGE ( 'NONE', *, *, #462, .F. ) ;
#1716 = APPROVAL_DATE_TIME ( #114, #2246 ) ;
#1717 = ORGANIZATION ( 'NAUO-ORG2', 'UNSPECIFIED', 'UNSPECIFIED' ) ;
#1718 = LINE ( 'NONE', #102, #1990 ) ;
#1719 = CARTESIAN_POINT ( 'NONE',  ( 0.000000000000000000, 95.00000000000000000, 0.000000000000000000 ) ) ;
#1720 = CC_DESIGN_APPROVAL ( #124, ( #2268 ) ) ;
#1721 = DIRECTION ( 'NONE',  ( 0.000000000000000000, 1.000000000000000000, 0.000000000000000000 ) ) ;
#1722 = EDGE_LOOP ( 'NONE', ( #1340, #376 ) ) ;
#1723 = FACE_OUTER_BOUND ( 'NONE', #897, .T. ) ;
#1724 = VERTEX_POINT ( 'NONE', #1561 ) ;
#1725 = DATE_AND_TIME ( #815, #2461 ) ;
#1726 = ORIENTED_EDGE ( 'NONE', *, *, #276, .F. ) ;
#1727 = FACE_OUTER_BOUND ( 'NONE', #1658, .T. ) ;
#1728 = AXIS2_PLACEMENT_3D ( 'NONE', #2068, #673, #2802 ) ;
#1729 = DATE_AND_TIME ( #1714, #657 ) ;
#1730 = ORIENTED_EDGE ( 'NONE', *, *, #417, .T. ) ;
#1731 =( REPRESENTATION_RELATIONSHIP ('NONE','NONE', #1821, #577 ) REPRESENTATION_RELATIONSHIP_WITH_TRANSFORMATION ( #1740 )SHAPE_REPRESENTATION_RELATIONSHIP( ) );
#1732 = AXIS2_PLACEMENT_3D ( 'NONE', #1444, #1704, #1412 ) ;
#1733 = AXIS2_PLACEMENT_3D ( 'NONE', #1962, #534, #2404 ) ;
#1734 = AXIS2_PLACEMENT_3D ( 'NONE', #2247, #1277, #2492 ) ;
#1735 = DIRECTION ( 'NONE',  ( 0.000000000000000000, -0.000000000000000000, -1.000000000000000000 ) ) ;
#1736 = CARTESIAN_POINT ( 'NONE',  ( -31.38004145393735911, 30.00000000000000000, -82.75812166592552899 ) ) ;
#1737 = ORIENTED_EDGE ( 'NONE', *, *, #2375, .T. ) ;
#1738 = CYLINDRICAL_SURFACE ( 'NONE', #1689, 18.00000000000000000 ) ;
#1739 = DIRECTION ( 'NONE',  ( 0.000000000000000000, 1.000000000000000000, 0.000000000000000000 ) ) ;
#1740 = ITEM_DEFINED_TRANSFORMATION ( 'NONE', 'NONE', #2019,  #1621 ) ;
#1741 = PRODUCT ( 'MKH-013_heavy_finger', 'MKH-013_heavy_finger', '', ( #2141 ) ) ;
#1742 = EDGE_CURVE ( 'NONE', #2863, #1247, #2506, .T. ) ;
#1743 = LINE ( 'NONE', #1502, #2828 ) ;
#1744 = AXIS2_PLACEMENT_3D ( 'NONE', #2452, #1959, #1735 ) ;
#1745 = VERTEX_POINT ( 'NONE', #2929 ) ;
#1746 = PERSON_AND_ORGANIZATION ( #2735, #2316 ) ;
#1747 = LINE ( 'NONE', #1534, #898 ) ;
#1748 = DIRECTION ( 'NONE',  ( -0.000000000000000000, -1.000000000000000000, -0.000000000000000000 ) ) ;
#1749 = LINE ( 'NONE', #2727, #753 ) ;
#1750 = APPROVAL ( #2705, 'UNKNOWN' ) ;
#1751 = CARTESIAN_POINT ( 'NONE',  ( 85.00000000000000000, 0.000000000000000000, 52.99999999999999289 ) ) ;
#1752 = CARTESIAN_POINT ( 'NONE',  ( 70.00000000000000000, 0.000000000000000000, 50.50000000000000000 ) ) ;
#1753 = VERTEX_POINT ( 'NONE', #2450 ) ;
#1754 = DIRECTION ( 'NONE',  ( -0.000000000000000000, -1.000000000000000000, -0.000000000000000000 ) ) ;
#1755 = ORIENTED_EDGE ( 'NONE', *, *, #1056, .T. ) ;
#1756 = CARTESIAN_POINT ( 'NONE',  ( 15.00000000000000000, 0.000000000000000000, -7.500000000000000000 ) ) ;
#1757 = COORDINATED_UNIVERSAL_TIME_OFFSET ( 8, 0, .AHEAD. ) ;
#1758 = PERSON_AND_ORGANIZATION_ROLE ( 'design_supplier' ) ;
#1759 = LINE ( 'NONE', #2954, #2974 ) ;
#1760 = DIRECTION ( 'NONE',  ( 0.000000000000000000, 0.000000000000000000, 1.000000000000000000 ) ) ;
#1761 = VERTEX_POINT ( 'NONE', #2216 ) ;
#1762 = DIRECTION ( 'NONE',  ( -0.000000000000000000, -1.000000000000000000, -0.000000000000000000 ) ) ;
#1763 = DIRECTION ( 'NONE',  ( -0.000000000000000000, -1.000000000000000000, -0.000000000000000000 ) ) ;
#1764 = PRODUCT ( 'MKH-012_gripper_body', 'MKH-012_gripper_body', '', ( #354 ) ) ;
#1765 = PRODUCT_DEFINITION_FORMATION_WITH_SPECIFIED_SOURCE ( '�', '', #1764, .NOT_KNOWN. ) ;
#1766 = DIRECTION ( 'NONE',  ( 0.000000000000000000, 0.000000000000000000, 1.000000000000000000 ) ) ;
#1767 = LINE ( 'NONE', #2714, #2278 ) ;
#1768 = ORIENTED_EDGE ( 'NONE', *, *, #489, .F. ) ;
#1769 = LINE ( 'NONE', #648, #2535 ) ;
#1770 = VERTEX_POINT ( 'NONE', #2462 ) ;
#1771 = VECTOR ( 'NONE', #829, 1000.000000000000000 ) ;
#1772 = CALENDAR_DATE ( 2026, 29, 7 ) ;
#1773 = ADVANCED_FACE ( 'NONE', ( #1972 ), #168, .F. ) ;
#1774 = AXIS2_PLACEMENT_3D ( 'NONE', #1199, #1349, #750 ) ;
#1775 = EDGE_LOOP ( 'NONE', ( #1129, #1055, #1364, #1645, #1611, #983, #1479, #1033 ) ) ;
#1776 = DIRECTION ( 'NONE',  ( 1.000000000000000000, 0.000000000000000000, 0.000000000000000000 ) ) ;
#1777 = DIRECTION ( 'NONE',  ( 0.000000000000000000, 0.000000000000000000, 1.000000000000000000 ) ) ;
#1778 = AXIS2_PLACEMENT_3D ( 'NONE', #2083, #2742, #1086 ) ;
#1779 = EDGE_CURVE ( 'NONE', #2009, #2634, #288, .T. ) ;
#1780 = DIRECTION ( 'NONE',  ( 0.000000000000000000, 1.000000000000000000, 0.000000000000000000 ) ) ;
#1781 = DIRECTION ( 'NONE',  ( -0.000000000000000000, -0.000000000000000000, 1.000000000000000000 ) ) ;
#1782 = AXIS2_PLACEMENT_3D ( 'NONE', #921, #458, #1830 ) ;
#1783 = EDGE_CURVE ( 'NONE', #2769, #393, #356, .T. ) ;
#1784 = DIRECTION ( 'NONE',  ( -0.000000000000000000, -1.000000000000000000, -0.000000000000000000 ) ) ;
#1785 = ORIENTED_EDGE ( 'NONE', *, *, #847, .T. ) ;
#1786 = DIRECTION ( 'NONE',  ( 0.000000000000000000, -1.000000000000000000, 0.000000000000000000 ) ) ;
#1787 = VERTEX_POINT ( 'NONE', #607 ) ;
#1788 = CIRCLE ( 'NONE', #1734, 7.499999999999999112 ) ;
#1789 = VECTOR ( 'NONE', #1510, 1000.000000000000000 ) ;
#1790 = EDGE_LOOP ( 'NONE', ( #98, #1089 ) ) ;
#1791 = VECTOR ( 'NONE', #2905, 1000.000000000000000 ) ;
#1792 = CIRCLE ( 'NONE', #1258, 7.000000000000020428 ) ;
#1793 = ORIENTED_EDGE ( 'NONE', *, *, #2270, .T. ) ;
#1794 = CARTESIAN_POINT ( 'NONE',  ( -85.00000000000000000, 0.000000000000000000, 52.99999999999999289 ) ) ;
#1795 = DIRECTION ( 'NONE',  ( 0.000000000000000000, 1.000000000000000000, 0.000000000000000000 ) ) ;
#1796 = CARTESIAN_POINT ( 'NONE',  ( 15.00000000000000000, 28.00000000000000000, 7.500000000000000000 ) ) ;
#1797 = CYLINDRICAL_SURFACE ( 'NONE', #1531, 7.000000000000006217 ) ;
#1798 = EDGE_CURVE ( 'NONE', #1557, #1024, #40, .T. ) ;
#1799 = FACE_OUTER_BOUND ( 'NONE', #798, .T. ) ;
#1800 = FACE_OUTER_BOUND ( 'NONE', #440, .T. ) ;
#1801 = ORIENTED_EDGE ( 'NONE', *, *, #1742, .F. ) ;
#1802 = CARTESIAN_POINT ( 'NONE',  ( 0.000000000000000000, 120.0000000000000000, 0.000000000000000000 ) ) ;
#1803 = EDGE_LOOP ( 'NONE', ( #2915, #1287, #335, #389 ) ) ;
#1804 = ORIENTED_EDGE ( 'NONE', *, *, #1648, .T. ) ;
#1805 = ORIENTED_EDGE ( 'NONE', *, *, #2006, .F. ) ;
#1806 = CARTESIAN_POINT ( 'NONE',  ( -75.75812166592551478, 30.00000000000000000, -24.38004145393736621 ) ) ;
#1807 = COORDINATED_UNIVERSAL_TIME_OFFSET ( 8, 0, .AHEAD. ) ;
#1808 = DIRECTION ( 'NONE',  ( 0.000000000000000000, 0.000000000000000000, 1.000000000000000000 ) ) ;
#1809 = DIRECTION ( 'NONE',  ( 0.000000000000000000, 0.000000000000000000, -1.000000000000000000 ) ) ;
#1810 = CARTESIAN_POINT ( 'NONE',  ( -85.00000000000000000, 120.0000000000000000, 52.99999999999999289 ) ) ;
#1811 = EDGE_CURVE ( 'NONE', #49, #1906, #115, .T. ) ;
#1812 = CARTESIAN_POINT ( 'NONE',  ( 7.041719095097280485E-15, 145.0000000000000000, 57.50000000000000000 ) ) ;
#1813 = ORIENTED_EDGE ( 'NONE', *, *, #2451, .F. ) ;
#1814 = DIRECTION ( 'NONE',  ( -1.000000000000000000, 0.000000000000000000, -0.000000000000000000 ) ) ;
#1815 = ORIENTED_EDGE ( 'NONE', *, *, #1423, .F. ) ;
#1816 = CC_DESIGN_APPROVAL ( #2795, ( #1765 ) ) ;
#1817 = DATE_AND_TIME ( #1570, #1079 ) ;
#1818 = LOCAL_TIME ( 0, 27, 2.000000000000000000, #2175 ) ;
#1819 = EDGE_CURVE ( 'NONE', #149, #2769, #1788, .T. ) ;
#1820 = ORIENTED_EDGE ( 'NONE', *, *, #2347, .F. ) ;
#1821 = SHAPE_REPRESENTATION ( 'MKH-300_gripper_module', ( #2413, #1229, #705, #77, #2019, #84 ), #1533 ) ;
#1822 = DIRECTION ( 'NONE',  ( 0.000000000000000000, 0.000000000000000000, -1.000000000000000000 ) ) ;
#1823 = ORIENTED_EDGE ( 'NONE', *, *, #1711, .T. ) ;
#1824 = PERSON_AND_ORGANIZATION ( #2735, #2316 ) ;
#1825 =( GEOMETRIC_REPRESENTATION_CONTEXT ( 3 ) GLOBAL_UNCERTAINTY_ASSIGNED_CONTEXT ( ( #2596 ) ) GLOBAL_UNIT_ASSIGNED_CONTEXT ( ( #127, #1262, #823 ) ) REPRESENTATION_CONTEXT ( 'NONE', 'WORKASPACE' ) );
#1826 = EDGE_CURVE ( 'NONE', #2151, #2908, #95, .T. ) ;
#1827 = DIRECTION ( 'NONE',  ( 0.000000000000000000, 1.000000000000000000, 0.000000000000000000 ) ) ;
#1828 = CARTESIAN_POINT ( 'NONE',  ( 0.000000000000000000, 50.00000000000000000, 0.000000000000000000 ) ) ;
#1829 = DIRECTION ( 'NONE',  ( -0.000000000000000000, -1.000000000000000000, -0.000000000000000000 ) ) ;
#1830 = DIRECTION ( 'NONE',  ( 0.000000000000000000, 0.000000000000000000, 1.000000000000000000 ) ) ;
#1831 = ORIENTED_EDGE ( 'NONE', *, *, #1462, .F. ) ;
#1832 = VERTEX_POINT ( 'NONE', #2230 ) ;
#1833 = VECTOR ( 'NONE', #1652, 1000.000000000000000 ) ;
#1834 = VECTOR ( 'NONE', #1295, 1000.000000000000000 ) ;
#1835 = AXIS2_PLACEMENT_3D ( 'NONE', #1562, #624, #386 ) ;
#1836 = EDGE_LOOP ( 'NONE', ( #1875, #1076, #2629, #615 ) ) ;
#1837 = AXIS2_PLACEMENT_3D ( 'NONE', #1585, #2745, #150 ) ;
#1838 = EDGE_CURVE ( 'NONE', #858, #325, #2911, .T. ) ;
#1839 = EDGE_CURVE ( 'NONE', #827, #928, #2978, .T. ) ;
#1840 = PERSON_AND_ORGANIZATION_ROLE ( 'creator' ) ;
#1841 = CIRCLE ( 'NONE', #1256, 7.499999999999999112 ) ;
#1842 = CARTESIAN_POINT ( 'NONE',  ( 101.0000000000000000, 42.00000000000000000, 24.00000000000000000 ) ) ;
#1843 = CARTESIAN_POINT ( 'NONE',  ( -75.75812166592551478, 30.00000000000000000, -31.38004145393736266 ) ) ;
#1844 = EDGE_CURVE ( 'NONE', #1347, #650, #2283, .T. ) ;
#1845 = DIRECTION ( 'NONE',  ( 0.000000000000000000, 0.000000000000000000, 1.000000000000000000 ) ) ;
#1846 = ORIENTED_EDGE ( 'NONE', *, *, #2615, .T. ) ;
#1847 = CC_DESIGN_PERSON_AND_ORGANIZATION_ASSIGNMENT ( #1864, #1676, ( #2104 ) ) ;
#1848 = CC_DESIGN_PERSON_AND_ORGANIZATION_ASSIGNMENT ( #728, #1907, ( #2710 ) ) ;
#1849 = APPROVAL_DATE_TIME ( #2047, #177 ) ;
#1850 = DESIGN_CONTEXT ( 'detailed design', #1376, 'design' ) ;
#1851 = ORIENTED_EDGE ( 'NONE', *, *, #1876, .F. ) ;
#1852 = ORIENTED_EDGE ( 'NONE', *, *, #2846, .F. ) ;
#1853 = ORIENTED_EDGE ( 'NONE', *, *, #131, .T. ) ;
#1854 = DATE_AND_TIME ( #2586, #2224 ) ;
#1855 = LINE ( 'NONE', #2338, #891 ) ;
#1856 = CARTESIAN_POINT ( 'NONE',  ( 31.38004145393736266, 0.000000000000000000, -82.75812166592552899 ) ) ;
#1857 = CARTESIAN_POINT ( 'NONE',  ( 75.75812166592551478, 30.00000000000000000, -24.38004145393736621 ) ) ;
#1858 = ORIENTED_EDGE ( 'NONE', *, *, #1779, .F. ) ;
#1859 = ADVANCED_FACE ( 'NONE', ( #1999 ), #1082, .F. ) ;
#1860 = DIRECTION ( 'NONE',  ( -0.000000000000000000, -1.000000000000000000, -0.000000000000000000 ) ) ;
#1861 = EDGE_CURVE ( 'NONE', #265, #2579, #2435, .T. ) ;
#1862 = VERTEX_POINT ( 'NONE', #2391 ) ;
#1863 = ORGANIZATION ( 'NAUO-ORG4', 'UNSPECIFIED', 'UNSPECIFIED' ) ;
#1864 = PERSON_AND_ORGANIZATION ( #2735, #2316 ) ;
#1865 = CARTESIAN_POINT ( 'NONE',  ( -85.00000000000000000, 120.0000000000000000, -53.00000000000000000 ) ) ;
#1866 = EDGE_CURVE ( 'NONE', #736, #352, #1926, .T. ) ;
#1867 = EDGE_LOOP ( 'NONE', ( #2412, #695, #2856, #2706 ) ) ;
#1868 = CC_DESIGN_APPROVAL ( #1106, ( #2625 ) ) ;
#1869 = DATE_TIME_ROLE ( 'creation_date' ) ;
#1870 = DIRECTION ( 'NONE',  ( -0.000000000000000000, -1.000000000000000000, -0.000000000000000000 ) ) ;
#1871 = CARTESIAN_POINT ( 'NONE',  ( 85.00000000000000000, 0.000000000000000000, -60.00000000000000000 ) ) ;
#1872 = AXIS2_PLACEMENT_3D ( 'NONE', #969, #2853, #654 ) ;
#1873 = ADVANCED_FACE ( 'NONE', ( #2053 ), #2463, .T. ) ;
#1874 = CARTESIAN_POINT ( 'NONE',  ( 31.38004145393736266, 30.00000000000000000, -82.75812166592552899 ) ) ;
#1875 = ORIENTED_EDGE ( 'NONE', *, *, #2, .F. ) ;
#1876 = EDGE_CURVE ( 'NONE', #1231, #2975, #1058, .T. ) ;
#1877 = UNCERTAINTY_MEASURE_WITH_UNIT (LENGTH_MEASURE( 1.000000000000000082E-05 ), #73, 'distance_accuracy_value', 'NONE');
#1878 = AXIS2_PLACEMENT_3D ( 'NONE', #1459, #2340, #2816 ) ;
#1879 = DIRECTION ( 'NONE',  ( -0.000000000000000000, -1.000000000000000000, -0.000000000000000000 ) ) ;
#1880 = EDGE_LOOP ( 'NONE', ( #2385, #1823, #359, #156 ) ) ;
#1881 = AXIS2_PLACEMENT_3D ( 'NONE', #66, #950, #1925 ) ;
#1882 = DIRECTION ( 'NONE',  ( 0.000000000000000000, 0.000000000000000000, 1.000000000000000000 ) ) ;
#1883 = EDGE_CURVE ( 'NONE', #2584, #2170, #2977, .T. ) ;
#1884 = APPROVAL ( #741, '未' ) ;
#1885 = AXIS2_PLACEMENT_3D ( 'NONE', #966, #2162, #1445 ) ;
#1886 = ORIENTED_EDGE ( 'NONE', *, *, #925, .F. ) ;
#1887 = PERSON_AND_ORGANIZATION ( #2735, #2316 ) ;
#1888 = VERTEX_POINT ( 'NONE', #1072 ) ;
#1889 = VECTOR ( 'NONE', #311, 1000.000000000000000 ) ;
#1890 = DIRECTION ( 'NONE',  ( 0.000000000000000000, 0.000000000000000000, 1.000000000000000000 ) ) ;
#1891 = CARTESIAN_POINT ( 'NONE',  ( 85.00000000000000000, 120.0000000000000000, -60.00000000000000000 ) ) ;
#1892 = DIRECTION ( 'NONE',  ( -0.000000000000000000, -1.000000000000000000, -0.000000000000000000 ) ) ;
#1893 = CARTESIAN_POINT ( 'NONE',  ( -31.38004145393735911, 0.000000000000000000, 75.75812166592551478 ) ) ;
#1894 = ORIENTED_EDGE ( 'NONE', *, *, #76, .T. ) ;
#1895 = VECTOR ( 'NONE', #1228, 1000.000000000000000 ) ;
#1896 = DIRECTION ( 'NONE',  ( 0.000000000000000000, -1.000000000000000000, 0.000000000000000000 ) ) ;
#1897 = ORIENTED_EDGE ( 'NONE', *, *, #1698, .F. ) ;
#1898 = EDGE_CURVE ( 'NONE', #2157, #1372, #2481, .T. ) ;
#1899 = CIRCLE ( 'NONE', #578, 7.000000000000006217 ) ;
#1900 = ORIENTED_EDGE ( 'NONE', *, *, #2673, .F. ) ;
#1901 = DIRECTION ( 'NONE',  ( 0.000000000000000000, 0.000000000000000000, 1.000000000000000000 ) ) ;
#1902 = VERTEX_POINT ( 'NONE', #2507 ) ;
#1903 = COORDINATED_UNIVERSAL_TIME_OFFSET ( 8, 0, .AHEAD. ) ;
#1904 = CARTESIAN_POINT ( 'NONE',  ( 4.653657836759941941E-15, 50.00000000000000000, 38.00000000000000000 ) ) ;
#1905 = EDGE_CURVE ( 'NONE', #2302, #1724, #1627, .T. ) ;
#1906 = VERTEX_POINT ( 'NONE', #371 ) ;
#1907 = PERSON_AND_ORGANIZATION_ROLE ( 'design_supplier' ) ;
#1908 = APPROVAL ( #234, '未' ) ;
#1909 = PLANE ( 'NONE',  #985 ) ;
#1910 = DIRECTION ( 'NONE',  ( 0.000000000000000000, 0.000000000000000000, 1.000000000000000000 ) ) ;
#1911 = FACE_BOUND ( 'NONE', #1993, .T. ) ;
#1912 = DIRECTION ( 'NONE',  ( 0.000000000000000000, 0.000000000000000000, 1.000000000000000000 ) ) ;
#1913 = EDGE_CURVE ( 'NONE', #1372, #916, #2995, .T. ) ;
#1914 = DIRECTION ( 'NONE',  ( 0.000000000000000000, 0.000000000000000000, 1.000000000000000000 ) ) ;
#1915 = DIRECTION ( 'NONE',  ( -0.000000000000000000, -1.000000000000000000, -0.000000000000000000 ) ) ;
#1916 = PERSON_AND_ORGANIZATION_ROLE ( 'creator' ) ;
#1917 = DIRECTION ( 'NONE',  ( -0.000000000000000000, -1.000000000000000000, -0.000000000000000000 ) ) ;
#1918 = CC_DESIGN_SECURITY_CLASSIFICATION ( #1612, ( #3033 ) ) ;
#1919 = VERTEX_POINT ( 'NONE', #861 ) ;
#1920 = DATE_AND_TIME ( #1006, #1818 ) ;
#1921 = DIRECTION ( 'NONE',  ( 0.000000000000000000, 0.000000000000000000, 1.000000000000000000 ) ) ;
#1922 = APPROVAL_STATUS ( 'not_yet_approved' ) ;
#1923 = CARTESIAN_POINT ( 'NONE',  ( -75.75812166592551478, 30.00000000000000000, -31.38004145393736266 ) ) ;
#1924 = DIRECTION ( 'NONE',  ( -0.000000000000000000, -1.000000000000000000, -0.000000000000000000 ) ) ;
#1925 = DIRECTION ( 'NONE',  ( 0.000000000000000000, 0.000000000000000000, 1.000000000000000000 ) ) ;
#1926 = LINE ( 'NONE', #2261, #521 ) ;
#1927 = SHAPE_REPRESENTATION ( 'MKH-014_gripper_cylinder', ( #1621 ), #2473 ) ;
#1928 = PRODUCT_RELATED_PRODUCT_CATEGORY ( 'detail', '', ( #627 ) ) ;
#1929 = VECTOR ( 'NONE', #1870, 1000.000000000000000 ) ;
#1930 = CARTESIAN_POINT ( 'NONE',  ( 70.00000000000000000, 95.00000000000000000, 45.00000000000000000 ) ) ;
#1931 = ADVANCED_FACE ( 'NONE', ( #1291 ), #2027, .F. ) ;
#1932 = ORIENTED_EDGE ( 'NONE', *, *, #89, .T. ) ;
#1933 = DIRECTION ( 'NONE',  ( -0.000000000000000000, -1.000000000000000000, -0.000000000000000000 ) ) ;
#1934 = DIRECTION ( 'NONE',  ( 1.000000000000000000, -0.000000000000000000, 0.000000000000000000 ) ) ;
#1935 = PERSON_AND_ORGANIZATION_ROLE ( 'design_supplier' ) ;
#1936 = CARTESIAN_POINT ( 'NONE',  ( -70.00000000000000000, 95.00000000000000000, 45.00000000000000000 ) ) ;
#1937 = CIRCLE ( 'NONE', #616, 6.999999999999999112 ) ;
#1938 = EDGE_CURVE ( 'NONE', #1180, #2966, #2076, .T. ) ;
#1939 = CIRCLE ( 'NONE', #1588, 6.999999999999999112 ) ;
#1940 = ORIENTED_EDGE ( 'NONE', *, *, #355, .T. ) ;
#1941 = CIRCLE ( 'NONE', #429, 7.000000000000006217 ) ;
#1942 = ADVANCED_FACE ( 'NONE', ( #399 ), #1519, .T. ) ;
#1943 = PERSON_AND_ORGANIZATION ( #2735, #2316 ) ;
#1944 = DIRECTION ( 'NONE',  ( 0.000000000000000000, 0.000000000000000000, 1.000000000000000000 ) ) ;
#1945 = FACE_BOUND ( 'NONE', #1078, .T. ) ;
#1946 = PLANE ( 'NONE',  #2781 ) ;
#1947 = ORIENTED_EDGE ( 'NONE', *, *, #2375, .F. ) ;
#1948 = CIRCLE ( 'NONE', #2489, 115.0000000000000000 ) ;
#1949 = CARTESIAN_POINT ( 'NONE',  ( 75.75812166592551478, 0.000000000000000000, 31.38004145393735200 ) ) ;
#1950 = EDGE_LOOP ( 'NONE', ( #1190, #2648, #216, #2401 ) ) ;
#1951 = DIRECTION ( 'NONE',  ( -0.000000000000000000, -1.000000000000000000, -0.000000000000000000 ) ) ;
#1952 = VECTOR ( 'NONE', #75, 1000.000000000000000 ) ;
#1953 = EDGE_CURVE ( 'NONE', #1647, #838, #2075, .T. ) ;
#1954 = PERSON_AND_ORGANIZATION ( #3002, #1120 ) ;
#1955 = CARTESIAN_POINT ( 'NONE',  ( -70.00000000000000000, 95.00000000000000000, -39.49999999999999289 ) ) ;
#1956 = ORIENTED_EDGE ( 'NONE', *, *, #758, .F. ) ;
#1957 = EDGE_CURVE ( 'NONE', #1753, #2902, #1334, .T. ) ;
#1958 = DIRECTION ( 'NONE',  ( 0.000000000000000000, 1.000000000000000000, 0.000000000000000000 ) ) ;
#1959 = DIRECTION ( 'NONE',  ( 0.000000000000000000, -1.000000000000000000, 0.000000000000000000 ) ) ;
#1960 = EDGE_CURVE ( 'NONE', #935, #3, #1096, .T. ) ;
#1961 = ADVANCED_BREP_SHAPE_REPRESENTATION ( '', ( #406, #1621 ), #229 ) ;
#1962 = CARTESIAN_POINT ( 'NONE',  ( 0.000000000000000000, 145.0000000000000000, 0.000000000000000000 ) ) ;
#1963 = ORIENTED_EDGE ( 'NONE', *, *, #3022, .F. ) ;
#1964 = CARTESIAN_POINT ( 'NONE',  ( 0.000000000000000000, 50.00000000000000000, 0.000000000000000000 ) ) ;
#1965 = VERTEX_POINT ( 'NONE', #2000 ) ;
#1966 = APPROVAL_STATUS ( 'not_yet_approved' ) ;
#1967 = CARTESIAN_POINT ( 'NONE',  ( 59.00000000000000000, 42.00000000000000000, 24.00000000000000000 ) ) ;
#1968 = ORIENTED_EDGE ( 'NONE', *, *, #604, .T. ) ;
#1969 = EDGE_LOOP ( 'NONE', ( #348, #1963, #684, #2072 ) ) ;
#1970 = DIRECTION ( 'NONE',  ( -1.000000000000000000, 0.000000000000000000, -0.000000000000000000 ) ) ;
#1971 = APPLICATION_PROTOCOL_DEFINITION ( 'international standard', 'config_control_design', 1994, #2898 ) ;
#1972 = FACE_OUTER_BOUND ( 'NONE', #2429, .T. ) ;
#1973 = EDGE_CURVE ( 'NONE', #2089, #1116, #1685, .T. ) ;
#1974 = EDGE_CURVE ( 'NONE', #795, #1472, #766, .T. ) ;
#1975 = DIRECTION ( 'NONE',  ( 0.000000000000000000, 0.000000000000000000, 1.000000000000000000 ) ) ;
#1976 = APPROVAL_PERSON_ORGANIZATION ( #79, #266, #988 ) ;
#1977 = ORIENTED_EDGE ( 'NONE', *, *, #1826, .T. ) ;
#1978 = DIRECTION ( 'NONE',  ( 0.000000000000000000, 1.000000000000000000, 0.000000000000000000 ) ) ;
#1979 = ADVANCED_FACE ( 'NONE', ( #431 ), #888, .F. ) ;
#1980 = ORIENTED_EDGE ( 'NONE', *, *, #493, .F. ) ;
#1981 = DIRECTION ( 'NONE',  ( -1.000000000000000000, -0.000000000000000000, -0.000000000000000000 ) ) ;
#1982 = AXIS2_PLACEMENT_3D ( 'NONE', #957, #24, #2770 ) ;
#1983 = EDGE_CURVE ( 'NONE', #2286, #2312, #2711, .T. ) ;
#1984 = EDGE_LOOP ( 'NONE', ( #535, #2059, #2420, #254 ) ) ;
#1985 = APPROVAL ( #59, '未' ) ;
#1986 = APPROVAL_STATUS ( 'not_yet_approved' ) ;
#1987 = AXIS2_PLACEMENT_3D ( 'NONE', #909, #208, #2792 ) ;
#1988 = CARTESIAN_POINT ( 'NONE',  ( 15.00000000000000000, 28.00000000000000000, 7.500000000000000000 ) ) ;
#1989 = CARTESIAN_POINT ( 'NONE',  ( -42.00000000000000000, 28.00000000000000000, -7.500000000000000000 ) ) ;
#1990 = VECTOR ( 'NONE', #2622, 1000.000000000000000 ) ;
#1991 = CARTESIAN_POINT ( 'NONE',  ( -85.00000000000000000, 120.0000000000000000, 60.00000000000000000 ) ) ;
#1992 = CARTESIAN_POINT ( 'NONE',  ( -70.00000000000000000, 95.00000000000000000, -45.00000000000000000 ) ) ;
#1993 = EDGE_LOOP ( 'NONE', ( #2349, #1159 ) ) ;
#1994 = AXIS2_PLACEMENT_3D ( 'NONE', #1538, #372, #1809 ) ;
#1995 = FACE_BOUND ( 'NONE', #704, .T. ) ;
#1996 = PERSON_AND_ORGANIZATION ( #2329, #1717 ) ;
#1997 = VECTOR ( 'NONE', #1483, 1000.000000000000000 ) ;
#1998 = ORIENTED_EDGE ( 'NONE', *, *, #2516, .F. ) ;
#1999 = FACE_OUTER_BOUND ( 'NONE', #1950, .T. ) ;
#2000 = CARTESIAN_POINT ( 'NONE',  ( 85.00000000000000000, 120.0000000000000000, 52.99999999999999289 ) ) ;
#2001 = DIRECTION ( 'NONE',  ( 0.000000000000000000, 0.000000000000000000, -1.000000000000000000 ) ) ;
#2002 = DIRECTION ( 'NONE',  ( 0.000000000000000000, 0.000000000000000000, 1.000000000000000000 ) ) ;
#2003 = CARTESIAN_POINT ( 'NONE',  ( 0.000000000000000000, 28.00000000000000000, 0.000000000000000000 ) ) ;
#2004 = EDGE_LOOP ( 'NONE', ( #2515, #2598, #2176, #2663 ) ) ;
#2005 = FACE_BOUND ( 'NONE', #2379, .T. ) ;
#2006 = EDGE_CURVE ( 'NONE', #2563, #1745, #714, .T. ) ;
#2007 = CALENDAR_DATE ( 2026, 29, 7 ) ;
#2008 = DIRECTION ( 'NONE',  ( -0.000000000000000000, -0.000000000000000000, 1.000000000000000000 ) ) ;
#2009 = VERTEX_POINT ( 'NONE', #444 ) ;
#2010 = ADVANCED_FACE ( 'NONE', ( #904 ), #1123, .F. ) ;
#2011 = DIRECTION ( 'NONE',  ( 0.000000000000000000, 1.000000000000000000, 0.000000000000000000 ) ) ;
#2012 = DIRECTION ( 'NONE',  ( -0.000000000000000000, -1.000000000000000000, -0.000000000000000000 ) ) ;
#2013 = CC_DESIGN_APPROVAL ( #177, ( #2960 ) ) ;
#2014 = ADVANCED_FACE ( 'NONE', ( #219 ), #2067, .F. ) ;
#2015 = EDGE_LOOP ( 'NONE', ( #584, #708, #477, #729 ) ) ;
#2016 = PLANE ( 'NONE',  #1140 ) ;
#2017 = EDGE_LOOP ( 'NONE', ( #1041, #2838, #436, #112 ) ) ;
#2018 = CC_DESIGN_DATE_AND_TIME_ASSIGNMENT ( #274, #962, ( #1326 ) ) ;
#2019 = AXIS2_PLACEMENT_3D ( 'NONE', #157, #859, #410 ) ;
#2020 = APPROVAL_STATUS ( 'not_yet_approved' ) ;
#2021 = VECTOR ( 'NONE', #2839, 1000.000000000000000 ) ;
#2022 = VERTEX_POINT ( 'NONE', #2188 ) ;
#2023 = AXIS2_PLACEMENT_3D ( 'NONE', #2394, #425, #41 ) ;
#2024 = CARTESIAN_POINT ( 'NONE',  ( 1095.000000000000000, 920.0000000000000000, 0.000000000000000000 ) ) ;
#2025 = DIRECTION ( 'NONE',  ( 1.000000000000000000, 0.000000000000000000, -0.000000000000000000 ) ) ;
#2026 = VECTOR ( 'NONE', #1011, 1000.000000000000000 ) ;
#2027 = CYLINDRICAL_SURFACE ( 'NONE', #1346, 7.000000000000020428 ) ;
#2028 = FACE_OUTER_BOUND ( 'NONE', #777, .T. ) ;
#2029 = AXIS2_PLACEMENT_3D ( 'NONE', #1598, #435, #2819 ) ;
#2030 = DIRECTION ( 'NONE',  ( -0.000000000000000000, -1.000000000000000000, -0.000000000000000000 ) ) ;
#2031 = EDGE_LOOP ( 'NONE', ( #2140, #1675 ) ) ;
#2032 = DIRECTION ( 'NONE',  ( 0.000000000000000000, 0.000000000000000000, 1.000000000000000000 ) ) ;
#2033 = VECTOR ( 'NONE', #1537, 1000.000000000000000 ) ;
#2034 = EDGE_CURVE ( 'NONE', #2671, #573, #1214, .T. ) ;
#2035 = CIRCLE ( 'NONE', #474, 6.999999999999999112 ) ;
#2036 = UNCERTAINTY_MEASURE_WITH_UNIT (LENGTH_MEASURE( 1.000000000000000082E-05 ), #2504, 'distance_accuracy_value', 'NONE');
#2037 = VERTEX_POINT ( 'NONE', #2148 ) ;
#2038 = VECTOR ( 'NONE', #207, 1000.000000000000000 ) ;
#2039 = DATE_AND_TIME ( #1593, #169 ) ;
#2040 = CARTESIAN_POINT ( 'NONE',  ( 95.00000000000000000, 95.00000000000000000, 65.00000000000000000 ) ) ;
#2041 = CARTESIAN_POINT ( 'NONE',  ( 0.000000000000000000, 50.00000000000000000, -65.00000000000000000 ) ) ;
#2042 = CARTESIAN_POINT ( 'NONE',  ( 15.00000000000000000, 28.00000000000000000, -7.500000000000000000 ) ) ;
#2043 = DIRECTION ( 'NONE',  ( 0.000000000000000000, 1.000000000000000000, -0.000000000000000000 ) ) ;
#2044 = VERTEX_POINT ( 'NONE', #797 ) ;
#2045 = DIRECTION ( 'NONE',  ( 0.000000000000000000, 0.000000000000000000, 1.000000000000000000 ) ) ;
#2046 = APPLICATION_CONTEXT ( 'configuration controlled 3d designs of mechanical parts and assemblies' ) ;
#2047 = DATE_AND_TIME ( #3003, #2212 ) ;
#2048 = EDGE_CURVE ( 'NONE', #1565, #49, #2725, .T. ) ;
#2049 = ORIENTED_EDGE ( 'NONE', *, *, #2667, .T. ) ;
#2050 = CARTESIAN_POINT ( 'NONE',  ( 110.0000000000000000, 0.000000000000000000, 24.00000000000000000 ) ) ;
#2051 = ORIENTED_EDGE ( 'NONE', *, *, #1973, .T. ) ;
#2052 = CARTESIAN_POINT ( 'NONE',  ( 75.75812166592551478, 30.00000000000000000, 31.38004145393735200 ) ) ;
#2053 = FACE_OUTER_BOUND ( 'NONE', #2959, .T. ) ;
#2054 = DIRECTION ( 'NONE',  ( 0.000000000000000000, 0.000000000000000000, 1.000000000000000000 ) ) ;
#2055 = CARTESIAN_POINT ( 'NONE',  ( 0.000000000000000000, 30.00000000000000000, 0.000000000000000000 ) ) ;
#2056 = CARTESIAN_POINT ( 'NONE',  ( -85.00000000000000000, 120.0000000000000000, 67.00000000000000000 ) ) ;
#2057 = VERTEX_POINT ( 'NONE', #2421 ) ;
#2058 = LINE ( 'NONE', #1297, #1397 ) ;
#2059 = ORIENTED_EDGE ( 'NONE', *, *, #2614, .T. ) ;
#2060 = EDGE_CURVE ( 'NONE', #1024, #69, #828, .T. ) ;
#2061 = ORIENTED_EDGE ( 'NONE', *, *, #747, .T. ) ;
#2062 = ORIENTED_EDGE ( 'NONE', *, *, #1365, .T. ) ;
#2063 = AXIS2_PLACEMENT_3D ( 'NONE', #2294, #159, #2054 ) ;
#2064 = ORIENTED_EDGE ( 'NONE', *, *, #2149, .T. ) ;
#2065 = EDGE_CURVE ( 'NONE', #1902, #2797, #2691, .T. ) ;
#2066 = CC_DESIGN_PERSON_AND_ORGANIZATION_ASSIGNMENT ( #926, #1935, ( #1029 ) ) ;
#2067 = PLANE ( 'NONE',  #997 ) ;
#2068 = CARTESIAN_POINT ( 'NONE',  ( 75.75812166592551478, 0.000000000000000000, 31.38004145393735200 ) ) ;
#2069 = DIRECTION ( 'NONE',  ( -0.000000000000000000, -1.000000000000000000, -0.000000000000000000 ) ) ;
#2070 = AXIS2_PLACEMENT_3D ( 'NONE', #1672, #2624, #2901 ) ;
#2071 = CARTESIAN_POINT ( 'NONE',  ( 59.00000000000000000, 42.00000000000000000, -24.00000000000000000 ) ) ;
#2072 = ORIENTED_EDGE ( 'NONE', *, *, #1779, .T. ) ;
#2073 = AXIS2_PLACEMENT_3D ( 'NONE', #2607, #1958, #1475 ) ;
#2074 = ORIENTED_EDGE ( 'NONE', *, *, #1898, .F. ) ;
#2075 = CIRCLE ( 'NONE', #166, 7.000000000000020428 ) ;
#2076 = CIRCLE ( 'NONE', #2534, 6.999999999999999112 ) ;
#2077 = VERTEX_POINT ( 'NONE', #2903 ) ;
#2078 = DATE_AND_TIME ( #1181, #2972 ) ;
#2079 = EDGE_CURVE ( 'NONE', #1557, #665, #2168, .T. ) ;
#2080 = AXIS2_PLACEMENT_3D ( 'NONE', #494, #271, #1219 ) ;
#2081 = CARTESIAN_POINT ( 'NONE',  ( 15.00000000000000000, 28.00000000000000000, -7.500000000000000000 ) ) ;
#2082 = PRODUCT_DEFINITION_SHAPE ( 'NONE', 'NONE',  #913 ) ;
#2083 = CARTESIAN_POINT ( 'NONE',  ( 85.00000000000000000, 120.0000000000000000, -60.00000000000000000 ) ) ;
#2084 = LINE ( 'NONE', #661, #946 ) ;
#2085 = ORIENTED_EDGE ( 'NONE', *, *, #2907, .T. ) ;
#2086 = FACE_OUTER_BOUND ( 'NONE', #2121, .T. ) ;
#2087 = ORIENTED_EDGE ( 'NONE', *, *, #2643, .F. ) ;
#2088 = EDGE_CURVE ( 'NONE', #1372, #3004, #332, .T. ) ;
#2089 = VERTEX_POINT ( 'NONE', #2441 ) ;
#2090 = ORIENTED_EDGE ( 'NONE', *, *, #2006, .T. ) ;
#2091 = ADVANCED_FACE ( 'NONE', ( #583 ), #1032, .F. ) ;
#2092 = DATE_AND_TIME ( #138, #2707 ) ;
#2093 = APPLICATION_PROTOCOL_DEFINITION ( 'international standard', 'config_control_design', 1994, #1218 ) ;
#2094 = ADVANCED_FACE ( 'NONE', ( #1723 ), #1738, .T. ) ;
#2095 = DIRECTION ( 'NONE',  ( 0.000000000000000000, 0.000000000000000000, 1.000000000000000000 ) ) ;
#2096 = FACE_OUTER_BOUND ( 'NONE', #2958, .T. ) ;
#2097 = CARTESIAN_POINT ( 'NONE',  ( 0.000000000000000000, 180.0000000000000000, -18.00000000000000000 ) ) ;
#2098 = ORIENTED_EDGE ( 'NONE', *, *, #1134, .F. ) ;
#2099 = PLANE ( 'NONE',  #1192 ) ;
#2100 = EDGE_CURVE ( 'NONE', #2863, #2671, #1480, .T. ) ;
#2101 = CC_DESIGN_DATE_AND_TIME_ASSIGNMENT ( #1817, #1131, ( #2960 ) ) ;
#2102 = CARTESIAN_POINT ( 'NONE',  ( 31.38004145393736266, 30.00000000000000000, 75.75812166592551478 ) ) ;
#2103 = EDGE_CURVE ( 'NONE', #1220, #11, #2035, .T. ) ;
#2104 = SECURITY_CLASSIFICATION ( '', '', #2869 ) ;
#2105 = CARTESIAN_POINT ( 'NONE',  ( -120.0000000000000000, 0.000000000000000000, 90.00000000000000000 ) ) ;
#2106 = ORIENTED_EDGE ( 'NONE', *, *, #183, .T. ) ;
#2107 = LOCAL_TIME ( 0, 27, 2.000000000000000000, #1663 ) ;
#2108 = CALENDAR_DATE ( 2026, 29, 7 ) ;
#2109 = ADVANCED_FACE ( 'NONE', ( #785 ), #360, .T. ) ;
#2110 = CARTESIAN_POINT ( 'NONE',  ( 101.0000000000000000, 42.00000000000000000, -24.00000000000000000 ) ) ;
#2111 = CARTESIAN_POINT ( 'NONE',  ( 75.75812166592551478, 0.000000000000000000, 38.38004145393735200 ) ) ;
#2112 = EDGE_CURVE ( 'NONE', #2037, #2057, #2219, .T. ) ;
#2113 = VECTOR ( 'NONE', #609, 1000.000000000000000 ) ;
#2114 = CARTESIAN_POINT ( 'NONE',  ( -78.00000000000000000, 0.000000000000000000, -7.499999999999999112 ) ) ;
#2115 = CYLINDRICAL_SURFACE ( 'NONE', #1987, 5.500000000000005329 ) ;
#2116 = ORIENTED_EDGE ( 'NONE', *, *, #2034, .F. ) ;
#2117 = DIRECTION ( 'NONE',  ( 0.000000000000000000, 0.000000000000000000, -1.000000000000000000 ) ) ;
#2118 = VERTEX_POINT ( 'NONE', #347 ) ;
#2119 = VECTOR ( 'NONE', #515, 1000.000000000000000 ) ;
#2120 = DIRECTION ( 'NONE',  ( 0.000000000000000000, 1.000000000000000000, 0.000000000000000000 ) ) ;
#2121 = EDGE_LOOP ( 'NONE', ( #697, #2865, #1897, #1198 ) ) ;
#2122 = DATE_TIME_ROLE ( 'creation_date' ) ;
#2123 = AXIS2_PLACEMENT_3D ( 'NONE', #1540, #2544, #1128 ) ;
#2124 = DIRECTION ( 'NONE',  ( -0.000000000000000000, -1.000000000000000000, -0.000000000000000000 ) ) ;
#2125 = ADVANCED_FACE ( 'NONE', ( #2393, #1268, #2203, #135, #1049, #1995, #522, #2934, #2866, #1451 ), #771, .F. ) ;
#2126 = VECTOR ( 'NONE', #1317, 1000.000000000000000 ) ;
#2127 = ORIENTED_EDGE ( 'NONE', *, *, #164, .T. ) ;
#2128 = APPROVAL_DATE_TIME ( #2078, #2416 ) ;
#2129 = AXIS2_PLACEMENT_3D ( 'NONE', #1693, #2644, #1077 ) ;
#2130 = CARTESIAN_POINT ( 'NONE',  ( -110.0000000000000000, 28.00000000000000000, 24.00000000000000000 ) ) ;
#2131 = FACE_OUTER_BOUND ( 'NONE', #649, .T. ) ;
#2132 = FACE_BOUND ( 'NONE', #339, .T. ) ;
#2133 = CARTESIAN_POINT ( 'NONE',  ( 85.00000000000000000, 120.0000000000000000, -52.99999999999999289 ) ) ;
#2134 = EDGE_CURVE ( 'NONE', #2022, #321, #1001, .T. ) ;
#2135 = CARTESIAN_POINT ( 'NONE',  ( -75.75812166592551478, 0.000000000000000000, 31.38004145393735200 ) ) ;
#2136 = FACE_OUTER_BOUND ( 'NONE', #273, .T. ) ;
#2137 = ORIENTED_EDGE ( 'NONE', *, *, #2458, .T. ) ;
#2138 = PERSON_AND_ORGANIZATION ( #2735, #2316 ) ;
#2139 = CARTESIAN_POINT ( 'NONE',  ( -31.38004145393735911, 0.000000000000000000, 82.75812166592554320 ) ) ;
#2140 = ORIENTED_EDGE ( 'NONE', *, *, #933, .T. ) ;
#2141 = MECHANICAL_CONTEXT ( 'NONE', #1218, 'mechanical' ) ;
#2142 = ORIENTED_EDGE ( 'NONE', *, *, #2796, .F. ) ;
#2143 = CARTESIAN_POINT ( 'NONE',  ( 0.000000000000000000, 145.0000000000000000, 0.000000000000000000 ) ) ;
#2144 = CARTESIAN_POINT ( 'NONE',  ( -85.00000000000000000, 120.0000000000000000, -67.00000000000000000 ) ) ;
#2145 = CARTESIAN_POINT ( 'NONE',  ( 59.00000000000000000, 42.00000000000000000, 24.00000000000000000 ) ) ;
#2146 = DIRECTION ( 'NONE',  ( -0.000000000000000000, -1.000000000000000000, -0.000000000000000000 ) ) ;
#2147 = ORIENTED_EDGE ( 'NONE', *, *, #1551, .T. ) ;
#2148 = CARTESIAN_POINT ( 'NONE',  ( 110.0000000000000000, 28.00000000000000000, -24.00000000000000000 ) ) ;
#2149 = EDGE_CURVE ( 'NONE', #1007, #1547, #1630, .T. ) ;
#2150 = EDGE_CURVE ( 'NONE', #677, #2312, #2332, .T. ) ;
#2151 = VERTEX_POINT ( 'NONE', #2716 ) ;
#2152 = EDGE_CURVE ( 'NONE', #2157, #391, #390, .T. ) ;
#2153 = FACE_BOUND ( 'NONE', #1602, .T. ) ;
#2154 = CC_DESIGN_SECURITY_CLASSIFICATION ( #976, ( #3031 ) ) ;
#2155 = EDGE_LOOP ( 'NONE', ( #1171, #2147, #165, #243 ) ) ;
#2156 = COORDINATED_UNIVERSAL_TIME_OFFSET ( 8, 0, .AHEAD. ) ;
#2157 = VERTEX_POINT ( 'NONE', #2763 ) ;
#2158 = DIRECTION ( 'NONE',  ( 0.000000000000000000, 1.000000000000000000, 0.000000000000000000 ) ) ;
#2159 = DATE_AND_TIME ( #974, #2409 ) ;
#2160 = CC_DESIGN_PERSON_AND_ORGANIZATION_ASSIGNMENT ( #2927, #779, ( #1765 ) ) ;
#2161 = CARTESIAN_POINT ( 'NONE',  ( -110.0000000000000000, 28.00000000000000000, 24.00000000000000000 ) ) ;
#2162 = DIRECTION ( 'NONE',  ( 0.000000000000000000, -1.000000000000000000, 0.000000000000000000 ) ) ;
#2163 = ADVANCED_FACE ( 'NONE', ( #877 ), #2016, .F. ) ;
#2164 = CIRCLE ( 'NONE', #1982, 7.000000000000020428 ) ;
#2165 = DIRECTION ( 'NONE',  ( 0.000000000000000000, 0.000000000000000000, 1.000000000000000000 ) ) ;
#2166 = LINE ( 'NONE', #2670, #235 ) ;
#2167 = ORIENTED_EDGE ( 'NONE', *, *, #570, .T. ) ;
#2168 = LINE ( 'NONE', #108, #2782 ) ;
#2169 = APPROVAL_PERSON_ORGANIZATION ( #1824, #1206, #2291 ) ;
#2170 = VERTEX_POINT ( 'NONE', #1339 ) ;
#2171 = DATE_TIME_ROLE ( 'classification_date' ) ;
#2172 = DIRECTION ( 'NONE',  ( 0.000000000000000000, 0.000000000000000000, 1.000000000000000000 ) ) ;
#2173 = VECTOR ( 'NONE', #83, 1000.000000000000000 ) ;
#2174 = AXIS2_PLACEMENT_3D ( 'NONE', #2135, #783, #1914 ) ;
#2175 = COORDINATED_UNIVERSAL_TIME_OFFSET ( 8, 0, .AHEAD. ) ;
#2176 = ORIENTED_EDGE ( 'NONE', *, *, #298, .F. ) ;
#2177 = VECTOR ( 'NONE', #1027, 1000.000000000000000 ) ;
#2178 = COORDINATED_UNIVERSAL_TIME_OFFSET ( 8, 0, .AHEAD. ) ;
#2179 = VECTOR ( 'NONE', #1754, 1000.000000000000000 ) ;
#2180 = PLANE ( 'NONE',  #1732 ) ;
#2181 = EDGE_CURVE ( 'NONE', #325, #2975, #2872, .T. ) ;
#2182 = CARTESIAN_POINT ( 'NONE',  ( 31.38004145393736266, 30.00000000000000000, 68.75812166592550057 ) ) ;
#2183 = CARTESIAN_POINT ( 'NONE',  ( -78.00000000000000000, 0.000000000000000000, 7.499999999999999112 ) ) ;
#2184 = EDGE_CURVE ( 'NONE', #1647, #2089, #2058, .T. ) ;
#2185 = VECTOR ( 'NONE', #1917, 1000.000000000000000 ) ;
#2186 = FACE_OUTER_BOUND ( 'NONE', #1304, .T. ) ;
#2187 = ORIENTED_EDGE ( 'NONE', *, *, #2222, .T. ) ;
#2188 = CARTESIAN_POINT ( 'NONE',  ( 0.000000000000000000, 120.0000000000000000, -57.50000000000000000 ) ) ;
#2189 = CALENDAR_DATE ( 2026, 29, 7 ) ;
#2190 = PERSON_AND_ORGANIZATION_ROLE ( 'design_owner' ) ;
#2191 = DIRECTION ( 'NONE',  ( 0.000000000000000000, -0.000000000000000000, 1.000000000000000000 ) ) ;
#2192 = PERSON_AND_ORGANIZATION ( #2735, #2316 ) ;
#2193 = ORIENTED_EDGE ( 'NONE', *, *, #1819, .F. ) ;
#2194 = LINE ( 'NONE', #1008, #1889 ) ;
#2195 = EDGE_CURVE ( 'NONE', #321, #2022, #818, .T. ) ;
#2196 = PERSON_AND_ORGANIZATION ( #2735, #2316 ) ;
#2197 = EDGE_CURVE ( 'NONE', #1359, #1374, #96, .T. ) ;
#2198 = EDGE_CURVE ( 'NONE', #1247, #573, #1769, .T. ) ;
#2199 = PLANE ( 'NONE',  #770 ) ;
#2200 = CARTESIAN_POINT ( 'NONE',  ( 31.38004145393736266, 30.00000000000000000, 75.75812166592551478 ) ) ;
#2201 = DIRECTION ( 'NONE',  ( 0.000000000000000000, 0.000000000000000000, 1.000000000000000000 ) ) ;
#2202 = EDGE_LOOP ( 'NONE', ( #2950, #1048, #2830, #2993 ) ) ;
#2203 = FACE_BOUND ( 'NONE', #655, .T. ) ;
#2204 = ORIENTED_EDGE ( 'NONE', *, *, #1464, .T. ) ;
#2205 = EDGE_CURVE ( 'NONE', #118, #3007, #1117, .T. ) ;
#2206 = PERSON_AND_ORGANIZATION_ROLE ( 'classification_officer' ) ;
#2207 = APPROVAL ( #262, '未' ) ;
#2208 = PERSON_AND_ORGANIZATION ( #2735, #2316 ) ;
#2209 = EDGE_LOOP ( 'NONE', ( #407, #1886 ) ) ;
#2210 = LOCAL_TIME ( 0, 27, 2.000000000000000000, #126 ) ;
#2211 = APPROVAL_DATE_TIME ( #542, #2207 ) ;
#2212 = LOCAL_TIME ( 0, 27, 2.000000000000000000, #1544 ) ;
#2213 = ADVANCED_FACE ( 'NONE', ( #2488, #2255, #2005, #2513, #3001, #197 ), #162, .F. ) ;
#2214 = EDGE_CURVE ( 'NONE', #149, #1104, #2531, .T. ) ;
#2215 = DIRECTION ( 'NONE',  ( 0.000000000000000000, 0.000000000000000000, 1.000000000000000000 ) ) ;
#2216 = CARTESIAN_POINT ( 'NONE',  ( -85.00000000000000000, 120.0000000000000000, -52.99999999999999289 ) ) ;
#2217 = DIRECTION ( 'NONE',  ( -0.000000000000000000, -1.000000000000000000, -0.000000000000000000 ) ) ;
#2218 = ORIENTED_EDGE ( 'NONE', *, *, #392, .F. ) ;
#2219 = LINE ( 'NONE', #1499, #2981 ) ;
#2220 = VECTOR ( 'NONE', #2322, 1000.000000000000000 ) ;
#2221 = COORDINATED_UNIVERSAL_TIME_OFFSET ( 8, 0, .AHEAD. ) ;
#2222 = EDGE_CURVE ( 'NONE', #2044, #1753, #2731, .T. ) ;
#2223 = LINE ( 'NONE', #2408, #1150 ) ;
#2224 = LOCAL_TIME ( 0, 27, 2.000000000000000000, #944 ) ;
#2225 = APPROVAL_ROLE ( '' ) ;
#2226 = EDGE_CURVE ( 'NONE', #2037, #2443, #2499, .T. ) ;
#2227 = ORIENTED_EDGE ( 'NONE', *, *, #1600, .F. ) ;
#2228 = AXIS2_PLACEMENT_3D ( 'NONE', #1460, #2449, #2215 ) ;
#2229 = AXIS2_PLACEMENT_3D ( 'NONE', #2003, #2948, #2485 ) ;
#2230 = CARTESIAN_POINT ( 'NONE',  ( 59.00000000000000000, 28.00000000000000355, 24.00000000000000000 ) ) ;
#2231 = ADVANCED_FACE ( 'NONE', ( #2468, #36, #894, #692, #225, #241 ), #2099, .F. ) ;
#2232 = DIRECTION ( 'NONE',  ( 1.000000000000000000, -0.000000000000000000, 0.000000000000000000 ) ) ;
#2233 = DIRECTION ( 'NONE',  ( -0.000000000000000000, -1.000000000000000000, -0.000000000000000000 ) ) ;
#2234 = VECTOR ( 'NONE', #145, 1000.000000000000000 ) ;
#2235 = CARTESIAN_POINT ( 'NONE',  ( -120.0000000000000000, 120.0000000000000000, -90.00000000000000000 ) ) ;
#2236 = PLANE ( 'NONE',  #2229 ) ;
#2237 = EDGE_LOOP ( 'NONE', ( #2362, #1205, #2530, #2935 ) ) ;
#2238 = CIRCLE ( 'NONE', #2928, 7.000000000000006217 ) ;
#2239 = DIRECTION ( 'NONE',  ( -0.000000000000000000, 1.000000000000000000, -0.000000000000000000 ) ) ;
#2240 = VERTEX_POINT ( 'NONE', #1173 ) ;
#2241 = APPROVAL_DATE_TIME ( #121, #1204 ) ;
#2242 = LINE ( 'NONE', #1038, #1791 ) ;
#2243 = ADVANCED_FACE ( 'NONE', ( #2794 ), #20, .F. ) ;
#2244 = ORIENTED_EDGE ( 'NONE', *, *, #2088, .F. ) ;
#2245 = APPROVAL_ROLE ( '' ) ;
#2246 = APPROVAL ( #100, '未' ) ;
#2247 = CARTESIAN_POINT ( 'NONE',  ( -78.00000000000000000, 28.00000000000000000, 0.000000000000000000 ) ) ;
#2248 = DIRECTION ( 'NONE',  ( -0.000000000000000000, -1.000000000000000000, -0.000000000000000000 ) ) ;
#2249 = DIRECTION ( 'NONE',  ( 0.000000000000000000, 1.000000000000000000, 0.000000000000000000 ) ) ;
#2250 = ADVANCED_FACE ( 'NONE', ( #2086 ), #10, .F. ) ;
#2251 = CC_DESIGN_PERSON_AND_ORGANIZATION_ASSIGNMENT ( #2994, #872, ( #2344 ) ) ;
#2252 = CYLINDRICAL_SURFACE ( 'NONE', #2442, 6.999999999999999112 ) ;
#2253 = LINE ( 'NONE', #160, #1834 ) ;
#2254 = ORIENTED_EDGE ( 'NONE', *, *, #1323, .T. ) ;
#2255 = FACE_OUTER_BOUND ( 'NONE', #638, .T. ) ;
#2256 = ORIENTED_EDGE ( 'NONE', *, *, #2134, .F. ) ;
#2257 = VERTEX_POINT ( 'NONE', #678 ) ;
#2258 = ADVANCED_FACE ( 'NONE', ( #923, #2806, #2576, #504, #937 ), #283, .T. ) ;
#2259 = EDGE_LOOP ( 'NONE', ( #304, #1107, #2566, #1573 ) ) ;
#2260 = CARTESIAN_POINT ( 'NONE',  ( 70.00000000000000000, 0.000000000000000000, 45.00000000000000000 ) ) ;
#2261 = CARTESIAN_POINT ( 'NONE',  ( -85.00000000000000000, 120.0000000000000000, 53.00000000000000000 ) ) ;
#2262 = CARTESIAN_POINT ( 'NONE',  ( -75.75812166592551478, 0.000000000000000000, -24.38004145393736621 ) ) ;
#2263 = CC_DESIGN_SECURITY_CLASSIFICATION ( #2852, ( #3030 ) ) ;
#2264 = CARTESIAN_POINT ( 'NONE',  ( 70.00000000000000000, 0.000000000000000000, 39.49999999999999289 ) ) ;
#2265 = EDGE_LOOP ( 'NONE', ( #315, #2805 ) ) ;
#2266 = ORIENTED_EDGE ( 'NONE', *, *, #1839, .T. ) ;
#2267 = APPLICATION_CONTEXT ( 'configuration controlled 3d designs of mechanical parts and assemblies' ) ;
#2268 = PRODUCT_DEFINITION_FORMATION_WITH_SPECIFIED_SOURCE ( '�', '', #1741, .NOT_KNOWN. ) ;
#2269 = ITEM_DEFINED_TRANSFORMATION ( 'NONE', 'NONE', #84,  #1621 ) ;
#2270 = EDGE_CURVE ( 'NONE', #2608, #1457, #2609, .T. ) ;
#2271 = VECTOR ( 'NONE', #947, 1000.000000000000000 ) ;
#2272 = ORIENTED_EDGE ( 'NONE', *, *, #136, .F. ) ;
#2273 = VERTEX_POINT ( 'NONE', #1191 ) ;
#2274 = PERSON_AND_ORGANIZATION_ROLE ( 'creator' ) ;
#2275 = AXIS2_PLACEMENT_3D ( 'NONE', #1400, #744, #1703 ) ;
#2276 = CARTESIAN_POINT ( 'NONE',  ( -110.0000000000000000, 28.00000000000000000, 24.00000000000000000 ) ) ;
#2277 = DIRECTION ( 'NONE',  ( -0.000000000000000000, -1.000000000000000000, -0.000000000000000000 ) ) ;
#2278 = VECTOR ( 'NONE', #612, 1000.000000000000000 ) ;
#2279 = DIRECTION ( 'NONE',  ( 0.000000000000000000, 0.000000000000000000, -1.000000000000000000 ) ) ;
#2280 = VERTEX_POINT ( 'NONE', #1655 ) ;
#2281 = DIRECTION ( 'NONE',  ( 0.000000000000000000, 0.000000000000000000, -1.000000000000000000 ) ) ;
#2282 = EDGE_LOOP ( 'NONE', ( #452, #495 ) ) ;
#2283 = CIRCLE ( 'NONE', #1136, 5.500000000000005329 ) ;
#2284 = ORIENTED_EDGE ( 'NONE', *, *, #792, .T. ) ;
#2285 = CLOSED_SHELL ( 'NONE', ( #2923, #2397, #820, #1348, #639, #2303, #424, #2014, #1641, #2747, #1037, #450, #421, #1942, #74, #1118, #1666 ) ) ;
#2286 = VERTEX_POINT ( 'NONE', #2376 ) ;
#2287 = VECTOR ( 'NONE', #955, 1000.000000000000000 ) ;
#2288 = PRODUCT_DEFINITION_SHAPE ( 'NONE', 'NONE',  #2664 ) ;
#2289 = CARTESIAN_POINT ( 'NONE',  ( -110.0000000000000000, 28.00000000000000000, 24.00000000000000000 ) ) ;
#2290 = ORIENTED_EDGE ( 'NONE', *, *, #2886, .F. ) ;
#2291 = APPROVAL_ROLE ( '' ) ;
#2292 = EDGE_CURVE ( 'NONE', #2118, #366, #385, .T. ) ;
#2293 = CARTESIAN_POINT ( 'NONE',  ( 0.000000000000000000, 0.000000000000000000, 0.000000000000000000 ) ) ;
#2294 = CARTESIAN_POINT ( 'NONE',  ( -85.00000000000000000, 0.000000000000000000, 60.00000000000000000 ) ) ;
#2295 = EDGE_CURVE ( 'NONE', #2933, #2453, #2194, .T. ) ;
#2296 = CARTESIAN_POINT ( 'NONE',  ( -31.38004145393735911, 0.000000000000000000, 68.75812166592550057 ) ) ;
#2297 = LINE ( 'NONE', #1812, #670 ) ;
#2298 = ORIENTED_EDGE ( 'NONE', *, *, #1393, .F. ) ;
#2299 = DIRECTION ( 'NONE',  ( 0.000000000000000000, -0.000000000000000000, -1.000000000000000000 ) ) ;
#2300 = ORIENTED_EDGE ( 'NONE', *, *, #604, .F. ) ;
#2301 = APPROVAL_ROLE ( '' ) ;
#2302 = VERTEX_POINT ( 'NONE', #557 ) ;
#2303 = ADVANCED_FACE ( 'NONE', ( #1488 ), #2368, .T. ) ;
#2304 = CC_DESIGN_PERSON_AND_ORGANIZATION_ASSIGNMENT ( #137, #586, ( #2852 ) ) ;
#2305 = EDGE_LOOP ( 'NONE', ( #1405, #2167, #346, #1998 ) ) ;
#2306 = APPROVAL_DATE_TIME ( #2540, #1206 ) ;
#2307 = CYLINDRICAL_SURFACE ( 'NONE', #2882, 6.999999999999999112 ) ;
#2308 = DIRECTION ( 'NONE',  ( -0.000000000000000000, -1.000000000000000000, -0.000000000000000000 ) ) ;
#2309 = CARTESIAN_POINT ( 'NONE',  ( -75.75812166592551478, 30.00000000000000000, -31.38004145393736266 ) ) ;
#2310 = DIRECTION ( 'NONE',  ( 1.000000000000000000, 0.000000000000000000, -0.000000000000000000 ) ) ;
#2311 = CARTESIAN_POINT ( 'NONE',  ( 75.75812166592551478, 30.00000000000000000, -31.38004145393736266 ) ) ;
#2312 = VERTEX_POINT ( 'NONE', #2894 ) ;
#2313 = CC_DESIGN_APPROVAL ( #2946, ( #1612 ) ) ;
#2314 = PERSON_AND_ORGANIZATION_ROLE ( 'classification_officer' ) ;
#2315 = ORIENTED_EDGE ( 'NONE', *, *, #2602, .F. ) ;
#2316 = ORGANIZATION ( '未', '未', '' ) ;
#2317 = ORIENTED_EDGE ( 'NONE', *, *, #1393, .T. ) ;
#2318 = CIRCLE ( 'NONE', #1127, 6.999999999999999112 ) ;
#2319 = ORIENTED_EDGE ( 'NONE', *, *, #2906, .F. ) ;
#2320 = PERSON_AND_ORGANIZATION ( #2735, #2316 ) ;
#2321 = CC_DESIGN_APPROVAL ( #1023, ( #2344 ) ) ;
#2322 = DIRECTION ( 'NONE',  ( -1.000000000000000000, -0.000000000000000000, -0.000000000000000000 ) ) ;
#2323 = PLANE ( 'NONE',  #3021 ) ;
#2324 = VECTOR ( 'NONE', #2030, 1000.000000000000000 ) ;
#2325 = DIRECTION ( 'NONE',  ( -1.000000000000000000, -0.000000000000000000, -0.000000000000000000 ) ) ;
#2326 = ORIENTED_EDGE ( 'NONE', *, *, #1323, .F. ) ;
#2327 = AXIS2_PLACEMENT_3D ( 'NONE', #980, #1721, #1196 ) ;
#2328 = SHAPE_REPRESENTATION_RELATIONSHIP ( 'NONE' , 'NONE' ,  #1927, #1371 ) ;
#2329 = PERSON ( 'NAUO-PER2', 'UNSPECIFIED', 'UNSPECIFIED', ('UNSPECIFIED'), ('UNSPECIFIED'), ('UNSPECIFIED') ) ;
#2330 = AXIS2_PLACEMENT_3D ( 'NONE', #2541, #2308, #1366 ) ;
#2331 = ORIENTED_EDGE ( 'NONE', *, *, #1507, .F. ) ;
#2332 = CIRCLE ( 'NONE', #1446, 7.000000000000006217 ) ;
#2333 = CYLINDRICAL_SURFACE ( 'NONE', #1682, 5.500000000000005329 ) ;
#2334 = DIRECTION ( 'NONE',  ( -1.000000000000000000, 0.000000000000000000, 0.000000000000000000 ) ) ;
#2335 = AXIS2_PLACEMENT_3D ( 'NONE', #540, #801, #1471 ) ;
#2336 = DATE_AND_TIME ( #2108, #2366 ) ;
#2337 = CIRCLE ( 'NONE', #2587, 6.999999999999999112 ) ;
#2338 = CARTESIAN_POINT ( 'NONE',  ( 85.00000000000000000, 120.0000000000000000, -53.00000000000000000 ) ) ;
#2339 = CC_DESIGN_PERSON_AND_ORGANIZATION_ASSIGNMENT ( #1455, #1916, ( #1029 ) ) ;
#2340 = DIRECTION ( 'NONE',  ( 0.000000000000000000, -1.000000000000000000, 0.000000000000000000 ) ) ;
#2341 = PLANE ( 'NONE',  #1298 ) ;
#2342 = ORIENTED_EDGE ( 'NONE', *, *, #2982, .F. ) ;
#2343 = CARTESIAN_POINT ( 'NONE',  ( 0.000000000000000000, 95.00000000000000000, 0.000000000000000000 ) ) ;
#2344 = PRODUCT_DEFINITION ( '�', '', #2710, #1197 ) ;
#2345 = CARTESIAN_POINT ( 'NONE',  ( -70.00000000000000000, 95.00000000000000000, -39.49999999999999289 ) ) ;
#2346 = ADVANCED_FACE ( 'NONE', ( #790 ), #1664, .F. ) ;
#2347 = EDGE_CURVE ( 'NONE', #2077, #736, #2238, .T. ) ;
#2348 = CARTESIAN_POINT ( 'NONE',  ( 0.000000000000000000, 50.00000000000000000, 0.000000000000000000 ) ) ;
#2349 = ORIENTED_EDGE ( 'NONE', *, *, #1464, .F. ) ;
#2350 = DATE_AND_TIME ( #1154, #267 ) ;
#2351 = FACE_OUTER_BOUND ( 'NONE', #2004, .T. ) ;
#2352 = EDGE_CURVE ( 'NONE', #945, #1692, #674, .T. ) ;
#2353 = CARTESIAN_POINT ( 'NONE',  ( -85.00000000000000000, 120.0000000000000000, 60.00000000000000000 ) ) ;
#2354 = FACE_OUTER_BOUND ( 'NONE', #679, .T. ) ;
#2355 = EDGE_CURVE ( 'NONE', #1862, #2744, #303, .T. ) ;
#2356 = CARTESIAN_POINT ( 'NONE',  ( -31.38004145393735911, 30.00000000000000000, -75.75812166592551478 ) ) ;
#2357 = ORIENTED_EDGE ( 'NONE', *, *, #1119, .F. ) ;
#2358 = PRODUCT_RELATED_PRODUCT_CATEGORY ( 'detail', '', ( #2509 ) ) ;
#2359 = CARTESIAN_POINT ( 'NONE',  ( 70.00000000000000000, 95.00000000000000000, 50.50000000000000000 ) ) ;
#2360 = CC_DESIGN_APPROVAL ( #2246, ( #2664 ) ) ;
#2361 = DIRECTION ( 'NONE',  ( -0.000000000000000000, -1.000000000000000000, -0.000000000000000000 ) ) ;
#2362 = ORIENTED_EDGE ( 'NONE', *, *, #2886, .T. ) ;
#2363 = ADVANCED_FACE ( 'NONE', ( #2028 ), #1335, .F. ) ;
#2364 = CARTESIAN_POINT ( 'NONE',  ( 101.0000000000000000, 42.00000000000000000, 24.00000000000000000 ) ) ;
#2365 = EDGE_LOOP ( 'NONE', ( #1408, #1532 ) ) ;
#2366 = LOCAL_TIME ( 0, 27, 2.000000000000000000, #2367 ) ;
#2367 = COORDINATED_UNIVERSAL_TIME_OFFSET ( 8, 0, .AHEAD. ) ;
#2368 = PLANE ( 'NONE',  #1142 ) ;
#2369 = DIRECTION ( 'NONE',  ( 0.000000000000000000, 1.000000000000000000, 0.000000000000000000 ) ) ;
#2370 = FACE_OUTER_BOUND ( 'NONE', #1656, .T. ) ;
#2371 = CIRCLE ( 'NONE', #2858, 6.999999999999999112 ) ;
#2372 = DIRECTION ( 'NONE',  ( 1.000000000000000000, 0.000000000000000000, 0.000000000000000000 ) ) ;
#2373 = LINE ( 'NONE', #1263, #565 ) ;
#2374 = ORIENTED_EDGE ( 'NONE', *, *, #1113, .T. ) ;
#2375 = EDGE_CURVE ( 'NONE', #331, #1919, #2482, .T. ) ;
#2376 = CARTESIAN_POINT ( 'NONE',  ( 31.38004145393736266, 30.00000000000000000, -68.75812166592551478 ) ) ;
#2377 = AXIS2_PLACEMENT_3D ( 'NONE', #2145, #763, #1687 ) ;
#2378 = CARTESIAN_POINT ( 'NONE',  ( 120.0000000000000000, 120.0000000000000000, 90.00000000000000000 ) ) ;
#2379 = EDGE_LOOP ( 'NONE', ( #1487, #1820 ) ) ;
#2380 = VECTOR ( 'NONE', #1158, 1000.000000000000000 ) ;
#2381 = DIRECTION ( 'NONE',  ( 0.000000000000000000, 1.000000000000000000, 0.000000000000000000 ) ) ;
#2382 = VECTOR ( 'NONE', #2668, 1000.000000000000000 ) ;
#2383 = ORIENTED_EDGE ( 'NONE', *, *, #2149, .F. ) ;
#2384 = COORDINATED_UNIVERSAL_TIME_OFFSET ( 8, 0, .AHEAD. ) ;
#2385 = ORIENTED_EDGE ( 'NONE', *, *, #202, .T. ) ;
#2386 = AXIS2_PLACEMENT_3D ( 'NONE', #2780, #1860, #2593 ) ;
#2387 = CARTESIAN_POINT ( 'NONE',  ( -31.38004145393735911, 30.00000000000000000, -75.75812166592551478 ) ) ;
#2388 = DIRECTION ( 'NONE',  ( 0.000000000000000000, 0.000000000000000000, -1.000000000000000000 ) ) ;
#2389 = DIRECTION ( 'NONE',  ( 0.000000000000000000, 1.000000000000000000, 0.000000000000000000 ) ) ;
#2390 = CIRCLE ( 'NONE', #911, 18.00000000000000000 ) ;
#2391 = CARTESIAN_POINT ( 'NONE',  ( 95.00000000000000000, 95.00000000000000000, -65.00000000000000000 ) ) ;
#2392 = ORIENTED_EDGE ( 'NONE', *, *, #2103, .T. ) ;
#2393 = FACE_BOUND ( 'NONE', #880, .T. ) ;
#2394 = CARTESIAN_POINT ( 'NONE',  ( -42.00000000000000000, 28.00000000000000000, 0.000000000000000000 ) ) ;
#2395 = VERTEX_POINT ( 'NONE', #2041 ) ;
#2396 = PLANE ( 'NONE',  #1403 ) ;
#2397 = ADVANCED_FACE ( 'NONE', ( #2945 ), #1112, .F. ) ;
#2398 = CC_DESIGN_PERSON_AND_ORGANIZATION_ASSIGNMENT ( #1223, #2190, ( #1028 ) ) ;
#2399 = ORIENTED_EDGE ( 'NONE', *, *, #2347, .T. ) ;
#2400 = PERSON_AND_ORGANIZATION_ROLE ( 'creator' ) ;
#2401 = ORIENTED_EDGE ( 'NONE', *, *, #1307, .T. ) ;
#2402 = CARTESIAN_POINT ( 'NONE',  ( 59.00000000000000000, 0.000000000000000000, -7.500000000000000000 ) ) ;
#2403 = FACE_OUTER_BOUND ( 'NONE', #2786, .T. ) ;
#2404 = DIRECTION ( 'NONE',  ( 0.000000000000000000, 0.000000000000000000, -1.000000000000000000 ) ) ;
#2405 = EDGE_LOOP ( 'NONE', ( #1201, #2266, #2532, #2779 ) ) ;
#2406 = CARTESIAN_POINT ( 'NONE',  ( -31.38004145393735911, 30.00000000000000000, 82.75812166592554320 ) ) ;
#2407 = APPROVAL_DATE_TIME ( #1501, #1750 ) ;
#2408 = CARTESIAN_POINT ( 'NONE',  ( -110.0000000000000000, 0.000000000000000000, 24.00000000000000000 ) ) ;
#2409 = LOCAL_TIME ( 0, 27, 2.000000000000000000, #1242 ) ;
#2410 = ORIENTED_EDGE ( 'NONE', *, *, #2181, .T. ) ;
#2411 = PERSON_AND_ORGANIZATION_ROLE ( 'design_owner' ) ;
#2412 = ORIENTED_EDGE ( 'NONE', *, *, #392, .T. ) ;
#2413 = AXIS2_PLACEMENT_3D ( 'NONE', #2961, #443, #1776 ) ;
#2414 = PERSON_AND_ORGANIZATION_ROLE ( 'classification_officer' ) ;
#2415 = DIRECTION ( 'NONE',  ( -0.000000000000000000, -1.000000000000000000, -0.000000000000000000 ) ) ;
#2416 = APPROVAL ( #1440, '未' ) ;
#2417 = EDGE_CURVE ( 'NONE', #2170, #2584, #906, .T. ) ;
#2418 = CIRCLE ( 'NONE', #1083, 5.500000000000005329 ) ;
#2419 = DIRECTION ( 'NONE',  ( 0.000000000000000000, 0.000000000000000000, 1.000000000000000000 ) ) ;
#2420 = ORIENTED_EDGE ( 'NONE', *, *, #668, .T. ) ;
#2421 = CARTESIAN_POINT ( 'NONE',  ( 110.0000000000000000, 0.000000000000000000, -24.00000000000000000 ) ) ;
#2422 = DIRECTION ( 'NONE',  ( 1.000000000000000000, 0.000000000000000000, 0.000000000000000000 ) ) ;
#2423 = CONTEXT_DEPENDENT_SHAPE_REPRESENTATION ( #2739, #2686 ) ;
#2424 = CARTESIAN_POINT ( 'NONE',  ( 0.000000000000000000, 50.00000000000000000, 0.000000000000000000 ) ) ;
#2425 = VECTOR ( 'NONE', #2069, 1000.000000000000000 ) ;
#2426 = CIRCLE ( 'NONE', #1090, 7.000000000000006217 ) ;
#2427 = EDGE_CURVE ( 'NONE', #1919, #61, #1292, .T. ) ;
#2428 = APPROVAL_DATE_TIME ( #1920, #1106 ) ;
#2429 = EDGE_LOOP ( 'NONE', ( #251, #1439, #383, #895 ) ) ;
#2430 = AXIS2_PLACEMENT_3D ( 'NONE', #1550, #129, #1045 ) ;
#2431 = CARTESIAN_POINT ( 'NONE',  ( -31.38004145393735911, 30.00000000000000000, -75.75812166592551478 ) ) ;
#2432 = DATE_TIME_ROLE ( 'classification_date' ) ;
#2433 = AXIS2_PLACEMENT_3D ( 'NONE', #1802, #2239, #839 ) ;
#2434 = DIRECTION ( 'NONE',  ( 0.000000000000000000, 0.000000000000000000, 1.000000000000000000 ) ) ;
#2435 = LINE ( 'NONE', #1989, #2681 ) ;
#2436 = CC_DESIGN_DATE_AND_TIME_ASSIGNMENT ( #2877, #1044, ( #2664 ) ) ;
#2437 = CARTESIAN_POINT ( 'NONE',  ( 0.000000000000000000, 30.00000000000000000, 0.000000000000000000 ) ) ;
#2438 = VECTOR ( 'NONE', #1021, 1000.000000000000000 ) ;
#2439 = CARTESIAN_POINT ( 'NONE',  ( 59.00000000000000000, 28.00000000000000000, 7.500000000000000000 ) ) ;
#2440 = ORIENTED_EDGE ( 'NONE', *, *, #2694, .T. ) ;
#2441 = CARTESIAN_POINT ( 'NONE',  ( 31.38004145393736266, 0.000000000000000000, 68.75812166592550057 ) ) ;
#2442 = AXIS2_PLACEMENT_3D ( 'NONE', #1046, #1265, #1030 ) ;
#2443 = VERTEX_POINT ( 'NONE', #171 ) ;
#2444 = DATE_AND_TIME ( #787, #796 ) ;
#2445 = VERTEX_POINT ( 'NONE', #387 ) ;
#2446 = ADVANCED_FACE ( 'NONE', ( #1085 ), #1797, .F. ) ;
#2447 = ORIENTED_EDGE ( 'NONE', *, *, #1337, .T. ) ;
#2448 = MANIFOLD_SOLID_BREP ( '02_Face_Locating_Boss', #574 ) ;
#2449 = DIRECTION ( 'NONE',  ( 0.000000000000000000, 1.000000000000000000, 0.000000000000000000 ) ) ;
#2450 = CARTESIAN_POINT ( 'NONE',  ( 101.0000000000000000, 28.00000000000000355, 24.00000000000000000 ) ) ;
#2451 = EDGE_CURVE ( 'NONE', #449, #473, #130, .T. ) ;
#2452 = CARTESIAN_POINT ( 'NONE',  ( 0.000000000000000000, 0.000000000000000000, 0.000000000000000000 ) ) ;
#2453 = VERTEX_POINT ( 'NONE', #2262 ) ;
#2454 = CARTESIAN_POINT ( 'NONE',  ( -110.0000000000000000, 28.00000000000000000, -24.00000000000000000 ) ) ;
#2455 =( NAMED_UNIT ( * ) SI_UNIT ( $, .STERADIAN. ) SOLID_ANGLE_UNIT ( ) );
#2456 = DATE_AND_TIME ( #2675, #1420 ) ;
#2457 = DIRECTION ( 'NONE',  ( 0.000000000000000000, 1.000000000000000000, 0.000000000000000000 ) ) ;
#2458 = EDGE_CURVE ( 'NONE', #2240, #54, #2525, .T. ) ;
#2459 = PERSON_AND_ORGANIZATION ( #2735, #2316 ) ;
#2460 = ORIENTED_EDGE ( 'NONE', *, *, #1798, .F. ) ;
#2461 = LOCAL_TIME ( 0, 27, 2.000000000000000000, #2920 ) ;
#2462 = CARTESIAN_POINT ( 'NONE',  ( 7.960204194457797252E-15, 50.00000000000000000, 65.00000000000000000 ) ) ;
#2463 = PLANE ( 'NONE',  #143 ) ;
#2464 = CARTESIAN_POINT ( 'NONE',  ( 75.75812166592551478, 0.000000000000000000, 24.38004145393735200 ) ) ;
#2465 = CARTESIAN_POINT ( 'NONE',  ( -75.75812166592551478, 0.000000000000000000, -31.38004145393736266 ) ) ;
#2466 = LINE ( 'NONE', #2984, #2867 ) ;
#2467 = ORIENTED_EDGE ( 'NONE', *, *, #1883, .F. ) ;
#2468 = FACE_BOUND ( 'NONE', #2653, .T. ) ;
#2469 = DIRECTION ( 'NONE',  ( 0.000000000000000000, 1.000000000000000000, 0.000000000000000000 ) ) ;
#2470 = VECTOR ( 'NONE', #1781, 1000.000000000000000 ) ;
#2471 = ITEM_DEFINED_TRANSFORMATION ( 'NONE', 'NONE', #1229,  #1621 ) ;
#2472 = CARTESIAN_POINT ( 'NONE',  ( -78.00000000000000000, 0.000000000000000000, 0.000000000000000000 ) ) ;
#2473 =( GEOMETRIC_REPRESENTATION_CONTEXT ( 3 ) GLOBAL_UNCERTAINTY_ASSIGNED_CONTEXT ( ( #896 ) ) GLOBAL_UNIT_ASSIGNED_CONTEXT ( ( #2918, #760, #2549 ) ) REPRESENTATION_CONTEXT ( 'NONE', 'WORKASPACE' ) );
#2474 = CC_DESIGN_PERSON_AND_ORGANIZATION_ASSIGNMENT ( #2502, #1758, ( #936 ) ) ;
#2475 = CIRCLE ( 'NONE', #422, 7.500000000000000000 ) ;
#2476 = EDGE_LOOP ( 'NONE', ( #2460, #1852 ) ) ;
#2477 = CIRCLE ( 'NONE', #2123, 115.0000000000000000 ) ;
#2478 = DIRECTION ( 'NONE',  ( 1.000000000000000000, 0.000000000000000000, 0.000000000000000000 ) ) ;
#2479 = VECTOR ( 'NONE', #411, 1000.000000000000000 ) ;
#2480 = DIRECTION ( 'NONE',  ( 0.000000000000000000, 0.000000000000000000, 1.000000000000000000 ) ) ;
#2481 = LINE ( 'NONE', #170, #1300 ) ;
#2482 = LINE ( 'NONE', #1553, #1592 ) ;
#2483 = ADVANCED_FACE ( 'NONE', ( #192 ), #1098, .T. ) ;
#2484 = DIRECTION ( 'NONE',  ( 0.000000000000000000, 1.000000000000000000, 0.000000000000000000 ) ) ;
#2485 = DIRECTION ( 'NONE',  ( 0.000000000000000000, -0.000000000000000000, -1.000000000000000000 ) ) ;
#2486 = ORIENTED_EDGE ( 'NONE', *, *, #2997, .T. ) ;
#2487 = VECTOR ( 'NONE', #2277, 1000.000000000000000 ) ;
#2488 = FACE_BOUND ( 'NONE', #78, .T. ) ;
#2489 = AXIS2_PLACEMENT_3D ( 'NONE', #2855, #1678, #2810 ) ;
#2490 = EDGE_CURVE ( 'NONE', #1497, #118, #1355, .T. ) ;
#2491 = ORIENTED_EDGE ( 'NONE', *, *, #2451, .T. ) ;
#2492 = DIRECTION ( 'NONE',  ( 0.000000000000000000, 0.000000000000000000, 1.000000000000000000 ) ) ;
#2493 = DIRECTION ( 'NONE',  ( -0.000000000000000000, -1.000000000000000000, -0.000000000000000000 ) ) ;
#2494 = DIRECTION ( 'NONE',  ( -0.000000000000000000, -0.000000000000000000, 1.000000000000000000 ) ) ;
#2495 = MANIFOLD_SOLID_BREP ( '03_Output_Shaft', #1447 ) ;
#2496 = DIRECTION ( 'NONE',  ( -0.000000000000000000, -1.000000000000000000, -0.000000000000000000 ) ) ;
#2497 = CYLINDRICAL_SURFACE ( 'NONE', #1050, 5.500000000000005329 ) ;
#2498 = ORIENTED_EDGE ( 'NONE', *, *, #2594, .T. ) ;
#2499 = LINE ( 'NONE', #2703, #2728 ) ;
#2500 = ORIENTED_EDGE ( 'NONE', *, *, #925, .T. ) ;
#2501 = COORDINATED_UNIVERSAL_TIME_OFFSET ( 8, 0, .AHEAD. ) ;
#2502 = PERSON_AND_ORGANIZATION ( #2735, #2316 ) ;
#2503 = ORIENTED_EDGE ( 'NONE', *, *, #1174, .F. ) ;
#2504 =( LENGTH_UNIT ( ) NAMED_UNIT ( * ) SI_UNIT ( .MILLI., .METRE. ) );
#2505 = DIRECTION ( 'NONE',  ( 0.000000000000000000, 1.000000000000000000, 0.000000000000000000 ) ) ;
#2506 = LINE ( 'NONE', #1988, #1054 ) ;
#2507 = CARTESIAN_POINT ( 'NONE',  ( -75.75812166592551478, 30.00000000000000000, -38.38004145393736621 ) ) ;
#2508 = LINE ( 'NONE', #3012, #2113 ) ;
#2509 = PRODUCT ( 'MKH-300_gripper_module', 'MKH-300_gripper_module', '', ( #1331 ) ) ;
#2510 = LOCAL_TIME ( 0, 27, 2.000000000000000000, #2630 ) ;
#2511 = DIRECTION ( 'NONE',  ( 0.000000000000000000, 0.000000000000000000, 1.000000000000000000 ) ) ;
#2512 = ORIENTED_EDGE ( 'NONE', *, *, #3022, .T. ) ;
#2513 = FACE_BOUND ( 'NONE', #282, .T. ) ;
#2514 = SECURITY_CLASSIFICATION ( '', '', #1344 ) ;
#2515 = ORIENTED_EDGE ( 'NONE', *, *, #1462, .T. ) ;
#2516 = EDGE_CURVE ( 'NONE', #1547, #1007, #2318, .T. ) ;
#2517 = AXIS2_PLACEMENT_3D ( 'NONE', #1649, #2604, #713 ) ;
#2518 = ORIENTED_EDGE ( 'NONE', *, *, #2048, .F. ) ;
#2519 = DIRECTION ( 'NONE',  ( -0.000000000000000000, -1.000000000000000000, -0.000000000000000000 ) ) ;
#2520 = EDGE_CURVE ( 'NONE', #352, #1787, #370, .T. ) ;
#2521 = ORIENTED_EDGE ( 'NONE', *, *, #2698, .F. ) ;
#2522 = DATE_TIME_ROLE ( 'creation_date' ) ;
#2523 = CIRCLE ( 'NONE', #279, 7.000000000000006217 ) ;
#2524 = DIRECTION ( 'NONE',  ( 0.000000000000000000, 0.000000000000000000, 1.000000000000000000 ) ) ;
#2525 = LINE ( 'NONE', #432, #1579 ) ;
#2526 = CIRCLE ( 'NONE', #3026, 6.999999999999999112 ) ;
#2527 = CARTESIAN_POINT ( 'NONE',  ( 31.38004145393736266, 0.000000000000000000, 75.75812166592551478 ) ) ;
#2528 = EDGE_CURVE ( 'NONE', #161, #2044, #2508, .T. ) ;
#2529 = LINE ( 'NONE', #1857, #712 ) ;
#2530 = ORIENTED_EDGE ( 'NONE', *, *, #1608, .F. ) ;
#2531 = LINE ( 'NONE', #210, #433 ) ;
#2532 = ORIENTED_EDGE ( 'NONE', *, *, #2676, .F. ) ;
#2533 = APPROVAL ( #1922, '未' ) ;
#2534 = AXIS2_PLACEMENT_3D ( 'NONE', #592, #1827, #1309 ) ;
#2535 = VECTOR ( 'NONE', #1566, 1000.000000000000000 ) ;
#2536 = EDGE_LOOP ( 'NONE', ( #724, #910, #1102, #215 ) ) ;
#2537 = ORIENTED_EDGE ( 'NONE', *, *, #2615, .F. ) ;
#2538 = AXIS2_PLACEMENT_3D ( 'NONE', #2687, #854, #1013 ) ;
#2539 = PRODUCT_DEFINITION_SHAPE ( 'NONE', 'NONE',  #3032 ) ;
#2540 = DATE_AND_TIME ( #1110, #1378 ) ;
#2541 = CARTESIAN_POINT ( 'NONE',  ( 0.000000000000000000, 30.00000000000000000, 0.000000000000000000 ) ) ;
#2542 = DIRECTION ( 'NONE',  ( 0.000000000000000000, 1.000000000000000000, 0.000000000000000000 ) ) ;
#2543 = CYLINDRICAL_SURFACE ( 'NONE', #1639, 5.500000000000005329 ) ;
#2544 = DIRECTION ( 'NONE',  ( 0.000000000000000000, 1.000000000000000000, 0.000000000000000000 ) ) ;
#2545 = ORIENTED_EDGE ( 'NONE', *, *, #2214, .T. ) ;
#2546 = EDGE_LOOP ( 'NONE', ( #1269, #134 ) ) ;
#2547 = EDGE_CURVE ( 'NONE', #11, #1558, #1749, .T. ) ;
#2548 = ORIENTED_EDGE ( 'NONE', *, *, #1474, .F. ) ;
#2549 =( NAMED_UNIT ( * ) SI_UNIT ( $, .STERADIAN. ) SOLID_ANGLE_UNIT ( ) );
#2550 = CARTESIAN_POINT ( 'NONE',  ( 70.00000000000000000, 95.00000000000000000, 50.50000000000000000 ) ) ;
#2551 = ORIENTED_EDGE ( 'NONE', *, *, #263, .F. ) ;
#2552 = ORIENTED_EDGE ( 'NONE', *, *, #2879, .T. ) ;
#2553 = EDGE_CURVE ( 'NONE', #650, #1347, #1333, .T. ) ;
#2554 = ORIENTED_EDGE ( 'NONE', *, *, #1643, .F. ) ;
#2555 = APPROVAL_DATE_TIME ( #686, #1884 ) ;
#2556 = DIRECTION ( 'NONE',  ( -0.000000000000000000, -1.000000000000000000, -0.000000000000000000 ) ) ;
#2557 = DIRECTION ( 'NONE',  ( -0.000000000000000000, -0.000000000000000000, 1.000000000000000000 ) ) ;
#2558 = ORIENTED_EDGE ( 'NONE', *, *, #1273, .F. ) ;
#2559 = LOCAL_TIME ( 0, 27, 2.000000000000000000, #1063 ) ;
#2560 = APPROVAL_ROLE ( '' ) ;
#2561 = PRODUCT_DEFINITION_SHAPE ( 'NONE', 'NONE',  #2344 ) ;
#2562 = UNCERTAINTY_MEASURE_WITH_UNIT (LENGTH_MEASURE( 1.000000000000000082E-05 ), #1469, 'distance_accuracy_value', 'NONE');
#2563 = VERTEX_POINT ( 'NONE', #643 ) ;
#2564 = EDGE_LOOP ( 'NONE', ( #1726, #1270, #2290, #35 ) ) ;
#2565 = VECTOR ( 'NONE', #2658, 1000.000000000000000 ) ;
#2566 = ORIENTED_EDGE ( 'NONE', *, *, #2184, .T. ) ;
#2567 = AXIS2_PLACEMENT_3D ( 'NONE', #2628, #2120, #1901 ) ;
#2568 = EDGE_LOOP ( 'NONE', ( #2331, #1509 ) ) ;
#2569 = APPROVAL_STATUS ( 'not_yet_approved' ) ;
#2570 = CC_DESIGN_APPROVAL ( #1908, ( #373 ) ) ;
#2571 = DIRECTION ( 'NONE',  ( 0.000000000000000000, 1.000000000000000000, 0.000000000000000000 ) ) ;
#2572 = CARTESIAN_POINT ( 'NONE',  ( -70.00000000000000000, 95.00000000000000000, 45.00000000000000000 ) ) ;
#2573 = AXIS2_PLACEMENT_3D ( 'NONE', #1871, #715, #1425 ) ;
#2574 = DIRECTION ( 'NONE',  ( 0.000000000000000000, 1.000000000000000000, 0.000000000000000000 ) ) ;
#2575 = EDGE_LOOP ( 'NONE', ( #1052, #1932, #2383, #2764 ) ) ;
#2576 = FACE_OUTER_BOUND ( 'NONE', #597, .T. ) ;
#2577 = VECTOR ( 'NONE', #1845, 1000.000000000000000 ) ;
#2578 = VECTOR ( 'NONE', #2146, 1000.000000000000000 ) ;
#2579 = VERTEX_POINT ( 'NONE', #852 ) ;
#2580 = LINE ( 'NONE', #491, #706 ) ;
#2581 = AXIS2_PLACEMENT_3D ( 'NONE', #1252, #550, #1002 ) ;
#2582 = APPROVAL_ROLE ( '' ) ;
#2583 = DIRECTION ( 'NONE',  ( 0.000000000000000000, 0.000000000000000000, 1.000000000000000000 ) ) ;
#2584 = VERTEX_POINT ( 'NONE', #593 ) ;
#2585 = AXIS2_PLACEMENT_3D ( 'NONE', #1203, #941, #480 ) ;
#2586 = CALENDAR_DATE ( 2026, 29, 7 ) ;
#2587 = AXIS2_PLACEMENT_3D ( 'NONE', #1060, #825, #2002 ) ;
#2588 = CARTESIAN_POINT ( 'NONE',  ( 95.00000000000000000, 0.000000000000000000, -65.00000000000000000 ) ) ;
#2589 = DIRECTION ( 'NONE',  ( 0.000000000000000000, 0.000000000000000000, -1.000000000000000000 ) ) ;
#2590 = CYLINDRICAL_SURFACE ( 'NONE', #1179, 7.000000000000006217 ) ;
#2591 = CARTESIAN_POINT ( 'NONE',  ( 95.00000000000000000, 95.00000000000000000, 65.00000000000000000 ) ) ;
#2592 = VERTEX_POINT ( 'NONE', #2464 ) ;
#2593 = DIRECTION ( 'NONE',  ( 0.000000000000000000, 0.000000000000000000, -1.000000000000000000 ) ) ;
#2594 = EDGE_CURVE ( 'NONE', #423, #56, #1384, .T. ) ;
#2595 = CARTESIAN_POINT ( 'NONE',  ( 59.00000000000000000, 28.00000000000000000, -7.500000000000000000 ) ) ;
#2596 = UNCERTAINTY_MEASURE_WITH_UNIT (LENGTH_MEASURE( 1.000000000000000082E-05 ), #127, 'distance_accuracy_value', 'NONE');
#2597 = CARTESIAN_POINT ( 'NONE',  ( 31.38004145393736266, 30.00000000000000000, -82.75812166592552899 ) ) ;
#2598 = ORIENTED_EDGE ( 'NONE', *, *, #1337, .F. ) ;
#2599 = PLANE ( 'NONE',  #1306 ) ;
#2600 = ORIENTED_EDGE ( 'NONE', *, *, #1913, .T. ) ;
#2601 = CALENDAR_DATE ( 2026, 29, 7 ) ;
#2602 = EDGE_CURVE ( 'NONE', #1558, #2445, #1618, .T. ) ;
#2603 = ORIENTED_EDGE ( 'NONE', *, *, #2907, .F. ) ;
#2604 = DIRECTION ( 'NONE',  ( 0.000000000000000000, 0.000000000000000000, 1.000000000000000000 ) ) ;
#2605 = DIRECTION ( 'NONE',  ( -0.000000000000000000, -1.000000000000000000, -0.000000000000000000 ) ) ;
#2606 = FACE_OUTER_BOUND ( 'NONE', #517, .T. ) ;
#2607 = CARTESIAN_POINT ( 'NONE',  ( 70.00000000000000000, 0.000000000000000000, -45.00000000000000000 ) ) ;
#2608 = VERTEX_POINT ( 'NONE', #2110 ) ;
#2609 = LINE ( 'NONE', #735, #524 ) ;
#2610 = EDGE_LOOP ( 'NONE', ( #2074, #2736, #813, #2284, #775, #893, #1377, #2244 ) ) ;
#2611 = CC_DESIGN_SECURITY_CLASSIFICATION ( #2514, ( #936 ) ) ;
#2612 = DIRECTION ( 'NONE',  ( -0.000000000000000000, -1.000000000000000000, -0.000000000000000000 ) ) ;
#2613 = CARTESIAN_POINT ( 'NONE',  ( 95.00000000000000000, 0.000000000000000000, 65.00000000000000000 ) ) ;
#2614 = EDGE_CURVE ( 'NONE', #827, #1395, #2371, .T. ) ;
#2615 = EDGE_CURVE ( 'NONE', #2044, #2608, #889, .T. ) ;
#2616 = ORIENTED_EDGE ( 'NONE', *, *, #2152, .F. ) ;
#2617 = APPROVAL_DATE_TIME ( #1605, #1908 ) ;
#2618 = DIRECTION ( 'NONE',  ( 0.000000000000000000, 1.000000000000000000, 0.000000000000000000 ) ) ;
#2619 = FACE_OUTER_BOUND ( 'NONE', #2015, .T. ) ;
#2620 = LOCAL_TIME ( 0, 27, 2.000000000000000000, #1409 ) ;
#2621 = CARTESIAN_POINT ( 'NONE',  ( 15.00000000000000000, 0.000000000000000000, -7.500000000000000000 ) ) ;
#2622 = DIRECTION ( 'NONE',  ( 0.000000000000000000, 0.000000000000000000, -1.000000000000000000 ) ) ;
#2623 = ORIENTED_EDGE ( 'NONE', *, *, #1819, .T. ) ;
#2624 = DIRECTION ( 'NONE',  ( -0.000000000000000000, -1.000000000000000000, -0.000000000000000000 ) ) ;
#2625 = PRODUCT_DEFINITION ( '�', '', #936, #2783 ) ;
#2626 = DIRECTION ( 'NONE',  ( -1.000000000000000000, 0.000000000000000000, 0.000000000000000000 ) ) ;
#2627 = AXIS2_PLACEMENT_3D ( 'NONE', #2055, #644, #222 ) ;
#2628 = CARTESIAN_POINT ( 'NONE',  ( 70.00000000000000000, 0.000000000000000000, -45.00000000000000000 ) ) ;
#2629 = ORIENTED_EDGE ( 'NONE', *, *, #1589, .T. ) ;
#2630 = COORDINATED_UNIVERSAL_TIME_OFFSET ( 8, 0, .AHEAD. ) ;
#2631 = VECTOR ( 'NONE', #703, 1000.000000000000000 ) ;
#2632 = FACE_OUTER_BOUND ( 'NONE', #1524, .T. ) ;
#2633 = AXIS2_PLACEMENT_3D ( 'NONE', #2709, #2011, #1518 ) ;
#2634 = VERTEX_POINT ( 'NONE', #1382 ) ;
#2635 = AXIS2_PLACEMENT_3D ( 'NONE', #414, #2233, #1318 ) ;
#2636 = APPLICATION_PROTOCOL_DEFINITION ( 'international standard', 'config_control_design', 1994, #1315 ) ;
#2637 = CYLINDRICAL_SURFACE ( 'NONE', #560, 7.000000000000006217 ) ;
#2638 = DIRECTION ( 'NONE',  ( 0.000000000000000000, 0.000000000000000000, 1.000000000000000000 ) ) ;
#2639 = DIRECTION ( 'NONE',  ( 0.000000000000000000, 0.000000000000000000, -1.000000000000000000 ) ) ;
#2640 = CIRCLE ( 'NONE', #2733, 38.00000000000000000 ) ;
#2641 = CARTESIAN_POINT ( 'NONE',  ( 85.00000000000000000, 120.0000000000000000, 60.00000000000000000 ) ) ;
#2642 = ORIENTED_EDGE ( 'NONE', *, *, #747, .F. ) ;
#2643 = EDGE_CURVE ( 'NONE', #2769, #149, #2811, .T. ) ;
#2644 = DIRECTION ( 'NONE',  ( 0.000000000000000000, 1.000000000000000000, 0.000000000000000000 ) ) ;
#2645 = ORIENTED_EDGE ( 'NONE', *, *, #1953, .F. ) ;
#2646 = DATE_TIME_ROLE ( 'classification_date' ) ;
#2647 = LINE ( 'NONE', #2956, #2438 ) ;
#2648 = ORIENTED_EDGE ( 'NONE', *, *, #405, .F. ) ;
#2649 = EDGE_LOOP ( 'NONE', ( #2737, #756 ) ) ;
#2650 = DIRECTION ( 'NONE',  ( 0.000000000000000000, 0.000000000000000000, -1.000000000000000000 ) ) ;
#2651 = LINE ( 'NONE', #1426, #2119 ) ;
#2652 = DIRECTION ( 'NONE',  ( 0.000000000000000000, 0.000000000000000000, 1.000000000000000000 ) ) ;
#2653 = EDGE_LOOP ( 'NONE', ( #1858, #683 ) ) ;
#2654 = EDGE_CURVE ( 'NONE', #1565, #1329, #1855, .T. ) ;
#2655 = ORIENTED_EDGE ( 'NONE', *, *, #2198, .T. ) ;
#2656 = CARTESIAN_POINT ( 'NONE',  ( 85.00000000000000000, 120.0000000000000000, -60.00000000000000000 ) ) ;
#2657 = EDGE_CURVE ( 'NONE', #1457, #161, #16, .T. ) ;
#2658 = DIRECTION ( 'NONE',  ( -0.000000000000000000, -1.000000000000000000, -0.000000000000000000 ) ) ;
#2659 = PERSON_AND_ORGANIZATION_ROLE ( 'classification_officer' ) ;
#2660 = LOCAL_TIME ( 0, 27, 2.000000000000000000, #841 ) ;
#2661 = DATE_TIME_ROLE ( 'creation_date' ) ;
#2662 = ADVANCED_FACE ( 'NONE', ( #2351 ), #484, .F. ) ;
#2663 = ORIENTED_EDGE ( 'NONE', *, *, #2355, .T. ) ;
#2664 = PRODUCT_DEFINITION ( '�', '', #1765, #2971 ) ;
#2665 = CC_DESIGN_APPROVAL ( #266, ( #936 ) ) ;
#2666 = PERSON_AND_ORGANIZATION ( #2735, #2316 ) ;
#2667 = EDGE_CURVE ( 'NONE', #1770, #2395, #1175, .T. ) ;
#2668 = DIRECTION ( 'NONE',  ( -1.000000000000000000, -0.000000000000000000, -0.000000000000000000 ) ) ;
#2669 = CARTESIAN_POINT ( 'NONE',  ( -78.00000000000000000, 28.00000000000000000, 0.000000000000000000 ) ) ;
#2670 = CARTESIAN_POINT ( 'NONE',  ( -75.75812166592551478, 30.00000000000000000, 24.38004145393735200 ) ) ;
#2671 = VERTEX_POINT ( 'NONE', #1410 ) ;
#2672 = DIRECTION ( 'NONE',  ( -0.000000000000000000, -1.000000000000000000, -0.000000000000000000 ) ) ;
#2673 = EDGE_CURVE ( 'NONE', #2933, #1902, #938, .T. ) ;
#2674 = CARTESIAN_POINT ( 'NONE',  ( 0.000000000000000000, 50.00000000000000000, -65.00000000000000000 ) ) ;
#2675 = CALENDAR_DATE ( 2026, 29, 7 ) ;
#2676 = EDGE_CURVE ( 'NONE', #2592, #928, #26, .T. ) ;
#2677 = DIRECTION ( 'NONE',  ( -0.000000000000000000, -1.000000000000000000, -0.000000000000000000 ) ) ;
#2678 = AXIS2_PLACEMENT_3D ( 'NONE', #1923, #2860, #1944 ) ;
#2679 = AXIS2_PLACEMENT_3D ( 'NONE', #1465, #2864, #2419 ) ;
#2680 = ORIENTED_EDGE ( 'NONE', *, *, #2719, .T. ) ;
#2681 = VECTOR ( 'NONE', #1748, 1000.000000000000000 ) ;
#2682 = DIRECTION ( 'NONE',  ( 0.000000000000000000, 0.000000000000000000, 1.000000000000000000 ) ) ;
#2683 = APPLICATION_PROTOCOL_DEFINITION ( 'international standard', 'config_control_design', 1994, #701 ) ;
#2684 = VECTOR ( 'NONE', #1763, 1000.000000000000000 ) ;
#2685 = VECTOR ( 'NONE', #2124, 1000.000000000000000 ) ;
#2686 = PRODUCT_DEFINITION_SHAPE ( 'NONE', 'NONE',  #3030 ) ;
#2687 = CARTESIAN_POINT ( 'NONE',  ( -42.00000000000000000, 28.00000000000000000, 0.000000000000000000 ) ) ;
#2688 = VECTOR ( 'NONE', #1784, 1000.000000000000000 ) ;
#2689 = LINE ( 'NONE', #596, #92 ) ;
#2690 = VERTEX_POINT ( 'NONE', #688 ) ;
#2691 = LINE ( 'NONE', #564, #1498 ) ;
#2692 = ORIENTED_EDGE ( 'NONE', *, *, #634, .T. ) ;
#2693 = CARTESIAN_POINT ( 'NONE',  ( -70.00000000000000000, 0.000000000000000000, -45.00000000000000000 ) ) ;
#2694 = EDGE_CURVE ( 'NONE', #3007, #2690, #931, .T. ) ;
#2695 = ITEM_DEFINED_TRANSFORMATION ( 'NONE', 'NONE', #77,  #1621 ) ;
#2696 = CARTESIAN_POINT ( 'NONE',  ( -78.00000000000000000, 28.00000000000000000, -7.499999999999999112 ) ) ;
#2697 = ORIENTED_EDGE ( 'NONE', *, *, #2673, .T. ) ;
#2698 = EDGE_CURVE ( 'NONE', #391, #2750, #236, .T. ) ;
#2699 = COORDINATED_UNIVERSAL_TIME_OFFSET ( 8, 0, .AHEAD. ) ;
#2700 = DIRECTION ( 'NONE',  ( 0.000000000000000000, 0.000000000000000000, 1.000000000000000000 ) ) ;
#2701 = CARTESIAN_POINT ( 'NONE',  ( 70.00000000000000000, 95.00000000000000000, -50.50000000000000000 ) ) ;
#2702 = EDGE_LOOP ( 'NONE', ( #2272, #1559, #2486, #2732 ) ) ;
#2703 = CARTESIAN_POINT ( 'NONE',  ( -110.0000000000000000, 28.00000000000000000, -24.00000000000000000 ) ) ;
#2704 = DIRECTION ( 'NONE',  ( 0.000000000000000000, 1.000000000000000000, 0.000000000000000000 ) ) ;
#2705 = APPROVAL_STATUS ( 'not_yet_approved' ) ;
#2706 = ORIENTED_EDGE ( 'NONE', *, *, #2899, .F. ) ;
#2707 = LOCAL_TIME ( 0, 27, 2.000000000000000000, #163 ) ;
#2708 = CARTESIAN_POINT ( 'NONE',  ( 1105.000000000000000, 920.0000000000000000, 0.000000000000000000 ) ) ;
#2709 = CARTESIAN_POINT ( 'NONE',  ( -31.38004145393735911, 30.00000000000000000, 75.75812166592551478 ) ) ;
#2710 = PRODUCT_DEFINITION_FORMATION_WITH_SPECIFIED_SOURCE ( '�', '', #2509, .NOT_KNOWN. ) ;
#2711 = LINE ( 'NONE', #608, #2033 ) ;
#2712 = CARTESIAN_POINT ( 'NONE',  ( 0.000000000000000000, 0.000000000000000000, 0.000000000000000000 ) ) ;
#2713 = CARTESIAN_POINT ( 'NONE',  ( 85.00000000000000000, 0.000000000000000000, 67.00000000000000000 ) ) ;
#2714 = CARTESIAN_POINT ( 'NONE',  ( -42.00000000000000000, 28.00000000000000000, 7.500000000000000000 ) ) ;
#2715 = EDGE_LOOP ( 'NONE', ( #1555, #2049 ) ) ;
#2716 = CARTESIAN_POINT ( 'NONE',  ( -70.00000000000000000, 95.00000000000000000, -50.50000000000000000 ) ) ;
#2717 = ORIENTED_EDGE ( 'NONE', *, *, #2355, .F. ) ;
#2718 = VECTOR ( 'NONE', #2992, 1000.000000000000000 ) ;
#2719 = EDGE_CURVE ( 'NONE', #2750, #3015, #1184, .T. ) ;
#2720 = CC_DESIGN_PERSON_AND_ORGANIZATION_ASSIGNMENT ( #2208, #2939, ( #936 ) ) ;
#2721 = AXIS2_PLACEMENT_3D ( 'NONE', #707, #2519, #2752 ) ;
#2722 = CC_DESIGN_PERSON_AND_ORGANIZATION_ASSIGNMENT ( #217, #467, ( #2710 ) ) ;
#2723 = CIRCLE ( 'NONE', #2678, 6.999999999999999112 ) ;
#2724 = ORIENTED_EDGE ( 'NONE', *, *, #2100, .F. ) ;
#2725 = CIRCLE ( 'NONE', #1494, 6.999999999999999112 ) ;
#2726 = DIRECTION ( 'NONE',  ( -0.000000000000000000, -0.000000000000000000, 1.000000000000000000 ) ) ;
#2727 = CARTESIAN_POINT ( 'NONE',  ( 75.75812166592551478, 30.00000000000000000, -38.38004145393736621 ) ) ;
#2728 = VECTOR ( 'NONE', #1525, 1000.000000000000000 ) ;
#2729 = FACE_BOUND ( 'NONE', #924, .T. ) ;
#2730 = VERTEX_POINT ( 'NONE', #700 ) ;
#2731 = LINE ( 'NONE', #632, #2179 ) ;
#2732 = ORIENTED_EDGE ( 'NONE', *, *, #45, .F. ) ;
#2733 = AXIS2_PLACEMENT_3D ( 'NONE', #2424, #1286, #1301 ) ;
#2734 = AXIS2_PLACEMENT_3D ( 'NONE', #2527, #1597, #689 ) ;
#2735 = PERSON ( '未', '未', '未', ('未'), ('未'), ('未') ) ;
#2736 = ORIENTED_EDGE ( 'NONE', *, *, #917, .F. ) ;
#2737 = ORIENTED_EDGE ( 'NONE', *, *, #183, .F. ) ;
#2738 = DIRECTION ( 'NONE',  ( 0.000000000000000000, 1.000000000000000000, 6.123233995736766036E-17 ) ) ;
#2739 =( REPRESENTATION_RELATIONSHIP ('NONE','NONE', #1821, #2892 ) REPRESENTATION_RELATIONSHIP_WITH_TRANSFORMATION ( #2471 )SHAPE_REPRESENTATION_RELATIONSHIP( ) );
#2740 = DIRECTION ( 'NONE',  ( 0.000000000000000000, -0.000000000000000000, 1.000000000000000000 ) ) ;
#2741 = DIRECTION ( 'NONE',  ( 0.000000000000000000, 0.000000000000000000, 1.000000000000000000 ) ) ;
#2742 = DIRECTION ( 'NONE',  ( -0.000000000000000000, -1.000000000000000000, -0.000000000000000000 ) ) ;
#2743 = LINE ( 'NONE', #826, #518 ) ;
#2744 = VERTEX_POINT ( 'NONE', #2588 ) ;
#2745 = DIRECTION ( 'NONE',  ( -0.000000000000000000, -1.000000000000000000, -0.000000000000000000 ) ) ;
#2746 = ORIENTED_EDGE ( 'NONE', *, *, #594, .T. ) ;
#2747 = ADVANCED_FACE ( 'NONE', ( #277 ), #220, .F. ) ;
#2748 = COORDINATED_UNIVERSAL_TIME_OFFSET ( 8, 0, .AHEAD. ) ;
#2749 = ORIENTED_EDGE ( 'NONE', *, *, #2427, .T. ) ;
#2750 = VERTEX_POINT ( 'NONE', #2081 ) ;
#2751 = VERTEX_POINT ( 'NONE', #2832 ) ;
#2752 = DIRECTION ( 'NONE',  ( 0.000000000000000000, 0.000000000000000000, -1.000000000000000000 ) ) ;
#2753 = ORIENTED_EDGE ( 'NONE', *, *, #1600, .T. ) ;
#2754 = ADVANCED_FACE ( 'NONE', ( #1124 ), #469, .T. ) ;
#2755 = DIRECTION ( 'NONE',  ( 0.000000000000000000, 0.000000000000000000, 1.000000000000000000 ) ) ;
#2756 = CC_DESIGN_PERSON_AND_ORGANIZATION_ASSIGNMENT ( #154, #879, ( #2514 ) ) ;
#2757 = APPROVAL_PERSON_ORGANIZATION ( #539, #1204, #2582 ) ;
#2758 = CARTESIAN_POINT ( 'NONE',  ( 0.000000000000000000, 180.0000000000000000, 0.000000000000000000 ) ) ;
#2759 = DIRECTION ( 'NONE',  ( 0.000000000000000000, 1.000000000000000000, 0.000000000000000000 ) ) ;
#2760 = CARTESIAN_POINT ( 'NONE',  ( 75.75812166592551478, 30.00000000000000000, 24.38004145393735200 ) ) ;
#2761 = CARTESIAN_POINT ( 'NONE',  ( 85.00000000000000000, 0.000000000000000000, 60.00000000000000000 ) ) ;
#2762 = ORIENTED_EDGE ( 'NONE', *, *, #1698, .T. ) ;
#2763 = CARTESIAN_POINT ( 'NONE',  ( 59.00000000000000000, 28.00000000000000355, -24.00000000000000000 ) ) ;
#2764 = ORIENTED_EDGE ( 'NONE', *, *, #869, .F. ) ;
#2765 = APPROVAL_PERSON_ORGANIZATION ( #2845, #1884, #4 ) ;
#2766 = CONTEXT_DEPENDENT_SHAPE_REPRESENTATION ( #180, #439 ) ;
#2767 = ADVANCED_FACE ( 'NONE', ( #1631 ), #1424, .F. ) ;
#2768 = VECTOR ( 'NONE', #1606, 1000.000000000000000 ) ;
#2769 = VERTEX_POINT ( 'NONE', #963 ) ;
#2770 = DIRECTION ( 'NONE',  ( 0.000000000000000000, 0.000000000000000000, 1.000000000000000000 ) ) ;
#2771 = ORIENTED_EDGE ( 'NONE', *, *, #190, .T. ) ;
#2772 =( NAMED_UNIT ( * ) SI_UNIT ( $, .STERADIAN. ) SOLID_ANGLE_UNIT ( ) );
#2773 = ADVANCED_FACE ( 'NONE', ( #2847 ), #1909, .F. ) ;
#2774 = AXIS2_PLACEMENT_3D ( 'NONE', #486, #1169, #300 ) ;
#2775 = CARTESIAN_POINT ( 'NONE',  ( -75.75812166592551478, 30.00000000000000000, 31.38004145393735200 ) ) ;
#2776 = CARTESIAN_POINT ( 'NONE',  ( 120.0000000000000000, 0.000000000000000000, 90.00000000000000000 ) ) ;
#2777 = DIRECTION ( 'NONE',  ( 0.000000000000000000, 0.000000000000000000, 1.000000000000000000 ) ) ;
#2778 = DIRECTION ( 'NONE',  ( 0.000000000000000000, 1.000000000000000000, 0.000000000000000000 ) ) ;
#2779 = ORIENTED_EDGE ( 'NONE', *, *, #668, .F. ) ;
#2780 = CARTESIAN_POINT ( 'NONE',  ( -31.38004145393735911, 30.00000000000000000, 75.75812166592551478 ) ) ;
#2781 = AXIS2_PLACEMENT_3D ( 'NONE', #2862, #746, #532 ) ;
#2782 = VECTOR ( 'NONE', #1282, 1000.000000000000000 ) ;
#2783 = DESIGN_CONTEXT ( 'detailed design', #1416, 'design' ) ;
#2784 = VERTEX_POINT ( 'NONE', #306 ) ;
#2785 = EDGE_CURVE ( 'NONE', #916, #1832, #1417, .T. ) ;
#2786 = EDGE_LOOP ( 'NONE', ( #1846, #1793, #1449, #1227 ) ) ;
#2787 = VECTOR ( 'NONE', #2217, 1000.000000000000000 ) ;
#2788 = COORDINATED_UNIVERSAL_TIME_OFFSET ( 8, 0, .AHEAD. ) ;
#2789 = DIRECTION ( 'NONE',  ( 0.000000000000000000, 1.000000000000000000, 0.000000000000000000 ) ) ;
#2790 = CARTESIAN_POINT ( 'NONE',  ( 120.0000000000000000, 120.0000000000000000, 90.00000000000000000 ) ) ;
#2791 = PERSON_AND_ORGANIZATION ( #2735, #2316 ) ;
#2792 = DIRECTION ( 'NONE',  ( 0.000000000000000000, 0.000000000000000000, -1.000000000000000000 ) ) ;
#2793 = ORIENTED_EDGE ( 'NONE', *, *, #2292, .T. ) ;
#2794 = FACE_OUTER_BOUND ( 'NONE', #3005, .T. ) ;
#2795 = APPROVAL ( #1986, '未' ) ;
#2796 = EDGE_CURVE ( 'NONE', #2286, #1414, #2969, .T. ) ;
#2797 = VERTEX_POINT ( 'NONE', #1452 ) ;
#2798 =( REPRESENTATION_RELATIONSHIP ('NONE','NONE', #1821, #270 ) REPRESENTATION_RELATIONSHIP_WITH_TRANSFORMATION ( #1053 )SHAPE_REPRESENTATION_RELATIONSHIP( ) );
#2799 = ORIENTED_EDGE ( 'NONE', *, *, #1126, .T. ) ;
#2800 = DATE_TIME_ROLE ( 'classification_date' ) ;
#2801 = CARTESIAN_POINT ( 'NONE',  ( 7.041719095097280485E-15, 120.0000000000000000, 57.50000000000000000 ) ) ;
#2802 = DIRECTION ( 'NONE',  ( 0.000000000000000000, 0.000000000000000000, 1.000000000000000000 ) ) ;
#2803 = CARTESIAN_POINT ( 'NONE',  ( 110.0000000000000000, 0.000000000000000000, 24.00000000000000000 ) ) ;
#2804 = CARTESIAN_POINT ( 'NONE',  ( -85.00000000000000000, 120.0000000000000000, -60.00000000000000000 ) ) ;
#2805 = ORIENTED_EDGE ( 'NONE', *, *, #2906, .T. ) ;
#2806 = FACE_BOUND ( 'NONE', #459, .T. ) ;
#2807 = ADVANCED_BREP_SHAPE_REPRESENTATION ( '', ( #490, #1621 ), #1825 ) ;
#2808 = CC_DESIGN_SECURITY_CLASSIFICATION ( #930, ( #1765 ) ) ;
#2809 = ORIENTED_EDGE ( 'NONE', *, *, #2643, .T. ) ;
#2810 = DIRECTION ( 'NONE',  ( 0.000000000000000000, 0.000000000000000000, 1.000000000000000000 ) ) ;
#2811 = CIRCLE ( 'NONE', #1671, 7.499999999999999112 ) ;
#2812 = ORIENTED_EDGE ( 'NONE', *, *, #1380, .F. ) ;
#2813 = PERSON_AND_ORGANIZATION_ROLE ( 'design_supplier' ) ;
#2814 = AXIS2_PLACEMENT_3D ( 'NONE', #1314, #2755, #2478 ) ;
#2815 = DIRECTION ( 'NONE',  ( -0.000000000000000000, -1.000000000000000000, -0.000000000000000000 ) ) ;
#2816 = DIRECTION ( 'NONE',  ( 0.000000000000000000, -0.000000000000000000, -1.000000000000000000 ) ) ;
#2817 = AXIS2_PLACEMENT_3D ( 'NONE', #2387, #30, #247 ) ;
#2818 = FACE_OUTER_BOUND ( 'NONE', #1880, .T. ) ;
#2819 = DIRECTION ( 'NONE',  ( 0.000000000000000000, 0.000000000000000000, 1.000000000000000000 ) ) ;
#2820 = ORIENTED_EDGE ( 'NONE', *, *, #1938, .F. ) ;
#2821 = CIRCLE ( 'NONE', #2679, 7.000000000000006217 ) ;
#2822 = CIRCLE ( 'NONE', #1394, 7.000000000000020428 ) ;
#2823 = CYLINDRICAL_SURFACE ( 'NONE', #2023, 7.500000000000000000 ) ;
#2824 = ORIENTED_EDGE ( 'NONE', *, *, #1493, .F. ) ;
#2825 = AXIS2_PLACEMENT_3D ( 'NONE', #2143, #2857, #778 ) ;
#2826 = FACE_BOUND ( 'NONE', #2987, .T. ) ;
#2827 = VERTEX_POINT ( 'NONE', #1216 ) ;
#2828 = VECTOR ( 'NONE', #337, 1000.000000000000000 ) ;
#2829 = APPROVAL_DATE_TIME ( #2350, #124 ) ;
#2830 = ORIENTED_EDGE ( 'NONE', *, *, #1913, .F. ) ;
#2831 = VECTOR ( 'NONE', #2496, 1000.000000000000000 ) ;
#2832 = CARTESIAN_POINT ( 'NONE',  ( -70.00000000000000000, 0.000000000000000000, 39.49999999999999289 ) ) ;
#2833 = LINE ( 'NONE', #761, #1536 ) ;
#2834 = LINE ( 'NONE', #2621, #2026 ) ;
#2835 = CARTESIAN_POINT ( 'NONE',  ( 75.75812166592551478, 0.000000000000000000, -38.38004145393736621 ) ) ;
#2836 = EDGE_LOOP ( 'NONE', ( #1603, #2500, #1182, #2642 ) ) ;
#2837 = DIRECTION ( 'NONE',  ( 0.000000000000000000, -0.000000000000000000, -1.000000000000000000 ) ) ;
#2838 = ORIENTED_EDGE ( 'NONE', *, *, #2654, .T. ) ;
#2839 = DIRECTION ( 'NONE',  ( 0.000000000000000000, 0.000000000000000000, -1.000000000000000000 ) ) ;
#2840 = EDGE_LOOP ( 'NONE', ( #799, #1250, #1527, #141 ) ) ;
#2841 = CALENDAR_DATE ( 2026, 29, 7 ) ;
#2842 = ADVANCED_FACE ( 'NONE', ( #2136 ), #475, .F. ) ;
#2843 = CARTESIAN_POINT ( 'NONE',  ( 85.00000000000000000, 120.0000000000000000, -67.00000000000000000 ) ) ;
#2844 = ORIENTED_EDGE ( 'NONE', *, *, #401, .F. ) ;
#2845 = PERSON_AND_ORGANIZATION ( #2735, #2316 ) ;
#2846 = EDGE_CURVE ( 'NONE', #1024, #1557, #2164, .T. ) ;
#2847 = FACE_OUTER_BOUND ( 'NONE', #876, .T. ) ;
#2848 = APPROVAL ( #336, 'UNKNOWN' ) ;
#2849 = CYLINDRICAL_SURFACE ( 'NONE', #1489, 38.00000000000000000 ) ;
#2850 = CARTESIAN_POINT ( 'NONE',  ( 120.0000000000000000, 120.0000000000000000, 90.00000000000000000 ) ) ;
#2851 = DIRECTION ( 'NONE',  ( 0.000000000000000000, 0.000000000000000000, -1.000000000000000000 ) ) ;
#2852 = SECURITY_CLASSIFICATION ( '', '', #617 ) ;
#2853 = DIRECTION ( 'NONE',  ( 0.000000000000000000, 1.000000000000000000, 0.000000000000000000 ) ) ;
#2854 = EDGE_LOOP ( 'NONE', ( #302, #967, #1281, #2749 ) ) ;
#2855 = CARTESIAN_POINT ( 'NONE',  ( 0.000000000000000000, 0.000000000000000000, 0.000000000000000000 ) ) ;
#2856 = ORIENTED_EDGE ( 'NONE', *, *, #2150, .F. ) ;
#2857 = DIRECTION ( 'NONE',  ( 0.000000000000000000, 1.000000000000000000, 0.000000000000000000 ) ) ;
#2858 = AXIS2_PLACEMENT_3D ( 'NONE', #919, #2369, #2095 ) ;
#2859 = SHAPE_DEFINITION_REPRESENTATION ( #2288, #270 ) ;
#2860 = DIRECTION ( 'NONE',  ( 0.000000000000000000, 1.000000000000000000, 0.000000000000000000 ) ) ;
#2861 = LINE ( 'NONE', #33, #1438 ) ;
#2862 = CARTESIAN_POINT ( 'NONE',  ( -120.0000000000000000, 120.0000000000000000, 90.00000000000000000 ) ) ;
#2863 = VERTEX_POINT ( 'NONE', #940 ) ;
#2864 = DIRECTION ( 'NONE',  ( 0.000000000000000000, 1.000000000000000000, 0.000000000000000000 ) ) ;
#2865 = ORIENTED_EDGE ( 'NONE', *, *, #2060, .T. ) ;
#2866 = FACE_BOUND ( 'NONE', #174, .T. ) ;
#2867 = VECTOR ( 'NONE', #630, 1000.000000000000000 ) ;
#2868 = DIRECTION ( 'NONE',  ( 0.000000000000000000, 0.000000000000000000, 1.000000000000000000 ) ) ;
#2869 = SECURITY_CLASSIFICATION_LEVEL ( 'unclassified' ) ;
#2870 = AXIS2_PLACEMENT_3D ( 'NONE', #2758, #2944, #2524 ) ;
#2871 = FACE_OUTER_BOUND ( 'NONE', #1599, .T. ) ;
#2872 = CIRCLE ( 'NONE', #1546, 7.000000000000006217 ) ;
#2873 = ORIENTED_EDGE ( 'NONE', *, *, #2490, .T. ) ;
#2874 = PERSON_AND_ORGANIZATION ( #2735, #2316 ) ;
#2875 = ORIENTED_EDGE ( 'NONE', *, *, #2553, .F. ) ;
#2876 = EDGE_CURVE ( 'NONE', #2797, #2453, #420, .T. ) ;
#2877 = DATE_AND_TIME ( #1506, #1521 ) ;
#2878 = CYLINDRICAL_SURFACE ( 'NONE', #31, 6.999999999999999112 ) ;
#2879 = EDGE_CURVE ( 'NONE', #2751, #1321, #1043, .T. ) ;
#2880 = FACE_BOUND ( 'NONE', #409, .T. ) ;
#2881 = LINE ( 'NONE', #782, #189 ) ;
#2882 = AXIS2_PLACEMENT_3D ( 'NONE', #2052, #1381, #1139 ) ;
#2883 = DIRECTION ( 'NONE',  ( 0.000000000000000000, 0.000000000000000000, -1.000000000000000000 ) ) ;
#2884 = ORIENTED_EDGE ( 'NONE', *, *, #1571, .T. ) ;
#2885 = DIRECTION ( 'NONE',  ( 0.000000000000000000, 1.000000000000000000, 0.000000000000000000 ) ) ;
#2886 = EDGE_CURVE ( 'NONE', #691, #2057, #1674, .T. ) ;
#2887 = CARTESIAN_POINT ( 'NONE',  ( 70.00000000000000000, 95.00000000000000000, 45.00000000000000000 ) ) ;
#2888 = ORIENTED_EDGE ( 'NONE', *, *, #2654, .F. ) ;
#2889 = SHAPE_DEFINITION_REPRESENTATION ( #1278, #2892 ) ;
#2890 = CC_DESIGN_PERSON_AND_ORGANIZATION_ASSIGNMENT ( #2874, #2400, ( #2625 ) ) ;
#2891 = LINE ( 'NONE', #788, #1005 ) ;
#2892 = SHAPE_REPRESENTATION ( 'MKH-011_wrist_flange', ( #1621 ), #229 ) ;
#2893 = ORIENTED_EDGE ( 'NONE', *, *, #263, .T. ) ;
#2894 = CARTESIAN_POINT ( 'NONE',  ( 31.38004145393736266, 0.000000000000000000, -68.75812166592551478 ) ) ;
#2895 = CALENDAR_DATE ( 2026, 29, 7 ) ;
#2896 = CARTESIAN_POINT ( 'NONE',  ( 1.408343819019456097E-14, 30.00000000000000000, 115.0000000000000000 ) ) ;
#2897 = CARTESIAN_POINT ( 'NONE',  ( 110.0000000000000000, 28.00000000000000000, 24.00000000000000000 ) ) ;
#2898 = APPLICATION_CONTEXT ( 'configuration controlled 3d designs of mechanical parts and assemblies' ) ;
#2899 = EDGE_CURVE ( 'NONE', #1414, #677, #1176, .T. ) ;
#2900 = DIRECTION ( 'NONE',  ( 0.000000000000000000, 0.000000000000000000, 1.000000000000000000 ) ) ;
#2901 = DIRECTION ( 'NONE',  ( 0.000000000000000000, 0.000000000000000000, -1.000000000000000000 ) ) ;
#2902 = VERTEX_POINT ( 'NONE', #1404 ) ;
#2903 = CARTESIAN_POINT ( 'NONE',  ( -85.00000000000000000, 120.0000000000000000, 67.00000000000000000 ) ) ;
#2904 = APPROVAL_PERSON_ORGANIZATION ( #1954, #142, #1271 ) ;
#2905 = DIRECTION ( 'NONE',  ( -0.000000000000000000, -1.000000000000000000, -0.000000000000000000 ) ) ;
#2906 = EDGE_CURVE ( 'NONE', #526, #2730, #850, .T. ) ;
#2907 = EDGE_CURVE ( 'NONE', #1700, #3007, #2580, .T. ) ;
#2908 = VERTEX_POINT ( 'NONE', #2345 ) ;
#2909 = LOCAL_TIME ( 0, 27, 2.000000000000000000, #1194 ) ;
#2910 = PERSON_AND_ORGANIZATION ( #2735, #2316 ) ;
#2911 = LINE ( 'NONE', #398, #2234 ) ;
#2912 = AXIS2_PLACEMENT_3D ( 'NONE', #874, #2759, #1581 ) ;
#2913 = FACE_OUTER_BOUND ( 'NONE', #2564, .T. ) ;
#2914 = FACE_OUTER_BOUND ( 'NONE', #249, .T. ) ;
#2915 = ORIENTED_EDGE ( 'NONE', *, *, #939, .T. ) ;
#2916 = DIRECTION ( 'NONE',  ( 0.000000000000000000, 0.000000000000000000, 1.000000000000000000 ) ) ;
#2917 = EDGE_CURVE ( 'NONE', #2908, #2151, #2418, .T. ) ;
#2918 =( LENGTH_UNIT ( ) NAMED_UNIT ( * ) SI_UNIT ( .MILLI., .METRE. ) );
#2919 = ORIENTED_EDGE ( 'NONE', *, *, #7, .F. ) ;
#2920 = COORDINATED_UNIVERSAL_TIME_OFFSET ( 8, 0, .AHEAD. ) ;
#2921 = CARTESIAN_POINT ( 'NONE',  ( 0.000000000000000000, 180.0000000000000000, 0.000000000000000000 ) ) ;
#2922 = AXIS2_PLACEMENT_3D ( 'NONE', #461, #213, #2638 ) ;
#2923 = ADVANCED_FACE ( 'NONE', ( #1657 ), #2823, .F. ) ;
#2924 = CIRCLE ( 'NONE', #2029, 7.500000000000000000 ) ;
#2925 = ORIENTED_EDGE ( 'NONE', *, *, #2973, .T. ) ;
#2926 = AXIS2_PLACEMENT_3D ( 'NONE', #1796, #2232, #658 ) ;
#2927 = PERSON_AND_ORGANIZATION ( #2735, #2316 ) ;
#2928 = AXIS2_PLACEMENT_3D ( 'NONE', #1260, #2618, #1921 ) ;
#2929 = CARTESIAN_POINT ( 'NONE',  ( -75.75812166592551478, 30.00000000000000000, 24.38004145393735200 ) ) ;
#2930 = DIRECTION ( 'NONE',  ( 0.000000000000000000, 0.000000000000000000, 1.000000000000000000 ) ) ;
#2931 = AXIS2_PLACEMENT_3D ( 'NONE', #1235, #603, #1760 ) ;
#2932 = DIRECTION ( 'NONE',  ( 0.000000000000000000, 0.000000000000000000, -1.000000000000000000 ) ) ;
#2933 = VERTEX_POINT ( 'NONE', #1806 ) ;
#2934 = FACE_BOUND ( 'NONE', #899, .T. ) ;
#2935 = ORIENTED_EDGE ( 'NONE', *, *, #38, .T. ) ;
#2936 = DIRECTION ( 'NONE',  ( 0.000000000000000000, 0.000000000000000000, 1.000000000000000000 ) ) ;
#2937 = EDGE_LOOP ( 'NONE', ( #72, #2317, #55, #1402 ) ) ;
#2938 = CALENDAR_DATE ( 2026, 29, 7 ) ;
#2939 = PERSON_AND_ORGANIZATION_ROLE ( 'creator' ) ;
#2940 = ADVANCED_FACE ( 'NONE', ( #737 ), #506, .F. ) ;
#2941 = DIRECTION ( 'NONE',  ( 0.000000000000000000, 0.000000000000000000, 1.000000000000000000 ) ) ;
#2942 = ADVANCED_FACE ( 'NONE', ( #201 ), #884, .F. ) ;
#2943 = ORIENTED_EDGE ( 'NONE', *, *, #2100, .T. ) ;
#2944 = DIRECTION ( 'NONE',  ( 0.000000000000000000, 1.000000000000000000, 0.000000000000000000 ) ) ;
#2945 = FACE_OUTER_BOUND ( 'NONE', #2985, .T. ) ;
#2946 = APPROVAL ( #1285, 'UNKNOWN' ) ;
#2947 = CARTESIAN_POINT ( 'NONE',  ( 85.00000000000000000, 120.0000000000000000, 60.00000000000000000 ) ) ;
#2948 = DIRECTION ( 'NONE',  ( 0.000000000000000000, -1.000000000000000000, 0.000000000000000000 ) ) ;
#2949 = EDGE_CURVE ( 'NONE', #366, #2022, #1435, .T. ) ;
#2950 = ORIENTED_EDGE ( 'NONE', *, *, #276, .T. ) ;
#2951 = CARTESIAN_POINT ( 'NONE',  ( 59.00000000000000000, 28.00000000000000000, 0.000000000000000000 ) ) ;
#2952 = ORIENTED_EDGE ( 'NONE', *, *, #287, .T. ) ;
#2953 = DATE_AND_TIME ( #2007, #2559 ) ;
#2954 = CARTESIAN_POINT ( 'NONE',  ( -95.00000000000000000, 0.000000000000000000, 65.00000000000000000 ) ) ;
#2955 = ORIENTED_EDGE ( 'NONE', *, *, #256, .T. ) ;
#2956 = CARTESIAN_POINT ( 'NONE',  ( -110.0000000000000000, 28.00000000000000000, 24.00000000000000000 ) ) ;
#2957 = CC_DESIGN_PERSON_AND_ORGANIZATION_ASSIGNMENT ( #640, #1560, ( #2509 ) ) ;
#2958 = EDGE_LOOP ( 'NONE', ( #209, #748, #520, #1296 ) ) ;
#2959 = EDGE_LOOP ( 'NONE', ( #2127, #2793 ) ) ;
#2960 = SECURITY_CLASSIFICATION ( '', '', #1324 ) ;
#2961 = CARTESIAN_POINT ( 'NONE',  ( 0.000000000000000000, 0.000000000000000000, 0.000000000000000000 ) ) ;
#2962 = APPROVAL_PERSON_ORGANIZATION ( #2459, #1106, #2225 ) ;
#2963 = DIRECTION ( 'NONE',  ( 0.000000000000000000, 1.000000000000000000, 0.000000000000000000 ) ) ;
#2964 = DIRECTION ( 'NONE',  ( 0.000000000000000000, 1.000000000000000000, 0.000000000000000000 ) ) ;
#2965 = LINE ( 'NONE', #2701, #1354 ) ;
#2966 = VERTEX_POINT ( 'NONE', #1642 ) ;
#2967 = CARTESIAN_POINT ( 'NONE',  ( 0.000000000000000000, 120.0000000000000000, 0.000000000000000000 ) ) ;
#2968 = ORIENTED_EDGE ( 'NONE', *, *, #489, .T. ) ;
#2969 = CIRCLE ( 'NONE', #1774, 7.000000000000006217 ) ;
#2970 = EDGE_CURVE ( 'NONE', #2273, #650, #109, .T. ) ;
#2971 = DESIGN_CONTEXT ( 'detailed design', #2898, 'design' ) ;
#2972 = LOCAL_TIME ( 0, 27, 2.000000000000000000, #2384 ) ;
#2973 = EDGE_CURVE ( 'NONE', #1104, #393, #1387, .T. ) ;
#2974 = VECTOR ( 'NONE', #682, 1000.000000000000000 ) ;
#2975 = VERTEX_POINT ( 'NONE', #1512 ) ;
#2976 = DIRECTION ( 'NONE',  ( 0.000000000000000000, 1.000000000000000000, 6.123233995736766036E-17 ) ) ;
#2977 = CIRCLE ( 'NONE', #1835, 38.00000000000000000 ) ;
#2978 = LINE ( 'NONE', #860, #2177 ) ;
#2979 = DIRECTION ( 'NONE',  ( 0.000000000000000000, 1.000000000000000000, 0.000000000000000000 ) ) ;
#2980 = DIRECTION ( 'NONE',  ( -1.000000000000000000, -0.000000000000000000, -0.000000000000000000 ) ) ;
#2981 = VECTOR ( 'NONE', #1933, 1000.000000000000000 ) ;
#2982 = EDGE_CURVE ( 'NONE', #2273, #1146, #986, .T. ) ;
#2983 = CARTESIAN_POINT ( 'NONE',  ( 70.00000000000000000, 95.00000000000000000, 45.00000000000000000 ) ) ;
#2984 = CARTESIAN_POINT ( 'NONE',  ( 120.0000000000000000, 120.0000000000000000, -90.00000000000000000 ) ) ;
#2985 = EDGE_LOOP ( 'NONE', ( #2623, #120, #1654, #1275 ) ) ;
#2986 = CARTESIAN_POINT ( 'NONE',  ( 31.38004145393736266, 0.000000000000000000, -75.75812166592551478 ) ) ;
#2987 = EDGE_LOOP ( 'NONE', ( #1418, #196 ) ) ;
#2988 = PRODUCT_DEFINITION_SHAPE ( 'NONE', 'NONE',  #2625 ) ;
#2989 = EDGE_LOOP ( 'NONE', ( #857, #2410 ) ) ;
#2990 = CIRCLE ( 'NONE', #629, 6.999999999999999112 ) ;
#2991 = ORIENTED_EDGE ( 'NONE', *, *, #2719, .F. ) ;
#2992 = DIRECTION ( 'NONE',  ( 1.000000000000000000, 0.000000000000000000, 0.000000000000000000 ) ) ;
#2993 = ORIENTED_EDGE ( 'NONE', *, *, #2088, .T. ) ;
#2994 = PERSON_AND_ORGANIZATION ( #2735, #2316 ) ;
#2995 = LINE ( 'NONE', #205, #816 ) ;
#2996 = CARTESIAN_POINT ( 'NONE',  ( 0.000000000000000000, 145.0000000000000000, 0.000000000000000000 ) ) ;
#2997 = EDGE_CURVE ( 'NONE', #2395, #1359, #551, .T. ) ;
#2998 = CYLINDRICAL_SURFACE ( 'NONE', #2627, 115.0000000000000000 ) ;
#2999 = FACE_BOUND ( 'NONE', #633, .T. ) ;
#3000 = ORIENTED_EDGE ( 'NONE', *, *, #1974, .F. ) ;
#3001 = FACE_BOUND ( 'NONE', #2568, .T. ) ;
#3002 = PERSON ( 'NAUO-PER3', 'UNSPECIFIED', 'UNSPECIFIED', ('UNSPECIFIED'), ('UNSPECIFIED'), ('UNSPECIFIED') ) ;
#3003 = CALENDAR_DATE ( 2026, 29, 7 ) ;
#3004 = VERTEX_POINT ( 'NONE', #772 ) ;
#3005 = EDGE_LOOP ( 'NONE', ( #2893, #811, #1947, #2447 ) ) ;
#3006 = CARTESIAN_POINT ( 'NONE',  ( -75.75812166592551478, 30.00000000000000000, 31.38004145393735200 ) ) ;
#3007 = VERTEX_POINT ( 'NONE', #378 ) ;
#3008 = CALENDAR_DATE ( 2026, 29, 7 ) ;
#3009 = CARTESIAN_POINT ( 'NONE',  ( 0.000000000000000000, 50.00000000000000000, 0.000000000000000000 ) ) ;
#3010 = LOCAL_TIME ( 0, 27, 2.000000000000000000, #350 ) ;
#3011 = DIRECTION ( 'NONE',  ( 0.000000000000000000, 1.000000000000000000, 0.000000000000000000 ) ) ;
#3012 = CARTESIAN_POINT ( 'NONE',  ( 59.00000000000000000, 42.00000000000000000, 24.00000000000000000 ) ) ;
#3013 = CARTESIAN_POINT ( 'NONE',  ( 4.653657836759941941E-15, 30.00000000000000000, 38.00000000000000000 ) ) ;
#3014 = DIRECTION ( 'NONE',  ( 0.000000000000000000, 0.000000000000000000, 1.000000000000000000 ) ) ;
#3015 = VERTEX_POINT ( 'NONE', #1756 ) ;
#3016 = DIRECTION ( 'NONE',  ( -0.000000000000000000, -1.000000000000000000, -0.000000000000000000 ) ) ;
#3017 = EDGE_LOOP ( 'NONE', ( #1708, #2812 ) ) ;
#3018 = AXIS2_PLACEMENT_3D ( 'NONE', #2996, #2012, #1310 ) ;
#3019 = ORIENTED_EDGE ( 'NONE', *, *, #1303, .T. ) ;
#3020 = DIRECTION ( 'NONE',  ( 6.123233995736766036E-17, -1.000000000000000000, 0.000000000000000000 ) ) ;
#3021 = AXIS2_PLACEMENT_3D ( 'NONE', #2042, #920, #2310 ) ;
#3022 = EDGE_CURVE ( 'NONE', #1472, #795, #1288, .T. ) ;
#3023 = CARTESIAN_POINT ( 'NONE',  ( 110.0000000000000000, 28.00000000000000000, 24.00000000000000000 ) ) ;
#3024 = CARTESIAN_POINT ( 'NONE',  ( -78.00000000000000000, 28.00000000000000000, 0.000000000000000000 ) ) ;
#3025 = CC_DESIGN_PERSON_AND_ORGANIZATION_ASSIGNMENT ( #711, #1646, ( #1326 ) ) ;
#3026 = AXIS2_PLACEMENT_3D ( 'NONE', #2311, #676, #717 ) ;
#3027 = LINE ( 'NONE', #890, #466 ) ;
#3028 = DATE_TIME_ROLE ( 'classification_date' ) ;
#3029 = VECTOR ( 'NONE', #320, 1000.000000000000000 ) ;
#3030 = NEXT_ASSEMBLY_USAGE_OCCURRENCE ( 'NAUO1', ' ', ' ', #2344, #1473, $ ) ;
#3031 = NEXT_ASSEMBLY_USAGE_OCCURRENCE ( 'NAUO2', ' ', ' ', #2344, #2664, $ ) ;
#3032 = NEXT_ASSEMBLY_USAGE_OCCURRENCE ( 'NAUO3', ' ', ' ', #2344, #2625, $ ) ;
#3033 = NEXT_ASSEMBLY_USAGE_OCCURRENCE ( 'NAUO4', ' ', ' ', #2344, #913, $ ) ;
#3034 = NEXT_ASSEMBLY_USAGE_OCCURRENCE ( 'NAUO5', ' ', ' ', #2344, #913, $ ) ;
ENDSEC;
END-ISO-10303-21;
