ISO-10303-21;
HEADER;
FILE_DESCRIPTION (( 'STEP AP203' ),
    '1' );
FILE_NAME ('MKH-000_main_assembly.STEP',
    '2026-07-28T17:43:37',
    ( '' ),
    ( '' ),
    'SwSTEP 2.0',
    'SolidWorks 2023',
    '' );
FILE_SCHEMA (( 'CONFIG_CONTROL_DESIGN' ));
ENDSEC;

DATA;
#1 = ORIENTED_EDGE ( 'NONE', *, *, #10305, .F. ) ;
#2 = DIRECTION ( 'NONE',  ( -0.000000000000000000, -1.000000000000000000, -0.000000000000000000 ) ) ;
#3 = ORIENTED_EDGE ( 'NONE', *, *, #6153, .T. ) ;
#4 = APPLICATION_CONTEXT ( 'configuration controlled 3d designs of mechanical parts and assemblies' ) ;
#5 = CARTESIAN_POINT ( 'NONE',  ( -42.00000000000000000, 28.00000000000000000, 0.000000000000000000 ) ) ;
#6 = CARTESIAN_POINT ( 'NONE',  ( 164.9999999999998579, 0.000000000000000000, 12.00000000000000000 ) ) ;
#7 = EDGE_CURVE ( 'NONE', #2911, #10721, #7665, .T. ) ;
#8 =( NAMED_UNIT ( * ) SI_UNIT ( $, .STERADIAN. ) SOLID_ANGLE_UNIT ( ) );
#9 = CARTESIAN_POINT ( 'NONE',  ( 0.000000000000000000, 0.000000000000000000, 0.000000000000000000 ) ) ;
#10 = VERTEX_POINT ( 'NONE', #11261 ) ;
#11 = EDGE_CURVE ( 'NONE', #9456, #2008, #8467, .T. ) ;
#12 = VERTEX_POINT ( 'NONE', #10349 ) ;
#13 = EDGE_LOOP ( 'NONE', ( #11615, #7027, #7335, #10028 ) ) ;
#14 = ORIENTED_EDGE ( 'NONE', *, *, #10055, .T. ) ;
#15 = CARTESIAN_POINT ( 'NONE',  ( -245.0000000000000000, 0.000000000000000000, 64.00000000000000000 ) ) ;
#16 = CC_DESIGN_PERSON_AND_ORGANIZATION_ASSIGNMENT ( #11948, #3503, ( #11751 ) ) ;
#17 = CARTESIAN_POINT ( 'NONE',  ( 135.0000000000000000, 0.000000000000000000, 105.0000000000000000 ) ) ;
#18 = EDGE_CURVE ( 'NONE', #1972, #230, #7608, .T. ) ;
#19 = FACE_OUTER_BOUND ( 'NONE', #5562, .T. ) ;
#20 = DIRECTION ( 'NONE',  ( -0.000000000000000000, -1.000000000000000000, -0.000000000000000000 ) ) ;
#21 = DIRECTION ( 'NONE',  ( 0.000000000000000000, 1.000000000000000000, 0.000000000000000000 ) ) ;
#22 = LINE ( 'NONE', #2688, #6086 ) ;
#23 = SECURITY_CLASSIFICATION_LEVEL ( 'unclassified' ) ;
#24 = CARTESIAN_POINT ( 'NONE',  ( 115.0000000000000000, 12.00000000000000000, -28.00000000000000000 ) ) ;
#25 = PERSON ( 'NAUO-PER8', 'UNSPECIFIED', 'UNSPECIFIED', ('UNSPECIFIED'), ('UNSPECIFIED'), ('UNSPECIFIED') ) ;
#26 = ORIENTED_EDGE ( 'NONE', *, *, #11771, .F. ) ;
#27 = VECTOR ( 'NONE', #4387, 1000.000000000000000 ) ;
#28 = VERTEX_POINT ( 'NONE', #3911 ) ;
#29 = ADVANCED_FACE ( 'NONE', ( #3976 ), #6700, .F. ) ;
#30 = DIRECTION ( 'NONE',  ( -0.000000000000000000, -1.000000000000000000, -0.000000000000000000 ) ) ;
#31 = DIRECTION ( 'NONE',  ( 0.000000000000000000, 1.000000000000000000, 0.000000000000000000 ) ) ;
#32 = DIRECTION ( 'NONE',  ( 0.000000000000000000, 0.000000000000000000, -1.000000000000000000 ) ) ;
#33 = DIRECTION ( 'NONE',  ( 0.000000000000000000, 1.000000000000000000, 0.000000000000000000 ) ) ;
#34 = AXIS2_PLACEMENT_3D ( 'NONE', #7533, #10565, #4759 ) ;
#35 = DIRECTION ( 'NONE',  ( -0.000000000000000000, -0.000000000000000000, 1.000000000000000000 ) ) ;
#36 = COORDINATED_UNIVERSAL_TIME_OFFSET ( 8, 0, .AHEAD. ) ;
#37 = EDGE_CURVE ( 'NONE', #9090, #1743, #3858, .T. ) ;
#38 = DATE_AND_TIME ( #3668, #1292 ) ;
#39 = DIRECTION ( 'NONE',  ( 0.000000000000000000, 1.000000000000000000, 0.000000000000000000 ) ) ;
#40 = ADVANCED_FACE ( 'NONE', ( #6642 ), #11441, .T. ) ;
#41 = ORIENTED_EDGE ( 'NONE', *, *, #1760, .F. ) ;
#42 = ORIENTED_EDGE ( 'NONE', *, *, #8520, .T. ) ;
#43 = EDGE_CURVE ( 'NONE', #423, #1764, #11323, .T. ) ;
#44 = VECTOR ( 'NONE', #4386, 1000.000000000000000 ) ;
#45 = PLANE ( 'NONE',  #10151 ) ;
#46 = VERTEX_POINT ( 'NONE', #5802 ) ;
#47 = ORIENTED_EDGE ( 'NONE', *, *, #5179, .T. ) ;
#48 = CARTESIAN_POINT ( 'NONE',  ( -52.50000000000000000, 28.00000000000000000, 99.00000000000000000 ) ) ;
#49 = CIRCLE ( 'NONE', #11279, 36.00000000000000000 ) ;
#50 = ORIENTED_EDGE ( 'NONE', *, *, #11757, .T. ) ;
#51 = CARTESIAN_POINT ( 'NONE',  ( 4.408728476930470856E-15, 330.0000000000000000, 36.00000000000000000 ) ) ;
#52 = FACE_BOUND ( 'NONE', #9480, .T. ) ;
#53 = CARTESIAN_POINT ( 'NONE',  ( 0.000000000000000000, 0.000000000000000000, 0.000000000000000000 ) ) ;
#54 = AXIS2_PLACEMENT_3D ( 'NONE', #6031, #511, #756 ) ;
#55 = CALENDAR_DATE ( 2026, 29, 7 ) ;
#56 = DATE_TIME_ROLE ( 'creation_date' ) ;
#57 = AXIS2_PLACEMENT_3D ( 'NONE', #9589, #554, #3147 ) ;
#58 = CIRCLE ( 'NONE', #8180, 4.500000000000003553 ) ;
#59 = EDGE_CURVE ( 'NONE', #8301, #6313, #1899, .T. ) ;
#60 = EDGE_LOOP ( 'NONE', ( #6896, #3366, #9418, #3289, #11976, #10840, #9694, #5110 ) ) ;
#61 = AXIS2_PLACEMENT_3D ( 'NONE', #5106, #1583, #10739 ) ;
#62 = ORIENTED_EDGE ( 'NONE', *, *, #7091, .T. ) ;
#63 = DIRECTION ( 'NONE',  ( -0.000000000000000000, -1.000000000000000000, -0.000000000000000000 ) ) ;
#64 = ORIENTED_EDGE ( 'NONE', *, *, #5374, .F. ) ;
#65 = CARTESIAN_POINT ( 'NONE',  ( -105.0000000000000000, 12.00000000000000000, 8.000000000000000000 ) ) ;
#66 = DIRECTION ( 'NONE',  ( 0.000000000000000000, 1.000000000000000000, 0.000000000000000000 ) ) ;
#67 = CIRCLE ( 'NONE', #1027, 38.00000000000000000 ) ;
#68 = FACE_OUTER_BOUND ( 'NONE', #4562, .T. ) ;
#69 = AXIS2_PLACEMENT_3D ( 'NONE', #9245, #2746, #11928 ) ;
#70 = ORIENTED_EDGE ( 'NONE', *, *, #2407, .T. ) ;
#71 = CIRCLE ( 'NONE', #7997, 6.999999999999999112 ) ;
#72 = EDGE_CURVE ( 'NONE', #3594, #1485, #8669, .T. ) ;
#73 = ORIENTED_EDGE ( 'NONE', *, *, #6645, .F. ) ;
#74 = APPLICATION_CONTEXT ( 'configuration controlled 3d designs of mechanical parts and assemblies' ) ;
#75 = ORIENTED_EDGE ( 'NONE', *, *, #11830, .F. ) ;
#76 = CARTESIAN_POINT ( 'NONE',  ( 1.163414459189985485E-14, 360.0000000000000000, 95.00000000000001421 ) ) ;
#77 = PERSON_AND_ORGANIZATION ( #10860, #8800 ) ;
#78 = AXIS2_PLACEMENT_3D ( 'NONE', #4499, #10862, #4564 ) ;
#79 = CARTESIAN_POINT ( 'NONE',  ( 0.000000000000000000, 225.0000000000000000, 0.000000000000000000 ) ) ;
#80 = DIRECTION ( 'NONE',  ( 0.000000000000000000, 0.000000000000000000, -1.000000000000000000 ) ) ;
#81 = CARTESIAN_POINT ( 'NONE',  ( -27.55320713028645940, 220.0000000000000000, 66.51932634081265405 ) ) ;
#82 = FACE_OUTER_BOUND ( 'NONE', #5211, .T. ) ;
#83 = DIRECTION ( 'NONE',  ( 0.000000000000000000, 0.000000000000000000, 1.000000000000000000 ) ) ;
#84 = AXIS2_PLACEMENT_3D ( 'NONE', #9161, #4556, #9044 ) ;
#85 = CIRCLE ( 'NONE', #7434, 9.000000000000007105 ) ;
#86 = CONTEXT_DEPENDENT_SHAPE_REPRESENTATION ( #10606, #6146 ) ;
#87 = DIRECTION ( 'NONE',  ( -0.000000000000000000, 1.000000000000000000, -0.000000000000000000 ) ) ;
#88 = VECTOR ( 'NONE', #473, 1000.000000000000000 ) ;
#89 = APPROVAL ( #1063, 'æœª' ) ;
#90 = ORIENTED_EDGE ( 'NONE', *, *, #11343, .T. ) ;
#91 = CC_DESIGN_PERSON_AND_ORGANIZATION_ASSIGNMENT ( #962, #4661, ( #6379 ) ) ;
#92 = ORIENTED_EDGE ( 'NONE', *, *, #519, .F. ) ;
#93 = DIRECTION ( 'NONE',  ( 0.000000000000000000, 0.000000000000000000, 1.000000000000000000 ) ) ;
#94 = CARTESIAN_POINT ( 'NONE',  ( 180.0000000000000000, 34.00000000000000000, 12.00000000000000000 ) ) ;
#95 = DIRECTION ( 'NONE',  ( -0.000000000000000000, -1.000000000000000000, -0.000000000000000000 ) ) ;
#96 = APPROVAL ( #4690, 'UNKNOWN' ) ;
#97 = CARTESIAN_POINT ( 'NONE',  ( 0.000000000000000000, 260.0000000000000000, 0.000000000000000000 ) ) ;
#98 = LINE ( 'NONE', #10275, #1455 ) ;
#99 = PERSON_AND_ORGANIZATION ( #10860, #8800 ) ;
#100 = PERSON_AND_ORGANIZATION ( #10860, #8800 ) ;
#101 = CARTESIAN_POINT ( 'NONE',  ( 0.000000000000000000, 50.00000000000000000, 0.000000000000000000 ) ) ;
#102 = EDGE_LOOP ( 'NONE', ( #3329, #7692 ) ) ;
#103 = CC_DESIGN_APPROVAL ( #5344, ( #4924 ) ) ;
#104 = AXIS2_PLACEMENT_3D ( 'NONE', #5922, #6765, #4841 ) ;
#105 = ORIENTED_EDGE ( 'NONE', *, *, #1256, .F. ) ;
#106 = FACE_OUTER_BOUND ( 'NONE', #6791, .T. ) ;
#107 = ORIENTED_EDGE ( 'NONE', *, *, #11848, .T. ) ;
#108 = EDGE_CURVE ( 'NONE', #2911, #9261, #9449, .T. ) ;
#109 = ORIENTED_EDGE ( 'NONE', *, *, #6759, .T. ) ;
#110 = CARTESIAN_POINT ( 'NONE',  ( -31.38004145393735911, 0.000000000000000000, 75.75812166592551478 ) ) ;
#111 = VERTEX_POINT ( 'NONE', #5920 ) ;
#112 = CARTESIAN_POINT ( 'NONE',  ( 15.00000000000000000, 28.00000000000000000, 7.500000000000000000 ) ) ;
#113 = LINE ( 'NONE', #4721, #4163 ) ;
#114 = PERSON_AND_ORGANIZATION ( #10860, #8800 ) ;
#115 = ADVANCED_FACE ( 'NONE', ( #1248 ), #8706, .T. ) ;
#116 = APPROVAL_ROLE ( '' ) ;
#117 = VERTEX_POINT ( 'NONE', #170 ) ;
#118 = ORIENTED_EDGE ( 'NONE', *, *, #1790, .F. ) ;
#119 = DIRECTION ( 'NONE',  ( -0.000000000000000000, -1.000000000000000000, -0.000000000000000000 ) ) ;
#120 = APPROVAL_PERSON_ORGANIZATION ( #6627, #3695, #7538 ) ;
#121 = ORIENTED_EDGE ( 'NONE', *, *, #10761, .T. ) ;
#122 = CARTESIAN_POINT ( 'NONE',  ( -70.00000000000000000, 95.00000000000000000, -45.00000000000000000 ) ) ;
#123 = DIRECTION ( 'NONE',  ( -0.000000000000000000, -1.000000000000000000, -0.000000000000000000 ) ) ;
#124 =( LENGTH_UNIT ( ) NAMED_UNIT ( * ) SI_UNIT ( .MILLI., .METRE. ) );
#125 = AXIS2_PLACEMENT_3D ( 'NONE', #79, #803, #11916 ) ;
#126 = DIRECTION ( 'NONE',  ( 0.000000000000000000, 0.000000000000000000, 1.000000000000000000 ) ) ;
#127 = VERTEX_POINT ( 'NONE', #9621 ) ;
#128 = LOCAL_TIME ( 1, 43, 37.00000000000000000, #3980 ) ;
#129 = ORIENTED_EDGE ( 'NONE', *, *, #7532, .F. ) ;
#130 = ORIENTED_EDGE ( 'NONE', *, *, #5519, .T. ) ;
#131 = AXIS2_PLACEMENT_3D ( 'NONE', #3461, #6483, #9955 ) ;
#132 = ORIENTED_EDGE ( 'NONE', *, *, #2920, .T. ) ;
#133 = CARTESIAN_POINT ( 'NONE',  ( 133.9625322141365871, 0.000000000000000000, 46.48909769293798888 ) ) ;
#134 = APPROVAL_DATE_TIME ( #10200, #3195 ) ;
#135 = DIRECTION ( 'NONE',  ( 0.000000000000000000, 0.000000000000000000, -1.000000000000000000 ) ) ;
#136 = APPROVAL_PERSON_ORGANIZATION ( #7735, #2607, #10714 ) ;
#137 = CARTESIAN_POINT ( 'NONE',  ( 117.5000000000000000, 20.00000000000000000, -24.00000000000000000 ) ) ;
#138 = APPROVAL_PERSON_ORGANIZATION ( #8515, #4382, #5792 ) ;
#139 = UNCERTAINTY_MEASURE_WITH_UNIT (LENGTH_MEASURE( 1.000000000000000082E-05 ), #124, 'distance_accuracy_value', 'NONE');
#140 = DIRECTION ( 'NONE',  ( 0.000000000000000000, 1.000000000000000000, 0.000000000000000000 ) ) ;
#141 = LINE ( 'NONE', #2977, #9367 ) ;
#142 = FACE_OUTER_BOUND ( 'NONE', #6502, .T. ) ;
#143 = ADVANCED_FACE ( 'NONE', ( #1314 ), #5015, .F. ) ;
#144 = AXIS2_PLACEMENT_3D ( 'NONE', #2350, #6053, #7926 ) ;
#145 = ITEM_DEFINED_TRANSFORMATION ( 'NONE', 'NONE', #6284,  #10725 ) ;
#146 = ORIENTED_EDGE ( 'NONE', *, *, #5128, .T. ) ;
#147 = CC_DESIGN_APPROVAL ( #4393, ( #5187 ) ) ;
#148 = EDGE_LOOP ( 'NONE', ( #2035, #3559, #1084, #2067 ) ) ;
#149 = DIRECTION ( 'NONE',  ( 0.000000000000000000, 1.000000000000000000, 0.000000000000000000 ) ) ;
#150 = VECTOR ( 'NONE', #10882, 1000.000000000000000 ) ;
#151 = VECTOR ( 'NONE', #6342, 1000.000000000000000 ) ;
#152 = CARTESIAN_POINT ( 'NONE',  ( -245.0000000000000000, 0.000000000000000000, 31.03224129836581469 ) ) ;
#153 = DIRECTION ( 'NONE',  ( 0.000000000000000000, 0.000000000000000000, 1.000000000000000000 ) ) ;
#154 = CYLINDRICAL_SURFACE ( 'NONE', #9210, 8.999999999999994671 ) ;
#155 = APPROVAL ( #1062, 'æœª' ) ;
#156 = SECURITY_CLASSIFICATION ( '', '', #3039 ) ;
#157 = DIRECTION ( 'NONE',  ( 1.000000000000000000, -0.000000000000000000, 0.000000000000000000 ) ) ;
#158 = EDGE_CURVE ( 'NONE', #6781, #10362, #2459, .T. ) ;
#159 = COORDINATED_UNIVERSAL_TIME_OFFSET ( 8, 0, .AHEAD. ) ;
#160 = COORDINATED_UNIVERSAL_TIME_OFFSET ( 8, 0, .AHEAD. ) ;
#161 = FACE_OUTER_BOUND ( 'NONE', #7530, .T. ) ;
#162 = AXIS2_PLACEMENT_3D ( 'NONE', #6510, #11130, #8275 ) ;
#163 = CIRCLE ( 'NONE', #2867, 7.000000000000020428 ) ;
#164 = MANIFOLD_SOLID_BREP ( '03_Center_Rib', #538 ) ;
#165 = ORIENTED_EDGE ( 'NONE', *, *, #519, .T. ) ;
#166 = DIRECTION ( 'NONE',  ( 0.000000000000000000, 0.000000000000000000, 1.000000000000000000 ) ) ;
#167 = VERTEX_POINT ( 'NONE', #520 ) ;
#168 = ORIENTED_EDGE ( 'NONE', *, *, #5838, .T. ) ;
#169 = CARTESIAN_POINT ( 'NONE',  ( -85.00000000000000000, 120.0000000000000000, 67.00000000000000000 ) ) ;
#170 = CARTESIAN_POINT ( 'NONE',  ( 133.9625322141365871, 30.00000000000000000, -64.48909769293803151 ) ) ;
#171 = CC_DESIGN_PERSON_AND_ORGANIZATION_ASSIGNMENT ( #6608, #2973, ( #11345 ) ) ;
#172 = VECTOR ( 'NONE', #10219, 1000.000000000000000 ) ;
#173 = CARTESIAN_POINT ( 'NONE',  ( 0.000000000000000000, 220.0000000000000000, 0.000000000000000000 ) ) ;
#174 = ADVANCED_FACE ( 'NONE', ( #7178 ), #2576, .T. ) ;
#175 = CARTESIAN_POINT ( 'NONE',  ( 0.000000000000000000, 22.00000000000000000, 12.00000000000000000 ) ) ;
#176 = CALENDAR_DATE ( 2026, 29, 7 ) ;
#177 = CALENDAR_DATE ( 2026, 29, 7 ) ;
#178 = CARTESIAN_POINT ( 'NONE',  ( 196.0000000000000000, 0.000000000000000000, 0.000000000000000000 ) ) ;
#179 = ORIENTED_EDGE ( 'NONE', *, *, #3659, .T. ) ;
#180 = ADVANCED_FACE ( 'NONE', ( #4166 ), #3430, .F. ) ;
#181 = ORIENTED_EDGE ( 'NONE', *, *, #8590, .T. ) ;
#182 = DIRECTION ( 'NONE',  ( 0.000000000000000000, 0.000000000000000000, -1.000000000000000000 ) ) ;
#183 = ORIENTED_EDGE ( 'NONE', *, *, #11445, .T. ) ;
#184 = DIRECTION ( 'NONE',  ( -0.000000000000000000, -1.000000000000000000, -0.000000000000000000 ) ) ;
#185 = DIRECTION ( 'NONE',  ( 0.000000000000000000, 0.000000000000000000, -1.000000000000000000 ) ) ;
#186 =( LENGTH_UNIT ( ) NAMED_UNIT ( * ) SI_UNIT ( .MILLI., .METRE. ) );
#187 = CARTESIAN_POINT ( 'NONE',  ( -55.48909769293801020, 30.00000000000000000, 124.9625322141365587 ) ) ;
#188 = ORIENTED_EDGE ( 'NONE', *, *, #10744, .F. ) ;
#189 = EDGE_CURVE ( 'NONE', #5697, #436, #3304, .T. ) ;
#190 = ORIENTED_EDGE ( 'NONE', *, *, #8002, .T. ) ;
#191 = ORIENTED_EDGE ( 'NONE', *, *, #4998, .F. ) ;
#192 = ORIENTED_EDGE ( 'NONE', *, *, #1776, .F. ) ;
#193 = LINE ( 'NONE', #3760, #1390 ) ;
#194 = PERSON_AND_ORGANIZATION ( #10860, #8800 ) ;
#195 = DIRECTION ( 'NONE',  ( 0.000000000000000000, 0.000000000000000000, -1.000000000000000000 ) ) ;
#196 = DIRECTION ( 'NONE',  ( -0.000000000000000000, -1.000000000000000000, -0.000000000000000000 ) ) ;
#197 = CARTESIAN_POINT ( 'NONE',  ( -117.5000000000000000, 20.00000000000000000, 11.00000000000000000 ) ) ;
#198 = FACE_OUTER_BOUND ( 'NONE', #2764, .T. ) ;
#199 = APPROVAL_DATE_TIME ( #11244, #10835 ) ;
#200 = VERTEX_POINT ( 'NONE', #8824 ) ;
#201 = ORIENTED_EDGE ( 'NONE', *, *, #5827, .T. ) ;
#202 = DIRECTION ( 'NONE',  ( 0.000000000000000000, 1.000000000000000000, 0.000000000000000000 ) ) ;
#203 = EDGE_CURVE ( 'NONE', #7098, #1972, #6533, .T. ) ;
#204 = CARTESIAN_POINT ( 'NONE',  ( 0.000000000000000000, 50.00000000000000000, 0.000000000000000000 ) ) ;
#205 = PLANE ( 'NONE',  #10622 ) ;
#206 = LINE ( 'NONE', #4823, #11151 ) ;
#207 = DIRECTION ( 'NONE',  ( 0.000000000000000000, 1.000000000000000000, 0.000000000000000000 ) ) ;
#208 = APPROVAL_DATE_TIME ( #5729, #6589 ) ;
#209 = APPLICATION_PROTOCOL_DEFINITION ( 'international standard', 'config_control_design', 1994, #691 ) ;
#210 = DIRECTION ( 'NONE',  ( -0.000000000000000000, -1.000000000000000000, -0.000000000000000000 ) ) ;
#211 = ORIENTED_EDGE ( 'NONE', *, *, #10080, .F. ) ;
#212 = CARTESIAN_POINT ( 'NONE',  ( 165.0000000000000000, 22.00000000000000000, 29.00000000000000000 ) ) ;
#214 = ADVANCED_FACE ( 'NONE', ( #7062 ), #7125, .T. ) ;
#213 = ORIENTED_EDGE ( 'NONE', *, *, #9039, .T. ) ;
#215 = ORIENTED_EDGE ( 'NONE', *, *, #6969, .F. ) ;
#216 = CARTESIAN_POINT ( 'NONE',  ( 120.0000000000000000, 260.0000000000000000, -110.0000000000000000 ) ) ;
#217 = CIRCLE ( 'NONE', #1572, 7.000000000000006217 ) ;
#218 = ORIENTED_EDGE ( 'NONE', *, *, #6119, .F. ) ;
#219 = CARTESIAN_POINT ( 'NONE',  ( -120.0000000000000000, 120.0000000000000000, -90.00000000000000000 ) ) ;
#220 = DIRECTION ( 'NONE',  ( -1.000000000000000000, 0.000000000000000000, -0.000000000000000000 ) ) ;
#221 = EDGE_CURVE ( 'NONE', #1764, #9950, #2399, .T. ) ;
#222 =( LENGTH_UNIT ( ) NAMED_UNIT ( * ) SI_UNIT ( .MILLI., .METRE. ) );
#223 = PERSON_AND_ORGANIZATION ( #10860, #8800 ) ;
#224 = PERSON_AND_ORGANIZATION ( #2184, #512 ) ;
#225 =( REPRESENTATION_RELATIONSHIP ('NONE','NONE', #4449, #10957 ) REPRESENTATION_RELATIONSHIP_WITH_TRANSFORMATION ( #288 )SHAPE_REPRESENTATION_RELATIONSHIP( ) );
#226 = CC_DESIGN_PERSON_AND_ORGANIZATION_ASSIGNMENT ( #7734, #9628, ( #7003 ) ) ;
#227 = EDGE_CURVE ( 'NONE', #10991, #12, #1493, .T. ) ;
#228 = CARTESIAN_POINT ( 'NONE',  ( -55.48909769293801020, 30.00000000000000000, 133.9625322141365871 ) ) ;
#229 = AXIS2_PLACEMENT_3D ( 'NONE', #6675, #2015, #1217 ) ;
#230 = VERTEX_POINT ( 'NONE', #701 ) ;
#231 = ORIENTED_EDGE ( 'NONE', *, *, #993, .F. ) ;
#232 = DIRECTION ( 'NONE',  ( 0.000000000000000000, 1.000000000000000000, 0.000000000000000000 ) ) ;
#233 = AXIS2_PLACEMENT_3D ( 'NONE', #11854, #2509, #3362 ) ;
#234 = ORIENTED_EDGE ( 'NONE', *, *, #9975, .T. ) ;
#235 = DIRECTION ( 'NONE',  ( 0.000000000000000000, 0.000000000000000000, -1.000000000000000000 ) ) ;
#236 = CARTESIAN_POINT ( 'NONE',  ( 78.52976026345936589, 0.000000000000000000, -41.52809175103262618 ) ) ;
#237 = CC_DESIGN_DATE_AND_TIME_ASSIGNMENT ( #8632, #11431, ( #8853 ) ) ;
#238 = CARTESIAN_POINT ( 'NONE',  ( 120.0000000000000000, 260.0000000000000000, 110.0000000000000000 ) ) ;
#239 = CIRCLE ( 'NONE', #11092, 5.500000000000005329 ) ;
#240 = VERTEX_POINT ( 'NONE', #10826 ) ;
#241 = AXIS2_PLACEMENT_3D ( 'NONE', #4494, #5529, #8361 ) ;
#242 = EDGE_LOOP ( 'NONE', ( #9229, #4496, #1031, #6477 ) ) ;
#243 = ORIENTED_EDGE ( 'NONE', *, *, #7391, .F. ) ;
#244 = ORIENTED_EDGE ( 'NONE', *, *, #3579, .F. ) ;
#245 = DIRECTION ( 'NONE',  ( 0.000000000000000000, 0.000000000000000000, 1.000000000000000000 ) ) ;
#247 = CIRCLE ( 'NONE', #1795, 57.99999999999999289 ) ;
#246 = APPROVAL_STATUS ( 'not_yet_approved' ) ;
#248 = ADVANCED_FACE ( 'NONE', ( #5070 ), #11631, .F. ) ;
#249 = LINE ( 'NONE', #10376, #6503 ) ;
#250 = CARTESIAN_POINT ( 'NONE',  ( -105.0000000000000000, 220.0000000000000000, 95.00000000000000000 ) ) ;
#251 = AXIS2_PLACEMENT_3D ( 'NONE', #3892, #10331, #10388 ) ;
#252 = CIRCLE ( 'NONE', #3735, 57.99999999999999289 ) ;
#253 = CARTESIAN_POINT ( 'NONE',  ( -75.00000000000000000, 12.00000000000000000, 12.00000000000000000 ) ) ;
#254 = LINE ( 'NONE', #1166, #4316 ) ;
#255 = EDGE_CURVE ( 'NONE', #6694, #6362, #2856, .T. ) ;
#256 = DATE_AND_TIME ( #2251, #10043 ) ;
#257 = AXIS2_PLACEMENT_3D ( 'NONE', #11030, #3561, #6410 ) ;
#258 = ORIENTED_EDGE ( 'NONE', *, *, #2569, .T. ) ;
#259 = ORIENTED_EDGE ( 'NONE', *, *, #7691, .F. ) ;
#260 = CIRCLE ( 'NONE', #5104, 46.00000000000000000 ) ;
#261 = VECTOR ( 'NONE', #9515, 1000.000000000000000 ) ;
#262 = DIRECTION ( 'NONE',  ( 0.000000000000000000, 0.000000000000000000, 1.000000000000000000 ) ) ;
#263 = DIRECTION ( 'NONE',  ( -0.000000000000000000, -0.000000000000000000, 1.000000000000000000 ) ) ;
#264 = CARTESIAN_POINT ( 'NONE',  ( -27.55320713028645940, 0.000000000000000000, -66.51932634081263984 ) ) ;
#265 =( GEOMETRIC_REPRESENTATION_CONTEXT ( 3 ) GLOBAL_UNCERTAINTY_ASSIGNED_CONTEXT ( ( #4748 ) ) GLOBAL_UNIT_ASSIGNED_CONTEXT ( ( #7035, #7092, #8922 ) ) REPRESENTATION_CONTEXT ( 'NONE', 'WORKASPACE' ) );
#266 = DIRECTION ( 'NONE',  ( -0.000000000000000000, -1.000000000000000000, -0.000000000000000000 ) ) ;
#267 = FACE_BOUND ( 'NONE', #7812, .T. ) ;
#268 = DIRECTION ( 'NONE',  ( 0.000000000000000000, 0.000000000000000000, 1.000000000000000000 ) ) ;
#269 = AXIS2_PLACEMENT_3D ( 'NONE', #5323, #4418, #7186 ) ;
#270 = APPROVAL_DATE_TIME ( #9490, #155 ) ;
#271 = APPROVAL_ROLE ( '' ) ;
#272 = CARTESIAN_POINT ( 'NONE',  ( 272.5000000000000000, 38.00000000000000000, 0.000000000000000000 ) ) ;
#273 = EDGE_CURVE ( 'NONE', #11146, #4223, #10766, .T. ) ;
#274 = DATE_AND_TIME ( #7542, #9574 ) ;
#275 = ORIENTED_EDGE ( 'NONE', *, *, #7924, .F. ) ;
#276 = CARTESIAN_POINT ( 'NONE',  ( 0.000000000000000000, 42.00000000000000000, 0.000000000000000000 ) ) ;
#277 = EDGE_LOOP ( 'NONE', ( #11786, #6406 ) ) ;
#278 = CARTESIAN_POINT ( 'NONE',  ( 330.0000000000000000, 0.000000000000000000, -38.14118508908706673 ) ) ;
#280 = EDGE_CURVE ( 'NONE', #9088, #7695, #1698, .T. ) ;
#279 = DIRECTION ( 'NONE',  ( -0.000000000000000000, -1.000000000000000000, -0.000000000000000000 ) ) ;
#281 = DIRECTION ( 'NONE',  ( 1.000000000000000000, -0.000000000000000000, 0.000000000000000000 ) ) ;
#282 = CARTESIAN_POINT ( 'NONE',  ( -78.52976026345936589, 260.0000000000000000, -32.52809175103263328 ) ) ;
#283 = LOCAL_TIME ( 1, 43, 37.00000000000000000, #8350 ) ;
#284 = AXIS2_PLACEMENT_3D ( 'NONE', #10178, #6644, #2891 ) ;
#285 = DIRECTION ( 'NONE',  ( 0.000000000000000000, 0.000000000000000000, 1.000000000000000000 ) ) ;
#286 = PERSON_AND_ORGANIZATION_ROLE ( 'classification_officer' ) ;
#287 = EDGE_CURVE ( 'NONE', #6229, #1337, #2515, .T. ) ;
#288 = ITEM_DEFINED_TRANSFORMATION ( 'NONE', 'NONE', #5694,  #10725 ) ;
#289 = CARTESIAN_POINT ( 'NONE',  ( 0.000000000000000000, 185.0000000000000000, 0.000000000000000000 ) ) ;
#290 = ORIENTED_EDGE ( 'NONE', *, *, #2080, .T. ) ;
#291 = CIRCLE ( 'NONE', #5713, 72.50000000000000000 ) ;
#292 = ORIENTED_EDGE ( 'NONE', *, *, #10592, .F. ) ;
#293 = CARTESIAN_POINT ( 'NONE',  ( 133.9625322141365871, 30.00000000000000000, -55.48909769293801730 ) ) ;
#294 = AXIS2_PLACEMENT_3D ( 'NONE', #9486, #4026, #8566 ) ;
#295 = VERTEX_POINT ( 'NONE', #4281 ) ;
#296 = DIRECTION ( 'NONE',  ( -0.000000000000000000, -1.000000000000000000, -0.000000000000000000 ) ) ;
#297 = LINE ( 'NONE', #3814, #3142 ) ;
#298 = PRODUCT_RELATED_PRODUCT_CATEGORY ( 'detail', '', ( #5278 ) ) ;
#299 = DIRECTION ( 'NONE',  ( -0.000000000000000000, -1.000000000000000000, -0.000000000000000000 ) ) ;
#300 = ORIENTED_EDGE ( 'NONE', *, *, #5446, .F. ) ;
#301 = EDGE_CURVE ( 'NONE', #3941, #3774, #638, .T. ) ;
#302 = ORIENTED_EDGE ( 'NONE', *, *, #8815, .T. ) ;
#303 = CC_DESIGN_DATE_AND_TIME_ASSIGNMENT ( #2703, #7132, ( #11964 ) ) ;
#304 = APPROVAL_PERSON_ORGANIZATION ( #2755, #155, #4878 ) ;
#305 = ORIENTED_EDGE ( 'NONE', *, *, #11228, .T. ) ;
#306 = ORIENTED_EDGE ( 'NONE', *, *, #4237, .F. ) ;
#307 = PRODUCT_DEFINITION_SHAPE ( 'NONE', 'NONE',  #12017 ) ;
#308 = LINE ( 'NONE', #2068, #11664 ) ;
#309 = PERSON_AND_ORGANIZATION ( #10860, #8800 ) ;
#310 = VECTOR ( 'NONE', #4745, 1000.000000000000000 ) ;
#311 = DIRECTION ( 'NONE',  ( 0.000000000000000000, 0.000000000000000000, -1.000000000000000000 ) ) ;
#312 = FACE_OUTER_BOUND ( 'NONE', #6619, .T. ) ;
#313 = CARTESIAN_POINT ( 'NONE',  ( 0.000000000000000000, 42.00000000000000711, -44.00000000000000000 ) ) ;
#314 = EDGE_CURVE ( 'NONE', #46, #10793, #11991, .T. ) ;
#315 = LOCAL_TIME ( 1, 43, 37.00000000000000000, #11032 ) ;
#316 = CARTESIAN_POINT ( 'NONE',  ( -55.48909769293801020, 30.00000000000000000, 124.9625322141365587 ) ) ;
#317 = DATE_AND_TIME ( #6679, #338 ) ;
#318 = EDGE_CURVE ( 'NONE', #8339, #3470, #9070, .T. ) ;
#319 = EDGE_CURVE ( 'NONE', #3694, #9588, #9740, .T. ) ;
#320 = ORIENTED_EDGE ( 'NONE', *, *, #8456, .F. ) ;
#321 = CIRCLE ( 'NONE', #3994, 72.50000000000000000 ) ;
#322 = ORIENTED_EDGE ( 'NONE', *, *, #9508, .F. ) ;
#323 = LOCAL_TIME ( 1, 43, 37.00000000000000000, #10590 ) ;
#324 = DIRECTION ( 'NONE',  ( -0.000000000000000000, -1.000000000000000000, -0.000000000000000000 ) ) ;
#325 = LOCAL_TIME ( 1, 43, 37.00000000000000000, #1320 ) ;
#326 = PRODUCT_DEFINITION_SHAPE ( 'NONE', 'NONE',  #11998 ) ;
#327 = EDGE_CURVE ( 'NONE', #1485, #10140, #7415, .T. ) ;
#328 = CARTESIAN_POINT ( 'NONE',  ( -133.9625322141365871, 30.00000000000000000, 46.48909769293801730 ) ) ;
#329 = CARTESIAN_POINT ( 'NONE',  ( 1.163414459189985485E-14, 28.00000000000000000, 95.00000000000001421 ) ) ;
#330 = CARTESIAN_POINT ( 'NONE',  ( -330.0000000000000000, 38.00000000000000000, -38.14118508908709515 ) ) ;
#331 = CARTESIAN_POINT ( 'NONE',  ( 7.225416114969383207E-15, 42.00000000000000000, 59.00000000000000711 ) ) ;
#332 = DIRECTION ( 'NONE',  ( -1.000000000000000000, -0.000000000000000000, -0.000000000000000000 ) ) ;
#333 = DATE_TIME_ROLE ( 'creation_date' ) ;
#334 = CALENDAR_DATE ( 2026, 29, 7 ) ;
#335 = ORGANIZATION ( 'NAUO-ORG22', 'UNSPECIFIED', 'UNSPECIFIED' ) ;
#336 = CARTESIAN_POINT ( 'NONE',  ( -42.00000000000000000, 28.00000000000000000, 7.500000000000000000 ) ) ;
#337 = EDGE_LOOP ( 'NONE', ( #9663, #5819 ) ) ;
#338 = LOCAL_TIME ( 1, 43, 37.00000000000000000, #8618 ) ;
#339 = EDGE_CURVE ( 'NONE', #576, #3110, #817, .T. ) ;
#340 = ORIENTED_EDGE ( 'NONE', *, *, #5140, .T. ) ;
#341 = AXIS2_PLACEMENT_3D ( 'NONE', #9935, #8042, #7818 ) ;
#342 = FACE_OUTER_BOUND ( 'NONE', #7571, .T. ) ;
#343 = ORIENTED_EDGE ( 'NONE', *, *, #4478, .F. ) ;
#344 = FACE_OUTER_BOUND ( 'NONE', #8426, .T. ) ;
#345 = LOCAL_TIME ( 1, 43, 37.00000000000000000, #4317 ) ;
#346 = DIRECTION ( 'NONE',  ( -0.000000000000000000, -1.000000000000000000, -0.000000000000000000 ) ) ;
#347 = CARTESIAN_POINT ( 'NONE',  ( 0.000000000000000000, 260.0000000000000000, 0.000000000000000000 ) ) ;
#348 = LINE ( 'NONE', #1374, #10942 ) ;
#349 = APPROVAL_STATUS ( 'not_yet_approved' ) ;
#350 = VECTOR ( 'NONE', #3063, 1000.000000000000000 ) ;
#351 = AXIS2_PLACEMENT_3D ( 'NONE', #11686, #11743, #5194 ) ;
#352 = PERSON_AND_ORGANIZATION_ROLE ( 'design_supplier' ) ;
#353 = CYLINDRICAL_SURFACE ( 'NONE', #1809, 68.99999999999998579 ) ;
#354 = ORIENTED_EDGE ( 'NONE', *, *, #4557, .F. ) ;
#355 = VERTEX_POINT ( 'NONE', #10386 ) ;
#356 = CYLINDRICAL_SURFACE ( 'NONE', #4700, 9.000000000000007105 ) ;
#357 = ADVANCED_FACE ( 'NONE', ( #3600 ), #4583, .T. ) ;
#358 = EDGE_LOOP ( 'NONE', ( #10345, #7024, #9141, #4858 ) ) ;
#359 = DIRECTION ( 'NONE',  ( -0.000000000000000000, -1.000000000000000000, -0.000000000000000000 ) ) ;
#360 = CARTESIAN_POINT ( 'NONE',  ( 133.9625322141365871, 30.00000000000000000, -55.48909769293801730 ) ) ;
#361 = DIRECTION ( 'NONE',  ( -0.000000000000000000, -1.000000000000000000, -0.000000000000000000 ) ) ;
#362 = CARTESIAN_POINT ( 'NONE',  ( 699.4077422122469443, 764.8826656234991788, 62.00000000000000000 ) ) ;
#363 = COORDINATED_UNIVERSAL_TIME_OFFSET ( 8, 0, .AHEAD. ) ;
#364 = LINE ( 'NONE', #11599, #4718 ) ;
#365 = ORIENTED_EDGE ( 'NONE', *, *, #9749, .T. ) ;
#366 = EDGE_CURVE ( 'NONE', #3286, #11642, #10046, .T. ) ;
#367 = VECTOR ( 'NONE', #804, 1000.000000000000000 ) ;
#368 = VERTEX_POINT ( 'NONE', #8211 ) ;
#369 = ORIENTED_EDGE ( 'NONE', *, *, #3607, .F. ) ;
#370 = VERTEX_POINT ( 'NONE', #1784 ) ;
#371 = DIRECTION ( 'NONE',  ( -1.000000000000000000, -0.000000000000000000, -0.000000000000000000 ) ) ;
#372 = DIRECTION ( 'NONE',  ( -0.000000000000000000, -1.000000000000000000, -0.000000000000000000 ) ) ;
#373 = EDGE_CURVE ( 'NONE', #11224, #6313, #5438, .T. ) ;
#374 = DIRECTION ( 'NONE',  ( 0.000000000000000000, 0.000000000000000000, 1.000000000000000000 ) ) ;
#375 = PLANE ( 'NONE',  #7002 ) ;
#376 = VECTOR ( 'NONE', #2262, 1000.000000000000000 ) ;
#377 = CIRCLE ( 'NONE', #7914, 52.49999999999997868 ) ;
#378 = DIRECTION ( 'NONE',  ( -0.000000000000000000, -1.000000000000000000, -0.000000000000000000 ) ) ;
#379 = CARTESIAN_POINT ( 'NONE',  ( 135.0000000000000000, 0.000000000000000000, -95.99999999999998579 ) ) ;
#380 = EDGE_CURVE ( 'NONE', #10941, #4536, #9648, .T. ) ;
#381 = ORIENTED_EDGE ( 'NONE', *, *, #4454, .F. ) ;
#382 = ORIENTED_EDGE ( 'NONE', *, *, #7037, .F. ) ;
#383 = FACE_BOUND ( 'NONE', #10044, .T. ) ;
#384 = CC_DESIGN_PERSON_AND_ORGANIZATION_ASSIGNMENT ( #7019, #11461, ( #8053 ) ) ;
#385 = EDGE_CURVE ( 'NONE', #1150, #7841, #2815, .T. ) ;
#386 = LINE ( 'NONE', #1355, #8738 ) ;
#387 = FACE_OUTER_BOUND ( 'NONE', #11046, .T. ) ;
#388 = DIRECTION ( 'NONE',  ( -0.000000000000000000, -1.000000000000000000, -0.000000000000000000 ) ) ;
#389 = LINE ( 'NONE', #330, #1129 ) ;
#390 = LINE ( 'NONE', #7771, #3345 ) ;
#391 = CC_DESIGN_DATE_AND_TIME_ASSIGNMENT ( #2565, #7293, ( #7566 ) ) ;
#392 = PLANE ( 'NONE',  #2596 ) ;
#393 = APPROVAL_ROLE ( '' ) ;
#394 = APPROVAL_STATUS ( 'not_yet_approved' ) ;
#395 = FACE_OUTER_BOUND ( 'NONE', #952, .T. ) ;
#396 = VERTEX_POINT ( 'NONE', #8332 ) ;
#397 = PLANE ( 'NONE',  #3566 ) ;
#398 = CARTESIAN_POINT ( 'NONE',  ( 0.000000000000000000, 48.00000000000000000, -110.0000000000000000 ) ) ;
#399 = CARTESIAN_POINT ( 'NONE',  ( -272.5000000000000000, 22.00000000000000000, 0.000000000000000000 ) ) ;
#400 = ADVANCED_FACE ( 'NONE', ( #5550 ), #3665, .F. ) ;
#401 = DIRECTION ( 'NONE',  ( -0.000000000000000000, -1.000000000000000000, -0.000000000000000000 ) ) ;
#402 = LINE ( 'NONE', #10411, #6292 ) ;
#403 = PERSON_AND_ORGANIZATION ( #10860, #8800 ) ;
#404 = PERSON_AND_ORGANIZATION ( #10860, #8800 ) ;
#405 = COORDINATED_UNIVERSAL_TIME_OFFSET ( 8, 0, .AHEAD. ) ;
#406 = EDGE_CURVE ( 'NONE', #3409, #3074, #4423, .T. ) ;
#407 = VECTOR ( 'NONE', #11671, 1000.000000000000000 ) ;
#408 = LINE ( 'NONE', #5023, #2194 ) ;
#409 = VERTEX_POINT ( 'NONE', #882 ) ;
#410 = EDGE_LOOP ( 'NONE', ( #2115, #9637 ) ) ;
#411 = DIRECTION ( 'NONE',  ( -0.000000000000000000, -1.000000000000000000, -0.000000000000000000 ) ) ;
#412 = ORIENTED_EDGE ( 'NONE', *, *, #3921, .F. ) ;
#413 = CARTESIAN_POINT ( 'NONE',  ( 0.000000000000000000, 260.0000000000000000, 0.000000000000000000 ) ) ;
#414 = DIRECTION ( 'NONE',  ( 0.000000000000000000, 0.000000000000000000, -1.000000000000000000 ) ) ;
#415 = DIRECTION ( 'NONE',  ( -0.000000000000000000, -1.000000000000000000, -0.000000000000000000 ) ) ;
#416 = SHAPE_DEFINITION_REPRESENTATION ( #10687, #4301 ) ;
#417 = CIRCLE ( 'NONE', #4876, 39.00000000000000000 ) ;
#418 = CARTESIAN_POINT ( 'NONE',  ( -75.00000000000000000, 0.000000000000000000, 12.00000000000000000 ) ) ;
#419 = VERTEX_POINT ( 'NONE', #1672 ) ;
#420 = EDGE_CURVE ( 'NONE', #5846, #9635, #11201, .T. ) ;
#421 = PRODUCT ( 'MKH-000_main_assembly', 'MKH-000_main_assembly', '', ( #6646 ) ) ;
#422 = EDGE_LOOP ( 'NONE', ( #564, #4856, #5158, #2052 ) ) ;
#423 = VERTEX_POINT ( 'NONE', #1734 ) ;
#424 = ORIENTED_EDGE ( 'NONE', *, *, #4930, .F. ) ;
#425 = CIRCLE ( 'NONE', #10881, 5.500000000000005329 ) ;
#426 = CYLINDRICAL_SURFACE ( 'NONE', #3906, 5.500000000000005329 ) ;
#427 = DIRECTION ( 'NONE',  ( 0.000000000000000000, 0.000000000000000000, -1.000000000000000000 ) ) ;
#428 = DIRECTION ( 'NONE',  ( 0.000000000000000000, 0.000000000000000000, 1.000000000000000000 ) ) ;
#429 = DIRECTION ( 'NONE',  ( 0.000000000000000000, 0.000000000000000000, 1.000000000000000000 ) ) ;
#430 = CIRCLE ( 'NONE', #9338, 165.0000000000000000 ) ;
#431 =( LENGTH_UNIT ( ) NAMED_UNIT ( * ) SI_UNIT ( .MILLI., .METRE. ) );
#432 = FACE_BOUND ( 'NONE', #6579, .T. ) ;
#433 = COORDINATED_UNIVERSAL_TIME_OFFSET ( 8, 0, .AHEAD. ) ;
#434 = AXIS2_PLACEMENT_3D ( 'NONE', #699, #4054, #2573 ) ;
#435 = EDGE_CURVE ( 'NONE', #5768, #4474, #8481, .T. ) ;
#436 = VERTEX_POINT ( 'NONE', #2752 ) ;
#437 = AXIS2_PLACEMENT_3D ( 'NONE', #7984, #11706, #6776 ) ;
#438 = VERTEX_POINT ( 'NONE', #6396 ) ;
#439 = CARTESIAN_POINT ( 'NONE',  ( -133.9625322141365871, 30.00000000000000000, 55.48909769293800309 ) ) ;
#440 = VERTEX_POINT ( 'NONE', #2698 ) ;
#441 = DIRECTION ( 'NONE',  ( 0.000000000000000000, 0.000000000000000000, 1.000000000000000000 ) ) ;
#442 = AXIS2_PLACEMENT_3D ( 'NONE', #10254, #2906, #9401 ) ;
#443 = LINE ( 'NONE', #8076, #5354 ) ;
#444 = CARTESIAN_POINT ( 'NONE',  ( 70.00000000000000000, 95.00000000000000000, 45.00000000000000000 ) ) ;
#445 = DIRECTION ( 'NONE',  ( -0.000000000000000000, -1.000000000000000000, -0.000000000000000000 ) ) ;
#446 = DIRECTION ( 'NONE',  ( 0.000000000000000000, 0.000000000000000000, -1.000000000000000000 ) ) ;
#447 = FACE_OUTER_BOUND ( 'NONE', #2168, .T. ) ;
#448 = CIRCLE ( 'NONE', #11297, 95.00000000000001421 ) ;
#449 = PERSON_AND_ORGANIZATION ( #10860, #8800 ) ;
#450 = APPROVAL ( #9564, 'æœª' ) ;
#451 = APPROVAL_DATE_TIME ( #7838, #600 ) ;
#453 = EDGE_CURVE ( 'NONE', #8668, #5223, #9190, .T. ) ;
#452 = CARTESIAN_POINT ( 'NONE',  ( 55.48909769293802441, 0.000000000000000000, 124.9625322141365729 ) ) ;
#454 = ORIENTED_EDGE ( 'NONE', *, *, #1164, .T. ) ;
#455 = CIRCLE ( 'NONE', #251, 9.000000000000007105 ) ;
#456 = AXIS2_PLACEMENT_3D ( 'NONE', #8722, #1335, #5035 ) ;
#457 = VERTEX_POINT ( 'NONE', #9308 ) ;
#458 = DIRECTION ( 'NONE',  ( 0.000000000000000000, 1.000000000000000000, -0.000000000000000000 ) ) ;
#459 = VECTOR ( 'NONE', #4636, 1000.000000000000000 ) ;
#460 = APPLICATION_CONTEXT ( 'configuration controlled 3d designs of mechanical parts and assemblies' ) ;
#461 = CARTESIAN_POINT ( 'NONE',  ( -95.00000000000000000, 0.000000000000000000, -65.00000000000000000 ) ) ;
#462 = CIRCLE ( 'NONE', #10521, 7.000000000000020428 ) ;
#463 = DIRECTION ( 'NONE',  ( -0.000000000000000000, -1.000000000000000000, -0.000000000000000000 ) ) ;
#464 = CARTESIAN_POINT ( 'NONE',  ( 15.00000000000000000, 28.00000000000000000, 7.500000000000000000 ) ) ;
#465 = CARTESIAN_POINT ( 'NONE',  ( 0.000000000000000000, 220.0000000000000000, 0.000000000000000000 ) ) ;
#466 = COORDINATED_UNIVERSAL_TIME_OFFSET ( 8, 0, .AHEAD. ) ;
#467 = APPROVAL_ROLE ( '' ) ;
#468 = EDGE_CURVE ( 'NONE', #8363, #2132, #8392, .T. ) ;
#469 = AXIS2_PLACEMENT_3D ( 'NONE', #11528, #10726, #10605 ) ;
#470 = CALENDAR_DATE ( 2026, 29, 7 ) ;
#471 = AXIS2_PLACEMENT_3D ( 'NONE', #1794, #1742, #2706 ) ;
#472 = EDGE_CURVE ( 'NONE', #2060, #2727, #3543, .T. ) ;
#473 = DIRECTION ( 'NONE',  ( 1.000000000000000000, 0.000000000000000000, 0.000000000000000000 ) ) ;
#474 = VERTEX_POINT ( 'NONE', #4646 ) ;
#475 = ORIENTED_EDGE ( 'NONE', *, *, #2400, .F. ) ;
#476 = FACE_OUTER_BOUND ( 'NONE', #773, .T. ) ;
#477 = AXIS2_PLACEMENT_3D ( 'NONE', #9412, #4058, #5089 ) ;
#478 = ORIENTED_EDGE ( 'NONE', *, *, #7960, .T. ) ;
#479 = EDGE_CURVE ( 'NONE', #8105, #4223, #5970, .T. ) ;
#480 = DIRECTION ( 'NONE',  ( 0.000000000000000000, 0.000000000000000000, -1.000000000000000000 ) ) ;
#481 = FACE_OUTER_BOUND ( 'NONE', #8608, .T. ) ;
#482 = CARTESIAN_POINT ( 'NONE',  ( -32.52809175103262618, 260.0000000000000000, -78.52976026345936589 ) ) ;
#483 = DIRECTION ( 'NONE',  ( 0.9271838545667874243, 0.3746065934159120148, 0.000000000000000000 ) ) ;
#484 = APPROVAL_DATE_TIME ( #4060, #8825 ) ;
#485 = CARTESIAN_POINT ( 'NONE',  ( 75.00000000000000000, 12.00000000000000000, 8.000000000000000000 ) ) ;
#486 = VECTOR ( 'NONE', #9989, 1000.000000000000000 ) ;
#487 = ORIENTED_EDGE ( 'NONE', *, *, #5512, .T. ) ;
#488 = ORIENTED_EDGE ( 'NONE', *, *, #4137, .F. ) ;
#489 = ORIENTED_EDGE ( 'NONE', *, *, #2839, .T. ) ;
#490 = CARTESIAN_POINT ( 'NONE',  ( 272.5000000000000000, 38.00000000000000000, 0.000000000000000000 ) ) ;
#491 = DIRECTION ( 'NONE',  ( 0.000000000000000000, 0.000000000000000000, -1.000000000000000000 ) ) ;
#492 = CARTESIAN_POINT ( 'NONE',  ( -75.75812166592551478, 30.00000000000000000, -24.38004145393736621 ) ) ;
#493 = UNCERTAINTY_MEASURE_WITH_UNIT (LENGTH_MEASURE( 1.000000000000000082E-05 ), #7156, 'distance_accuracy_value', 'NONE');
#494 = DIRECTION ( 'NONE',  ( 0.000000000000000000, 1.000000000000000000, 0.000000000000000000 ) ) ;
#495 = APPROVAL_ROLE ( '' ) ;
#496 = ORIENTED_EDGE ( 'NONE', *, *, #3167, .T. ) ;
#497 = EDGE_LOOP ( 'NONE', ( #10008, #6272 ) ) ;
#498 = DIRECTION ( 'NONE',  ( 0.000000000000000000, 1.000000000000000000, 0.000000000000000000 ) ) ;
#499 = ORIENTED_EDGE ( 'NONE', *, *, #4505, .T. ) ;
#500 = CARTESIAN_POINT ( 'NONE',  ( 0.000000000000000000, 305.0000000000000000, 0.000000000000000000 ) ) ;
#501 = PLANE ( 'NONE',  #10968 ) ;
#502 = CARTESIAN_POINT ( 'NONE',  ( 245.0000000000000000, 20.00000000000000000, 64.00000000000000000 ) ) ;
#503 = CC_DESIGN_APPROVAL ( #2448, ( #5156 ) ) ;
#504 = ADVANCED_FACE ( 'NONE', ( #6340 ), #10051, .T. ) ;
#505 = DIRECTION ( 'NONE',  ( -0.000000000000000000, -1.000000000000000000, -0.000000000000000000 ) ) ;
#506 = DIRECTION ( 'NONE',  ( 1.000000000000000000, 0.000000000000000000, -0.000000000000000000 ) ) ;
#507 = DIRECTION ( 'NONE',  ( -0.000000000000000000, 1.000000000000000000, -0.000000000000000000 ) ) ;
#508 = PERSON_AND_ORGANIZATION_ROLE ( 'creator' ) ;
#509 = AXIS2_PLACEMENT_3D ( 'NONE', #6732, #2185, #9350 ) ;
#510 = COORDINATED_UNIVERSAL_TIME_OFFSET ( 8, 0, .AHEAD. ) ;
#511 = DIRECTION ( 'NONE',  ( 0.000000000000000000, 0.000000000000000000, -1.000000000000000000 ) ) ;
#512 = ORGANIZATION ( 'NAUO-ORG15', 'UNSPECIFIED', 'UNSPECIFIED' ) ;
#513 = LOCAL_TIME ( 1, 43, 37.00000000000000000, #6647 ) ;
#514 = ORIENTED_EDGE ( 'NONE', *, *, #4372, .T. ) ;
#515 = CARTESIAN_POINT ( 'NONE',  ( -140.0000000000000000, 12.00000000000000000, -42.50000000000000000 ) ) ;
#516 = AXIS2_PLACEMENT_3D ( 'NONE', #5698, #3750, #4732 ) ;
#517 = APPROVAL ( #3435, 'æœª' ) ;
#518 = CARTESIAN_POINT ( 'NONE',  ( 120.0000000000000000, 120.0000000000000000, -90.00000000000000000 ) ) ;
#519 = EDGE_CURVE ( 'NONE', #7621, #2900, #389, .T. ) ;
#520 = CARTESIAN_POINT ( 'NONE',  ( 196.0000000000000000, 34.00000000000000000, 57.99999999999999289 ) ) ;
#521 = DIRECTION ( 'NONE',  ( -0.000000000000000000, -1.000000000000000000, -0.000000000000000000 ) ) ;
#522 = SECURITY_CLASSIFICATION ( '', '', #5673 ) ;
#523 = LOCAL_TIME ( 1, 43, 37.00000000000000000, #6991 ) ;
#524 = CARTESIAN_POINT ( 'NONE',  ( -165.0000000000000000, 0.000000000000000000, -12.00000000000000000 ) ) ;
#525 = PRODUCT ( 'MKH-011_wrist_flange', 'MKH-011_wrist_flange', '', ( #9546 ) ) ;
#526 = PERSON_AND_ORGANIZATION_ROLE ( 'creator' ) ;
#527 = DATE_AND_TIME ( #8830, #4788 ) ;
#528 = APPROVAL_ROLE ( '' ) ;
#529 = AXIS2_PLACEMENT_3D ( 'NONE', #1747, #5450, #7318 ) ;
#530 = APPLICATION_CONTEXT ( 'configuration controlled 3d designs of mechanical parts and assemblies' ) ;
#531 = SECURITY_CLASSIFICATION ( '', '', #2739 ) ;
#532 = DIRECTION ( 'NONE',  ( 0.000000000000000000, 1.000000000000000000, 0.000000000000000000 ) ) ;
#533 = ORIENTED_EDGE ( 'NONE', *, *, #158, .F. ) ;
#534 = APPROVAL ( #11887, 'æœª' ) ;
#535 = ADVANCED_FACE ( 'NONE', ( #3845 ), #10392, .F. ) ;
#536 = ORIENTED_EDGE ( 'NONE', *, *, #11051, .F. ) ;
#537 = ORIENTED_EDGE ( 'NONE', *, *, #5577, .T. ) ;
#538 = CLOSED_SHELL ( 'NONE', ( #3465, #4486, #8054, #2669, #3777, #4871, #1481, #504, #11501, #5892, #9780, #1802, #6337, #7183, #4141, #4586, #143, #3405, #5733, #10971, #2615, #2100, #6363, #6029, #6712, #400, #7759, #3699, #8851 ) ) ;
#539 = VECTOR ( 'NONE', #11025, 1000.000000000000000 ) ;
#540 = LINE ( 'NONE', #10722, #4203 ) ;
#541 = DIRECTION ( 'NONE',  ( -0.000000000000000000, -1.000000000000000000, -0.000000000000000000 ) ) ;
#542 = CYLINDRICAL_SURFACE ( 'NONE', #3179, 4.500000000000007105 ) ;
#543 = CARTESIAN_POINT ( 'NONE',  ( 252.6576003694495682, 697.0802967058359627, 76.00000000000000000 ) ) ;
#544 = APPROVAL_DATE_TIME ( #8849, #2012 ) ;
#545 = SECURITY_CLASSIFICATION ( '', '', #6195 ) ;
#546 = CARTESIAN_POINT ( 'NONE',  ( 31.38004145393736266, 0.000000000000000000, 68.75812166592550057 ) ) ;
#547 = VERTEX_POINT ( 'NONE', #2202 ) ;
#548 = ADVANCED_FACE ( 'NONE', ( #2029 ), #5726, .F. ) ;
#549 = ORIENTED_EDGE ( 'NONE', *, *, #6565, .F. ) ;
#550 = AXIS2_PLACEMENT_3D ( 'NONE', #6801, #5839, #3102 ) ;
#551 = AXIS2_PLACEMENT_3D ( 'NONE', #3249, #6213, #8942 ) ;
#552 = ORIENTED_EDGE ( 'NONE', *, *, #1488, .T. ) ;
#553 = VERTEX_POINT ( 'NONE', #2991 ) ;
#554 = DIRECTION ( 'NONE',  ( -0.000000000000000000, -1.000000000000000000, -0.000000000000000000 ) ) ;
#555 = VERTEX_POINT ( 'NONE', #9427 ) ;
#556 = DIRECTION ( 'NONE',  ( 0.000000000000000000, 1.000000000000000000, 0.000000000000000000 ) ) ;
#557 = CARTESIAN_POINT ( 'NONE',  ( 0.000000000000000000, 120.0000000000000000, -57.50000000000000000 ) ) ;
#558 =( NAMED_UNIT ( * ) PLANE_ANGLE_UNIT ( ) SI_UNIT ( $, .RADIAN. ) );
#559 = EDGE_CURVE ( 'NONE', #10235, #10925, #4935, .T. ) ;
#560 = VECTOR ( 'NONE', #622, 1000.000000000000000 ) ;
#561 = CARTESIAN_POINT ( 'NONE',  ( -245.0000000000000000, 20.00000000000000000, -31.03224129836582179 ) ) ;
#562 = CALENDAR_DATE ( 2026, 29, 7 ) ;
#563 = ORIENTED_EDGE ( 'NONE', *, *, #10752, .F. ) ;
#564 = ORIENTED_EDGE ( 'NONE', *, *, #227, .T. ) ;
#565 = FACE_BOUND ( 'NONE', #1007, .T. ) ;
#566 = ORIENTED_EDGE ( 'NONE', *, *, #1196, .T. ) ;
#567 = FACE_OUTER_BOUND ( 'NONE', #1683, .T. ) ;
#568 = AXIS2_PLACEMENT_3D ( 'NONE', #10146, #2803, #4506 ) ;
#569 = CARTESIAN_POINT ( 'NONE',  ( 70.00000000000000000, 95.00000000000000000, -45.00000000000000000 ) ) ;
#570 = CARTESIAN_POINT ( 'NONE',  ( 15.00000000000000000, 0.000000000000000000, 7.500000000000000000 ) ) ;
#571 = DIRECTION ( 'NONE',  ( -0.000000000000000000, -1.000000000000000000, -0.000000000000000000 ) ) ;
#572 = FACE_OUTER_BOUND ( 'NONE', #6541, .T. ) ;
#573 = DIRECTION ( 'NONE',  ( -0.000000000000000000, -1.000000000000000000, -0.000000000000000000 ) ) ;
#574 = PERSON_AND_ORGANIZATION ( #10860, #8800 ) ;
#575 = CARTESIAN_POINT ( 'NONE',  ( 77.08053281221579311, 142.5000000000000000, 41.41064430052886536 ) ) ;
#576 = VERTEX_POINT ( 'NONE', #9606 ) ;
#577 = ADVANCED_FACE ( 'NONE', ( #4761 ), #154, .F. ) ;
#578 = EDGE_LOOP ( 'NONE', ( #2023, #6097, #1589, #9912 ) ) ;
#579 = CARTESIAN_POINT ( 'NONE',  ( 0.000000000000000000, 48.00000000000000000, 0.000000000000000000 ) ) ;
#580 = DIRECTION ( 'NONE',  ( -1.000000000000000000, -0.000000000000000000, -0.000000000000000000 ) ) ;
#581 = DIRECTION ( 'NONE',  ( 0.000000000000000000, 1.000000000000000000, 0.000000000000000000 ) ) ;
#582 = LINE ( 'NONE', #10708, #1308 ) ;
#583 = DIRECTION ( 'NONE',  ( 0.000000000000000000, 0.000000000000000000, 1.000000000000000000 ) ) ;
#584 = ADVANCED_FACE ( 'NONE', ( #1173 ), #1296, .F. ) ;
#585 = DATE_TIME_ROLE ( 'creation_date' ) ;
#586 = COORDINATED_UNIVERSAL_TIME_OFFSET ( 8, 0, .AHEAD. ) ;
#587 = CALENDAR_DATE ( 2026, 29, 7 ) ;
#588 = VERTEX_POINT ( 'NONE', #2929 ) ;
#589 = EDGE_CURVE ( 'NONE', #7011, #7085, #206, .T. ) ;
#590 = CARTESIAN_POINT ( 'NONE',  ( 0.000000000000000000, 0.000000000000000000, 0.000000000000000000 ) ) ;
#591 = ORIENTED_EDGE ( 'NONE', *, *, #10592, .T. ) ;
#592 = EDGE_LOOP ( 'NONE', ( #5459, #1504, #7517, #536 ) ) ;
#593 = EDGE_CURVE ( 'NONE', #4731, #4077, #5002, .T. ) ;
#594 = ORIENTED_EDGE ( 'NONE', *, *, #1145, .F. ) ;
#595 = LINE ( 'NONE', #4245, #6708 ) ;
#596 = FACE_OUTER_BOUND ( 'NONE', #10109, .T. ) ;
#597 = CARTESIAN_POINT ( 'NONE',  ( -20.18428497440906710, 220.0000000000000000, -69.63364589099039392 ) ) ;
#598 = APPLICATION_PROTOCOL_DEFINITION ( 'international standard', 'config_control_design', 1994, #2777 ) ;
#599 = CARTESIAN_POINT ( 'NONE',  ( 31.38004145393736266, 0.000000000000000000, -68.75812166592551478 ) ) ;
#600 = APPROVAL ( #7362, 'æœª' ) ;
#601 = EDGE_CURVE ( 'NONE', #7264, #5310, #11335, .T. ) ;
#602 = EDGE_LOOP ( 'NONE', ( #4850, #4192, #6157, #6008 ) ) ;
#603 = EDGE_LOOP ( 'NONE', ( #977, #10430 ) ) ;
#604 = EDGE_LOOP ( 'NONE', ( #11399, #11021, #10837, #6018 ) ) ;
#605 = DIRECTION ( 'NONE',  ( 0.000000000000000000, 0.000000000000000000, 1.000000000000000000 ) ) ;
#606 = CC_DESIGN_PERSON_AND_ORGANIZATION_ASSIGNMENT ( #10872, #4455, ( #9519 ) ) ;
#607 = ORIENTED_EDGE ( 'NONE', *, *, #1702, .F. ) ;
#608 = CYLINDRICAL_SURFACE ( 'NONE', #8638, 36.00000000000000000 ) ;
#609 = LINE ( 'NONE', #6855, #1978 ) ;
#610 = VECTOR ( 'NONE', #8446, 1000.000000000000000 ) ;
#611 = DIRECTION ( 'NONE',  ( 0.000000000000000000, 1.000000000000000000, 0.000000000000000000 ) ) ;
#612 = APPROVAL_STATUS ( 'not_yet_approved' ) ;
#613 = APPLICATION_CONTEXT ( 'configuration controlled 3d designs of mechanical parts and assemblies' ) ;
#614 = ORIENTED_EDGE ( 'NONE', *, *, #43, .T. ) ;
#615 = VECTOR ( 'NONE', #979, 1000.000000000000000 ) ;
#616 = VERTEX_POINT ( 'NONE', #6686 ) ;
#617 = FACE_OUTER_BOUND ( 'NONE', #8602, .T. ) ;
#618 = EDGE_CURVE ( 'NONE', #11831, #11142, #7451, .T. ) ;
#619 = ORIENTED_EDGE ( 'NONE', *, *, #2789, .F. ) ;
#620 = CARTESIAN_POINT ( 'NONE',  ( 117.5000000000000000, 20.00000000000000000, 24.00000000000000000 ) ) ;
#621 = CARTESIAN_POINT ( 'NONE',  ( -55.48909769293801020, 30.00000000000000000, -133.9625322141365871 ) ) ;
#622 = DIRECTION ( 'NONE',  ( 0.000000000000000000, 0.000000000000000000, -1.000000000000000000 ) ) ;
#623 = ORIENTED_EDGE ( 'NONE', *, *, #4664, .F. ) ;
#624 = AXIS2_PLACEMENT_3D ( 'NONE', #2449, #6992, #8084 ) ;
#625 = DIRECTION ( 'NONE',  ( 0.000000000000000000, 1.000000000000000000, 0.000000000000000000 ) ) ;
#626 = EDGE_CURVE ( 'NONE', #3199, #10457, #8691, .T. ) ;
#627 = CARTESIAN_POINT ( 'NONE',  ( -105.0000000000000000, 20.00000000000000000, 8.000000000000000000 ) ) ;
#628 = AXIS2_PLACEMENT_3D ( 'NONE', #8917, #3278, #9652 ) ;
#629 = CARTESIAN_POINT ( 'NONE',  ( 55.48909769293802441, 30.00000000000000000, -124.9625322141366013 ) ) ;
#630 = PERSON_AND_ORGANIZATION ( #10860, #8800 ) ;
#631 = DIRECTION ( 'NONE',  ( 0.000000000000000000, 1.000000000000000000, 0.000000000000000000 ) ) ;
#632 = VECTOR ( 'NONE', #11836, 1000.000000000000000 ) ;
#633 = ADVANCED_FACE ( 'NONE', ( #3049 ), #7716, .F. ) ;
#634 = ORIENTED_EDGE ( 'NONE', *, *, #9898, .F. ) ;
#635 = AXIS2_PLACEMENT_3D ( 'NONE', #3640, #9284, #793 ) ;
#636 = FACE_OUTER_BOUND ( 'NONE', #11270, .T. ) ;
#637 = FACE_OUTER_BOUND ( 'NONE', #2450, .T. ) ;
#638 = LINE ( 'NONE', #6999, #9457 ) ;
#639 = FACE_OUTER_BOUND ( 'NONE', #9320, .T. ) ;
#640 = CARTESIAN_POINT ( 'NONE',  ( -77.08053281221580733, 260.0000000000000000, -41.41064430052886536 ) ) ;
#641 = EDGE_CURVE ( 'NONE', #1890, #11729, #1841, .T. ) ;
#642 = VECTOR ( 'NONE', #7174, 1000.000000000000000 ) ;
#643 = DATE_AND_TIME ( #9015, #6865 ) ;
#644 = PERSON_AND_ORGANIZATION ( #10860, #8800 ) ;
#645 = SECURITY_CLASSIFICATION_LEVEL ( 'unclassified' ) ;
#646 = AXIS2_PLACEMENT_3D ( 'NONE', #672, #10677, #8866 ) ;
#647 = PLANE ( 'NONE',  #3752 ) ;
#648 = VERTEX_POINT ( 'NONE', #1965 ) ;
#649 = AXIS2_PLACEMENT_3D ( 'NONE', #4899, #4958, #10416 ) ;
#650 = VERTEX_POINT ( 'NONE', #5665 ) ;
#651 = DIRECTION ( 'NONE',  ( -0.000000000000000000, -1.000000000000000000, -0.000000000000000000 ) ) ;
#652 = VERTEX_POINT ( 'NONE', #10336 ) ;
#653 = DIRECTION ( 'NONE',  ( -0.000000000000000000, 1.000000000000000000, -0.000000000000000000 ) ) ;
#654 = FACE_OUTER_BOUND ( 'NONE', #1989, .T. ) ;
#655 = CYLINDRICAL_SURFACE ( 'NONE', #11139, 5.500000000000005329 ) ;
#656 = EDGE_CURVE ( 'NONE', #6489, #11956, #2137, .T. ) ;
#657 = AXIS2_PLACEMENT_3D ( 'NONE', #7526, #11296, #8555 ) ;
#658 = DIRECTION ( 'NONE',  ( 1.000000000000000000, 0.000000000000000000, 0.000000000000000000 ) ) ;
#659 = COORDINATED_UNIVERSAL_TIME_OFFSET ( 8, 0, .AHEAD. ) ;
#660 = CARTESIAN_POINT ( 'NONE',  ( 330.0000000000000000, 0.000000000000000000, 38.14118508908706673 ) ) ;
#661 = CIRCLE ( 'NONE', #11912, 72.50000000000000000 ) ;
#662 = EDGE_LOOP ( 'NONE', ( #7874, #4017, #3710, #6241 ) ) ;
#663 = VERTEX_POINT ( 'NONE', #9907 ) ;
#664 = VECTOR ( 'NONE', #2805, 1000.000000000000000 ) ;
#665 = ORIENTED_EDGE ( 'NONE', *, *, #4711, .T. ) ;
#666 = DIRECTION ( 'NONE',  ( 0.000000000000000000, 0.000000000000000000, 1.000000000000000000 ) ) ;
#667 = EDGE_LOOP ( 'NONE', ( #9735, #1368, #2303, #8791 ) ) ;
#668 = DIRECTION ( 'NONE',  ( 0.000000000000000000, 1.000000000000000000, 0.000000000000000000 ) ) ;
#669 = CC_DESIGN_PERSON_AND_ORGANIZATION_ASSIGNMENT ( #6167, #11814, ( #5384 ) ) ;
#670 = LINE ( 'NONE', #3690, #3326 ) ;
#671 = ADVANCED_FACE ( 'NONE', ( #6938 ), #6988, .T. ) ;
#672 = CARTESIAN_POINT ( 'NONE',  ( 0.000000000000000000, 225.0000000000000000, 0.000000000000000000 ) ) ;
#673 = CARTESIAN_POINT ( 'NONE',  ( 0.000000000000000000, 0.000000000000000000, 0.000000000000000000 ) ) ;
#674 = LOCAL_TIME ( 1, 43, 37.00000000000000000, #2640 ) ;
#675 = AXIS2_PLACEMENT_3D ( 'NONE', #9883, #8964, #9093 ) ;
#676 = APPROVAL_STATUS ( 'not_yet_approved' ) ;
#677 = APPROVAL ( #4592, 'UNKNOWN' ) ;
#678 = ORIENTED_EDGE ( 'NONE', *, *, #656, .T. ) ;
#679 = EDGE_LOOP ( 'NONE', ( #10806, #168, #2887, #41 ) ) ;
#680 = LINE ( 'NONE', #9966, #11891 ) ;
#681 = EDGE_LOOP ( 'NONE', ( #6932, #6405 ) ) ;
#682 = LINE ( 'NONE', #8074, #615 ) ;
#683 = AXIS2_PLACEMENT_3D ( 'NONE', #6885, #1250, #11575 ) ;
#684 = DIRECTION ( 'NONE',  ( 0.000000000000000000, 0.000000000000000000, -1.000000000000000000 ) ) ;
#685 = EDGE_CURVE ( 'NONE', #4532, #6229, #2443, .T. ) ;
#686 = DIRECTION ( 'NONE',  ( 0.000000000000000000, 0.000000000000000000, 1.000000000000000000 ) ) ;
#687 = DIRECTION ( 'NONE',  ( 0.000000000000000000, 0.000000000000000000, 1.000000000000000000 ) ) ;
#688 = CARTESIAN_POINT ( 'NONE',  ( 0.000000000000000000, 42.00000000000000000, -95.00000000000001421 ) ) ;
#689 = CARTESIAN_POINT ( 'NONE',  ( 78.52976026345936589, 260.0000000000000000, 32.52809175103261907 ) ) ;
#690 = EDGE_CURVE ( 'NONE', #1441, #3684, #3356, .T. ) ;
#691 = APPLICATION_CONTEXT ( 'configuration controlled 3d designs of mechanical parts and assemblies' ) ;
#692 = DATE_AND_TIME ( #809, #9840 ) ;
#693 = CARTESIAN_POINT ( 'NONE',  ( 27.55320713028646651, 220.0000000000000000, 66.51932634081265405 ) ) ;
#694 = ORIENTED_EDGE ( 'NONE', *, *, #2965, .T. ) ;
#695 = ORIENTED_EDGE ( 'NONE', *, *, #7210, .T. ) ;
#696 = EDGE_CURVE ( 'NONE', #5737, #7159, #11210, .T. ) ;
#697 = DIRECTION ( 'NONE',  ( -0.000000000000000000, -1.000000000000000000, -0.000000000000000000 ) ) ;
#698 = APPROVAL_PERSON_ORGANIZATION ( #980, #4534, #3944 ) ;
#699 = CARTESIAN_POINT ( 'NONE',  ( 0.000000000000000000, 30.00000000000000000, 0.000000000000000000 ) ) ;
#700 = LINE ( 'NONE', #7910, #10614 ) ;
#701 = CARTESIAN_POINT ( 'NONE',  ( -272.5000000000000000, 0.000000000000000000, -52.49999999999997868 ) ) ;
#703 = AXIS2_PLACEMENT_3D ( 'NONE', #2683, #1657, #5358 ) ;
#702 = CARTESIAN_POINT ( 'NONE',  ( 120.0000000000000000, 0.000000000000000000, -110.0000000000000000 ) ) ;
#704 = DIRECTION ( 'NONE',  ( -1.000000000000000000, 0.000000000000000000, 0.000000000000000000 ) ) ;
#705 = DATE_AND_TIME ( #9990, #11722 ) ;
#706 = EDGE_CURVE ( 'NONE', #7249, #8840, #5727, .T. ) ;
#707 = PERSON_AND_ORGANIZATION_ROLE ( 'creator' ) ;
#708 = LOCAL_TIME ( 1, 43, 37.00000000000000000, #5151 ) ;
#709 = COORDINATED_UNIVERSAL_TIME_OFFSET ( 8, 0, .AHEAD. ) ;
#710 = AXIS2_PLACEMENT_3D ( 'NONE', #2428, #11608, #428 ) ;
#711 = CARTESIAN_POINT ( 'NONE',  ( -95.00000000000000000, 95.00000000000000000, 65.00000000000000000 ) ) ;
#712 = EDGE_LOOP ( 'NONE', ( #8794, #2708, #11680, #1367 ) ) ;
#713 = LOCAL_TIME ( 1, 43, 37.00000000000000000, #405 ) ;
#714 = EDGE_LOOP ( 'NONE', ( #3633, #4834 ) ) ;
#715 = CARTESIAN_POINT ( 'NONE',  ( 15.00000000000000000, 28.00000000000000000, -7.500000000000000000 ) ) ;
#716 = LOCAL_TIME ( 1, 43, 37.00000000000000000, #8949 ) ;
#717 = ORIENTED_EDGE ( 'NONE', *, *, #4973, .F. ) ;
#718 = LINE ( 'NONE', #9207, #11581 ) ;
#719 = FACE_BOUND ( 'NONE', #7658, .T. ) ;
#720 = DIRECTION ( 'NONE',  ( 0.000000000000000000, 0.000000000000000000, 1.000000000000000000 ) ) ;
#721 = CALENDAR_DATE ( 2026, 29, 7 ) ;
#722 = DIRECTION ( 'NONE',  ( 0.000000000000000000, 0.000000000000000000, 1.000000000000000000 ) ) ;
#723 = LOCAL_TIME ( 1, 43, 37.00000000000000000, #5306 ) ;
#724 = EDGE_LOOP ( 'NONE', ( #6017, #5718 ) ) ;
#725 = PRODUCT ( 'MKH-010_j2_j3_drive', 'MKH-010_j2_j3_drive', '', ( #6535 ) ) ;
#726 = EDGE_CURVE ( 'NONE', #9847, #240, #5301, .T. ) ;
#727 = EDGE_LOOP ( 'NONE', ( #1626, #73 ) ) ;
#728 = VECTOR ( 'NONE', #4982, 1000.000000000000000 ) ;
#729 = ORIENTED_EDGE ( 'NONE', *, *, #3126, .T. ) ;
#730 = CARTESIAN_POINT ( 'NONE',  ( -196.0000000000000000, 0.000000000000000000, 43.99999999999997158 ) ) ;
#731 = ORIENTED_EDGE ( 'NONE', *, *, #10909, .F. ) ;
#732 = CARTESIAN_POINT ( 'NONE',  ( 135.0000000000000000, 28.00000000000000000, -95.99999999999998579 ) ) ;
#733 = CARTESIAN_POINT ( 'NONE',  ( 133.9625322141365871, 0.000000000000000000, -55.48909769293801730 ) ) ;
#734 = EDGE_CURVE ( 'NONE', #2885, #8619, #4376, .T. ) ;
#735 = DIRECTION ( 'NONE',  ( 0.000000000000000000, -1.000000000000000000, 6.123233995736766036E-17 ) ) ;
#736 = CARTESIAN_POINT ( 'NONE',  ( -180.0000000000000000, 28.00000000000000000, -155.0000000000000000 ) ) ;
#737 = VERTEX_POINT ( 'NONE', #3235 ) ;
#738 = EDGE_CURVE ( 'NONE', #3757, #1382, #7147, .T. ) ;
#739 = VECTOR ( 'NONE', #9866, 1000.000000000000000 ) ;
#740 = AXIS2_PLACEMENT_3D ( 'NONE', #9384, #8160, #3558 ) ;
#741 = CALENDAR_DATE ( 2026, 29, 7 ) ;
#742 = EDGE_LOOP ( 'NONE', ( #4972, #11481, #9023, #2605 ) ) ;
#743 = EDGE_CURVE ( 'NONE', #7561, #10654, #5995, .T. ) ;
#744 = ORIENTED_EDGE ( 'NONE', *, *, #559, .T. ) ;
#745 = DIRECTION ( 'NONE',  ( 0.000000000000000000, 1.000000000000000000, 0.000000000000000000 ) ) ;
#746 = ORIENTED_EDGE ( 'NONE', *, *, #5695, .T. ) ;
#747 = FACE_OUTER_BOUND ( 'NONE', #8102, .T. ) ;
#748 = CIRCLE ( 'NONE', #11611, 59.00000000000000711 ) ;
#749 = DIRECTION ( 'NONE',  ( -0.000000000000000000, -1.000000000000000000, -0.000000000000000000 ) ) ;
#750 = DIRECTION ( 'NONE',  ( -0.000000000000000000, -1.000000000000000000, -0.000000000000000000 ) ) ;
#751 = ADVANCED_FACE ( 'NONE', ( #1477 ), #4390, .F. ) ;
#752 = CARTESIAN_POINT ( 'NONE',  ( 0.000000000000000000, 42.00000000000000000, -95.00000000000001421 ) ) ;
#753 = CARTESIAN_POINT ( 'NONE',  ( 245.0000000000000000, 0.000000000000000000, 64.00000000000000000 ) ) ;
#754 = FACE_OUTER_BOUND ( 'NONE', #11409, .T. ) ;
#755 = SHAPE_DEFINITION_REPRESENTATION ( #7971, #10182 ) ;
#756 = DIRECTION ( 'NONE',  ( -1.000000000000000000, 0.000000000000000000, -0.000000000000000000 ) ) ;
#757 = VERTEX_POINT ( 'NONE', #10754 ) ;
#758 = PRODUCT_RELATED_PRODUCT_CATEGORY ( 'detail', '', ( #725 ) ) ;
#759 = CIRCLE ( 'NONE', #7521, 7.999999999999996447 ) ;
#760 = EDGE_CURVE ( 'NONE', #6050, #3649, #3073, .T. ) ;
#761 = EDGE_LOOP ( 'NONE', ( #4694, #8245, #1758, #4190 ) ) ;
#762 = LINE ( 'NONE', #5609, #642 ) ;
#763 = CARTESIAN_POINT ( 'NONE',  ( 245.0000000000000000, 20.00000000000000000, 64.00000000000000000 ) ) ;
#764 = CARTESIAN_POINT ( 'NONE',  ( 0.000000000000000000, 260.0000000000000000, -52.50000000000000000 ) ) ;
#765 = CC_DESIGN_PERSON_AND_ORGANIZATION_ASSIGNMENT ( #630, #1726, ( #7566 ) ) ;
#766 = CARTESIAN_POINT ( 'NONE',  ( 3.061616997868383043E-15, 225.0000000000000000, 25.00000000000000000 ) ) ;
#767 = DIRECTION ( 'NONE',  ( 0.000000000000000000, 0.000000000000000000, -1.000000000000000000 ) ) ;
#768 = VECTOR ( 'NONE', #5362, 1000.000000000000000 ) ;
#769 = CARTESIAN_POINT ( 'NONE',  ( -120.0000000000000000, 120.0000000000000000, 90.00000000000000000 ) ) ;
#770 = MECHANICAL_CONTEXT ( 'NONE', #6341, 'mechanical' ) ;
#771 = APPROVAL_STATUS ( 'not_yet_approved' ) ;
#772 = PERSON_AND_ORGANIZATION_ROLE ( 'classification_officer' ) ;
#773 = EDGE_LOOP ( 'NONE', ( #8459, #10795, #7368, #3518 ) ) ;
#774 = CARTESIAN_POINT ( 'NONE',  ( 196.0000000000000000, 0.000000000000000000, 0.000000000000000000 ) ) ;
#775 = ORIENTED_EDGE ( 'NONE', *, *, #7044, .F. ) ;
#776 = ADVANCED_FACE ( 'NONE', ( #2384, #6149, #6870, #8812, #10568, #5974, #4213, #9855, #5242, #11621 ), #8882, .T. ) ;
#777 = ORIENTED_EDGE ( 'NONE', *, *, #2285, .T. ) ;
#778 = DIRECTION ( 'NONE',  ( 0.000000000000000000, 0.000000000000000000, 1.000000000000000000 ) ) ;
#779 = VERTEX_POINT ( 'NONE', #5056 ) ;
#780 = DIRECTION ( 'NONE',  ( -0.000000000000000000, -1.000000000000000000, -0.000000000000000000 ) ) ;
#781 = DIRECTION ( 'NONE',  ( 0.000000000000000000, 0.000000000000000000, 1.000000000000000000 ) ) ;
#782 = CARTESIAN_POINT ( 'NONE',  ( -196.0000000000000000, 0.000000000000000000, 0.000000000000000000 ) ) ;
#783 =( NAMED_UNIT ( * ) PLANE_ANGLE_UNIT ( ) SI_UNIT ( $, .RADIAN. ) );
#784 = EDGE_CURVE ( 'NONE', #4041, #7428, #6087, .T. ) ;
#785 = SECURITY_CLASSIFICATION_LEVEL ( 'unclassified' ) ;
#786 = ORIENTED_EDGE ( 'NONE', *, *, #7149, .T. ) ;
#787 = ORIENTED_EDGE ( 'NONE', *, *, #964, .F. ) ;
#788 = EDGE_LOOP ( 'NONE', ( #5292, #2858 ) ) ;
#789 = FACE_OUTER_BOUND ( 'NONE', #10256, .T. ) ;
#790 = ORIENTED_EDGE ( 'NONE', *, *, #1332, .T. ) ;
#791 = CARTESIAN_POINT ( 'NONE',  ( 0.000000000000000000, 285.0000000000000000, -87.50000000000000000 ) ) ;
#792 = DIRECTION ( 'NONE',  ( 0.000000000000000000, 0.000000000000000000, 1.000000000000000000 ) ) ;
#793 = DIRECTION ( 'NONE',  ( 0.000000000000000000, 0.000000000000000000, 1.000000000000000000 ) ) ;
#794 = EDGE_CURVE ( 'NONE', #10991, #8821, #4151, .T. ) ;
#795 = ORIENTED_EDGE ( 'NONE', *, *, #4300, .T. ) ;
#796 = CALENDAR_DATE ( 2026, 29, 7 ) ;
#797 = ORIENTED_EDGE ( 'NONE', *, *, #1357, .T. ) ;
#798 = ORIENTED_EDGE ( 'NONE', *, *, #2625, .T. ) ;
#799 = CARTESIAN_POINT ( 'NONE',  ( 133.9625322141365871, 30.00000000000000000, 55.48909769293800309 ) ) ;
#800 = VERTEX_POINT ( 'NONE', #4272 ) ;
#801 = AXIS2_PLACEMENT_3D ( 'NONE', #763, #6394, #7300 ) ;
#802 = DIRECTION ( 'NONE',  ( 1.000000000000000000, 0.000000000000000000, -0.000000000000000000 ) ) ;
#803 = DIRECTION ( 'NONE',  ( 0.000000000000000000, 1.000000000000000000, 0.000000000000000000 ) ) ;
#804 = DIRECTION ( 'NONE',  ( -0.000000000000000000, -1.000000000000000000, -0.000000000000000000 ) ) ;
#805 = CYLINDRICAL_SURFACE ( 'NONE', #568, 130.0000000000000000 ) ;
#806 = CARTESIAN_POINT ( 'NONE',  ( -70.00000000000000000, 0.000000000000000000, -45.00000000000000000 ) ) ;
#807 = LINE ( 'NONE', #8198, #11318 ) ;
#808 = EDGE_CURVE ( 'NONE', #5111, #6543, #377, .T. ) ;
#809 = CALENDAR_DATE ( 2026, 29, 7 ) ;
#810 = DIRECTION ( 'NONE',  ( -0.000000000000000000, 1.000000000000000000, -0.000000000000000000 ) ) ;
#811 = ORIENTED_EDGE ( 'NONE', *, *, #4259, .F. ) ;
#812 = VECTOR ( 'NONE', #3943, 1000.000000000000000 ) ;
#813 = ORIENTED_EDGE ( 'NONE', *, *, #6846, .F. ) ;
#814 = DIRECTION ( 'NONE',  ( 0.000000000000000000, 1.000000000000000000, 0.000000000000000000 ) ) ;
#815 = LINE ( 'NONE', #4517, #1184 ) ;
#816 = LINE ( 'NONE', #10099, #11212 ) ;
#817 = LINE ( 'NONE', #5612, #3832 ) ;
#818 = APPROVAL ( #8154, 'æœª' ) ;
#819 = LINE ( 'NONE', #1736, #11591 ) ;
#820 = EDGE_CURVE ( 'NONE', #2423, #10445, #2501, .T. ) ;
#821 = DIRECTION ( 'NONE',  ( -0.000000000000000000, -0.000000000000000000, 1.000000000000000000 ) ) ;
#822 = CIRCLE ( 'NONE', #2357, 180.0000000000000284 ) ;
#823 = ADVANCED_FACE ( 'NONE', ( #7348, #10206, #2624, #3702, #4687, #9114, #11055 ), #11795, .F. ) ;
#824 = COORDINATED_UNIVERSAL_TIME_OFFSET ( 8, 0, .AHEAD. ) ;
#825 = CALENDAR_DATE ( 2026, 29, 7 ) ;
#826 = VECTOR ( 'NONE', #9979, 1000.000000000000000 ) ;
#827 = COORDINATED_UNIVERSAL_TIME_OFFSET ( 8, 0, .AHEAD. ) ;
#828 = APPROVAL ( #4471, 'UNKNOWN' ) ;
#829 = ORIENTED_EDGE ( 'NONE', *, *, #1075, .F. ) ;
#830 = DIRECTION ( 'NONE',  ( -0.000000000000000000, -1.000000000000000000, -0.000000000000000000 ) ) ;
#831 = AXIS2_PLACEMENT_3D ( 'NONE', #733, #10917, #9159 ) ;
#832 = EDGE_LOOP ( 'NONE', ( #6474, #11777 ) ) ;
#833 = VERTEX_POINT ( 'NONE', #3654 ) ;
#834 = CARTESIAN_POINT ( 'NONE',  ( -78.00000000000000000, 0.000000000000000000, 0.000000000000000000 ) ) ;
#835 = CIRCLE ( 'NONE', #8574, 6.999999999999999112 ) ;
#836 = ORIENTED_EDGE ( 'NONE', *, *, #10703, .F. ) ;
#837 = DIRECTION ( 'NONE',  ( 0.000000000000000000, -0.000000000000000000, -1.000000000000000000 ) ) ;
#838 = ADVANCED_FACE ( 'NONE', ( #5537 ), #805, .T. ) ;
#839 = CARTESIAN_POINT ( 'NONE',  ( -180.0000000000000000, 28.00000000000000000, 155.0000000000000000 ) ) ;
#840 = DIRECTION ( 'NONE',  ( 0.000000000000000000, 1.000000000000000000, 0.000000000000000000 ) ) ;
#841 = PERSON_AND_ORGANIZATION_ROLE ( 'creator' ) ;
#842 = AXIS2_PLACEMENT_3D ( 'NONE', #3050, #4085, #10569 ) ;
#843 = ADVANCED_FACE ( 'NONE', ( #7224 ), #11920, .F. ) ;
#844 = CIRCLE ( 'NONE', #6271, 34.00000000000000000 ) ;
#845 = VECTOR ( 'NONE', #11464, 1000.000000000000000 ) ;
#846 = ORIENTED_EDGE ( 'NONE', *, *, #406, .T. ) ;
#847 = ORIENTED_EDGE ( 'NONE', *, *, #11420, .F. ) ;
#848 = EDGE_CURVE ( 'NONE', #10367, #4039, #2692, .T. ) ;
#849 = ORIENTED_EDGE ( 'NONE', *, *, #3399, .T. ) ;
#850 = DIRECTION ( 'NONE',  ( -0.000000000000000000, -1.000000000000000000, -0.000000000000000000 ) ) ;
#851 = VECTOR ( 'NONE', #6438, 1000.000000000000000 ) ;
#852 = ORIENTED_EDGE ( 'NONE', *, *, #8298, .F. ) ;
#853 =( REPRESENTATION_RELATIONSHIP ('NONE','NONE', #4449, #4301 ) REPRESENTATION_RELATIONSHIP_WITH_TRANSFORMATION ( #2340 )SHAPE_REPRESENTATION_RELATIONSHIP( ) );
#854 = CARTESIAN_POINT ( 'NONE',  ( -95.00000000000000000, 95.00000000000000000, -65.00000000000000000 ) ) ;
#855 = DIRECTION ( 'NONE',  ( -0.000000000000000000, 1.000000000000000000, -0.000000000000000000 ) ) ;
#856 = VECTOR ( 'NONE', #7424, 1000.000000000000000 ) ;
#857 = DIRECTION ( 'NONE',  ( 0.000000000000000000, -1.000000000000000000, 6.123233995736766036E-17 ) ) ;
#858 = FACE_OUTER_BOUND ( 'NONE', #1137, .T. ) ;
#859 = VECTOR ( 'NONE', #10817, 1000.000000000000000 ) ;
#860 = ORIENTED_EDGE ( 'NONE', *, *, #3928, .T. ) ;
#861 = ORIENTED_EDGE ( 'NONE', *, *, #9077, .F. ) ;
#862 = VECTOR ( 'NONE', #9681, 1000.000000000000000 ) ;
#863 = DIRECTION ( 'NONE',  ( -0.000000000000000000, -1.000000000000000000, -0.000000000000000000 ) ) ;
#864 = ORIENTED_EDGE ( 'NONE', *, *, #5498, .T. ) ;
#865 = DIRECTION ( 'NONE',  ( 0.000000000000000000, 0.000000000000000000, 1.000000000000000000 ) ) ;
#866 = DIRECTION ( 'NONE',  ( 0.000000000000000000, 0.000000000000000000, 1.000000000000000000 ) ) ;
#867 = CYLINDRICAL_SURFACE ( 'NONE', #10630, 6.999999999999999112 ) ;
#868 = SECURITY_CLASSIFICATION ( '', '', #7733 ) ;
#870 = CARTESIAN_POINT ( 'NONE',  ( 5.633375276077824704E-15, 36.00000000000000000, 46.00000000000000000 ) ) ;
#869 = VECTOR ( 'NONE', #8231, 1000.000000000000000 ) ;
#871 = DIRECTION ( 'NONE',  ( 0.000000000000000000, -1.000000000000000000, 0.000000000000000000 ) ) ;
#872 = CARTESIAN_POINT ( 'NONE',  ( 0.000000000000000000, 285.0000000000000000, 0.000000000000000000 ) ) ;
#873 = PERSON_AND_ORGANIZATION_ROLE ( 'classification_officer' ) ;
#874 = CARTESIAN_POINT ( 'NONE',  ( -110.0000000000000000, 0.000000000000000000, -24.00000000000000000 ) ) ;
#875 = ORIENTED_EDGE ( 'NONE', *, *, #2080, .F. ) ;
#876 = ORIENTED_EDGE ( 'NONE', *, *, #8476, .T. ) ;
#877 = AXIS2_PLACEMENT_3D ( 'NONE', #1434, #8828, #6281 ) ;
#878 = CARTESIAN_POINT ( 'NONE',  ( 5.633375276077824704E-15, 0.000000000000000000, 46.00000000000000000 ) ) ;
#879 = EDGE_CURVE ( 'NONE', #616, #10669, #3472, .T. ) ;
#880 = CARTESIAN_POINT ( 'NONE',  ( 0.000000000000000000, 28.00000000000000000, 0.000000000000000000 ) ) ;
#881 = CARTESIAN_POINT ( 'NONE',  ( 63.51086798706846537, 122.5000000000000000, 34.96597842945568857 ) ) ;
#882 = CARTESIAN_POINT ( 'NONE',  ( 31.38004145393736266, 30.00000000000000000, 68.75812166592550057 ) ) ;
#883 = LINE ( 'NONE', #3721, #2811 ) ;
#884 = EDGE_CURVE ( 'NONE', #1285, #5812, #7398, .T. ) ;
#885 = MECHANICAL_CONTEXT ( 'NONE', #7113, 'mechanical' ) ;
#886 = PERSON_AND_ORGANIZATION_ROLE ( 'design_owner' ) ;
#887 = ITEM_DEFINED_TRANSFORMATION ( 'NONE', 'NONE', #7235,  #10725 ) ;
#888 = LOCAL_TIME ( 1, 43, 37.00000000000000000, #10162 ) ;
#889 = ORIENTED_EDGE ( 'NONE', *, *, #7845, .F. ) ;
#890 = DIRECTION ( 'NONE',  ( 0.000000000000000000, 0.000000000000000000, 1.000000000000000000 ) ) ;
#892 = ADVANCED_FACE ( 'NONE', ( #2561, #6265 ), #10935, .T. ) ;
#891 = ORIENTED_EDGE ( 'NONE', *, *, #6645, .T. ) ;
#893 = AXIS2_PLACEMENT_3D ( 'NONE', #8551, #1043, #311 ) ;
#894 = ORIENTED_EDGE ( 'NONE', *, *, #6153, .F. ) ;
#895 = DIRECTION ( 'NONE',  ( -0.000000000000000000, -1.000000000000000000, -0.000000000000000000 ) ) ;
#896 = VERTEX_POINT ( 'NONE', #8196 ) ;
#897 = CARTESIAN_POINT ( 'NONE',  ( 59.00000000000000000, 0.000000000000000000, 24.00000000000000000 ) ) ;
#898 = CARTESIAN_POINT ( 'NONE',  ( -133.9625322141365871, 0.000000000000000000, 64.48909769293797467 ) ) ;
#899 = CC_DESIGN_APPROVAL ( #3487, ( #7931 ) ) ;
#900 = DIRECTION ( 'NONE',  ( -1.000000000000000000, 0.000000000000000000, 0.000000000000000000 ) ) ;
#901 = ADVANCED_FACE ( 'NONE', ( #1770 ), #3589, .F. ) ;
#902 = CALENDAR_DATE ( 2026, 29, 7 ) ;
#903 = VECTOR ( 'NONE', #5101, 1000.000000000000000 ) ;
#904 = VERTEX_POINT ( 'NONE', #2686 ) ;
#905 = APPROVAL ( #8232, 'æœª' ) ;
#906 = LOCAL_TIME ( 1, 43, 37.00000000000000000, #3580 ) ;
#907 = EDGE_CURVE ( 'NONE', #11642, #3286, #11812, .T. ) ;
#908 = LOCAL_TIME ( 1, 43, 37.00000000000000000, #10887 ) ;
#909 = VERTEX_POINT ( 'NONE', #8319 ) ;
#910 = ORIENTED_EDGE ( 'NONE', *, *, #8576, .T. ) ;
#911 = DIRECTION ( 'NONE',  ( 0.000000000000000000, 0.000000000000000000, 1.000000000000000000 ) ) ;
#912 = ORIENTED_EDGE ( 'NONE', *, *, #784, .T. ) ;
#913 = VECTOR ( 'NONE', #3560, 1000.000000000000000 ) ;
#914 = CARTESIAN_POINT ( 'NONE',  ( 140.0000000000000000, 0.000000000000000000, 42.50000000000000000 ) ) ;
#915 = DIRECTION ( 'NONE',  ( 0.000000000000000000, 1.000000000000000000, 0.000000000000000000 ) ) ;
#916 = LOCAL_TIME ( 1, 43, 37.00000000000000000, #3608 ) ;
#917 = APPROVAL_PERSON_ORGANIZATION ( #100, #971, #1969 ) ;
#918 = CARTESIAN_POINT ( 'NONE',  ( 0.000000000000000000, 48.00000000000000000, 0.000000000000000000 ) ) ;
#919 = EDGE_LOOP ( 'NONE', ( #7501, #4618 ) ) ;
#920 = ADVANCED_FACE ( 'NONE', ( #930 ), #5600, .F. ) ;
#921 = ORIENTED_EDGE ( 'NONE', *, *, #5079, .T. ) ;
#922 = AXIS2_PLACEMENT_3D ( 'NONE', #7191, #4130, #6228 ) ;
#923 = ORIENTED_EDGE ( 'NONE', *, *, #6285, .F. ) ;
#924 = EDGE_LOOP ( 'NONE', ( #381, #11456, #2511, #6681, #475, #9055, #9768, #9572 ) ) ;
#925 = PLANE ( 'NONE',  #6792 ) ;
#926 = ORGANIZATION ( 'NAUO-ORG2', 'UNSPECIFIED', 'UNSPECIFIED' ) ;
#927 = EDGE_CURVE ( 'NONE', #5489, #5295, #1659, .T. ) ;
#928 = DIRECTION ( 'NONE',  ( 0.000000000000000000, 1.000000000000000000, 0.000000000000000000 ) ) ;
#929 = DIRECTION ( 'NONE',  ( 0.000000000000000000, 0.000000000000000000, -1.000000000000000000 ) ) ;
#930 = FACE_OUTER_BOUND ( 'NONE', #7828, .T. ) ;
#931 = DIRECTION ( 'NONE',  ( 0.000000000000000000, 1.000000000000000000, 0.000000000000000000 ) ) ;
#932 = CLOSED_SHELL ( 'NONE', ( #6822, #1408, #2774, #11161, #8919, #2164, #10161, #10489, #2886, #548, #6332, #9517, #901, #8408, #751, #6240, #11649 ) ) ;
#933 = AXIS2_PLACEMENT_3D ( 'NONE', #5040, #1565, #2589 ) ;
#934 = CARTESIAN_POINT ( 'NONE',  ( -245.0000000000000000, 34.00000000000000000, 31.03224129836581469 ) ) ;
#935 = EDGE_CURVE ( 'NONE', #3275, #7856, #9060, .T. ) ;
#936 = ITEM_DEFINED_TRANSFORMATION ( 'NONE', 'NONE', #2791,  #8216 ) ;
#937 = DIRECTION ( 'NONE',  ( 0.000000000000000000, 1.000000000000000000, 0.000000000000000000 ) ) ;
#938 = CC_DESIGN_APPROVAL ( #7784, ( #545 ) ) ;
#939 = ORIENTED_EDGE ( 'NONE', *, *, #1563, .F. ) ;
#940 = CIRCLE ( 'NONE', #11010, 5.500000000000005329 ) ;
#941 = CARTESIAN_POINT ( 'NONE',  ( 0.000000000000000000, 220.0000000000000000, 0.000000000000000000 ) ) ;
#942 = LINE ( 'NONE', #6507, #4868 ) ;
#943 = DIRECTION ( 'NONE',  ( -0.000000000000000000, -1.000000000000000000, -0.000000000000000000 ) ) ;
#944 = DIRECTION ( 'NONE',  ( -0.000000000000000000, -0.000000000000000000, 1.000000000000000000 ) ) ;
#945 = CARTESIAN_POINT ( 'NONE',  ( 0.000000000000000000, 185.0000000000000000, 0.000000000000000000 ) ) ;
#946 = PERSON_AND_ORGANIZATION ( #10860, #8800 ) ;
#947 = CIRCLE ( 'NONE', #11804, 9.000000000000007105 ) ;
#948 = APPROVAL_STATUS ( 'not_yet_approved' ) ;
#949 = CARTESIAN_POINT ( 'NONE',  ( -245.0000000000000000, 20.00000000000000000, 64.00000000000000000 ) ) ;
#950 = EDGE_CURVE ( 'NONE', #11549, #7442, #3475, .T. ) ;
#951 = DATE_AND_TIME ( #7421, #6142 ) ;
#952 = EDGE_LOOP ( 'NONE', ( #4678, #1157, #4667, #10399 ) ) ;
#953 = LINE ( 'NONE', #10282, #6650 ) ;
#954 = ORIENTED_EDGE ( 'NONE', *, *, #7543, .T. ) ;
#955 = VERTEX_POINT ( 'NONE', #3529 ) ;
#956 = LINE ( 'NONE', #48, #1319 ) ;
#957 = AXIS2_PLACEMENT_3D ( 'NONE', #9177, #20, #4569 ) ;
#958 = ORIENTED_EDGE ( 'NONE', *, *, #2175, .T. ) ;
#959 = DIRECTION ( 'NONE',  ( -0.000000000000000000, -1.000000000000000000, -0.000000000000000000 ) ) ;
#960 = DIRECTION ( 'NONE',  ( -0.000000000000000000, -1.000000000000000000, -0.000000000000000000 ) ) ;
#961 = CARTESIAN_POINT ( 'NONE',  ( -78.00000000000000000, 28.00000000000000000, 0.000000000000000000 ) ) ;
#962 = PERSON_AND_ORGANIZATION ( #10860, #8800 ) ;
#963 = DATE_AND_TIME ( #5574, #128 ) ;
#964 = EDGE_CURVE ( 'NONE', #7516, #553, #9475, .T. ) ;
#965 = ORIENTED_EDGE ( 'NONE', *, *, #1735, .F. ) ;
#966 = EDGE_LOOP ( 'NONE', ( #382, #2843 ) ) ;
#967 = DIRECTION ( 'NONE',  ( 0.000000000000000000, 0.000000000000000000, 1.000000000000000000 ) ) ;
#968 = ORIENTED_EDGE ( 'NONE', *, *, #2300, .T. ) ;
#969 = DIRECTION ( 'NONE',  ( 0.000000000000000000, 0.000000000000000000, -1.000000000000000000 ) ) ;
#970 = CARTESIAN_POINT ( 'NONE',  ( 0.000000000000000000, 42.00000000000000000, -165.0000000000000000 ) ) ;
#971 = APPROVAL ( #6514, 'æœª' ) ;
#972 = EDGE_CURVE ( 'NONE', #9714, #5025, #1331, .T. ) ;
#973 = LINE ( 'NONE', #4622, #7014 ) ;
#974 = VERTEX_POINT ( 'NONE', #7524 ) ;
#975 = ORIENTED_EDGE ( 'NONE', *, *, #5318, .F. ) ;
#976 = CC_DESIGN_PERSON_AND_ORGANIZATION_ASSIGNMENT ( #5485, #5604, ( #9632 ) ) ;
#977 = ORIENTED_EDGE ( 'NONE', *, *, #7091, .F. ) ;
#978 = ORIENTED_EDGE ( 'NONE', *, *, #11408, .T. ) ;
#979 = DIRECTION ( 'NONE',  ( 0.000000000000000000, 0.000000000000000000, 1.000000000000000000 ) ) ;
#980 = PERSON_AND_ORGANIZATION ( #10860, #8800 ) ;
#981 = DIRECTION ( 'NONE',  ( -0.000000000000000000, -0.000000000000000000, 1.000000000000000000 ) ) ;
#982 = DIRECTION ( 'NONE',  ( -0.000000000000000000, -1.000000000000000000, -0.000000000000000000 ) ) ;
#983 = UNCERTAINTY_MEASURE_WITH_UNIT (LENGTH_MEASURE( 1.000000000000000082E-05 ), #186, 'distance_accuracy_value', 'NONE');
#984 = CARTESIAN_POINT ( 'NONE',  ( -52.50000000000000000, 0.000000000000000000, 131.0000000000000000 ) ) ;
#985 = PLANE ( 'NONE',  #5676 ) ;
#986 = CARTESIAN_POINT ( 'NONE',  ( 0.000000000000000000, 0.000000000000000000, 0.000000000000000000 ) ) ;
#987 = LINE ( 'NONE', #1774, #4697 ) ;
#988 = ADVANCED_FACE ( 'NONE', ( #6560 ), #2295, .T. ) ;
#989 = VERTEX_POINT ( 'NONE', #6904 ) ;
#990 = VECTOR ( 'NONE', #7470, 1000.000000000000000 ) ;
#991 = ORIENTED_EDGE ( 'NONE', *, *, #950, .F. ) ;
#992 = LINE ( 'NONE', #6273, #1032 ) ;
#993 = EDGE_CURVE ( 'NONE', #6007, #3972, #5031, .T. ) ;
#994 = CARTESIAN_POINT ( 'NONE',  ( -140.0000000000000000, 12.00000000000000000, -42.50000000000000000 ) ) ;
#995 = CARTESIAN_POINT ( 'NONE',  ( 0.000000000000000000, 42.00000000000000000, -59.00000000000000711 ) ) ;
#996 = DIRECTION ( 'NONE',  ( 0.000000000000000000, 1.000000000000000000, 0.000000000000000000 ) ) ;
#997 = CIRCLE ( 'NONE', #6223, 8.999999999999994671 ) ;
#998 = DIRECTION ( 'NONE',  ( 0.000000000000000000, 0.000000000000000000, -1.000000000000000000 ) ) ;
#999 = DATE_TIME_ROLE ( 'classification_date' ) ;
#1000 = DATE_AND_TIME ( #4649, #4975 ) ;
#1001 = CARTESIAN_POINT ( 'NONE',  ( -196.0000000000000000, 20.00000000000000000, 0.000000000000000000 ) ) ;
#1002 = ORIENTED_EDGE ( 'NONE', *, *, #784, .F. ) ;
#1003 = ORIENTED_EDGE ( 'NONE', *, *, #3627, .T. ) ;
#1004 = AXIS2_PLACEMENT_3D ( 'NONE', #1022, #6715, #8484 ) ;
#1005 = DIRECTION ( 'NONE',  ( 0.000000000000000000, 0.000000000000000000, -1.000000000000000000 ) ) ;
#1006 = ORIENTED_EDGE ( 'NONE', *, *, #11494, .T. ) ;
#1007 = EDGE_LOOP ( 'NONE', ( #2608, #9773 ) ) ;
#1008 = DIRECTION ( 'NONE',  ( -0.000000000000000000, -1.000000000000000000, -0.000000000000000000 ) ) ;
#1009 = ADVANCED_FACE ( 'NONE', ( #9641 ), #6055, .F. ) ;
#1010 = AXIS2_PLACEMENT_3D ( 'NONE', #2186, #5890, #8612 ) ;
#1011 = ORIENTED_EDGE ( 'NONE', *, *, #935, .T. ) ;
#1012 = LINE ( 'NONE', #4778, #7674 ) ;
#1013 = DIRECTION ( 'NONE',  ( 0.000000000000000000, 0.000000000000000000, 1.000000000000000000 ) ) ;
#1014 = CIRCLE ( 'NONE', #6813, 68.99999999999997158 ) ;
#1015 = APPROVAL_STATUS ( 'not_yet_approved' ) ;
#1016 = PERSON_AND_ORGANIZATION ( #10860, #8800 ) ;
#1017 = CIRCLE ( 'NONE', #7783, 8.999999999999987566 ) ;
#1018 = ORIENTED_EDGE ( 'NONE', *, *, #3057, .F. ) ;
#1019 = EDGE_LOOP ( 'NONE', ( #9576, #6946 ) ) ;
#1020 = AXIS2_PLACEMENT_3D ( 'NONE', #3081, #6599, #2172 ) ;
#1021 = EDGE_LOOP ( 'NONE', ( #6727, #7467 ) ) ;
#1022 = CARTESIAN_POINT ( 'NONE',  ( 115.0000000000000000, 12.00000000000000000, 28.00000000000000000 ) ) ;
#1023 = EDGE_CURVE ( 'NONE', #9168, #8840, #9760, .T. ) ;
#1024 = ORIENTED_EDGE ( 'NONE', *, *, #5661, .T. ) ;
#1025 = DIRECTION ( 'NONE',  ( 1.000000000000000000, 0.000000000000000000, -0.000000000000000000 ) ) ;
#1026 = LINE ( 'NONE', #2117, #6059 ) ;
#1027 = AXIS2_PLACEMENT_3D ( 'NONE', #6530, #6802, #8348 ) ;
#1028 = ADVANCED_BREP_SHAPE_REPRESENTATION ( '', ( #8044, #10725 ), #2200 ) ;
#1029 = DIRECTION ( 'NONE',  ( 0.000000000000000000, 0.000000000000000000, 1.000000000000000000 ) ) ;
#1030 = DIRECTION ( 'NONE',  ( 0.000000000000000000, 1.000000000000000000, 0.000000000000000000 ) ) ;
#1031 = ORIENTED_EDGE ( 'NONE', *, *, #7166, .T. ) ;
#1032 = VECTOR ( 'NONE', #30, 1000.000000000000000 ) ;
#1033 = CIRCLE ( 'NONE', #11303, 7.000000000000006217 ) ;
#1034 = ORIENTED_EDGE ( 'NONE', *, *, #10261, .T. ) ;
#1035 = VECTOR ( 'NONE', #10936, 1000.000000000000000 ) ;
#1036 = EDGE_LOOP ( 'NONE', ( #5809, #8026, #6993, #11360 ) ) ;
#1037 = APPROVAL ( #11867, 'æœª' ) ;
#1038 = ORIENTED_EDGE ( 'NONE', *, *, #7189, .T. ) ;
#1039 = DIRECTION ( 'NONE',  ( 0.000000000000000000, 0.000000000000000000, 1.000000000000000000 ) ) ;
#1040 = CALENDAR_DATE ( 2026, 29, 7 ) ;
#1041 = EDGE_CURVE ( 'NONE', #7218, #7264, #8434, .T. ) ;
#1042 = CIRCLE ( 'NONE', #78, 8.999999999999980460 ) ;
#1043 = DIRECTION ( 'NONE',  ( -0.000000000000000000, -1.000000000000000000, -0.000000000000000000 ) ) ;
#1044 = CARTESIAN_POINT ( 'NONE',  ( 63.51086798706846537, 220.0000000000000000, -34.96597842945568857 ) ) ;
#1045 = CARTESIAN_POINT ( 'NONE',  ( -135.0000000000000000, 28.00000000000000000, 114.0000000000000000 ) ) ;
#1046 = LINE ( 'NONE', #197, #4139 ) ;
#1047 = EDGE_CURVE ( 'NONE', #4793, #5763, #11241, .T. ) ;
#1048 = CARTESIAN_POINT ( 'NONE',  ( 0.000000000000000000, 36.00000000000000711, -34.00000000000000000 ) ) ;
#1049 = COORDINATED_UNIVERSAL_TIME_OFFSET ( 8, 0, .AHEAD. ) ;
#1050 = AXIS2_PLACEMENT_3D ( 'NONE', #10060, #8222, #890 ) ;
#1051 = EDGE_LOOP ( 'NONE', ( #11439, #4598, #6575, #10258 ) ) ;
#1052 = ORIENTED_EDGE ( 'NONE', *, *, #10703, .T. ) ;
#1053 = APPROVAL ( #5385, 'æœª' ) ;
#1054 = ADVANCED_FACE ( 'NONE', ( #10320 ), #7865, .T. ) ;
#1055 = CARTESIAN_POINT ( 'NONE',  ( 101.0000000000000000, 28.00000000000000355, 24.00000000000000000 ) ) ;
#1056 = AXIS2_PLACEMENT_3D ( 'NONE', #11388, #11152, #1079 ) ;
#1057 = AXIS2_PLACEMENT_3D ( 'NONE', #6117, #720, #1692 ) ;
#1058 = CARTESIAN_POINT ( 'NONE',  ( 55.48909769293802441, 30.00000000000000000, -133.9625322141365871 ) ) ;
#1059 = DIRECTION ( 'NONE',  ( -0.000000000000000000, -1.000000000000000000, -0.000000000000000000 ) ) ;
#1060 = CARTESIAN_POINT ( 'NONE',  ( -110.0000000000000000, 28.00000000000000000, 24.00000000000000000 ) ) ;
#1061 = CARTESIAN_POINT ( 'NONE',  ( -115.0000000000000000, 0.000000000000000000, -28.00000000000000000 ) ) ;
#1062 = APPROVAL_STATUS ( 'not_yet_approved' ) ;
#1063 = APPROVAL_STATUS ( 'not_yet_approved' ) ;
#1064 = CYLINDRICAL_SURFACE ( 'NONE', #10907, 65.00000000000000000 ) ;
#1065 = CONTEXT_DEPENDENT_SHAPE_REPRESENTATION ( #7499, #11557 ) ;
#1066 = AXIS2_PLACEMENT_3D ( 'NONE', #8450, #1967, #4647 ) ;
#1067 = EDGE_CURVE ( 'NONE', #3595, #3757, #11180, .T. ) ;
#1068 = ORIENTED_EDGE ( 'NONE', *, *, #2451, .T. ) ;
#1069 = CARTESIAN_POINT ( 'NONE',  ( 31.38004145393736266, 0.000000000000000000, -75.75812166592551478 ) ) ;
#1070 = ORIENTED_EDGE ( 'NONE', *, *, #8604, .T. ) ;
#1071 = ORIENTED_EDGE ( 'NONE', *, *, #9072, .F. ) ;
#1072 = DIRECTION ( 'NONE',  ( 0.000000000000000000, 0.000000000000000000, 1.000000000000000000 ) ) ;
#1073 = AXIS2_PLACEMENT_3D ( 'NONE', #2139, #207, #3052 ) ;
#1074 = ORIENTED_EDGE ( 'NONE', *, *, #4430, .F. ) ;
#1075 = EDGE_CURVE ( 'NONE', #6351, #9662, #11230, .T. ) ;
#1076 = CARTESIAN_POINT ( 'NONE',  ( 55.48909769293802441, 30.00000000000000000, 133.9625322141365871 ) ) ;
#1077 = CARTESIAN_POINT ( 'NONE',  ( -78.00000000000000000, 28.00000000000000000, 0.000000000000000000 ) ) ;
#1078 = VECTOR ( 'NONE', #9368, 1000.000000000000000 ) ;
#1079 = DIRECTION ( 'NONE',  ( 1.000000000000000000, 0.000000000000000000, 0.000000000000000000 ) ) ;
#1080 = CALENDAR_DATE ( 2026, 29, 7 ) ;
#1081 = DATE_AND_TIME ( #1759, #8257 ) ;
#1082 = APPLICATION_CONTEXT ( 'configuration controlled 3d designs of mechanical parts and assemblies' ) ;
#1083 = DIRECTION ( 'NONE',  ( -0.000000000000000000, -1.000000000000000000, -0.000000000000000000 ) ) ;
#1084 = ORIENTED_EDGE ( 'NONE', *, *, #11294, .T. ) ;
#1085 = EDGE_LOOP ( 'NONE', ( #7212, #8311, #4001, #2193 ) ) ;
#1086 = CARTESIAN_POINT ( 'NONE',  ( 8.450062914116734689E-15, 48.00000000000000000, 68.99999999999998579 ) ) ;
#1087 = APPROVAL_PERSON_ORGANIZATION ( #10571, #11265, #1236 ) ;
#1088 = EDGE_LOOP ( 'NONE', ( #8956, #6290, #3184, #1200 ) ) ;
#1089 = FACE_BOUND ( 'NONE', #1262, .T. ) ;
#1090 = FACE_OUTER_BOUND ( 'NONE', #8117, .T. ) ;
#1091 = AXIS2_PLACEMENT_3D ( 'NONE', #6784, #8432, #135 ) ;
#1092 = CARTESIAN_POINT ( 'NONE',  ( 180.0000000000000000, 34.00000000000000000, 12.00000000000000000 ) ) ;
#1093 = ORIENTED_EDGE ( 'NONE', *, *, #7706, .F. ) ;
#1094 = LOCAL_TIME ( 1, 43, 37.00000000000000000, #9942 ) ;
#1095 = EDGE_CURVE ( 'NONE', #8821, #6981, #8720, .T. ) ;
#1096 = EDGE_LOOP ( 'NONE', ( #8782, #3889, #2177, #11546 ) ) ;
#1097 = EDGE_LOOP ( 'NONE', ( #1134, #912, #3394, #8546 ) ) ;
#1098 = AXIS2_PLACEMENT_3D ( 'NONE', #854, #10075, #11900 ) ;
#1099 = ORIENTED_EDGE ( 'NONE', *, *, #1645, .T. ) ;
#1100 = CYLINDRICAL_SURFACE ( 'NONE', #1775, 46.00000000000000000 ) ;
#1101 = CALENDAR_DATE ( 2026, 29, 7 ) ;
#1102 = FACE_OUTER_BOUND ( 'NONE', #10139, .T. ) ;
#1103 = PERSON_AND_ORGANIZATION_ROLE ( 'creator' ) ;
#1104 = FACE_OUTER_BOUND ( 'NONE', #9153, .T. ) ;
#1105 = LOCAL_TIME ( 1, 43, 37.00000000000000000, #5555 ) ;
#1106 = CARTESIAN_POINT ( 'NONE',  ( 63.51086798706846537, 122.5000000000000000, -34.96597842945568857 ) ) ;
#1107 = CARTESIAN_POINT ( 'NONE',  ( -115.0000000000000000, 12.00000000000000000, -28.00000000000000000 ) ) ;
#1108 = APPROVAL_DATE_TIME ( #4638, #96 ) ;
#1109 = ADVANCED_FACE ( 'NONE', ( #5652 ), #4966, .T. ) ;
#1110 = EDGE_LOOP ( 'NONE', ( #514, #9067 ) ) ;
#1111 = DIRECTION ( 'NONE',  ( 0.000000000000000000, 0.000000000000000000, 1.000000000000000000 ) ) ;
#1112 = ORIENTED_EDGE ( 'NONE', *, *, #5140, .F. ) ;
#1113 = SHAPE_REPRESENTATION ( 'MKH-003_j1_drive', ( #10725 ), #7612 ) ;
#1114 = DIRECTION ( 'NONE',  ( 0.000000000000000000, 0.000000000000000000, 1.000000000000000000 ) ) ;
#1115 = EDGE_CURVE ( 'NONE', #9098, #6413, #2211, .T. ) ;
#1116 = CIRCLE ( 'NONE', #341, 4.500000000000003553 ) ;
#1117 = DIRECTION ( 'NONE',  ( -0.000000000000000000, -0.000000000000000000, 1.000000000000000000 ) ) ;
#1118 = CARTESIAN_POINT ( 'NONE',  ( -245.0000000000000000, 20.00000000000000000, -64.00000000000000000 ) ) ;
#1119 = DIRECTION ( 'NONE',  ( 0.000000000000000000, -0.000000000000000000, -1.000000000000000000 ) ) ;
#1120 = LOCAL_TIME ( 1, 43, 37.00000000000000000, #8005 ) ;
#1121 = CARTESIAN_POINT ( 'NONE',  ( -41.41064430052887957, 142.5000000000000000, 77.08053281221579311 ) ) ;
#1122 = PERSON_AND_ORGANIZATION_ROLE ( 'creator' ) ;
#1123 = CC_DESIGN_DATE_AND_TIME_ASSIGNMENT ( #7520, #1949, ( #6116 ) ) ;
#1124 = APPROVAL_DATE_TIME ( #2934, #89 ) ;
#1126 = EDGE_CURVE ( 'NONE', #7841, #9342, #2220, .T. ) ;
#1125 = DIRECTION ( 'NONE',  ( 0.000000000000000000, 0.000000000000000000, 1.000000000000000000 ) ) ;
#1127 = VERTEX_POINT ( 'NONE', #11595 ) ;
#1128 = COORDINATED_UNIVERSAL_TIME_OFFSET ( 8, 0, .AHEAD. ) ;
#1129 = VECTOR ( 'NONE', #266, 1000.000000000000000 ) ;
#1130 = AXIS2_PLACEMENT_3D ( 'NONE', #5448, #5566, #1072 ) ;
#1131 = ORIENTED_EDGE ( 'NONE', *, *, #3957, .F. ) ;
#1132 = APPROVAL ( #394, 'æœª' ) ;
#1133 = DIRECTION ( 'NONE',  ( 0.000000000000000000, 0.000000000000000000, 1.000000000000000000 ) ) ;
#1134 = ORIENTED_EDGE ( 'NONE', *, *, #7553, .T. ) ;
#1135 = ORIENTED_EDGE ( 'NONE', *, *, #4326, .F. ) ;
#1136 = DIRECTION ( 'NONE',  ( 0.000000000000000000, 1.000000000000000000, 0.000000000000000000 ) ) ;
#1137 = EDGE_LOOP ( 'NONE', ( #4179, #3300 ) ) ;
#1138 = VECTOR ( 'NONE', #6508, 1000.000000000000000 ) ;
#1139 = CARTESIAN_POINT ( 'NONE',  ( 85.00000000000000000, 0.000000000000000000, -60.00000000000000000 ) ) ;
#1140 = FACE_BOUND ( 'NONE', #6551, .T. ) ;
#1141 = CARTESIAN_POINT ( 'NONE',  ( 0.000000000000000000, 0.000000000000000000, 0.000000000000000000 ) ) ;
#1142 = PERSON_AND_ORGANIZATION_ROLE ( 'creator' ) ;
#1143 = ADVANCED_FACE ( 'NONE', ( #7744 ), #3138, .F. ) ;
#1144 = APPROVAL_STATUS ( 'not_yet_approved' ) ;
#1145 = EDGE_CURVE ( 'NONE', #4979, #10560, #2987, .T. ) ;
#1146 = FACE_OUTER_BOUND ( 'NONE', #242, .T. ) ;
#1147 = ORIENTED_EDGE ( 'NONE', *, *, #3424, .T. ) ;
#1148 = VERTEX_POINT ( 'NONE', #597 ) ;
#1149 = CARTESIAN_POINT ( 'NONE',  ( 272.5000000000000000, 38.00000000000000000, 0.000000000000000000 ) ) ;
#1150 = VERTEX_POINT ( 'NONE', #10965 ) ;
#1151 = EDGE_CURVE ( 'NONE', #5419, #9108, #3387, .T. ) ;
#1152 = FACE_BOUND ( 'NONE', #2372, .T. ) ;
#1153 = DIRECTION ( 'NONE',  ( 0.000000000000000000, 0.000000000000000000, 1.000000000000000000 ) ) ;
#1154 = APPLICATION_CONTEXT ( 'configuration controlled 3d designs of mechanical parts and assemblies' ) ;
#1155 = FACE_BOUND ( 'NONE', #1021, .T. ) ;
#1156 = ORIENTED_EDGE ( 'NONE', *, *, #1075, .T. ) ;
#1157 = ORIENTED_EDGE ( 'NONE', *, *, #10650, .F. ) ;
#1158 = VERTEX_POINT ( 'NONE', #10902 ) ;
#1159 = ORIENTED_EDGE ( 'NONE', *, *, #7858, .F. ) ;
#1160 = CARTESIAN_POINT ( 'NONE',  ( 0.000000000000000000, 410.0000000000000000, 0.000000000000000000 ) ) ;
#1161 = CALENDAR_DATE ( 2026, 29, 7 ) ;
#1162 = CARTESIAN_POINT ( 'NONE',  ( 135.0000000000000000, 31.00000000000000000, 11.00000000000000000 ) ) ;
#1163 = CARTESIAN_POINT ( 'NONE',  ( 0.000000000000000000, 180.0000000000000000, 0.000000000000000000 ) ) ;
#1164 = EDGE_CURVE ( 'NONE', #5489, #4677, #2026, .T. ) ;
#1165 = DIRECTION ( 'NONE',  ( 0.000000000000000000, 1.000000000000000000, 0.000000000000000000 ) ) ;
#1166 = CARTESIAN_POINT ( 'NONE',  ( 7.960204194457797252E-15, 50.00000000000000000, 65.00000000000000000 ) ) ;
#1167 = ORIENTED_EDGE ( 'NONE', *, *, #380, .F. ) ;
#1168 = ORIENTED_EDGE ( 'NONE', *, *, #3083, .T. ) ;
#1169 = CARTESIAN_POINT ( 'NONE',  ( -20.18428497440906710, 122.5000000000000000, -69.63364589099039392 ) ) ;
#1170 = DIRECTION ( 'NONE',  ( 0.000000000000000000, 1.000000000000000000, 0.000000000000000000 ) ) ;
#1171 = CARTESIAN_POINT ( 'NONE',  ( 330.0000000000000000, 22.00000000000000000, 75.00000000000000000 ) ) ;
#1172 = EDGE_CURVE ( 'NONE', #7800, #10457, #11523, .T. ) ;
#1173 = FACE_OUTER_BOUND ( 'NONE', #422, .T. ) ;
#1174 = DIRECTION ( 'NONE',  ( 0.000000000000000000, 1.000000000000000000, 0.000000000000000000 ) ) ;
#1175 = CARTESIAN_POINT ( 'NONE',  ( -120.0000000000000000, 120.0000000000000000, -90.00000000000000000 ) ) ;
#1176 = CALENDAR_DATE ( 2026, 29, 7 ) ;
#1177 = CALENDAR_DATE ( 2026, 29, 7 ) ;
#1178 = CARTESIAN_POINT ( 'NONE',  ( 133.9625322141365871, 0.000000000000000000, 64.48909769293800309 ) ) ;
#1179 = EDGE_LOOP ( 'NONE', ( #6961, #1003, #6391, #11820 ) ) ;
#1180 = PLANE ( 'NONE',  #8404 ) ;
#1181 = ADVANCED_FACE ( 'NONE', ( #9027 ), #7985, .F. ) ;
#1182 = ORIENTED_EDGE ( 'NONE', *, *, #3152, .F. ) ;
#1183 = CARTESIAN_POINT ( 'NONE',  ( 0.000000000000000000, 145.0000000000000000, 0.000000000000000000 ) ) ;
#1184 = VECTOR ( 'NONE', #8209, 1000.000000000000000 ) ;
#1185 = EDGE_CURVE ( 'NONE', #8171, #6878, #11645, .T. ) ;
#1186 = DIRECTION ( 'NONE',  ( 0.000000000000000000, -0.000000000000000000, 1.000000000000000000 ) ) ;
#1187 = DIRECTION ( 'NONE',  ( 0.000000000000000000, 0.000000000000000000, -1.000000000000000000 ) ) ;
#1188 = DIRECTION ( 'NONE',  ( -0.000000000000000000, 1.000000000000000000, -0.000000000000000000 ) ) ;
#1189 = APPROVAL_ROLE ( '' ) ;
#1190 = CALENDAR_DATE ( 2026, 29, 7 ) ;
#1191 = APPROVAL ( #11906, 'UNKNOWN' ) ;
#1192 = PERSON_AND_ORGANIZATION ( #5379, #9846 ) ;
#1193 = DIRECTION ( 'NONE',  ( 1.000000000000000000, 0.000000000000000000, 0.000000000000000000 ) ) ;
#1194 = AXIS2_PLACEMENT_3D ( 'NONE', #4132, #4261, #4984 ) ;
#1195 = ORIENTED_EDGE ( 'NONE', *, *, #7736, .F. ) ;
#1196 = EDGE_CURVE ( 'NONE', #1381, #1245, #3960, .T. ) ;
#1197 = ORIENTED_EDGE ( 'NONE', *, *, #9538, .T. ) ;
#1198 = FACE_OUTER_BOUND ( 'NONE', #11407, .T. ) ;
#1199 = CIRCLE ( 'NONE', #9532, 4.500000000000003553 ) ;
#1200 = ORIENTED_EDGE ( 'NONE', *, *, #11717, .F. ) ;
#1201 = CARTESIAN_POINT ( 'NONE',  ( -272.5000000000000000, 22.00000000000000000, 68.99999999999998579 ) ) ;
#1202 = CARTESIAN_POINT ( 'NONE',  ( 0.000000000000000000, 0.000000000000000000, -38.00000000000000000 ) ) ;
#1203 = CIRCLE ( 'NONE', #5282, 68.99999999999998579 ) ;
#1204 = EDGE_CURVE ( 'NONE', #11245, #6307, #7078, .T. ) ;
#1205 = DIRECTION ( 'NONE',  ( 0.000000000000000000, 0.000000000000000000, 1.000000000000000000 ) ) ;
#1206 = VECTOR ( 'NONE', #10016, 1000.000000000000000 ) ;
#1207 = ORIENTED_EDGE ( 'NONE', *, *, #3452, .T. ) ;
#1208 = CIRCLE ( 'NONE', #4123, 72.50000000000000000 ) ;
#1209 = EDGE_CURVE ( 'NONE', #396, #2537, #3756, .T. ) ;
#1210 = ORIENTED_EDGE ( 'NONE', *, *, #5919, .T. ) ;
#1211 = ORIENTED_EDGE ( 'NONE', *, *, #7337, .T. ) ;
#1212 = ORIENTED_EDGE ( 'NONE', *, *, #5374, .T. ) ;
#1213 = DIRECTION ( 'NONE',  ( 0.000000000000000000, 1.000000000000000000, 0.000000000000000000 ) ) ;
#1215 = VECTOR ( 'NONE', #3236, 1000.000000000000000 ) ;
#1214 = CALENDAR_DATE ( 2026, 29, 7 ) ;
#1216 = DIRECTION ( 'NONE',  ( -0.000000000000000000, -1.000000000000000000, -0.000000000000000000 ) ) ;
#1217 = DIRECTION ( 'NONE',  ( 0.000000000000000000, 0.000000000000000000, 1.000000000000000000 ) ) ;
#1218 = UNCERTAINTY_MEASURE_WITH_UNIT (LENGTH_MEASURE( 1.000000000000000082E-05 ), #9464, 'distance_accuracy_value', 'NONE');
#1219 = AXIS2_PLACEMENT_3D ( 'NONE', #3098, #2872, #9537 ) ;
#1220 = CARTESIAN_POINT ( 'NONE',  ( 32.52809175103263328, 0.000000000000000000, 78.52976026345938010 ) ) ;
#1221 = LINE ( 'NONE', #4923, #11487 ) ;
#1222 = APPROVAL_STATUS ( 'not_yet_approved' ) ;
#1223 = ORIENTED_EDGE ( 'NONE', *, *, #5967, .F. ) ;
#1224 = ORIENTED_EDGE ( 'NONE', *, *, #5220, .F. ) ;
#1225 = VECTOR ( 'NONE', #6378, 1000.000000000000000 ) ;
#1226 = AXIS2_PLACEMENT_3D ( 'NONE', #7839, #11562, #8572 ) ;
#1227 = CARTESIAN_POINT ( 'NONE',  ( 32.52809175103263328, 260.0000000000000000, -78.52976026345936589 ) ) ;
#1228 = DIRECTION ( 'NONE',  ( -0.000000000000000000, -1.000000000000000000, -0.000000000000000000 ) ) ;
#1229 = DIRECTION ( 'NONE',  ( 0.000000000000000000, 1.000000000000000000, 0.000000000000000000 ) ) ;
#1230 =( GEOMETRIC_REPRESENTATION_CONTEXT ( 3 ) GLOBAL_UNCERTAINTY_ASSIGNED_CONTEXT ( ( #983 ) ) GLOBAL_UNIT_ASSIGNED_CONTEXT ( ( #186, #3932, #10365 ) ) REPRESENTATION_CONTEXT ( 'NONE', 'WORKASPACE' ) );
#1231 = CARTESIAN_POINT ( 'NONE',  ( -75.75812166592551478, 30.00000000000000000, -31.38004145393736266 ) ) ;
#1233 = DIRECTION ( 'NONE',  ( -0.000000000000000000, -1.000000000000000000, -0.000000000000000000 ) ) ;
#1232 = APPLICATION_CONTEXT ( 'configuration controlled 3d designs of mechanical parts and assemblies' ) ;
#1234 = DIRECTION ( 'NONE',  ( 0.000000000000000000, 0.000000000000000000, 1.000000000000000000 ) ) ;
#1235 = AXIS2_PLACEMENT_3D ( 'NONE', #1069, #4771, #3114 ) ;
#1236 = APPROVAL_ROLE ( '' ) ;
#1237 = APPROVAL_ROLE ( '' ) ;
#1238 = DIRECTION ( 'NONE',  ( 0.000000000000000000, 0.000000000000000000, 1.000000000000000000 ) ) ;
#1239 = VERTEX_POINT ( 'NONE', #10843 ) ;
#1240 =( GEOMETRIC_REPRESENTATION_CONTEXT ( 3 ) GLOBAL_UNCERTAINTY_ASSIGNED_CONTEXT ( ( #11415 ) ) GLOBAL_UNIT_ASSIGNED_CONTEXT ( ( #222, #5686, #4781 ) ) REPRESENTATION_CONTEXT ( 'NONE', 'WORKASPACE' ) );
#1241 = EDGE_CURVE ( 'NONE', #4460, #7313, #10785, .T. ) ;
#1242 = ORIENTED_EDGE ( 'NONE', *, *, #3307, .F. ) ;
#1243 = VECTOR ( 'NONE', #7169, 1000.000000000000000 ) ;
#1244 = CYLINDRICAL_SURFACE ( 'NONE', #4155, 4.500000000000007105 ) ;
#1245 = VERTEX_POINT ( 'NONE', #8110 ) ;
#1246 = DIRECTION ( 'NONE',  ( 0.000000000000000000, 0.000000000000000000, -1.000000000000000000 ) ) ;
#1247 = ADVANCED_FACE ( 'NONE', ( #9940 ), #655, .F. ) ;
#1248 = FACE_OUTER_BOUND ( 'NONE', #5632, .T. ) ;
#1249 = CARTESIAN_POINT ( 'NONE',  ( -115.0000000000000000, 0.000000000000000000, 28.00000000000000000 ) ) ;
#1250 = DIRECTION ( 'NONE',  ( -0.000000000000000000, -1.000000000000000000, -0.000000000000000000 ) ) ;
#1251 = LOCAL_TIME ( 1, 43, 37.00000000000000000, #10104 ) ;
#1252 = AXIS2_PLACEMENT_3D ( 'NONE', #465, #1188, #11443 ) ;
#1253 = PERSON_AND_ORGANIZATION ( #10860, #8800 ) ;
#1254 = DATE_AND_TIME ( #9687, #325 ) ;
#1255 = CONTEXT_DEPENDENT_SHAPE_REPRESENTATION ( #2482, #5058 ) ;
#1256 = EDGE_CURVE ( 'NONE', #440, #652, #1516, .T. ) ;
#1257 = DIRECTION ( 'NONE',  ( 0.000000000000000000, 0.000000000000000000, 1.000000000000000000 ) ) ;
#1258 = VERTEX_POINT ( 'NONE', #6233 ) ;
#1259 = ORIENTED_EDGE ( 'NONE', *, *, #1164, .F. ) ;
#1260 = CARTESIAN_POINT ( 'NONE',  ( 78.52976026345936589, 260.0000000000000000, -32.52809175103263328 ) ) ;
#1261 = ADVANCED_FACE ( 'NONE', ( #10067 ), #542, .F. ) ;
#1262 = EDGE_LOOP ( 'NONE', ( #11094, #10096 ) ) ;
#1263 = DIRECTION ( 'NONE',  ( 0.000000000000000000, 0.000000000000000000, 1.000000000000000000 ) ) ;
#1264 = CARTESIAN_POINT ( 'NONE',  ( 0.000000000000000000, 30.00000000000000000, 0.000000000000000000 ) ) ;
#1265 = DIRECTION ( 'NONE',  ( 0.000000000000000000, 0.000000000000000000, -1.000000000000000000 ) ) ;
#1266 = CALENDAR_DATE ( 2026, 29, 7 ) ;
#1267 = DIRECTION ( 'NONE',  ( 0.000000000000000000, -0.000000000000000000, 1.000000000000000000 ) ) ;
#1268 = ORIENTED_EDGE ( 'NONE', *, *, #8724, .T. ) ;
#1269 = CC_DESIGN_DATE_AND_TIME_ASSIGNMENT ( #1453, #5033, ( #10385 ) ) ;
#1270 = ADVANCED_FACE ( 'NONE', ( #4363 ), #10002, .F. ) ;
#1271 = VERTEX_POINT ( 'NONE', #5401 ) ;
#1272 = CC_DESIGN_APPROVAL ( #3195, ( #11345 ) ) ;
#1273 = ORIENTED_EDGE ( 'NONE', *, *, #435, .T. ) ;
#1274 = ORIENTED_EDGE ( 'NONE', *, *, #7119, .T. ) ;
#1275 = DIRECTION ( 'NONE',  ( 1.000000000000000000, 0.000000000000000000, 0.000000000000000000 ) ) ;
#1276 = CARTESIAN_POINT ( 'NONE',  ( 32.52809175103263328, 260.0000000000000000, -87.52976026345938010 ) ) ;
#1277 = CIRCLE ( 'NONE', #2437, 87.50000000000000000 ) ;
#1278 = LINE ( 'NONE', #5711, #4576 ) ;
#1279 = DIRECTION ( 'NONE',  ( 0.000000000000000000, 0.000000000000000000, -1.000000000000000000 ) ) ;
#1280 = ADVANCED_FACE ( 'NONE', ( #7928 ), #3319, .T. ) ;
#1281 = DIRECTION ( 'NONE',  ( -0.000000000000000000, -0.000000000000000000, 1.000000000000000000 ) ) ;
#1282 = APPROVAL_PERSON_ORGANIZATION ( #1632, #7188, #7145 ) ;
#1283 = CARTESIAN_POINT ( 'NONE',  ( -117.5000000000000000, 20.00000000000000000, -24.00000000000000000 ) ) ;
#1284 = COORDINATED_UNIVERSAL_TIME_OFFSET ( 8, 0, .AHEAD. ) ;
#1285 = VERTEX_POINT ( 'NONE', #8909 ) ;
#1286 = CIRCLE ( 'NONE', #4584, 115.0000000000000000 ) ;
#1287 = EDGE_LOOP ( 'NONE', ( #8926, #2113, #6128, #2536 ) ) ;
#1288 = LINE ( 'NONE', #3287, #10493 ) ;
#1289 = EDGE_CURVE ( 'NONE', #1258, #6259, #2413, .T. ) ;
#1290 = APPROVAL_PERSON_ORGANIZATION ( #10295, #1191, #9452 ) ;
#1291 = CARTESIAN_POINT ( 'NONE',  ( 41.41064430052887957, 142.5000000000000000, 77.08053281221577890 ) ) ;
#1292 = LOCAL_TIME ( 1, 43, 37.00000000000000000, #160 ) ;
#1293 = PRODUCT ( 'MKH-015_cable_bracket', 'MKH-015_cable_bracket', '', ( #4808 ) ) ;
#1294 = DIRECTION ( 'NONE',  ( 0.000000000000000000, 0.000000000000000000, -1.000000000000000000 ) ) ;
#1295 = CARTESIAN_POINT ( 'NONE',  ( -180.0000000000000000, 28.00000000000000000, -155.0000000000000000 ) ) ;
#1296 = PLANE ( 'NONE',  #10753 ) ;
#1297 = ADVANCED_FACE ( 'NONE', ( #8166 ), #6471, .F. ) ;
#1298 = CARTESIAN_POINT ( 'NONE',  ( 165.0000000000000000, 22.00000000000000000, 29.00000000000000000 ) ) ;
#1299 = AXIS2_PLACEMENT_3D ( 'NONE', #8163, #780, #11883 ) ;
#1300 = CARTESIAN_POINT ( 'NONE',  ( 0.000000000000000000, 42.00000000000000000, 0.000000000000000000 ) ) ;
#1301 = SHAPE_DEFINITION_REPRESENTATION ( #8647, #5230 ) ;
#1302 = DATE_AND_TIME ( #4157, #8466 ) ;
#1303 = DIRECTION ( 'NONE',  ( 0.000000000000000000, 0.000000000000000000, 1.000000000000000000 ) ) ;
#1304 = ORIENTED_EDGE ( 'NONE', *, *, #1716, .T. ) ;
#1305 = CC_DESIGN_SECURITY_CLASSIFICATION ( #10593, ( #5187 ) ) ;
#1306 = ORIENTED_EDGE ( 'NONE', *, *, #8103, .F. ) ;
#1307 = CLOSED_SHELL ( 'NONE', ( #11075, #7613, #6475, #5595, #6311, #823, #8147, #2097, #9704, #9864, #4991, #843, #6012, #6509, #29, #7361, #7947, #4840, #7576, #1987, #4987 ) ) ;
#1308 = VECTOR ( 'NONE', #6884, 1000.000000000000000 ) ;
#1309 = CARTESIAN_POINT ( 'NONE',  ( -31.38004145393735911, 30.00000000000000000, 75.75812166592551478 ) ) ;
#1310 = PERSON ( 'NAUO-PER22', 'UNSPECIFIED', 'UNSPECIFIED', ('UNSPECIFIED'), ('UNSPECIFIED'), ('UNSPECIFIED') ) ;
#1311 = VERTEX_POINT ( 'NONE', #2945 ) ;
#1312 = CARTESIAN_POINT ( 'NONE',  ( -55.48909769293801020, 30.00000000000000000, -124.9625322141365871 ) ) ;
#1313 = CC_DESIGN_SECURITY_CLASSIFICATION ( #4994, ( #11999 ) ) ;
#1314 = FACE_OUTER_BOUND ( 'NONE', #3577, .T. ) ;
#1315 = FACE_OUTER_BOUND ( 'NONE', #7645, .T. ) ;
#1316 = DIRECTION ( 'NONE',  ( 0.000000000000000000, 0.000000000000000000, 1.000000000000000000 ) ) ;
#1317 = EDGE_CURVE ( 'NONE', #11740, #650, #8410, .T. ) ;
#1318 = CALENDAR_DATE ( 2026, 29, 7 ) ;
#1319 = VECTOR ( 'NONE', #4655, 1000.000000000000000 ) ;
#1320 = COORDINATED_UNIVERSAL_TIME_OFFSET ( 8, 0, .AHEAD. ) ;
#1321 = SECURITY_CLASSIFICATION_LEVEL ( 'unclassified' ) ;
#1322 = EDGE_LOOP ( 'NONE', ( #9980, #6983, #10269 ) ) ;
#1323 = DIRECTION ( 'NONE',  ( -0.000000000000000000, -1.000000000000000000, -0.000000000000000000 ) ) ;
#1324 = ORIENTED_EDGE ( 'NONE', *, *, #11282, .T. ) ;
#1325 = AXIS2_PLACEMENT_3D ( 'NONE', #7238, #7412, #7471 ) ;
#1326 = EDGE_LOOP ( 'NONE', ( #4549, #563 ) ) ;
#1327 = CARTESIAN_POINT ( 'NONE',  ( -135.0000000000000000, 28.00000000000000000, -105.0000000000000000 ) ) ;
#1328 = EDGE_LOOP ( 'NONE', ( #7678, #3617, #836, #10281 ) ) ;
#1329 = DIRECTION ( 'NONE',  ( -0.000000000000000000, 1.000000000000000000, -0.000000000000000000 ) ) ;
#1330 = CARTESIAN_POINT ( 'NONE',  ( 0.000000000000000000, 285.0000000000000000, 0.000000000000000000 ) ) ;
#1331 = LINE ( 'NONE', #2865, #4252 ) ;
#1332 = EDGE_CURVE ( 'NONE', #1573, #4663, #7823, .T. ) ;
#1333 = DIRECTION ( 'NONE',  ( 1.000000000000000000, 0.000000000000000000, 0.000000000000000000 ) ) ;
#1334 = COORDINATED_UNIVERSAL_TIME_OFFSET ( 8, 0, .AHEAD. ) ;
#1335 = DIRECTION ( 'NONE',  ( -0.000000000000000000, -1.000000000000000000, -0.000000000000000000 ) ) ;
#1336 = VECTOR ( 'NONE', #5178, 1000.000000000000000 ) ;
#1337 = VERTEX_POINT ( 'NONE', #11263 ) ;
#1338 = VERTEX_POINT ( 'NONE', #9147 ) ;
#1339 = EDGE_LOOP ( 'NONE', ( #5413, #290 ) ) ;
#1340 = LINE ( 'NONE', #6916, #10120 ) ;
#1341 = DIRECTION ( 'NONE',  ( -0.000000000000000000, -1.000000000000000000, -0.000000000000000000 ) ) ;
#1342 = PRODUCT_RELATED_PRODUCT_CATEGORY ( 'detail', '', ( #7003 ) ) ;
#1343 = CARTESIAN_POINT ( 'NONE',  ( 120.0000000000000000, 120.0000000000000000, 90.00000000000000000 ) ) ;
#1344 = ADVANCED_FACE ( 'NONE', ( #6411 ), #6531, .F. ) ;
#1345 = DIRECTION ( 'NONE',  ( 0.000000000000000000, 0.000000000000000000, -1.000000000000000000 ) ) ;
#1346 = VECTOR ( 'NONE', #4749, 1000.000000000000000 ) ;
#1347 = UNCERTAINTY_MEASURE_WITH_UNIT (LENGTH_MEASURE( 1.000000000000000082E-05 ), #7511, 'distance_accuracy_value', 'NONE');
#1348 = SHAPE_REPRESENTATION_RELATIONSHIP ( 'NONE' , 'NONE' ,  #10182, #3346 ) ;
#1349 = LINE ( 'NONE', #4315, #1605 ) ;
#1350 = APPROVAL_STATUS ( 'not_yet_approved' ) ;
#1351 = ORIENTED_EDGE ( 'NONE', *, *, #3555, .F. ) ;
#1352 = ORIENTED_EDGE ( 'NONE', *, *, #6576, .T. ) ;
#1353 = DIRECTION ( 'NONE',  ( 0.000000000000000000, -0.000000000000000000, -1.000000000000000000 ) ) ;
#1354 = ORIENTED_EDGE ( 'NONE', *, *, #5255, .F. ) ;
#1355 = CARTESIAN_POINT ( 'NONE',  ( 330.0000000000000000, 22.00000000000000000, 75.00000000000000000 ) ) ;
#1356 = DIRECTION ( 'NONE',  ( 0.000000000000000000, 0.000000000000000000, -1.000000000000000000 ) ) ;
#1357 = EDGE_CURVE ( 'NONE', #2902, #10235, #113, .T. ) ;
#1358 = DIRECTION ( 'NONE',  ( -0.000000000000000000, -1.000000000000000000, -0.000000000000000000 ) ) ;
#1359 = DIRECTION ( 'NONE',  ( 0.000000000000000000, -0.000000000000000000, 1.000000000000000000 ) ) ;
#1360 = DIRECTION ( 'NONE',  ( 0.000000000000000000, 1.000000000000000000, 0.000000000000000000 ) ) ;
#1361 = CARTESIAN_POINT ( 'NONE',  ( -75.75812166592551478, 0.000000000000000000, 24.38004145393735200 ) ) ;
#1362 = EDGE_CURVE ( 'NONE', #9168, #3112, #5703, .T. ) ;
#1363 = PERSON_AND_ORGANIZATION ( #10860, #8800 ) ;
#1364 = EDGE_CURVE ( 'NONE', #7695, #9088, #4359, .T. ) ;
#1365 = COORDINATED_UNIVERSAL_TIME_OFFSET ( 8, 0, .AHEAD. ) ;
#1366 = CARTESIAN_POINT ( 'NONE',  ( -70.00000000000000000, 95.00000000000000000, 45.00000000000000000 ) ) ;
#1367 = ORIENTED_EDGE ( 'NONE', *, *, #10332, .F. ) ;
#1368 = ORIENTED_EDGE ( 'NONE', *, *, #6805, .T. ) ;
#1369 = EDGE_CURVE ( 'NONE', #2290, #1728, #3570, .T. ) ;
#1370 = CARTESIAN_POINT ( 'NONE',  ( 180.0000000000000000, 34.00000000000000000, -12.00000000000000000 ) ) ;
#1371 = DIRECTION ( 'NONE',  ( 0.000000000000000000, 1.000000000000000000, 0.000000000000000000 ) ) ;
#1372 = CARTESIAN_POINT ( 'NONE',  ( 105.0000000000000000, 20.00000000000000000, 8.000000000000000000 ) ) ;
#1373 = CARTESIAN_POINT ( 'NONE',  ( 330.0000000000000000, 0.000000000000000000, 75.00000000000000000 ) ) ;
#1374 = CARTESIAN_POINT ( 'NONE',  ( -78.52976026345936589, 260.0000000000000000, -41.52809175103262618 ) ) ;
#1375 = DATE_AND_TIME ( #2157, #5321 ) ;
#1376 = APPROVAL_DATE_TIME ( #1254, #3637 ) ;
#1377 = DATE_AND_TIME ( #587, #8064 ) ;
#1378 = ORIENTED_EDGE ( 'NONE', *, *, #6995, .T. ) ;
#1379 = CIRCLE ( 'NONE', #11450, 7.000000000000020428 ) ;
#1380 = CARTESIAN_POINT ( 'NONE',  ( -32.52809175103262618, 0.000000000000000000, 78.52976026345938010 ) ) ;
#1381 = VERTEX_POINT ( 'NONE', #2836 ) ;
#1382 = VERTEX_POINT ( 'NONE', #3800 ) ;
#1383 = DIRECTION ( 'NONE',  ( 0.000000000000000000, 0.000000000000000000, -1.000000000000000000 ) ) ;
#1384 = EDGE_LOOP ( 'NONE', ( #62, #9470, #5578, #3042 ) ) ;
#1385 = FACE_OUTER_BOUND ( 'NONE', #11805, .T. ) ;
#1386 = DIRECTION ( 'NONE',  ( 0.000000000000000000, 0.000000000000000000, 1.000000000000000000 ) ) ;
#1387 = DIRECTION ( 'NONE',  ( 0.000000000000000000, 1.000000000000000000, 0.000000000000000000 ) ) ;
#1388 = CARTESIAN_POINT ( 'NONE',  ( 252.6576003694495682, 622.0802967058359627, 50.00000000000000000 ) ) ;
#1389 = APPROVAL_ROLE ( '' ) ;
#1390 = VECTOR ( 'NONE', #11173, 1000.000000000000000 ) ;
#1391 = PLANE ( 'NONE',  #7023 ) ;
#1392 = EDGE_LOOP ( 'NONE', ( #3671, #9845 ) ) ;
#1393 = EDGE_CURVE ( 'NONE', #11224, #9770, #8218, .T. ) ;
#1394 = VERTEX_POINT ( 'NONE', #7552 ) ;
#1395 = ORIENTED_EDGE ( 'NONE', *, *, #8329, .F. ) ;
#1396 = CIRCLE ( 'NONE', #9534, 72.50000000000000000 ) ;
#1397 = CARTESIAN_POINT ( 'NONE',  ( 135.0000000000000000, 28.00000000000000000, 105.0000000000000000 ) ) ;
#1398 = CARTESIAN_POINT ( 'NONE',  ( -117.5000000000000000, 20.00000000000000000, 24.00000000000000000 ) ) ;
#1399 = LINE ( 'NONE', #7090, #5847 ) ;
#1400 = VECTOR ( 'NONE', #11720, 1000.000000000000000 ) ;
#1401 = CARTESIAN_POINT ( 'NONE',  ( 0.000000000000000000, 0.000000000000000000, 0.000000000000000000 ) ) ;
#1402 = DIRECTION ( 'NONE',  ( 0.000000000000000000, -0.000000000000000000, 1.000000000000000000 ) ) ;
#1403 = AXIS2_PLACEMENT_3D ( 'NONE', #5605, #1727, #9301 ) ;
#1404 = SECURITY_CLASSIFICATION_LEVEL ( 'unclassified' ) ;
#1405 = EDGE_LOOP ( 'NONE', ( #2553, #10659, #9203, #1925 ) ) ;
#1406 = CC_DESIGN_PERSON_AND_ORGANIZATION_ASSIGNMENT ( #1556, #9192, ( #9981 ) ) ;
#1407 = VECTOR ( 'NONE', #2667, 1000.000000000000000 ) ;
#1408 = ADVANCED_FACE ( 'NONE', ( #3680 ), #5627, .F. ) ;
#1409 = VERTEX_POINT ( 'NONE', #7320 ) ;
#1410 = DIRECTION ( 'NONE',  ( -0.000000000000000000, -1.000000000000000000, -0.000000000000000000 ) ) ;
#1411 = ORIENTED_EDGE ( 'NONE', *, *, #11255, .F. ) ;
#1412 = DIRECTION ( 'NONE',  ( 1.000000000000000000, 0.000000000000000000, 0.000000000000000000 ) ) ;
#1413 = AXIS2_PLACEMENT_3D ( 'NONE', #7587, #7468, #11189 ) ;
#1414 = VECTOR ( 'NONE', #11042, 1000.000000000000000 ) ;
#1415 = DIRECTION ( 'NONE',  ( 0.000000000000000000, 0.000000000000000000, 1.000000000000000000 ) ) ;
#1416 = CARTESIAN_POINT ( 'NONE',  ( -78.00000000000000000, 0.000000000000000000, -7.499999999999999112 ) ) ;
#1417 = DIRECTION ( 'NONE',  ( 0.000000000000000000, 0.000000000000000000, 1.000000000000000000 ) ) ;
#1418 = CARTESIAN_POINT ( 'NONE',  ( 70.00000000000000000, 95.00000000000000000, -39.49999999999999289 ) ) ;
#1419 = DIRECTION ( 'NONE',  ( -0.000000000000000000, -1.000000000000000000, -0.000000000000000000 ) ) ;
#1420 = PERSON_AND_ORGANIZATION ( #10860, #8800 ) ;
#1421 = DATE_AND_TIME ( #334, #10020 ) ;
#1422 = CARTESIAN_POINT ( 'NONE',  ( -42.00000000000000000, 0.000000000000000000, 7.500000000000000000 ) ) ;
#1423 = VERTEX_POINT ( 'NONE', #7494 ) ;
#1424 = AXIS2_PLACEMENT_3D ( 'NONE', #8051, #3454, #10846 ) ;
#1425 = APPROVAL ( #7497, 'æœª' ) ;
#1426 = EDGE_CURVE ( 'NONE', #3299, #2496, #11328, .T. ) ;
#1427 = ORIENTED_EDGE ( 'NONE', *, *, #10456, .T. ) ;
#1428 = CYLINDRICAL_SURFACE ( 'NONE', #1442, 5.500000000000005329 ) ;
#1429 = CARTESIAN_POINT ( 'NONE',  ( 1.592040838891559135E-14, 360.0000000000000000, 130.0000000000000000 ) ) ;
#1430 = CIRCLE ( 'NONE', #6463, 43.99999999999997158 ) ;
#1431 = CARTESIAN_POINT ( 'NONE',  ( -95.00000000000000000, 0.000000000000000000, 65.00000000000000000 ) ) ;
#1432 = DIRECTION ( 'NONE',  ( -0.000000000000000000, -1.000000000000000000, -0.000000000000000000 ) ) ;
#1433 = SHAPE_REPRESENTATION ( 'MKH-007_j3_output_shaft', ( #10725 ), #2200 ) ;
#1434 = CARTESIAN_POINT ( 'NONE',  ( 0.000000000000000000, 0.000000000000000000, 0.000000000000000000 ) ) ;
#1435 = APPROVAL_DATE_TIME ( #9627, #2078 ) ;
#1436 = ADVANCED_FACE ( 'NONE', ( #6585 ), #8469, .F. ) ;
#1437 = APPROVAL_ROLE ( '' ) ;
#1438 =( GEOMETRIC_REPRESENTATION_CONTEXT ( 3 ) GLOBAL_UNCERTAINTY_ASSIGNED_CONTEXT ( ( #493 ) ) GLOBAL_UNIT_ASSIGNED_CONTEXT ( ( #7156, #10979, #2670 ) ) REPRESENTATION_CONTEXT ( 'NONE', 'WORKASPACE' ) );
#1439 = APPROVAL_ROLE ( '' ) ;
#1440 = AXIS2_PLACEMENT_3D ( 'NONE', #1901, #9299, #4865 ) ;
#1441 = VERTEX_POINT ( 'NONE', #1749 ) ;
#1442 = AXIS2_PLACEMENT_3D ( 'NONE', #5066, #697, #8091 ) ;
#1443 = CARTESIAN_POINT ( 'NONE',  ( 1.408343819019456097E-14, 30.00000000000000000, 115.0000000000000000 ) ) ;
#1444 = ORIENTED_EDGE ( 'NONE', *, *, #2004, .F. ) ;
#1445 = EDGE_CURVE ( 'NONE', #1622, #4929, #1832, .T. ) ;
#1446 = ORIENTED_EDGE ( 'NONE', *, *, #1067, .T. ) ;
#1447 = LOCAL_TIME ( 1, 43, 37.00000000000000000, #8587 ) ;
#1448 = ORIENTED_EDGE ( 'NONE', *, *, #6546, .T. ) ;
#1449 = DIRECTION ( 'NONE',  ( -0.000000000000000000, -1.000000000000000000, -0.000000000000000000 ) ) ;
#1450 = LINE ( 'NONE', #3201, #3910 ) ;
#1451 = DIRECTION ( 'NONE',  ( 0.000000000000000000, 1.000000000000000000, 0.000000000000000000 ) ) ;
#1452 =( NAMED_UNIT ( * ) SI_UNIT ( $, .STERADIAN. ) SOLID_ANGLE_UNIT ( ) );
#1453 = DATE_AND_TIME ( #10727, #9423 ) ;
#1454 = DIRECTION ( 'NONE',  ( 0.000000000000000000, 1.000000000000000000, 0.000000000000000000 ) ) ;
#1455 = VECTOR ( 'NONE', #1785, 1000.000000000000000 ) ;
#1456 = ORIENTED_EDGE ( 'NONE', *, *, #9290, .T. ) ;
#1457 = ORIENTED_EDGE ( 'NONE', *, *, #10045, .T. ) ;
#1458 = ORIENTED_EDGE ( 'NONE', *, *, #4037, .T. ) ;
#1459 = LINE ( 'NONE', #4309, #3324 ) ;
#1460 = PERSON ( 'NAUO-PER19', 'UNSPECIFIED', 'UNSPECIFIED', ('UNSPECIFIED'), ('UNSPECIFIED'), ('UNSPECIFIED') ) ;
#1461 = ORIENTED_EDGE ( 'NONE', *, *, #7873, .T. ) ;
#1462 = DIRECTION ( 'NONE',  ( -0.000000000000000000, -1.000000000000000000, -0.000000000000000000 ) ) ;
#1463 = FACE_OUTER_BOUND ( 'NONE', #10563, .T. ) ;
#1464 = DIRECTION ( 'NONE',  ( 0.000000000000000000, -1.000000000000000000, 0.000000000000000000 ) ) ;
#1465 = EDGE_CURVE ( 'NONE', #3908, #3694, #1866, .T. ) ;
#1466 = ITEM_DEFINED_TRANSFORMATION ( 'NONE', 'NONE', #6274,  #10725 ) ;
#1467 = APPLICATION_CONTEXT ( 'configuration controlled 3d designs of mechanical parts and assemblies' ) ;
#1468 = ORIENTED_EDGE ( 'NONE', *, *, #8063, .F. ) ;
#1469 = EDGE_LOOP ( 'NONE', ( #6462, #8423, #4615, #5433 ) ) ;
#1470 = DIRECTION ( 'NONE',  ( 1.000000000000000000, 0.000000000000000000, 0.000000000000000000 ) ) ;
#1471 = VECTOR ( 'NONE', #8317, 1000.000000000000000 ) ;
#1472 = VERTEX_POINT ( 'NONE', #10116 ) ;
#1473 = CARTESIAN_POINT ( 'NONE',  ( -78.52976026345936589, 260.0000000000000000, -32.52809175103263328 ) ) ;
#1474 = CARTESIAN_POINT ( 'NONE',  ( 0.000000000000000000, 0.000000000000000000, 0.000000000000000000 ) ) ;
#1475 = CARTESIAN_POINT ( 'NONE',  ( -77.08053281221580733, 142.5000000000000000, -41.41064430052886536 ) ) ;
#1476 = LOCAL_TIME ( 1, 43, 37.00000000000000000, #7837 ) ;
#1477 = FACE_OUTER_BOUND ( 'NONE', #6603, .T. ) ;
#1478 = PLANE ( 'NONE',  #6636 ) ;
#1479 = PRODUCT_DEFINITION_SHAPE ( 'NONE', 'NONE',  #12014 ) ;
#1480 = CYLINDRICAL_SURFACE ( 'NONE', #9575, 9.000000000000007105 ) ;
#1481 = ADVANCED_FACE ( 'NONE', ( #11087 ), #1805, .T. ) ;
#1482 = VECTOR ( 'NONE', #5239, 1000.000000000000000 ) ;
#1483 = DATE_AND_TIME ( #1662, #8652 ) ;
#1484 = FACE_OUTER_BOUND ( 'NONE', #1051, .T. ) ;
#1485 = VERTEX_POINT ( 'NONE', #4170 ) ;
#1486 = CC_DESIGN_SECURITY_CLASSIFICATION ( #11953, ( #12014 ) ) ;
#1487 = CC_DESIGN_SECURITY_CLASSIFICATION ( #8053, ( #5165 ) ) ;
#1488 = EDGE_CURVE ( 'NONE', #11123, #1271, #8586, .T. ) ;
#1489 = ORIENTED_EDGE ( 'NONE', *, *, #3274, .T. ) ;
#1490 = DIRECTION ( 'NONE',  ( -0.000000000000000000, -1.000000000000000000, -0.000000000000000000 ) ) ;
#1491 = AXIS2_PLACEMENT_3D ( 'NONE', #2665, #1818, #11961 ) ;
#1492 = PLANE ( 'NONE',  #351 ) ;
#1493 = LINE ( 'NONE', #1372, #10037 ) ;
#1494 = CC_DESIGN_PERSON_AND_ORGANIZATION_ASSIGNMENT ( #2339, #11513, ( #7931 ) ) ;
#1495 = FACE_OUTER_BOUND ( 'NONE', #10896, .T. ) ;
#1496 = CC_DESIGN_SECURITY_CLASSIFICATION ( #11964, ( #12016 ) ) ;
#1497 = PRODUCT_DEFINITION ( 'æœ', '', #4924, #11542 ) ;
#1498 = LOCAL_TIME ( 1, 43, 37.00000000000000000, #3190 ) ;
#1499 = CARTESIAN_POINT ( 'NONE',  ( 34.96597842945568857, 220.0000000000000000, 63.51086798706846537 ) ) ;
#1500 = PRODUCT_DEFINITION_SHAPE ( 'NONE', 'NONE',  #10827 ) ;
#1501 = PERSON_AND_ORGANIZATION ( #10860, #8800 ) ;
#1502 = APPROVAL_DATE_TIME ( #7792, #3487 ) ;
#1503 = ITEM_DEFINED_TRANSFORMATION ( 'NONE', 'NONE', #84,  #10725 ) ;
#1504 = ORIENTED_EDGE ( 'NONE', *, *, #11583, .T. ) ;
#1505 = AXIS2_PLACEMENT_3D ( 'NONE', #9639, #3200, #6901 ) ;
#1506 = CC_DESIGN_DATE_AND_TIME_ASSIGNMENT ( #5830, #4015, ( #4994 ) ) ;
#1507 = APPROVAL_PERSON_ORGANIZATION ( #6615, #10835, #2921 ) ;
#1508 = DIRECTION ( 'NONE',  ( -0.000000000000000000, -1.000000000000000000, -0.000000000000000000 ) ) ;
#1509 = ORIENTED_EDGE ( 'NONE', *, *, #11304, .F. ) ;
#1510 = VERTEX_POINT ( 'NONE', #4891 ) ;
#1511 = ORIENTED_EDGE ( 'NONE', *, *, #6397, .T. ) ;
#1512 = CLOSED_SHELL ( 'NONE', ( #1844, #5067, #115, #1894, #2854, #7133, #7463, #4768, #1280, #6482 ) ) ;
#1513 = CIRCLE ( 'NONE', #7496, 9.000000000000007105 ) ;
#1514 = CARTESIAN_POINT ( 'NONE',  ( 85.00000000000000000, 0.000000000000000000, 60.00000000000000000 ) ) ;
#1515 = DIRECTION ( 'NONE',  ( 0.000000000000000000, 0.000000000000000000, -1.000000000000000000 ) ) ;
#1516 = LINE ( 'NONE', #6360, #5131 ) ;
#1517 = SHAPE_REPRESENTATION_RELATIONSHIP ( 'NONE' , 'NONE' ,  #4301, #9705 ) ;
#1518 = COORDINATED_UNIVERSAL_TIME_OFFSET ( 8, 0, .AHEAD. ) ;
#1519 = CC_DESIGN_SECURITY_CLASSIFICATION ( #6730, ( #12005 ) ) ;
#1520 = LINE ( 'NONE', #9699, #5105 ) ;
#1521 = EDGE_CURVE ( 'NONE', #474, #396, #6478, .T. ) ;
#1522 = ORIENTED_EDGE ( 'NONE', *, *, #3568, .F. ) ;
#1523 = EDGE_LOOP ( 'NONE', ( #4886, #8792, #11397, #11627 ) ) ;
#1524 = VECTOR ( 'NONE', #6817, 1000.000000000000000 ) ;
#1525 = VERTEX_POINT ( 'NONE', #11325 ) ;
#1526 = EDGE_CURVE ( 'NONE', #2231, #6667, #8027, .T. ) ;
#1527 = ORIENTED_EDGE ( 'NONE', *, *, #4676, .T. ) ;
#1528 = FACE_BOUND ( 'NONE', #4253, .T. ) ;
#1529 = ORIENTED_EDGE ( 'NONE', *, *, #9054, .T. ) ;
#1530 = LINE ( 'NONE', #1398, #2638 ) ;
#1531 = DIRECTION ( 'NONE',  ( -0.000000000000000000, -1.000000000000000000, -0.000000000000000000 ) ) ;
#1532 = VECTOR ( 'NONE', #5904, 1000.000000000000000 ) ;
#1533 = DIRECTION ( 'NONE',  ( 0.000000000000000000, 0.000000000000000000, 1.000000000000000000 ) ) ;
#1534 = CALENDAR_DATE ( 2026, 29, 7 ) ;
#1535 = VERTEX_POINT ( 'NONE', #3120 ) ;
#1536 = VERTEX_POINT ( 'NONE', #7732 ) ;
#1537 = DIRECTION ( 'NONE',  ( -0.000000000000000000, -1.000000000000000000, -0.000000000000000000 ) ) ;
#1538 = VERTEX_POINT ( 'NONE', #5804 ) ;
#1539 = CARTESIAN_POINT ( 'NONE',  ( 196.0000000000000000, 34.00000000000000000, 43.99999999999997158 ) ) ;
#1540 = VECTOR ( 'NONE', #445, 1000.000000000000000 ) ;
#1541 = EDGE_CURVE ( 'NONE', #10308, #1285, #11387, .T. ) ;
#1542 = CARTESIAN_POINT ( 'NONE',  ( -245.0000000000000000, 0.000000000000000000, 64.00000000000000000 ) ) ;
#1543 = DIRECTION ( 'NONE',  ( 0.000000000000000000, 0.000000000000000000, -1.000000000000000000 ) ) ;
#1544 = DIRECTION ( 'NONE',  ( -0.000000000000000000, -1.000000000000000000, -0.000000000000000000 ) ) ;
#1545 = DIRECTION ( 'NONE',  ( -0.000000000000000000, -1.000000000000000000, -0.000000000000000000 ) ) ;
#1546 = CARTESIAN_POINT ( 'NONE',  ( -77.08053281221580733, 0.000000000000000000, -41.41064430052885825 ) ) ;
#1547 = PERSON_AND_ORGANIZATION ( #10860, #8800 ) ;
#1548 = DIRECTION ( 'NONE',  ( 0.000000000000000000, 0.000000000000000000, -1.000000000000000000 ) ) ;
#1549 = ORIENTED_EDGE ( 'NONE', *, *, #3083, .F. ) ;
#1550 = DIRECTION ( 'NONE',  ( -0.000000000000000000, -0.000000000000000000, 1.000000000000000000 ) ) ;
#1551 = EDGE_CURVE ( 'NONE', #2745, #974, #3775, .T. ) ;
#1552 = DIRECTION ( 'NONE',  ( 0.000000000000000000, 1.000000000000000000, 0.000000000000000000 ) ) ;
#1553 = DIRECTION ( 'NONE',  ( 0.000000000000000000, 1.000000000000000000, 0.000000000000000000 ) ) ;
#1554 = DIRECTION ( 'NONE',  ( -0.000000000000000000, -1.000000000000000000, -0.000000000000000000 ) ) ;
#1555 = CARTESIAN_POINT ( 'NONE',  ( -196.0000000000000000, 34.00000000000000000, 57.99999999999999289 ) ) ;
#1556 = PERSON_AND_ORGANIZATION ( #10860, #8800 ) ;
#1557 = PERSON_AND_ORGANIZATION ( #10860, #8800 ) ;
#1558 = PERSON_AND_ORGANIZATION ( #8114, #11376 ) ;
#1559 = ADVANCED_FACE ( 'NONE', ( #4100 ), #10524, .F. ) ;
#1560 = CC_DESIGN_DATE_AND_TIME_ASSIGNMENT ( #4284, #585, ( #1497 ) ) ;
#1561 = FACE_OUTER_BOUND ( 'NONE', #9587, .T. ) ;
#1563 = EDGE_CURVE ( 'NONE', #8405, #3075, #402, .T. ) ;
#1562 = EDGE_LOOP ( 'NONE', ( #3728, #8958, #7618, #3506 ) ) ;
#1564 = VERTEX_POINT ( 'NONE', #3186 ) ;
#1565 = DIRECTION ( 'NONE',  ( 0.000000000000000000, 1.000000000000000000, 0.000000000000000000 ) ) ;
#1566 = EDGE_LOOP ( 'NONE', ( #6876, #121, #8493, #10122 ) ) ;
#1567 = DIRECTION ( 'NONE',  ( -0.000000000000000000, -1.000000000000000000, -0.000000000000000000 ) ) ;
#1568 = DIRECTION ( 'NONE',  ( -0.000000000000000000, -1.000000000000000000, -0.000000000000000000 ) ) ;
#1569 = DIRECTION ( 'NONE',  ( 0.000000000000000000, 0.000000000000000000, -1.000000000000000000 ) ) ;
#1570 = DATE_AND_TIME ( #9885, #3799 ) ;
#1571 = DIRECTION ( 'NONE',  ( -0.000000000000000000, -1.000000000000000000, -0.000000000000000000 ) ) ;
#1572 = AXIS2_PLACEMENT_3D ( 'NONE', #11013, #10993, #1842 ) ;
#1573 = VERTEX_POINT ( 'NONE', #9685 ) ;
#1574 = ADVANCED_FACE ( 'NONE', ( #1140, #7610 ), #2155, .T. ) ;
#1575 = VERTEX_POINT ( 'NONE', #7789 ) ;
#1576 = EDGE_LOOP ( 'NONE', ( #11024, #9757, #1093, #11927 ) ) ;
#1577 = LINE ( 'NONE', #4434, #8360 ) ;
#1578 = EDGE_LOOP ( 'NONE', ( #9313, #11172, #11188, #4500 ) ) ;
#1579 = ADVANCED_FACE ( 'NONE', ( #10351 ), #11511, .T. ) ;
#1580 = DIRECTION ( 'NONE',  ( 0.000000000000000000, 0.000000000000000000, -1.000000000000000000 ) ) ;
#1581 = LINE ( 'NONE', #11962, #1206 ) ;
#1582 = VECTOR ( 'NONE', #2123, 1000.000000000000000 ) ;
#1583 = DIRECTION ( 'NONE',  ( 0.000000000000000000, 1.000000000000000000, 0.000000000000000000 ) ) ;
#1584 = EDGE_CURVE ( 'NONE', #6543, #5111, #4171, .T. ) ;
#1585 = ITEM_DEFINED_TRANSFORMATION ( 'NONE', 'NONE', #4149,  #10725 ) ;
#1586 = VERTEX_POINT ( 'NONE', #3913 ) ;
#1587 = ORIENTED_EDGE ( 'NONE', *, *, #11745, .F. ) ;
#1588 = CYLINDRICAL_SURFACE ( 'NONE', #11700, 4.500000000000003553 ) ;
#1589 = ORIENTED_EDGE ( 'NONE', *, *, #1426, .F. ) ;
#1590 = DIRECTION ( 'NONE',  ( 0.000000000000000000, 0.000000000000000000, -1.000000000000000000 ) ) ;
#1591 = CIRCLE ( 'NONE', #9923, 87.50000000000000000 ) ;
#1592 = ADVANCED_FACE ( 'NONE', ( #8645 ), #9562, .F. ) ;
#1593 = FACE_OUTER_BOUND ( 'NONE', #7961, .T. ) ;
#1594 = CARTESIAN_POINT ( 'NONE',  ( 135.0000000000000000, 0.000000000000000000, -105.0000000000000000 ) ) ;
#1595 = CIRCLE ( 'NONE', #8364, 57.50000000000000000 ) ;
#1596 = CARTESIAN_POINT ( 'NONE',  ( 0.000000000000000000, 260.0000000000000000, 0.000000000000000000 ) ) ;
#1597 = FACE_OUTER_BOUND ( 'NONE', #11346, .T. ) ;
#1598 = AXIS2_PLACEMENT_3D ( 'NONE', #3510, #2606, #2719 ) ;
#1599 = DIRECTION ( 'NONE',  ( 1.776356839400250465E-15, 0.000000000000000000, -1.000000000000000000 ) ) ;
#1600 = COORDINATED_UNIVERSAL_TIME_OFFSET ( 8, 0, .AHEAD. ) ;
#1601 = CYLINDRICAL_SURFACE ( 'NONE', #9927, 46.00000000000000000 ) ;
#1602 = VERTEX_POINT ( 'NONE', #4950 ) ;
#1603 = CIRCLE ( 'NONE', #2373, 6.999999999999999112 ) ;
#1604 = VERTEX_POINT ( 'NONE', #6704 ) ;
#1605 = VECTOR ( 'NONE', #5044, 1000.000000000000000 ) ;
#1606 = DIRECTION ( 'NONE',  ( 0.000000000000000000, 1.000000000000000000, 0.000000000000000000 ) ) ;
#1607 = CARTESIAN_POINT ( 'NONE',  ( -196.0000000000000000, 34.00000000000000000, 0.000000000000000000 ) ) ;
#1608 = CARTESIAN_POINT ( 'NONE',  ( -140.0000000000000000, 12.00000000000000000, 42.50000000000000000 ) ) ;
#1609 = AXIS2_PLACEMENT_3D ( 'NONE', #9025, #5268, #11764 ) ;
#1610 = PERSON ( 'NAUO-PER6', 'UNSPECIFIED', 'UNSPECIFIED', ('UNSPECIFIED'), ('UNSPECIFIED'), ('UNSPECIFIED') ) ;
#1611 = DIRECTION ( 'NONE',  ( 1.000000000000000000, 0.000000000000000000, -0.000000000000000000 ) ) ;
#1612 = DIRECTION ( 'NONE',  ( -0.000000000000000000, -0.000000000000000000, 1.000000000000000000 ) ) ;
#1613 = CARTESIAN_POINT ( 'NONE',  ( 85.00000000000000000, 0.000000000000000000, 52.99999999999999289 ) ) ;
#1614 = VECTOR ( 'NONE', #11550, 1000.000000000000000 ) ;
#1615 = CIRCLE ( 'NONE', #456, 34.00000000000000000 ) ;
#1616 = CALENDAR_DATE ( 2026, 29, 7 ) ;
#1617 = DATE_TIME_ROLE ( 'creation_date' ) ;
#1618 = EDGE_CURVE ( 'NONE', #5619, #9090, #9625, .T. ) ;
#1619 = APPROVAL_DATE_TIME ( #11020, #677 ) ;
#1620 = CIRCLE ( 'NONE', #8199, 43.99999999999997158 ) ;
#1621 = CARTESIAN_POINT ( 'NONE',  ( 2.020667218593132784E-14, 42.00000000000000000, 165.0000000000000000 ) ) ;
#1622 = VERTEX_POINT ( 'NONE', #2106 ) ;
#1623 = CIRCLE ( 'NONE', #4524, 44.00000000000000000 ) ;
#1624 = ORIENTED_EDGE ( 'NONE', *, *, #7448, .F. ) ;
#1625 = CARTESIAN_POINT ( 'NONE',  ( 70.00000000000000000, 95.00000000000000000, -39.49999999999999289 ) ) ;
#1626 = ORIENTED_EDGE ( 'NONE', *, *, #4238, .F. ) ;
#1627 = DIRECTION ( 'NONE',  ( -0.000000000000000000, -1.000000000000000000, -0.000000000000000000 ) ) ;
#1628 = CARTESIAN_POINT ( 'NONE',  ( 3.061616997868383043E-15, 225.0000000000000000, 25.00000000000000000 ) ) ;
#1629 = DIRECTION ( 'NONE',  ( -1.000000000000000000, -0.000000000000000000, -0.000000000000000000 ) ) ;
#1630 = VECTOR ( 'NONE', #7580, 1000.000000000000000 ) ;
#1631 = DIRECTION ( 'NONE',  ( 0.000000000000000000, -1.000000000000000000, 6.123233995736766036E-17 ) ) ;
#1632 = PERSON_AND_ORGANIZATION ( #10860, #8800 ) ;
#1633 = DIRECTION ( 'NONE',  ( 0.000000000000000000, 0.000000000000000000, -1.000000000000000000 ) ) ;
#1634 = EDGE_CURVE ( 'NONE', #2745, #2005, #348, .T. ) ;
#1635 = EDGE_CURVE ( 'NONE', #553, #1586, #291, .T. ) ;
#1636 = ORIENTED_EDGE ( 'NONE', *, *, #1635, .F. ) ;
#1637 = AXIS2_PLACEMENT_3D ( 'NONE', #5938, #4184, #3269 ) ;
#1638 = VERTEX_POINT ( 'NONE', #1613 ) ;
#1639 = DIRECTION ( 'NONE',  ( 0.000000000000000000, 0.000000000000000000, 1.000000000000000000 ) ) ;
#1640 = EDGE_LOOP ( 'NONE', ( #8991, #1945, #1712, #11895 ) ) ;
#1641 = FACE_OUTER_BOUND ( 'NONE', #5234, .T. ) ;
#1642 = CARTESIAN_POINT ( 'NONE',  ( 0.000000000000000000, 270.0000000000000000, -32.50000000000000000 ) ) ;
#1643 = CC_DESIGN_PERSON_AND_ORGANIZATION_ASSIGNMENT ( #4842, #11329, ( #11168 ) ) ;
#1644 = DIRECTION ( 'NONE',  ( 0.000000000000000000, -1.000000000000000000, 6.123233995736766036E-17 ) ) ;
#1645 = EDGE_CURVE ( 'NONE', #4710, #7407, #8809, .T. ) ;
#1646 = DIRECTION ( 'NONE',  ( -0.000000000000000000, -0.000000000000000000, 1.000000000000000000 ) ) ;
#1647 = APPROVAL_PERSON_ORGANIZATION ( #1677, #517, #11934 ) ;
#1648 = ORIENTED_EDGE ( 'NONE', *, *, #2420, .T. ) ;
#1649 = AXIS2_PLACEMENT_3D ( 'NONE', #5383, #11748, #6166 ) ;
#1650 = ORIENTED_EDGE ( 'NONE', *, *, #4611, .F. ) ;
#1651 = CC_DESIGN_PERSON_AND_ORGANIZATION_ASSIGNMENT ( #6091, #11738, ( #5187 ) ) ;
#1652 = VERTEX_POINT ( 'NONE', #10831 ) ;
#1653 = CARTESIAN_POINT ( 'NONE',  ( -69.63364589099037971, 122.5000000000000000, 20.18428497440908131 ) ) ;
#1654 = ORIENTED_EDGE ( 'NONE', *, *, #9435, .F. ) ;
#1655 = DIRECTION ( 'NONE',  ( 0.000000000000000000, 0.000000000000000000, 1.000000000000000000 ) ) ;
#1656 = VECTOR ( 'NONE', #10570, 1000.000000000000000 ) ;
#1657 = DIRECTION ( 'NONE',  ( 0.000000000000000000, -1.000000000000000000, 0.000000000000000000 ) ) ;
#1658 = DIRECTION ( 'NONE',  ( -0.000000000000000000, -1.000000000000000000, -0.000000000000000000 ) ) ;
#1659 = LINE ( 'NONE', #870, #768 ) ;
#1660 = CARTESIAN_POINT ( 'NONE',  ( 245.0000000000000000, 0.000000000000000000, 64.00000000000000000 ) ) ;
#1661 = DIRECTION ( 'NONE',  ( -1.000000000000000000, 0.000000000000000000, -0.000000000000000000 ) ) ;
#1662 = CALENDAR_DATE ( 2026, 29, 7 ) ;
#1663 = CARTESIAN_POINT ( 'NONE',  ( 75.00000000000000000, 12.00000000000000000, 12.00000000000000000 ) ) ;
#1664 = ORIENTED_EDGE ( 'NONE', *, *, #6397, .F. ) ;
#1665 = EDGE_CURVE ( 'NONE', #4602, #111, #7065, .T. ) ;
#1666 = ORIENTED_EDGE ( 'NONE', *, *, #8739, .F. ) ;
#1667 = DIRECTION ( 'NONE',  ( -0.000000000000000000, -1.000000000000000000, -0.000000000000000000 ) ) ;
#1668 = CC_DESIGN_APPROVAL ( #155, ( #4468 ) ) ;
#1669 = EDGE_CURVE ( 'NONE', #3110, #2630, #2228, .T. ) ;
#1670 = PLANE ( 'NONE',  #9150 ) ;
#1671 = DIRECTION ( 'NONE',  ( -0.000000000000000000, -1.000000000000000000, -0.000000000000000000 ) ) ;
#1672 = CARTESIAN_POINT ( 'NONE',  ( -31.38004145393735911, 0.000000000000000000, 68.75812166592550057 ) ) ;
#1674 = VECTOR ( 'NONE', #6263, 1000.000000000000000 ) ;
#1673 = DIRECTION ( 'NONE',  ( 0.000000000000000000, 0.000000000000000000, 1.000000000000000000 ) ) ;
#1675 = CARTESIAN_POINT ( 'NONE',  ( -330.0000000000000000, 22.00000000000000000, 75.00000000000000000 ) ) ;
#1676 = EDGE_CURVE ( 'NONE', #1525, #3409, #6676, .T. ) ;
#1677 = PERSON_AND_ORGANIZATION ( #10860, #8800 ) ;
#1678 = CALENDAR_DATE ( 2026, 29, 7 ) ;
#1679 = CC_DESIGN_SECURITY_CLASSIFICATION ( #5546, ( #11168 ) ) ;
#1680 = CALENDAR_DATE ( 2026, 29, 7 ) ;
#1681 = VECTOR ( 'NONE', #7270, 1000.000000000000000 ) ;
#1682 = DIRECTION ( 'NONE',  ( 0.000000000000000000, 0.000000000000000000, 1.000000000000000000 ) ) ;
#1683 = EDGE_LOOP ( 'NONE', ( #5219, #3082, #7604, #8250 ) ) ;
#1684 = CC_DESIGN_SECURITY_CLASSIFICATION ( #11573, ( #12013 ) ) ;
#1685 = EDGE_LOOP ( 'NONE', ( #7380, #3460 ) ) ;
#1686 = CARTESIAN_POINT ( 'NONE',  ( -272.5000000000000000, 22.00000000000000000, -68.99999999999998579 ) ) ;
#1687 = LOCAL_TIME ( 1, 43, 37.00000000000000000, #11134 ) ;
#1688 = EDGE_CURVE ( 'NONE', #6062, #6637, #10546, .T. ) ;
#1689 = ORIENTED_EDGE ( 'NONE', *, *, #9895, .F. ) ;
#1690 = CARTESIAN_POINT ( 'NONE',  ( 0.000000000000000000, 0.000000000000000000, 0.000000000000000000 ) ) ;
#1691 = DIRECTION ( 'NONE',  ( 0.000000000000000000, 0.000000000000000000, -1.000000000000000000 ) ) ;
#1692 = DIRECTION ( 'NONE',  ( 1.000000000000000000, 0.000000000000000000, -0.000000000000000000 ) ) ;
#1693 = CIRCLE ( 'NONE', #10025, 95.00000000000001421 ) ;
#1694 = APPLICATION_PROTOCOL_DEFINITION ( 'international standard', 'config_control_design', 1994, #8285 ) ;
#1695 = ORGANIZATION ( 'NAUO-ORG1', 'UNSPECIFIED', 'UNSPECIFIED' ) ;
#1696 = EDGE_CURVE ( 'NONE', #5812, #10548, #11813, .T. ) ;
#1697 = ORIENTED_EDGE ( 'NONE', *, *, #5188, .T. ) ;
#1698 = CIRCLE ( 'NONE', #2282, 7.499999999999999112 ) ;
#1699 = CIRCLE ( 'NONE', #933, 6.999999999999999112 ) ;
#1700 = ORIENTED_EDGE ( 'NONE', *, *, #8263, .T. ) ;
#1701 = CARTESIAN_POINT ( 'NONE',  ( -135.0000000000000000, 31.00000000000000000, -11.00000000000000000 ) ) ;
#1702 = EDGE_CURVE ( 'NONE', #5277, #7541, #6867, .T. ) ;
#1703 = VERTEX_POINT ( 'NONE', #10649 ) ;
#1704 = APPLICATION_CONTEXT ( 'configuration controlled 3d designs of mechanical parts and assemblies' ) ;
#1705 = CARTESIAN_POINT ( 'NONE',  ( 7.041719095097280485E-15, 120.0000000000000000, 57.50000000000000000 ) ) ;
#1706 = CARTESIAN_POINT ( 'NONE',  ( 55.48909769293802441, 30.00000000000000000, 124.9625322141365729 ) ) ;
#1707 = CC_DESIGN_SECURITY_CLASSIFICATION ( #545, ( #12003 ) ) ;
#1708 = DIRECTION ( 'NONE',  ( -0.000000000000000000, -1.000000000000000000, -0.000000000000000000 ) ) ;
#1709 = AXIS2_PLACEMENT_3D ( 'NONE', #6451, #11015, #9987 ) ;
#1710 = AXIS2_PLACEMENT_3D ( 'NONE', #11880, #7370, #11144 ) ;
#1711 = PERSON_AND_ORGANIZATION_ROLE ( 'classification_officer' ) ;
#1712 = ORIENTED_EDGE ( 'NONE', *, *, #8858, .T. ) ;
#1713 = VERTEX_POINT ( 'NONE', #640 ) ;
#1714 = LINE ( 'NONE', #9052, #8003 ) ;
#1715 = PRODUCT_RELATED_PRODUCT_CATEGORY ( 'detail', '', ( #5176 ) ) ;
#1716 = EDGE_CURVE ( 'NONE', #4741, #4642, #9014, .T. ) ;
#1717 = EDGE_LOOP ( 'NONE', ( #11076, #6318, #8107, #3683 ) ) ;
#1718 = CARTESIAN_POINT ( 'NONE',  ( -83.78591484719798643, 0.000000000000000000, 25.22242005078196669 ) ) ;
#1719 = AXIS2_PLACEMENT_3D ( 'NONE', #10397, #95, #3541 ) ;
#1720 = CARTESIAN_POINT ( 'NONE',  ( -120.0000000000000000, 0.000000000000000000, 90.00000000000000000 ) ) ;
#1721 = CARTESIAN_POINT ( 'NONE',  ( 115.0000000000000000, 12.00000000000000000, 28.00000000000000000 ) ) ;
#1722 = CARTESIAN_POINT ( 'NONE',  ( -135.0000000000000000, 28.00000000000000000, 105.0000000000000000 ) ) ;
#1723 = DIRECTION ( 'NONE',  ( 0.000000000000000000, 0.000000000000000000, 1.000000000000000000 ) ) ;
#1724 = CC_DESIGN_DATE_AND_TIME_ASSIGNMENT ( #11044, #1986, ( #6161 ) ) ;
#1725 = DIRECTION ( 'NONE',  ( 0.000000000000000000, 1.000000000000000000, 0.000000000000000000 ) ) ;
#1726 = PERSON_AND_ORGANIZATION_ROLE ( 'creator' ) ;
#1727 = DIRECTION ( 'NONE',  ( 0.000000000000000000, 1.000000000000000000, 0.000000000000000000 ) ) ;
#1728 = VERTEX_POINT ( 'NONE', #11690 ) ;
#1729 = VERTEX_POINT ( 'NONE', #1499 ) ;
#1730 = ADVANCED_FACE ( 'NONE', ( #5317 ), #3374, .F. ) ;
#1731 = DIRECTION ( 'NONE',  ( 0.000000000000000000, 1.000000000000000000, 0.000000000000000000 ) ) ;
#1732 = DIRECTION ( 'NONE',  ( -0.000000000000000000, -0.000000000000000000, 1.000000000000000000 ) ) ;
#1733 = LINE ( 'NONE', #2635, #172 ) ;
#1734 = CARTESIAN_POINT ( 'NONE',  ( -330.0000000000000000, 22.00000000000000000, 75.00000000000000000 ) ) ;
#1735 = EDGE_CURVE ( 'NONE', #5697, #11600, #10173, .T. ) ;
#1736 = CARTESIAN_POINT ( 'NONE',  ( -330.0000000000000000, 22.00000000000000000, -75.00000000000000000 ) ) ;
#1737 = FACE_OUTER_BOUND ( 'NONE', #742, .T. ) ;
#1738 = APPLICATION_PROTOCOL_DEFINITION ( 'international standard', 'config_control_design', 1994, #9762 ) ;
#1739 = COORDINATED_UNIVERSAL_TIME_OFFSET ( 8, 0, .AHEAD. ) ;
#1740 = ADVANCED_FACE ( 'NONE', ( #5254 ), #10769, .F. ) ;
#1741 = ORIENTED_EDGE ( 'NONE', *, *, #10771, .F. ) ;
#1742 = DIRECTION ( 'NONE',  ( -0.000000000000000000, 1.000000000000000000, -0.000000000000000000 ) ) ;
#1743 = VERTEX_POINT ( 'NONE', #524 ) ;
#1744 = EDGE_LOOP ( 'NONE', ( #6566, #4791, #3688, #5867 ) ) ;
#1745 = DIRECTION ( 'NONE',  ( -0.000000000000000000, -1.000000000000000000, -0.000000000000000000 ) ) ;
#1746 = ORIENTED_EDGE ( 'NONE', *, *, #472, .T. ) ;
#1747 = CARTESIAN_POINT ( 'NONE',  ( 55.48909769293802441, 30.00000000000000000, 133.9625322141365871 ) ) ;
#1748 = CARTESIAN_POINT ( 'NONE',  ( -32.52809175103262618, 0.000000000000000000, -87.52976026345938010 ) ) ;
#1749 = CARTESIAN_POINT ( 'NONE',  ( -120.0000000000000000, 260.0000000000000000, -110.0000000000000000 ) ) ;
#1750 = MECHANICAL_CONTEXT ( 'NONE', #10443, 'mechanical' ) ;
#1751 = VERTEX_POINT ( 'NONE', #3433 ) ;
#1752 = VERTEX_POINT ( 'NONE', #769 ) ;
#1753 = FACE_OUTER_BOUND ( 'NONE', #6490, .T. ) ;
#1754 = VERTEX_POINT ( 'NONE', #2463 ) ;
#1755 = DIRECTION ( 'NONE',  ( -0.000000000000000000, -1.000000000000000000, -0.000000000000000000 ) ) ;
#1756 = DIRECTION ( 'NONE',  ( 0.000000000000000000, 0.000000000000000000, 1.000000000000000000 ) ) ;
#1757 = FACE_BOUND ( 'NONE', #1110, .T. ) ;
#1758 = ORIENTED_EDGE ( 'NONE', *, *, #11878, .T. ) ;
#1759 = CALENDAR_DATE ( 2026, 29, 7 ) ;
#1760 = EDGE_CURVE ( 'NONE', #2358, #4946, #4283, .T. ) ;
#1761 = ORIENTED_EDGE ( 'NONE', *, *, #11969, .F. ) ;
#1762 = ORIENTED_EDGE ( 'NONE', *, *, #7473, .T. ) ;
#1763 = LINE ( 'NONE', #1653, #9753 ) ;
#1764 = VERTEX_POINT ( 'NONE', #4410 ) ;
#1765 = VECTOR ( 'NONE', #263, 1000.000000000000000 ) ;
#1766 = DIRECTION ( 'NONE',  ( -0.000000000000000000, -1.000000000000000000, -0.000000000000000000 ) ) ;
#1767 = EDGE_CURVE ( 'NONE', #9700, #4077, #3490, .T. ) ;
#1768 = LINE ( 'NONE', #3652, #11560 ) ;
#1769 = DIRECTION ( 'NONE',  ( -0.000000000000000000, -1.000000000000000000, -0.000000000000000000 ) ) ;
#1770 = FACE_OUTER_BOUND ( 'NONE', #13, .T. ) ;
#1771 = DIRECTION ( 'NONE',  ( 1.000000000000000000, -0.000000000000000000, 0.000000000000000000 ) ) ;
#1772 = FACE_OUTER_BOUND ( 'NONE', #4800, .T. ) ;
#1774 = CARTESIAN_POINT ( 'NONE',  ( 15.00000000000000000, 28.00000000000000000, -7.500000000000000000 ) ) ;
#1773 = APPROVAL ( #4156, 'æœª' ) ;
#1775 = AXIS2_PLACEMENT_3D ( 'NONE', #8496, #3088, #6782 ) ;
#1776 = EDGE_CURVE ( 'NONE', #9157, #10140, #1839, .T. ) ;
#1777 = AXIS2_PLACEMENT_3D ( 'NONE', #1721, #9113, #8195 ) ;
#1778 = ORIENTED_EDGE ( 'NONE', *, *, #2050, .F. ) ;
#1779 = CARTESIAN_POINT ( 'NONE',  ( 0.000000000000000000, 30.00000000000000000, 0.000000000000000000 ) ) ;
#1780 = CIRCLE ( 'NONE', #11283, 72.50000000000000000 ) ;
#1781 = CARTESIAN_POINT ( 'NONE',  ( 245.0000000000000000, 20.00000000000000000, 64.00000000000000000 ) ) ;
#1782 = DIRECTION ( 'NONE',  ( -0.000000000000000000, -1.000000000000000000, -0.000000000000000000 ) ) ;
#1783 = AXIS2_PLACEMENT_3D ( 'NONE', #3459, #8974, #666 ) ;
#1784 = CARTESIAN_POINT ( 'NONE',  ( -245.0000000000000000, 20.00000000000000000, 64.00000000000000000 ) ) ;
#1785 = DIRECTION ( 'NONE',  ( 0.000000000000000000, 0.000000000000000000, -1.000000000000000000 ) ) ;
#1786 = CIRCLE ( 'NONE', #5667, 65.00000000000000000 ) ;
#1787 = CALENDAR_DATE ( 2026, 29, 7 ) ;
#1788 = PRODUCT_RELATED_PRODUCT_CATEGORY ( 'detail', '', ( #4411 ) ) ;
#1789 = SECURITY_CLASSIFICATION_LEVEL ( 'unclassified' ) ;
#1790 = EDGE_CURVE ( 'NONE', #1752, #4268, #2578, .T. ) ;
#1791 = VECTOR ( 'NONE', #6736, 1000.000000000000000 ) ;
#1792 = CALENDAR_DATE ( 2026, 29, 7 ) ;
#1793 = ORIENTED_EDGE ( 'NONE', *, *, #10663, .F. ) ;
#1794 = CARTESIAN_POINT ( 'NONE',  ( 196.0000000000000000, 20.00000000000000000, 0.000000000000000000 ) ) ;
#1795 = AXIS2_PLACEMENT_3D ( 'NONE', #2562, #2385, #446 ) ;
#1796 = EDGE_LOOP ( 'NONE', ( #5206, #11973, #5210, #4904 ) ) ;
#1797 = ORIENTED_EDGE ( 'NONE', *, *, #4193, .F. ) ;
#1798 = DIRECTION ( 'NONE',  ( 0.000000000000000000, 1.000000000000000000, 0.000000000000000000 ) ) ;
#1799 = AXIS2_PLACEMENT_3D ( 'NONE', #4020, #7646, #6797 ) ;
#1800 = CIRCLE ( 'NONE', #10513, 7.499999999999999112 ) ;
#1801 = ORIENTED_EDGE ( 'NONE', *, *, #8112, .T. ) ;
#1802 = ADVANCED_FACE ( 'NONE', ( #10709 ), #4466, .F. ) ;
#1803 = CARTESIAN_POINT ( 'NONE',  ( 330.0000000000000000, 38.00000000000000000, -38.14118508908706673 ) ) ;
#1804 = CARTESIAN_POINT ( 'NONE',  ( -55.48909769293801020, 30.00000000000000000, -142.9625322141365871 ) ) ;
#1805 = PLANE ( 'NONE',  #10166 ) ;
#1806 = DIRECTION ( 'NONE',  ( 0.000000000000000000, 0.000000000000000000, 1.000000000000000000 ) ) ;
#1807 = PERSON_AND_ORGANIZATION ( #10860, #8800 ) ;
#1808 = VECTOR ( 'NONE', #3036, 1000.000000000000000 ) ;
#1809 = AXIS2_PLACEMENT_3D ( 'NONE', #4049, #7737, #3127 ) ;
#1810 = AXIS2_PLACEMENT_3D ( 'NONE', #3241, #10510, #1125 ) ;
#1811 = EDGE_LOOP ( 'NONE', ( #8415, #3974, #4338, #5622 ) ) ;
#1812 = EDGE_CURVE ( 'NONE', #7159, #5737, #3971, .T. ) ;
#1813 = VERTEX_POINT ( 'NONE', #4762 ) ;
#1814 = VERTEX_POINT ( 'NONE', #7304 ) ;
#1815 = DIRECTION ( 'NONE',  ( 0.000000000000000000, 1.000000000000000000, 0.000000000000000000 ) ) ;
#1816 = EDGE_LOOP ( 'NONE', ( #1274, #10857, #9878, #10940 ) ) ;
#1817 = EDGE_CURVE ( 'NONE', #6413, #9098, #5137, .T. ) ;
#1818 = DIRECTION ( 'NONE',  ( 0.000000000000000000, 1.000000000000000000, 0.000000000000000000 ) ) ;
#1819 = CARTESIAN_POINT ( 'NONE',  ( -78.52976026345936589, 260.0000000000000000, 32.52809175103261907 ) ) ;
#1820 = VECTOR ( 'NONE', #9086, 1000.000000000000000 ) ;
#1821 = DIRECTION ( 'NONE',  ( 0.000000000000000000, 0.000000000000000000, -1.000000000000000000 ) ) ;
#1822 = EDGE_LOOP ( 'NONE', ( #1259, #9288, #10575, #5833 ) ) ;
#1823 =( GEOMETRIC_REPRESENTATION_CONTEXT ( 3 ) GLOBAL_UNCERTAINTY_ASSIGNED_CONTEXT ( ( #5826 ) ) GLOBAL_UNIT_ASSIGNED_CONTEXT ( ( #6842, #10786, #3321 ) ) REPRESENTATION_CONTEXT ( 'NONE', 'WORKASPACE' ) );
#1824 = AXIS2_PLACEMENT_3D ( 'NONE', #4013, #5829, #2128 ) ;
#1825 = ORIENTED_EDGE ( 'NONE', *, *, #10003, .F. ) ;
#1826 = ORIENTED_EDGE ( 'NONE', *, *, #7598, .T. ) ;
#1827 = EDGE_LOOP ( 'NONE', ( #11925, #8369, #7148, #5221 ) ) ;
#1828 = CARTESIAN_POINT ( 'NONE',  ( 0.000000000000000000, 0.000000000000000000, 0.000000000000000000 ) ) ;
#1829 = CARTESIAN_POINT ( 'NONE',  ( 115.0000000000000000, 12.00000000000000000, -32.50000000000000711 ) ) ;
#1830 = CARTESIAN_POINT ( 'NONE',  ( -135.0000000000000000, 0.000000000000000000, -114.0000000000000000 ) ) ;
#1831 = EDGE_CURVE ( 'NONE', #6423, #9302, #2699, .T. ) ;
#1833 = CARTESIAN_POINT ( 'NONE',  ( -70.00000000000000000, 95.00000000000000000, -45.00000000000000000 ) ) ;
#1832 = CIRCLE ( 'NONE', #8605, 6.999999999999999112 ) ;
#1834 = DIRECTION ( 'NONE',  ( -0.000000000000000000, -1.000000000000000000, -0.000000000000000000 ) ) ;
#1835 = DIRECTION ( 'NONE',  ( 1.000000000000000000, 0.000000000000000000, -0.000000000000000000 ) ) ;
#1836 = CONTEXT_DEPENDENT_SHAPE_REPRESENTATION ( #1931, #9924 ) ;
#1837 = DIRECTION ( 'NONE',  ( 0.000000000000000000, 0.000000000000000000, -1.000000000000000000 ) ) ;
#1838 = ORIENTED_EDGE ( 'NONE', *, *, #10080, .T. ) ;
#1839 = CIRCLE ( 'NONE', #8034, 30.00000000000000000 ) ;
#1840 = DIRECTION ( 'NONE',  ( 0.000000000000000000, 1.000000000000000000, 0.000000000000000000 ) ) ;
#1841 = CIRCLE ( 'NONE', #8617, 68.99999999999997158 ) ;
#1842 = DIRECTION ( 'NONE',  ( 0.000000000000000000, 0.000000000000000000, 1.000000000000000000 ) ) ;
#1843 = CARTESIAN_POINT ( 'NONE',  ( -85.00000000000000000, 0.000000000000000000, -60.00000000000000000 ) ) ;
#1844 = ADVANCED_FACE ( 'NONE', ( #10103 ), #3666, .T. ) ;
#1845 = CARTESIAN_POINT ( 'NONE',  ( -27.55320713028645940, 220.0000000000000000, -74.51932634081265405 ) ) ;
#1846 = CYLINDRICAL_SURFACE ( 'NONE', #7830, 68.99999999999998579 ) ;
#1847 = PERSON_AND_ORGANIZATION ( #10860, #8800 ) ;
#1848 = DATE_AND_TIME ( #3848, #1687 ) ;
#1849 = DIRECTION ( 'NONE',  ( 0.000000000000000000, -1.000000000000000000, 0.000000000000000000 ) ) ;
#1850 = COORDINATED_UNIVERSAL_TIME_OFFSET ( 8, 0, .AHEAD. ) ;
#1851 = APPROVAL_PERSON_ORGANIZATION ( #449, #1773, #9730 ) ;
#1852 = ORIENTED_EDGE ( 'NONE', *, *, #10216, .T. ) ;
#1853 = APPLICATION_CONTEXT ( 'configuration controlled 3d designs of mechanical parts and assemblies' ) ;
#1854 = LINE ( 'NONE', #2826, #856 ) ;
#1855 = ORIENTED_EDGE ( 'NONE', *, *, #7803, .F. ) ;
#1856 = CC_DESIGN_PERSON_AND_ORGANIZATION_ASSIGNMENT ( #11390, #10466, ( #11574 ) ) ;
#1857 = AXIS2_PLACEMENT_3D ( 'NONE', #3473, #8880, #9787 ) ;
#1858 = ADVANCED_FACE ( 'NONE', ( #5552 ), #2877, .F. ) ;
#1859 = ORIENTED_EDGE ( 'NONE', *, *, #7514, .T. ) ;
#1860 = CARTESIAN_POINT ( 'NONE',  ( 0.000000000000000000, 225.0000000000000000, -32.50000000000000000 ) ) ;
#1861 = ORIENTED_EDGE ( 'NONE', *, *, #4372, .F. ) ;
#1862 = DIRECTION ( 'NONE',  ( -1.000000000000000000, -0.000000000000000000, -0.000000000000000000 ) ) ;
#1863 = LINE ( 'NONE', #10238, #4713 ) ;
#1864 = DESIGN_CONTEXT ( 'detailed design', #1082, 'design' ) ;
#1865 = CC_DESIGN_SECURITY_CLASSIFICATION ( #10970, ( #4962 ) ) ;
#1866 = LINE ( 'NONE', #4541, #3383 ) ;
#1867 =( NAMED_UNIT ( * ) PLANE_ANGLE_UNIT ( ) SI_UNIT ( $, .RADIAN. ) );
#1868 = PERSON_AND_ORGANIZATION_ROLE ( 'creator' ) ;
#1869 = APPROVAL ( #1350, 'UNKNOWN' ) ;
#1870 = AXIS2_PLACEMENT_3D ( 'NONE', #6775, #4851, #969 ) ;
#1871 = SECURITY_CLASSIFICATION ( '', '', #11968 ) ;
#1872 = CC_DESIGN_APPROVAL ( #8148, ( #3425 ) ) ;
#1873 = ORIENTED_EDGE ( 'NONE', *, *, #8677, .F. ) ;
#1874 = EDGE_LOOP ( 'NONE', ( #6657, #1210, #11395, #11855 ) ) ;
#1875 = FACE_BOUND ( 'NONE', #9599, .T. ) ;
#1876 = ORIENTED_EDGE ( 'NONE', *, *, #11636, .T. ) ;
#1877 = AXIS2_PLACEMENT_3D ( 'NONE', #112, #281, #10175 ) ;
#1878 = DIRECTION ( 'NONE',  ( 0.000000000000000000, 1.000000000000000000, 0.000000000000000000 ) ) ;
#1879 = DIRECTION ( 'NONE',  ( -0.000000000000000000, -1.000000000000000000, -0.000000000000000000 ) ) ;
#1880 = CARTESIAN_POINT ( 'NONE',  ( 0.000000000000000000, 0.000000000000000000, 0.000000000000000000 ) ) ;
#1881 = EDGE_CURVE ( 'NONE', #6915, #5591, #4943, .T. ) ;
#1882 = SECURITY_CLASSIFICATION ( '', '', #8817 ) ;
#1883 = FACE_OUTER_BOUND ( 'NONE', #10511, .T. ) ;
#1884 = ORIENTED_EDGE ( 'NONE', *, *, #2701, .T. ) ;
#1885 = EDGE_CURVE ( 'NONE', #9950, #3496, #98, .T. ) ;
#1886 = ORIENTED_EDGE ( 'NONE', *, *, #3015, .F. ) ;
#1887 = CIRCLE ( 'NONE', #11389, 7.000000000000006217 ) ;
#1888 = PERSON ( 'NAUO-PER24', 'UNSPECIFIED', 'UNSPECIFIED', ('UNSPECIFIED'), ('UNSPECIFIED'), ('UNSPECIFIED') ) ;
#1889 = ORIENTED_EDGE ( 'NONE', *, *, #11926, .T. ) ;
#1890 = VERTEX_POINT ( 'NONE', #6344 ) ;
#1891 = FACE_OUTER_BOUND ( 'NONE', #5445, .T. ) ;
#1892 = SECURITY_CLASSIFICATION ( '', '', #10921 ) ;
#1893 = SHAPE_DEFINITION_REPRESENTATION ( #3525, #4449 ) ;
#1894 = ADVANCED_FACE ( 'NONE', ( #3782 ), #1846, .T. ) ;
#1895 = FACE_BOUND ( 'NONE', #11140, .T. ) ;
#1896 = DIRECTION ( 'NONE',  ( 1.000000000000000000, 0.000000000000000000, 0.000000000000000000 ) ) ;
#1897 = DIRECTION ( 'NONE',  ( -0.000000000000000000, -1.000000000000000000, -0.000000000000000000 ) ) ;
#1898 = FACE_OUTER_BOUND ( 'NONE', #2492, .T. ) ;
#1899 = CIRCLE ( 'NONE', #7885, 25.00000000000000000 ) ;
#1900 = CIRCLE ( 'NONE', #2096, 60.00000000000000000 ) ;
#1901 = CARTESIAN_POINT ( 'NONE',  ( -75.00000000000000000, 12.00000000000000000, 12.00000000000000000 ) ) ;
#1902 = CONTEXT_DEPENDENT_SHAPE_REPRESENTATION ( #8120, #4304 ) ;
#1903 = CARTESIAN_POINT ( 'NONE',  ( 196.0000000000000000, 20.00000000000000000, 0.000000000000000000 ) ) ;
#1904 = ORIENTED_EDGE ( 'NONE', *, *, #3838, .T. ) ;
#1905 = EDGE_CURVE ( 'NONE', #896, #2907, #4585, .T. ) ;
#1906 = ORIENTED_EDGE ( 'NONE', *, *, #9195, .T. ) ;
#1907 = AXIS2_PLACEMENT_3D ( 'NONE', #6148, #7832, #8932 ) ;
#1908 = DIRECTION ( 'NONE',  ( 0.000000000000000000, 0.000000000000000000, -1.000000000000000000 ) ) ;
#1909 = DIRECTION ( 'NONE',  ( 0.000000000000000000, 0.000000000000000000, -1.000000000000000000 ) ) ;
#1910 = DIRECTION ( 'NONE',  ( 0.000000000000000000, 1.000000000000000000, 0.000000000000000000 ) ) ;
#1911 = CARTESIAN_POINT ( 'NONE',  ( -75.75812166592551478, 0.000000000000000000, -31.38004145393736266 ) ) ;
#1912 = LINE ( 'NONE', #10948, #11145 ) ;
#1913 = COORDINATED_UNIVERSAL_TIME_OFFSET ( 8, 0, .AHEAD. ) ;
#1914 = CALENDAR_DATE ( 2026, 29, 7 ) ;
#1915 = LINE ( 'NONE', #4707, #5298 ) ;
#1916 = ORIENTED_EDGE ( 'NONE', *, *, #9008, .F. ) ;
#1917 = APPROVAL_STATUS ( 'not_yet_approved' ) ;
#1918 = ADVANCED_FACE ( 'NONE', ( #1737 ), #5497, .F. ) ;
#1919 = ORIENTED_EDGE ( 'NONE', *, *, #8345, .T. ) ;
#1920 = DIRECTION ( 'NONE',  ( 0.000000000000000000, 1.000000000000000000, 0.000000000000000000 ) ) ;
#1921 = ORIENTED_EDGE ( 'NONE', *, *, #2897, .T. ) ;
#1922 = EDGE_LOOP ( 'NONE', ( #1018, #8620, #9509 ) ) ;
#1923 = CARTESIAN_POINT ( 'NONE',  ( 0.000000000000000000, 185.0000000000000000, 0.000000000000000000 ) ) ;
#1924 = AXIS2_PLACEMENT_3D ( 'NONE', #10692, #8079, #3169 ) ;
#1925 = ORIENTED_EDGE ( 'NONE', *, *, #6756, .T. ) ;
#1926 = CARTESIAN_POINT ( 'NONE',  ( 115.0000000000000000, 12.00000000000000000, 28.00000000000000000 ) ) ;
#1927 = DIRECTION ( 'NONE',  ( -1.000000000000000000, 0.000000000000000000, -0.000000000000000000 ) ) ;
#1928 = DIRECTION ( 'NONE',  ( 0.000000000000000000, 1.000000000000000000, 0.000000000000000000 ) ) ;
#1929 =( NAMED_UNIT ( * ) SI_UNIT ( $, .STERADIAN. ) SOLID_ANGLE_UNIT ( ) );
#1930 = APPROVAL_STATUS ( 'not_yet_approved' ) ;
#1931 =( REPRESENTATION_RELATIONSHIP ('NONE','NONE', #5684, #4449 ) REPRESENTATION_RELATIONSHIP_WITH_TRANSFORMATION ( #2689 )SHAPE_REPRESENTATION_RELATIONSHIP( ) );
#1932 = CC_DESIGN_PERSON_AND_ORGANIZATION_ASSIGNMENT ( #4467, #8665, ( #6798 ) ) ;
#1933 = EDGE_CURVE ( 'NONE', #5456, #6229, #9191, .T. ) ;
#1934 = ORIENTED_EDGE ( 'NONE', *, *, #5881, .F. ) ;
#1935 = VERTEX_POINT ( 'NONE', #3545 ) ;
#1936 = CARTESIAN_POINT ( 'NONE',  ( 135.0000000000000000, 28.00000000000000000, -105.0000000000000000 ) ) ;
#1937 = CC_DESIGN_DATE_AND_TIME_ASSIGNMENT ( #1081, #7556, ( #1871 ) ) ;
#1938 = EDGE_LOOP ( 'NONE', ( #11640, #9170 ) ) ;
#1939 = CARTESIAN_POINT ( 'NONE',  ( -52.50000000000000000, 28.00000000000000000, 99.00000000000000000 ) ) ;
#1940 = CARTESIAN_POINT ( 'NONE',  ( -165.0000000000000000, 22.00000000000000000, 29.00000000000000000 ) ) ;
#1941 = CARTESIAN_POINT ( 'NONE',  ( -135.0000000000000000, 31.00000000000000000, 11.00000000000000000 ) ) ;
#1942 = ORIENTED_EDGE ( 'NONE', *, *, #7986, .T. ) ;
#1943 = EDGE_CURVE ( 'NONE', #4946, #7297, #9251, .T. ) ;
#1944 = VERTEX_POINT ( 'NONE', #9369 ) ;
#1945 = ORIENTED_EDGE ( 'NONE', *, *, #7063, .T. ) ;
#1946 = EDGE_CURVE ( 'NONE', #6915, #7797, #883, .T. ) ;
#1947 = ORIENTED_EDGE ( 'NONE', *, *, #1688, .F. ) ;
#1948 = FACE_OUTER_BOUND ( 'NONE', #11033, .T. ) ;
#1949 = DATE_TIME_ROLE ( 'classification_date' ) ;
#1950 = CARTESIAN_POINT ( 'NONE',  ( 63.51086798706846537, 0.000000000000000000, -34.96597842945570989 ) ) ;
#1951 = DIRECTION ( 'NONE',  ( 0.000000000000000000, 1.000000000000000000, 0.000000000000000000 ) ) ;
#1952 = UNCERTAINTY_MEASURE_WITH_UNIT (LENGTH_MEASURE( 1.000000000000000082E-05 ), #9884, 'distance_accuracy_value', 'NONE');
#1953 = CARTESIAN_POINT ( 'NONE',  ( 105.0000000000000000, 12.00000000000000000, 0.000000000000000000 ) ) ;
#1954 = EDGE_CURVE ( 'NONE', #6313, #8301, #9594, .T. ) ;
#1955 = DIRECTION ( 'NONE',  ( -1.000000000000000000, -0.000000000000000000, -0.000000000000000000 ) ) ;
#1956 = CARTESIAN_POINT ( 'NONE',  ( 0.000000000000000000, 180.0000000000000000, 0.000000000000000000 ) ) ;
#1957 = DATE_TIME_ROLE ( 'classification_date' ) ;
#1958 = ORIENTED_EDGE ( 'NONE', *, *, #11950, .F. ) ;
#1959 = CIRCLE ( 'NONE', #8541, 65.00000000000000000 ) ;
#1960 = VERTEX_POINT ( 'NONE', #3602 ) ;
#1961 = EDGE_CURVE ( 'NONE', #1271, #10113, #1912, .T. ) ;
#1962 = LINE ( 'NONE', #1169, #8777 ) ;
#1963 = CARTESIAN_POINT ( 'NONE',  ( -196.0000000000000000, 34.00000000000000000, -57.99999999999999289 ) ) ;
#1964 = DIRECTION ( 'NONE',  ( 0.000000000000000000, 0.000000000000000000, 1.000000000000000000 ) ) ;
#1965 = CARTESIAN_POINT ( 'NONE',  ( -135.0000000000000000, 28.00000000000000000, -114.0000000000000000 ) ) ;
#1966 = AXIS2_PLACEMENT_3D ( 'NONE', #6381, #9969, #11845 ) ;
#1967 = DIRECTION ( 'NONE',  ( 0.000000000000000000, 1.000000000000000000, 0.000000000000000000 ) ) ;
#1968 = APPROVAL_STATUS ( 'not_yet_approved' ) ;
#1969 = APPROVAL_ROLE ( '' ) ;
#1970 = DIRECTION ( 'NONE',  ( 0.000000000000000000, 0.000000000000000000, 1.000000000000000000 ) ) ;
#1971 = EDGE_LOOP ( 'NONE', ( #10347, #3101, #2895, #5719 ) ) ;
#1972 = VERTEX_POINT ( 'NONE', #2817 ) ;
#1973 = CIRCLE ( 'NONE', #5655, 9.000000000000007105 ) ;
#1974 = CARTESIAN_POINT ( 'NONE',  ( 0.000000000000000000, 285.0000000000000000, 0.000000000000000000 ) ) ;
#1975 = EDGE_LOOP ( 'NONE', ( #3421, #5406, #1838 ) ) ;
#1976 = VERTEX_POINT ( 'NONE', #6512 ) ;
#1977 = CARTESIAN_POINT ( 'NONE',  ( -165.0000000000000000, 22.00000000000000000, -12.00000000000000000 ) ) ;
#1978 = VECTOR ( 'NONE', #1531, 1000.000000000000000 ) ;
#1979 = ORIENTED_EDGE ( 'NONE', *, *, #8112, .F. ) ;
#1980 = CARTESIAN_POINT ( 'NONE',  ( -330.0000000000000000, 22.00000000000000000, -75.00000000000000000 ) ) ;
#1981 = DESIGN_CONTEXT ( 'detailed design', #613, 'design' ) ;
#1982 = DIRECTION ( 'NONE',  ( 0.000000000000000000, -0.000000000000000000, 1.000000000000000000 ) ) ;
#1983 = EDGE_CURVE ( 'NONE', #757, #1285, #4523, .T. ) ;
#1984 = APPLICATION_PROTOCOL_DEFINITION ( 'international standard', 'config_control_design', 1994, #2930 ) ;
#1985 = APPLICATION_PROTOCOL_DEFINITION ( 'international standard', 'config_control_design', 1994, #7567 ) ;
#1986 = DATE_TIME_ROLE ( 'classification_date' ) ;
#1987 = ADVANCED_FACE ( 'NONE', ( #6626 ), #10337, .T. ) ;
#1988 = AXIS2_PLACEMENT_3D ( 'NONE', #11338, #5760, #5636 ) ;
#1989 = EDGE_LOOP ( 'NONE', ( #5853, #7069, #4065, #8715, #5127, #9995, #412, #10578 ) ) ;
#1990 = DIRECTION ( 'NONE',  ( 1.000000000000000000, 0.000000000000000000, -0.000000000000000000 ) ) ;
#1991 = EDGE_LOOP ( 'NONE', ( #875, #9036, #5263, #4142 ) ) ;
#1992 = AXIS2_PLACEMENT_3D ( 'NONE', #11243, #8681, #9477 ) ;
#1993 = ORIENTED_EDGE ( 'NONE', *, *, #10503, .T. ) ;
#1994 = FACE_BOUND ( 'NONE', #9104, .T. ) ;
#1995 = ORIENTED_EDGE ( 'NONE', *, *, #7706, .T. ) ;
#1996 = CARTESIAN_POINT ( 'NONE',  ( 133.9625322141365871, 0.000000000000000000, -46.48909769293801020 ) ) ;
#1997 = CYLINDRICAL_SURFACE ( 'NONE', #10496, 9.000000000000007105 ) ;
#1998 = VECTOR ( 'NONE', #10842, 1000.000000000000000 ) ;
#1999 = ADVANCED_FACE ( 'NONE', ( #4937 ), #11309, .F. ) ;
#2000 = DIRECTION ( 'NONE',  ( -0.000000000000000000, -1.000000000000000000, -0.000000000000000000 ) ) ;
#2001 = EDGE_LOOP ( 'NONE', ( #11967, #3285 ) ) ;
#2002 = AXIS2_PLACEMENT_3D ( 'NONE', #2512, #11567, #10579 ) ;
#2003 = AXIS2_PLACEMENT_3D ( 'NONE', #10398, #9548, #9433 ) ;
#2004 = EDGE_CURVE ( 'NONE', #2094, #3275, #3846, .T. ) ;
#2005 = VERTEX_POINT ( 'NONE', #5728 ) ;
#2006 = VECTOR ( 'NONE', #2127, 1000.000000000000000 ) ;
#2007 = ORIENTED_EDGE ( 'NONE', *, *, #7503, .F. ) ;
#2008 = VERTEX_POINT ( 'NONE', #10506 ) ;
#2009 = DIRECTION ( 'NONE',  ( -0.000000000000000000, -1.000000000000000000, -0.000000000000000000 ) ) ;
#2010 = APPLICATION_PROTOCOL_DEFINITION ( 'international standard', 'config_control_design', 1994, #10221 ) ;
#2011 = VECTOR ( 'NONE', #2678, 1000.000000000000000 ) ;
#2012 = APPROVAL ( #8664, 'æœª' ) ;
#2013 = CARTESIAN_POINT ( 'NONE',  ( 78.52976026345936589, 0.000000000000000000, 32.52809175103261907 ) ) ;
#2014 = EDGE_CURVE ( 'NONE', #6912, #8363, #2204, .T. ) ;
#2015 = DIRECTION ( 'NONE',  ( -0.000000000000000000, -1.000000000000000000, -0.000000000000000000 ) ) ;
#2016 = DIRECTION ( 'NONE',  ( 0.000000000000000000, 0.000000000000000000, -1.000000000000000000 ) ) ;
#2017 = DIRECTION ( 'NONE',  ( 0.000000000000000000, 1.000000000000000000, 0.000000000000000000 ) ) ;
#2018 = LINE ( 'NONE', #316, #1791 ) ;
#2019 =( GEOMETRIC_REPRESENTATION_CONTEXT ( 3 ) GLOBAL_UNCERTAINTY_ASSIGNED_CONTEXT ( ( #4863 ) ) GLOBAL_UNIT_ASSIGNED_CONTEXT ( ( #10131, #8307, #2787 ) ) REPRESENTATION_CONTEXT ( 'NONE', 'WORKASPACE' ) );
#2020 = DATE_TIME_ROLE ( 'classification_date' ) ;
#2021 = CC_DESIGN_PERSON_AND_ORGANIZATION_ASSIGNMENT ( #7656, #6030, ( #5957 ) ) ;
#2022 = AXIS2_PLACEMENT_3D ( 'NONE', #1309, #9552, #8703 ) ;
#2023 = ORIENTED_EDGE ( 'NONE', *, *, #11909, .T. ) ;
#2024 = VERTEX_POINT ( 'NONE', #3897 ) ;
#2025 = FACE_OUTER_BOUND ( 'NONE', #5248, .T. ) ;
#2026 = CIRCLE ( 'NONE', #5322, 46.00000000000000000 ) ;
#2027 = CARTESIAN_POINT ( 'NONE',  ( 66.51932634081263984, 220.0000000000000000, 27.55320713028645585 ) ) ;
#2028 = FACE_BOUND ( 'NONE', #6890, .T. ) ;
#2029 = FACE_OUTER_BOUND ( 'NONE', #2829, .T. ) ;
#2030 = CARTESIAN_POINT ( 'NONE',  ( 0.000000000000000000, 42.00000000000000000, 0.000000000000000000 ) ) ;
#2031 = PERSON_AND_ORGANIZATION_ROLE ( 'design_owner' ) ;
#2032 = EDGE_CURVE ( 'NONE', #11549, #3850, #6301, .T. ) ;
#2033 = APPROVAL_DATE_TIME ( #5615, #971 ) ;
#2034 = CARTESIAN_POINT ( 'NONE',  ( 0.000000000000000000, 330.0000000000000000, -36.00000000000000000 ) ) ;
#2035 = ORIENTED_EDGE ( 'NONE', *, *, #453, .F. ) ;
#2036 = ORIENTED_EDGE ( 'NONE', *, *, #11051, .T. ) ;
#2037 = ADVANCED_FACE ( 'NONE', ( #7773 ), #10451, .F. ) ;
#2038 = CARTESIAN_POINT ( 'NONE',  ( 110.0000000000000000, 0.000000000000000000, 24.00000000000000000 ) ) ;
#2039 = VERTEX_POINT ( 'NONE', #1361 ) ;
#2040 = ADVANCED_BREP_SHAPE_REPRESENTATION ( '', ( #4125, #10725 ), #3951 ) ;
#2041 = ORIENTED_EDGE ( 'NONE', *, *, #1885, .T. ) ;
#2042 = CARTESIAN_POINT ( 'NONE',  ( 75.75812166592551478, 30.00000000000000000, 38.38004145393735200 ) ) ;
#2043 = DIRECTION ( 'NONE',  ( -0.000000000000000000, -1.000000000000000000, -0.000000000000000000 ) ) ;
#2044 = DIRECTION ( 'NONE',  ( 0.000000000000000000, 0.000000000000000000, -1.000000000000000000 ) ) ;
#2045 = DIRECTION ( 'NONE',  ( -0.000000000000000000, 1.000000000000000000, -0.000000000000000000 ) ) ;
#2046 = PERSON_AND_ORGANIZATION_ROLE ( 'design_owner' ) ;
#2047 = APPROVAL_DATE_TIME ( #7555, #6094 ) ;
#2048 = ITEM_DEFINED_TRANSFORMATION ( 'NONE', 'NONE', #10922,  #10725 ) ;
#2049 = CARTESIAN_POINT ( 'NONE',  ( 25.22242005078193827, 260.0000000000000000, 83.78591484719800064 ) ) ;
#2050 = EDGE_CURVE ( 'NONE', #8717, #8776, #4757, .T. ) ;
#2051 = EDGE_LOOP ( 'NONE', ( #4514, #11034, #3612, #10152, #7201, #3328, #1159, #8225, #9459, #215, #10848, #3942, #7563, #1886, #3956, #11143, #2718, #243, #6348, #5810, #3391, #3731 ) ) ;
#2052 = ORIENTED_EDGE ( 'NONE', *, *, #5255, .T. ) ;
#2053 = FACE_BOUND ( 'NONE', #3146, .T. ) ;
#2054 = APPROVAL_PERSON_ORGANIZATION ( #309, #3195, #7699 ) ;
#2055 = ORIENTED_EDGE ( 'NONE', *, *, #2584, .T. ) ;
#2056 = CARTESIAN_POINT ( 'NONE',  ( 0.000000000000000000, 48.00000000000000000, -68.99999999999998579 ) ) ;
#2057 = CARTESIAN_POINT ( 'NONE',  ( -135.0000000000000000, 31.00000000000000000, 11.00000000000000000 ) ) ;
#2058 = VECTOR ( 'NONE', #4197, 1000.000000000000000 ) ;
#2059 = CARTESIAN_POINT ( 'NONE',  ( -75.00000000000000000, 12.00000000000000000, -8.000000000000000000 ) ) ;
#2060 = VERTEX_POINT ( 'NONE', #6687 ) ;
#2061 = APPROVAL_PERSON_ORGANIZATION ( #5141, #6903, #528 ) ;
#2062 = CC_DESIGN_APPROVAL ( #6094, ( #11168 ) ) ;
#2063 = VERTEX_POINT ( 'NONE', #5060 ) ;
#2064 = EDGE_CURVE ( 'NONE', #2290, #10851, #10394, .T. ) ;
#2065 = ORIENTED_EDGE ( 'NONE', *, *, #8070, .T. ) ;
#2066 = VECTOR ( 'NONE', #10189, 1000.000000000000000 ) ;
#2067 = ORIENTED_EDGE ( 'NONE', *, *, #9854, .F. ) ;
#2068 = CARTESIAN_POINT ( 'NONE',  ( 0.000000000000000000, 225.0000000000000000, -25.00000000000000000 ) ) ;
#2069 = COORDINATED_UNIVERSAL_TIME_OFFSET ( 8, 0, .AHEAD. ) ;
#2070 = DIRECTION ( 'NONE',  ( 0.000000000000000000, 0.000000000000000000, -1.000000000000000000 ) ) ;
#2071 = ADVANCED_FACE ( 'NONE', ( #3886 ), #7579, .T. ) ;
#2072 = CARTESIAN_POINT ( 'NONE',  ( -165.0000000000000000, 0.000000000000000000, 29.00000000000000000 ) ) ;
#2073 = CC_DESIGN_APPROVAL ( #971, ( #3806 ) ) ;
#2074 = DIRECTION ( 'NONE',  ( 0.000000000000000000, 0.000000000000000000, 1.000000000000000000 ) ) ;
#2075 = DIRECTION ( 'NONE',  ( -0.000000000000000000, -1.000000000000000000, -0.000000000000000000 ) ) ;
#2076 = CONTEXT_DEPENDENT_SHAPE_REPRESENTATION ( #10370, #326 ) ;
#2077 = ORIENTED_EDGE ( 'NONE', *, *, #11232, .T. ) ;
#2078 = APPROVAL ( #1015, 'æœª' ) ;
#2079 = CC_DESIGN_APPROVAL ( #2905, ( #1882 ) ) ;
#2080 = EDGE_CURVE ( 'NONE', #8156, #3759, #8597, .T. ) ;
#2081 = ORIENTED_EDGE ( 'NONE', *, *, #8761, .F. ) ;
#2082 = FACE_BOUND ( 'NONE', #8573, .T. ) ;
#2083 = VECTOR ( 'NONE', #9012, 1000.000000000000000 ) ;
#2084 = CARTESIAN_POINT ( 'NONE',  ( 105.0000000000000000, 12.00000000000000000, -8.000000000000000000 ) ) ;
#2085 = CARTESIAN_POINT ( 'NONE',  ( 70.00000000000000000, 95.00000000000000000, 50.50000000000000000 ) ) ;
#2086 = CC_DESIGN_DATE_AND_TIME_ASSIGNMENT ( #9928, #10889, ( #8852 ) ) ;
#2087 = CARTESIAN_POINT ( 'NONE',  ( 0.000000000000000000, 31.00000000000000000, 0.000000000000000000 ) ) ;
#2088 =( REPRESENTATION_RELATIONSHIP ('NONE','NONE', #7231, #1113 ) REPRESENTATION_RELATIONSHIP_WITH_TRANSFORMATION ( #887 )SHAPE_REPRESENTATION_RELATIONSHIP( ) );
#2089 = APPROVAL_PERSON_ORGANIZATION ( #8803, #4907, #5107 ) ;
#2090 = CARTESIAN_POINT ( 'NONE',  ( 75.00000000000000000, 0.000000000000000000, 12.00000000000000000 ) ) ;
#2091 = APPROVAL_DATE_TIME ( #3898, #3695 ) ;
#2092 = APPROVAL_DATE_TIME ( #9373, #4382 ) ;
#2093 = CARTESIAN_POINT ( 'NONE',  ( -34.96597842945570278, 0.000000000000000000, 63.51086798706846537 ) ) ;
#2094 = VERTEX_POINT ( 'NONE', #9544 ) ;
#2095 = AXIS2_PLACEMENT_3D ( 'NONE', #1060, #8448, #5906 ) ;
#2096 = AXIS2_PLACEMENT_3D ( 'NONE', #4280, #11630, #4343 ) ;
#2097 = ADVANCED_FACE ( 'NONE', ( #8693 ), #392, .F. ) ;
#2098 = VERTEX_POINT ( 'NONE', #2090 ) ;
#2099 = CYLINDRICAL_SURFACE ( 'NONE', #2022, 7.000000000000020428 ) ;
#2100 = ADVANCED_FACE ( 'NONE', ( #7537, #5789 ), #3966, .T. ) ;
#2101 = VERTEX_POINT ( 'NONE', #3171 ) ;
#2102 = CARTESIAN_POINT ( 'NONE',  ( 1.408343819019456097E-14, 0.000000000000000000, 115.0000000000000000 ) ) ;
#2103 = CARTESIAN_POINT ( 'NONE',  ( -140.0000000000000000, 12.00000000000000000, 42.50000000000000000 ) ) ;
#2104 = CIRCLE ( 'NONE', #3262, 6.999999999999999112 ) ;
#2105 = CARTESIAN_POINT ( 'NONE',  ( 135.0000000000000000, 20.00000000000000000, -11.00000000000000000 ) ) ;
#2106 = CARTESIAN_POINT ( 'NONE',  ( -85.00000000000000000, 120.0000000000000000, -67.00000000000000000 ) ) ;
#2107 = EDGE_CURVE ( 'NONE', #5948, #3509, #2980, .T. ) ;
#2108 = APPLICATION_PROTOCOL_DEFINITION ( 'international standard', 'config_control_design', 1994, #9137 ) ;
#2109 = COORDINATED_UNIVERSAL_TIME_OFFSET ( 8, 0, .AHEAD. ) ;
#2110 = DIRECTION ( 'NONE',  ( 0.000000000000000000, 1.000000000000000000, 0.000000000000000000 ) ) ;
#2111 = VECTOR ( 'NONE', #2917, 1000.000000000000000 ) ;
#2112 = VERTEX_POINT ( 'NONE', #8629 ) ;
#2113 = ORIENTED_EDGE ( 'NONE', *, *, #6756, .F. ) ;
#2114 = CARTESIAN_POINT ( 'NONE',  ( 0.000000000000000000, 270.0000000000000000, -32.50000000000000000 ) ) ;
#2115 = ORIENTED_EDGE ( 'NONE', *, *, #7553, .F. ) ;
#2116 = FACE_BOUND ( 'NONE', #6049, .T. ) ;
#2117 = CARTESIAN_POINT ( 'NONE',  ( 95.00000000000000000, 95.00000000000000000, 65.00000000000000000 ) ) ;
#2118 = CARTESIAN_POINT ( 'NONE',  ( -75.75812166592551478, 30.00000000000000000, 31.38004145393735200 ) ) ;
#2119 = EDGE_LOOP ( 'NONE', ( #4941, #5821, #1801, #8401 ) ) ;
#2120 = VERTEX_POINT ( 'NONE', #5977 ) ;
#2121 = VERTEX_POINT ( 'NONE', #6872 ) ;
#2122 = ORIENTED_EDGE ( 'NONE', *, *, #7736, .T. ) ;
#2123 = DIRECTION ( 'NONE',  ( -0.000000000000000000, -1.000000000000000000, -0.000000000000000000 ) ) ;
#2124 = APPROVAL_STATUS ( 'not_yet_approved' ) ;
#2125 = FACE_OUTER_BOUND ( 'NONE', #6944, .T. ) ;
#2126 = CARTESIAN_POINT ( 'NONE',  ( 120.0000000000000000, 0.000000000000000000, -90.00000000000000000 ) ) ;
#2127 = DIRECTION ( 'NONE',  ( -0.000000000000000000, -1.000000000000000000, -0.000000000000000000 ) ) ;
#2128 = DIRECTION ( 'NONE',  ( 0.000000000000000000, 0.000000000000000000, -1.000000000000000000 ) ) ;
#2129 = ADVANCED_FACE ( 'NONE', ( #7718 ), #3104, .T. ) ;
#2130 = ITEM_DEFINED_TRANSFORMATION ( 'NONE', 'NONE', #3177,  #10725 ) ;
#2131 = ORIENTED_EDGE ( 'NONE', *, *, #879, .F. ) ;
#2132 = VERTEX_POINT ( 'NONE', #5304 ) ;
#2133 = EDGE_CURVE ( 'NONE', #4126, #7541, #8884, .T. ) ;
#2134 = CARTESIAN_POINT ( 'NONE',  ( -63.51086798706846537, 0.000000000000000000, 34.96597842945570278 ) ) ;
#2135 = CARTESIAN_POINT ( 'NONE',  ( 1.347111479062088523E-14, 48.00000000000000000, 110.0000000000000000 ) ) ;
#2136 = CARTESIAN_POINT ( 'NONE',  ( -75.75812166592551478, 0.000000000000000000, 31.38004145393735200 ) ) ;
#2137 = LINE ( 'NONE', #9542, #1078 ) ;
#2138 = CARTESIAN_POINT ( 'NONE',  ( -135.0000000000000000, 31.00000000000000000, -11.00000000000000000 ) ) ;
#2139 = CARTESIAN_POINT ( 'NONE',  ( 70.00000000000000000, 95.00000000000000000, -45.00000000000000000 ) ) ;
#2140 = ADVANCED_FACE ( 'NONE', ( #447 ), #3417, .T. ) ;
#2141 = APPROVAL_DATE_TIME ( #11559, #1773 ) ;
#2142 = PERSON_AND_ORGANIZATION ( #10860, #8800 ) ;
#2143 = CYLINDRICAL_SURFACE ( 'NONE', #2769, 6.999999999999999112 ) ;
#2144 = ORIENTED_EDGE ( 'NONE', *, *, #10650, .T. ) ;
#2145 = EDGE_CURVE ( 'NONE', #7944, #7486, #11677, .T. ) ;
#2146 = ORIENTED_EDGE ( 'NONE', *, *, #6136, .T. ) ;
#2147 = FACE_OUTER_BOUND ( 'NONE', #3807, .T. ) ;
#2148 = ORIENTED_EDGE ( 'NONE', *, *, #9008, .T. ) ;
#2149 = CARTESIAN_POINT ( 'NONE',  ( -85.00000000000000000, 120.0000000000000000, -60.00000000000000000 ) ) ;
#2150 = VECTOR ( 'NONE', #11859, 1000.000000000000000 ) ;
#2151 = DIRECTION ( 'NONE',  ( 0.000000000000000000, 1.000000000000000000, 0.000000000000000000 ) ) ;
#2152 = CC_DESIGN_PERSON_AND_ORGANIZATION_ASSIGNMENT ( #5747, #1142, ( #11168 ) ) ;
#2153 = CARTESIAN_POINT ( 'NONE',  ( -105.0000000000000000, 220.0000000000000000, -95.00000000000000000 ) ) ;
#2154 = EDGE_CURVE ( 'NONE', #1652, #3245, #6940, .T. ) ;
#2155 = PLANE ( 'NONE',  #7639 ) ;
#2156 = PRODUCT ( 'MKH-003_j1_drive', 'MKH-003_j1_drive', '', ( #3899 ) ) ;
#2157 = CALENDAR_DATE ( 2026, 29, 7 ) ;
#2158 = CALENDAR_DATE ( 2026, 29, 7 ) ;
#2159 = PERSON_AND_ORGANIZATION ( #4366, #9045 ) ;
#2160 = CIRCLE ( 'NONE', #9913, 8.999999999999994671 ) ;
#2161 = LINE ( 'NONE', #11393, #8395 ) ;
#2162 = CIRCLE ( 'NONE', #229, 95.00000000000001421 ) ;
#2163 = VERTEX_POINT ( 'NONE', #9977 ) ;
#2164 = ADVANCED_FACE ( 'NONE', ( #4153 ), #6990, .T. ) ;
#2165 = ORIENTED_EDGE ( 'NONE', *, *, #5603, .T. ) ;
#2166 = FACE_OUTER_BOUND ( 'NONE', #10461, .T. ) ;
#2167 = AXIS2_PLACEMENT_3D ( 'NONE', #10562, #11666, #11484 ) ;
#2168 = EDGE_LOOP ( 'NONE', ( #7309, #75, #678, #1689 ) ) ;
#2169 = DIRECTION ( 'NONE',  ( 0.000000000000000000, 0.000000000000000000, 1.000000000000000000 ) ) ;
#2170 = CARTESIAN_POINT ( 'NONE',  ( 110.0000000000000000, 28.00000000000000000, -24.00000000000000000 ) ) ;
#2171 = AXIS2_PLACEMENT_3D ( 'NONE', #3869, #9331, #11272 ) ;
#2172 = DIRECTION ( 'NONE',  ( 0.000000000000000000, 0.000000000000000000, 1.000000000000000000 ) ) ;
#2173 = CIRCLE ( 'NONE', #6818, 8.999999999999980460 ) ;
#2174 = ORIENTED_EDGE ( 'NONE', *, *, #6424, .T. ) ;
#2175 = EDGE_CURVE ( 'NONE', #6175, #2489, #10638, .T. ) ;
#2176 = CIRCLE ( 'NONE', #635, 8.000000000000000000 ) ;
#2177 = ORIENTED_EDGE ( 'NONE', *, *, #8924, .T. ) ;
#2178 = VERTEX_POINT ( 'NONE', #11623 ) ;
#2179 = EDGE_CURVE ( 'NONE', #5339, #295, #2445, .T. ) ;
#2180 = ORIENTED_EDGE ( 'NONE', *, *, #2145, .T. ) ;
#2181 = LINE ( 'NONE', #10617, #10694 ) ;
#2183 = LINE ( 'NONE', #8106, #6534 ) ;
#2182 = VECTOR ( 'NONE', #1568, 1000.000000000000000 ) ;
#2184 = PERSON ( 'NAUO-PER15', 'UNSPECIFIED', 'UNSPECIFIED', ('UNSPECIFIED'), ('UNSPECIFIED'), ('UNSPECIFIED') ) ;
#2185 = DIRECTION ( 'NONE',  ( -0.000000000000000000, -1.000000000000000000, -0.000000000000000000 ) ) ;
#2186 = CARTESIAN_POINT ( 'NONE',  ( 0.000000000000000000, 410.0000000000000000, 0.000000000000000000 ) ) ;
#2187 = AXIS2_PLACEMENT_3D ( 'NONE', #7930, #8789, #10666 ) ;
#2188 = CARTESIAN_POINT ( 'NONE',  ( 0.000000000000000000, 260.0000000000000000, -39.00000000000000000 ) ) ;
#2189 = CARTESIAN_POINT ( 'NONE',  ( -272.5000000000000000, 38.00000000000000000, 0.000000000000000000 ) ) ;
#2190 = DATE_AND_TIME ( #3953, #6537 ) ;
#2191 =( GEOMETRIC_REPRESENTATION_CONTEXT ( 3 ) GLOBAL_UNCERTAINTY_ASSIGNED_CONTEXT ( ( #2801 ) ) GLOBAL_UNIT_ASSIGNED_CONTEXT ( ( #3340, #558, #5228 ) ) REPRESENTATION_CONTEXT ( 'NONE', 'WORKASPACE' ) );
#2192 = ORIENTED_EDGE ( 'NONE', *, *, #4092, .F. ) ;
#2193 = ORIENTED_EDGE ( 'NONE', *, *, #10180, .F. ) ;
#2194 = VECTOR ( 'NONE', #11519, 1000.000000000000000 ) ;
#2195 = CYLINDRICAL_SURFACE ( 'NONE', #4911, 38.00000000000000000 ) ;
#2196 = DIRECTION ( 'NONE',  ( -0.000000000000000000, -1.000000000000000000, -0.000000000000000000 ) ) ;
#2197 = ADVANCED_FACE ( 'NONE', ( #6089 ), #10695, .F. ) ;
#2198 = LINE ( 'NONE', #3099, #5832 ) ;
#2199 = FACE_BOUND ( 'NONE', #8303, .T. ) ;
#2200 =( GEOMETRIC_REPRESENTATION_CONTEXT ( 3 ) GLOBAL_UNCERTAINTY_ASSIGNED_CONTEXT ( ( #6435 ) ) GLOBAL_UNIT_ASSIGNED_CONTEXT ( ( #5816, #9580, #3080 ) ) REPRESENTATION_CONTEXT ( 'NONE', 'WORKASPACE' ) );
#2202 = CARTESIAN_POINT ( 'NONE',  ( 20.18428497440907066, 220.0000000000000000, -69.63364589099037971 ) ) ;
#2201 = VECTOR ( 'NONE', #3238, 1000.000000000000000 ) ;
#2203 = DIRECTION ( 'NONE',  ( 0.000000000000000000, 1.000000000000000000, 0.000000000000000000 ) ) ;
#2204 = LINE ( 'NONE', #1175, #8424 ) ;
#2205 = CIRCLE ( 'NONE', #8796, 18.00000000000000000 ) ;
#2206 = APPLICATION_PROTOCOL_DEFINITION ( 'international standard', 'config_control_design', 1994, #11299 ) ;
#2207 = PERSON_AND_ORGANIZATION ( #10860, #8800 ) ;
#2208 = DIRECTION ( 'NONE',  ( -0.000000000000000000, -1.000000000000000000, -0.000000000000000000 ) ) ;
#2209 = ORIENTED_EDGE ( 'NONE', *, *, #935, .F. ) ;
#2210 = VERTEX_POINT ( 'NONE', #629 ) ;
#2211 = CIRCLE ( 'NONE', #477, 32.50000000000000000 ) ;
#2212 = CARTESIAN_POINT ( 'NONE',  ( -115.0000000000000000, 12.00000000000000000, -28.00000000000000000 ) ) ;
#2213 = EDGE_CURVE ( 'NONE', #10417, #3581, #10343, .T. ) ;
#2214 = ORIENTED_EDGE ( 'NONE', *, *, #4240, .T. ) ;
#2215 = DIRECTION ( 'NONE',  ( -0.000000000000000000, -0.000000000000000000, 1.000000000000000000 ) ) ;
#2216 = CARTESIAN_POINT ( 'NONE',  ( 0.000000000000000000, 285.0000000000000000, 0.000000000000000000 ) ) ;
#2217 = DIRECTION ( 'NONE',  ( 0.000000000000000000, 0.000000000000000000, 1.000000000000000000 ) ) ;
#2218 = DIRECTION ( 'NONE',  ( -0.000000000000000000, -1.000000000000000000, -0.000000000000000000 ) ) ;
#2219 = APPROVAL_PERSON_ORGANIZATION ( #8648, #2816, #4045 ) ;
#2220 = CIRCLE ( 'NONE', #9197, 9.000000000000007105 ) ;
#2221 = PERSON_AND_ORGANIZATION_ROLE ( 'creator' ) ;
#2222 = APPROVAL_DATE_TIME ( #5075, #2896 ) ;
#2223 = APPROVAL_DATE_TIME ( #6827, #2607 ) ;
#2224 = CC_DESIGN_PERSON_AND_ORGANIZATION_ASSIGNMENT ( #9311, #11199, ( #10827 ) ) ;
#2225 = APPROVAL ( #9503, 'æœª' ) ;
#2226 = CARTESIAN_POINT ( 'NONE',  ( -75.75812166592551478, 0.000000000000000000, -31.38004145393736266 ) ) ;
#2227 = EDGE_LOOP ( 'NONE', ( #3569, #11775, #607, #4442 ) ) ;
#2228 = CIRCLE ( 'NONE', #10358, 4.500000000000003553 ) ;
#2229 = ORIENTED_EDGE ( 'NONE', *, *, #743, .F. ) ;
#2230 = DIRECTION ( 'NONE',  ( 0.000000000000000000, 0.000000000000000000, 1.000000000000000000 ) ) ;
#2231 = VERTEX_POINT ( 'NONE', #8999 ) ;
#2232 = CARTESIAN_POINT ( 'NONE',  ( 0.000000000000000000, 185.0000000000000000, 0.000000000000000000 ) ) ;
#2233 = FACE_OUTER_BOUND ( 'NONE', #7617, .T. ) ;
#2234 = PRODUCT_DEFINITION ( 'æœ', '', #5957, #1864 ) ;
#2235 = DIRECTION ( 'NONE',  ( 0.000000000000000000, 0.000000000000000000, -1.000000000000000000 ) ) ;
#2236 = DATE_AND_TIME ( #5877, #2442 ) ;
#2237 = DIRECTION ( 'NONE',  ( 0.000000000000000000, 0.000000000000000000, -1.000000000000000000 ) ) ;
#2238 = ORIENTED_EDGE ( 'NONE', *, *, #5220, .T. ) ;
#2239 = SECURITY_CLASSIFICATION ( '', '', #11373 ) ;
#2240 = VERTEX_POINT ( 'NONE', #9909 ) ;
#2241 = ORIENTED_EDGE ( 'NONE', *, *, #314, .T. ) ;
#2242 = FACE_OUTER_BOUND ( 'NONE', #2438, .T. ) ;
#2243 = FACE_OUTER_BOUND ( 'NONE', #11829, .T. ) ;
#2244 = ADVANCED_FACE ( 'NONE', ( #6027 ), #8750, .T. ) ;
#2245 = AXIS2_PLACEMENT_3D ( 'NONE', #4809, #8498, #195 ) ;
#2246 = DIRECTION ( 'NONE',  ( 0.000000000000000000, 1.000000000000000000, 0.000000000000000000 ) ) ;
#2247 = DIRECTION ( 'NONE',  ( -0.000000000000000000, -1.000000000000000000, -0.000000000000000000 ) ) ;
#2248 = APPROVAL_PERSON_ORGANIZATION ( #11709, #5207, #6843 ) ;
#2249 = CARTESIAN_POINT ( 'NONE',  ( -78.52976026345936589, 260.0000000000000000, -41.52809175103262618 ) ) ;
#2250 = ADVANCED_FACE ( 'NONE', ( #8814 ), #4394, .F. ) ;
#2251 = CALENDAR_DATE ( 2026, 29, 7 ) ;
#2252 = VERTEX_POINT ( 'NONE', #10871 ) ;
#2253 = AXIS2_PLACEMENT_3D ( 'NONE', #10301, #184, #3930 ) ;
#2254 = ORIENTED_EDGE ( 'NONE', *, *, #3787, .F. ) ;
#2255 = PLANE ( 'NONE',  #10117 ) ;
#2256 = SECURITY_CLASSIFICATION ( '', '', #7673 ) ;
#2257 = ORIENTED_EDGE ( 'NONE', *, *, #4415, .F. ) ;
#2258 = CARTESIAN_POINT ( 'NONE',  ( 75.75812166592551478, 0.000000000000000000, -24.38004145393736621 ) ) ;
#2259 = CC_DESIGN_APPROVAL ( #9568, ( #8306 ) ) ;
#2260 = DIRECTION ( 'NONE',  ( 0.000000000000000000, 0.000000000000000000, 1.000000000000000000 ) ) ;
#2261 = FACE_OUTER_BOUND ( 'NONE', #6408, .T. ) ;
#2262 = DIRECTION ( 'NONE',  ( -0.000000000000000000, -0.000000000000000000, 1.000000000000000000 ) ) ;
#2263 = CARTESIAN_POINT ( 'NONE',  ( 0.000000000000000000, 260.0000000000000000, 0.000000000000000000 ) ) ;
#2264 = VECTOR ( 'NONE', #4720, 1000.000000000000000 ) ;
#2265 = DIRECTION ( 'NONE',  ( 0.000000000000000000, -0.000000000000000000, 1.000000000000000000 ) ) ;
#2266 = APPROVAL_STATUS ( 'not_yet_approved' ) ;
#2267 = PERSON_AND_ORGANIZATION ( #10860, #8800 ) ;
#2268 = DIRECTION ( 'NONE',  ( 0.000000000000000000, 0.000000000000000000, 1.000000000000000000 ) ) ;
#2269 = ORIENTED_EDGE ( 'NONE', *, *, #9257, .F. ) ;
#2270 = CC_DESIGN_SECURITY_CLASSIFICATION ( #9632, ( #11994 ) ) ;
#2271 = ADVANCED_FACE ( 'NONE', ( #9857 ), #1480, .F. ) ;
#2272 = VERTEX_POINT ( 'NONE', #1546 ) ;
#2273 = AXIS2_PLACEMENT_3D ( 'NONE', #5315, #4230, #4406 ) ;
#2274 = AXIS2_PLACEMENT_3D ( 'NONE', #715, #3497, #4421 ) ;
#2275 = CARTESIAN_POINT ( 'NONE',  ( 7.960204194457797252E-15, 50.00000000000000000, 65.00000000000000000 ) ) ;
#2276 = CARTESIAN_POINT ( 'NONE',  ( 75.75812166592551478, 30.00000000000000000, 38.38004145393735200 ) ) ;
#2277 = DIRECTION ( 'NONE',  ( 0.000000000000000000, 0.000000000000000000, 1.000000000000000000 ) ) ;
#2278 = ORIENTED_EDGE ( 'NONE', *, *, #2369, .T. ) ;
#2279 = DIRECTION ( 'NONE',  ( 0.000000000000000000, 1.000000000000000000, 0.000000000000000000 ) ) ;
#2280 = DIRECTION ( 'NONE',  ( 0.000000000000000000, -0.000000000000000000, 1.000000000000000000 ) ) ;
#2281 = PERSON_AND_ORGANIZATION_ROLE ( 'design_supplier' ) ;
#2282 = AXIS2_PLACEMENT_3D ( 'NONE', #11744, #1553, #10647 ) ;
#2283 = AXIS2_PLACEMENT_3D ( 'NONE', #4835, #6882, #4947 ) ;
#2284 = COORDINATED_UNIVERSAL_TIME_OFFSET ( 8, 0, .AHEAD. ) ;
#2285 = EDGE_CURVE ( 'NONE', #4460, #11563, #4543, .T. ) ;
#2286 = DATE_AND_TIME ( #8650, #323 ) ;
#2287 = DIRECTION ( 'NONE',  ( 0.000000000000000000, 0.000000000000000000, 1.000000000000000000 ) ) ;
#2288 = ORIENTED_EDGE ( 'NONE', *, *, #6294, .T. ) ;
#2289 = VECTOR ( 'NONE', #2383, 1000.000000000000000 ) ;
#2290 = VERTEX_POINT ( 'NONE', #6267 ) ;
#2291 = LINE ( 'NONE', #5932, #4117 ) ;
#2292 = ORIENTED_EDGE ( 'NONE', *, *, #1563, .T. ) ;
#2293 = LINE ( 'NONE', #3267, #2848 ) ;
#2294 = CARTESIAN_POINT ( 'NONE',  ( -140.0000000000000000, 12.00000000000000000, 42.50000000000000000 ) ) ;
#2295 = CYLINDRICAL_SURFACE ( 'NONE', #11026, 95.00000000000001421 ) ;
#2296 = DIRECTION ( 'NONE',  ( 0.3746065934159120148, -0.9271838545667874243, 6.123233995736766036E-17 ) ) ;
#2297 = DATE_TIME_ROLE ( 'classification_date' ) ;
#2298 = APPROVAL ( #10886, 'æœª' ) ;
#2299 = CARTESIAN_POINT ( 'NONE',  ( 0.000000000000000000, 145.0000000000000000, -57.50000000000000000 ) ) ;
#2300 = EDGE_CURVE ( 'NONE', #10548, #10308, #3477, .T. ) ;
#2301 = VECTOR ( 'NONE', #1658, 1000.000000000000000 ) ;
#2302 = ORIENTED_EDGE ( 'NONE', *, *, #4227, .T. ) ;
#2303 = ORIENTED_EDGE ( 'NONE', *, *, #1905, .T. ) ;
#2304 = VERTEX_POINT ( 'NONE', #11922 ) ;
#2305 = CARTESIAN_POINT ( 'NONE',  ( 245.0000000000000000, 20.00000000000000000, -64.00000000000000000 ) ) ;
#2306 = CARTESIAN_POINT ( 'NONE',  ( 85.00000000000000000, 0.000000000000000000, -52.99999999999999289 ) ) ;
#2307 = FACE_OUTER_BOUND ( 'NONE', #761, .T. ) ;
#2308 = AXIS2_PLACEMENT_3D ( 'NONE', #11734, #3415, #10869 ) ;
#2309 = UNCERTAINTY_MEASURE_WITH_UNIT (LENGTH_MEASURE( 1.000000000000000082E-05 ), #431, 'distance_accuracy_value', 'NONE');
#2310 = CC_DESIGN_PERSON_AND_ORGANIZATION_ASSIGNMENT ( #8334, #7594, ( #5156 ) ) ;
#2311 = DIRECTION ( 'NONE',  ( 0.000000000000000000, 0.000000000000000000, 1.000000000000000000 ) ) ;
#2312 = ADVANCED_FACE ( 'NONE', ( #754 ), #9064, .F. ) ;
#2313 = FACE_BOUND ( 'NONE', #7444, .T. ) ;
#2314 = ITEM_DEFINED_TRANSFORMATION ( 'NONE', 'NONE', #11326,  #10725 ) ;
#2315 =( REPRESENTATION_RELATIONSHIP ('NONE','NONE', #7231, #10643 ) REPRESENTATION_RELATIONSHIP_WITH_TRANSFORMATION ( #10653 )SHAPE_REPRESENTATION_RELATIONSHIP( ) );
#2316 = ORIENTED_EDGE ( 'NONE', *, *, #11603, .T. ) ;
#2317 = ORIENTED_EDGE ( 'NONE', *, *, #3867, .F. ) ;
#2318 = DIRECTION ( 'NONE',  ( 0.000000000000000000, 0.000000000000000000, -1.000000000000000000 ) ) ;
#2319 = ORIENTED_EDGE ( 'NONE', *, *, #9106, .F. ) ;
#2320 = LINE ( 'NONE', #2379, #5069 ) ;
#2321 = EDGE_CURVE ( 'NONE', #4831, #9810, #5516, .T. ) ;
#2322 = FACE_BOUND ( 'NONE', #2119, .T. ) ;
#2323 = LINE ( 'NONE', #502, #8104 ) ;
#2324 = DIRECTION ( 'NONE',  ( 0.000000000000000000, 0.000000000000000000, 1.000000000000000000 ) ) ;
#2325 = DIRECTION ( 'NONE',  ( 0.000000000000000000, 0.000000000000000000, -1.000000000000000000 ) ) ;
#2326 = CARTESIAN_POINT ( 'NONE',  ( -55.48909769293801020, 30.00000000000000000, 142.9625322141366155 ) ) ;
#2327 = CALENDAR_DATE ( 2026, 29, 7 ) ;
#2328 = APPROVAL_DATE_TIME ( #6942, #4176 ) ;
#2329 = DIRECTION ( 'NONE',  ( 0.000000000000000000, 1.000000000000000000, 0.000000000000000000 ) ) ;
#2330 = ORIENTED_EDGE ( 'NONE', *, *, #10305, .T. ) ;
#2331 = ADVANCED_FACE ( 'NONE', ( #10937 ), #6562, .T. ) ;
#2332 = EDGE_LOOP ( 'NONE', ( #2586, #1168, #4488, #10928 ) ) ;
#2333 = DIRECTION ( 'NONE',  ( 0.000000000000000000, 0.000000000000000000, -1.000000000000000000 ) ) ;
#2334 = LINE ( 'NONE', #6160, #9256 ) ;
#2335 = DIRECTION ( 'NONE',  ( 0.000000000000000000, 1.000000000000000000, 0.000000000000000000 ) ) ;
#2336 = PLANE ( 'NONE',  #4225 ) ;
#2337 = CARTESIAN_POINT ( 'NONE',  ( 31.38004145393736266, 30.00000000000000000, -75.75812166592551478 ) ) ;
#2338 = DATE_AND_TIME ( #10651, #7439 ) ;
#2339 = PERSON_AND_ORGANIZATION ( #10860, #8800 ) ;
#2340 = ITEM_DEFINED_TRANSFORMATION ( 'NONE', 'NONE', #4542,  #10725 ) ;
#2341 = ORIENTED_EDGE ( 'NONE', *, *, #1041, .F. ) ;
#2342 = PRODUCT_DEFINITION_SHAPE ( 'NONE', 'NONE',  #12003 ) ;
#2343 = CIRCLE ( 'NONE', #10864, 9.000000000000007105 ) ;
#2344 = LINE ( 'NONE', #9994, #11121 ) ;
#2345 = VERTEX_POINT ( 'NONE', #10148 ) ;
#2346 = EDGE_LOOP ( 'NONE', ( #2889, #2454, #6753, #11169 ) ) ;
#2347 = DIRECTION ( 'NONE',  ( 0.000000000000000000, 1.000000000000000000, 0.000000000000000000 ) ) ;
#2348 = EDGE_CURVE ( 'NONE', #4742, #3112, #807, .T. ) ;
#2349 = ORIENTED_EDGE ( 'NONE', *, *, #760, .T. ) ;
#2350 = CARTESIAN_POINT ( 'NONE',  ( -196.0000000000000000, 20.00000000000000000, 0.000000000000000000 ) ) ;
#2351 = CYLINDRICAL_SURFACE ( 'NONE', #8560, 8.999999999999994671 ) ;
#2352 = CARTESIAN_POINT ( 'NONE',  ( 0.000000000000000000, 410.0000000000000000, 0.000000000000000000 ) ) ;
#2353 = CARTESIAN_POINT ( 'NONE',  ( 893.5002836855946953, 669.6047378353264321, -112.5000000000000000 ) ) ;
#2354 = DATE_AND_TIME ( #9763, #10379 ) ;
#2355 = VECTOR ( 'NONE', #3029, 1000.000000000000000 ) ;
#2356 = CARTESIAN_POINT ( 'NONE',  ( 85.00000000000000000, 120.0000000000000000, 60.00000000000000000 ) ) ;
#2357 = AXIS2_PLACEMENT_3D ( 'NONE', #8978, #6248, #1756 ) ;
#2358 = VERTEX_POINT ( 'NONE', #5483 ) ;
#2359 = EDGE_LOOP ( 'NONE', ( #731, #1448, #3482, #5472 ) ) ;
#2360 = ORIENTED_EDGE ( 'NONE', *, *, #59, .T. ) ;
#2361 = VECTOR ( 'NONE', #5693, 1000.000000000000000 ) ;
#2362 = DIRECTION ( 'NONE',  ( 0.000000000000000000, 0.000000000000000000, -1.000000000000000000 ) ) ;
#2363 = ADVANCED_FACE ( 'NONE', ( #5540 ), #11117, .T. ) ;
#2364 = DIRECTION ( 'NONE',  ( 0.000000000000000000, 0.000000000000000000, -1.000000000000000000 ) ) ;
#2365 = CARTESIAN_POINT ( 'NONE',  ( 0.000000000000000000, 12.00000000000000000, 8.000000000000000000 ) ) ;
#2366 = CIRCLE ( 'NONE', #10307, 8.000000000000010658 ) ;
#2367 = EDGE_CURVE ( 'NONE', #7695, #7255, #4689, .T. ) ;
#2368 = DIRECTION ( 'NONE',  ( 0.000000000000000000, 1.000000000000000000, 0.000000000000000000 ) ) ;
#2369 = EDGE_CURVE ( 'NONE', #3868, #1409, #2406, .T. ) ;
#2370 = AXIS2_PLACEMENT_3D ( 'NONE', #1903, #810, #10041 ) ;
#2371 = CALENDAR_DATE ( 2026, 29, 7 ) ;
#2372 = EDGE_LOOP ( 'NONE', ( #9960, #9721, #2957, #4124 ) ) ;
#2373 = AXIS2_PLACEMENT_3D ( 'NONE', #3751, #9334, #4796 ) ;
#2374 = ORIENTED_EDGE ( 'NONE', *, *, #10787, .F. ) ;
#2375 = LINE ( 'NONE', #9783, #2392 ) ;
#2376 = PRODUCT_RELATED_PRODUCT_CATEGORY ( 'detail', '', ( #1293 ) ) ;
#2377 = EDGE_CURVE ( 'NONE', #9168, #10797, #6275, .T. ) ;
#2378 = ORIENTED_EDGE ( 'NONE', *, *, #9967, .F. ) ;
#2379 = CARTESIAN_POINT ( 'NONE',  ( -55.48909769293801020, 30.00000000000000000, -124.9625322141365871 ) ) ;
#2380 = CIRCLE ( 'NONE', #2002, 38.00000000000000000 ) ;
#2381 = AXIS2_PLACEMENT_3D ( 'NONE', #918, #6312, #10192 ) ;
#2382 = FACE_OUTER_BOUND ( 'NONE', #8068, .T. ) ;
#2383 = DIRECTION ( 'NONE',  ( 0.000000000000000000, 0.000000000000000000, -1.000000000000000000 ) ) ;
#2384 = FACE_BOUND ( 'NONE', #3176, .T. ) ;
#2385 = DIRECTION ( 'NONE',  ( -0.000000000000000000, 1.000000000000000000, -0.000000000000000000 ) ) ;
#2386 = CC_DESIGN_PERSON_AND_ORGANIZATION_ASSIGNMENT ( #8265, #10210, ( #531 ) ) ;
#2387 = DIRECTION ( 'NONE',  ( 0.000000000000000000, 0.000000000000000000, -1.000000000000000000 ) ) ;
#2388 = VECTOR ( 'NONE', #3449, 1000.000000000000000 ) ;
#2389 = APPROVAL_ROLE ( '' ) ;
#2390 = CARTESIAN_POINT ( 'NONE',  ( 180.0000000000000000, 28.00000000000000000, 155.0000000000000000 ) ) ;
#2391 = ORIENTED_EDGE ( 'NONE', *, *, #11155, .F. ) ;
#2392 = VECTOR ( 'NONE', #1470, 1000.000000000000000 ) ;
#2393 = AXIS2_PLACEMENT_3D ( 'NONE', #4033, #5980, #5063 ) ;
#2394 = ORIENTED_EDGE ( 'NONE', *, *, #5142, .T. ) ;
#2395 = CARTESIAN_POINT ( 'NONE',  ( 0.000000000000000000, 260.0000000000000000, 0.000000000000000000 ) ) ;
#2396 = CIRCLE ( 'NONE', #11897, 9.000000000000021316 ) ;
#2397 = CARTESIAN_POINT ( 'NONE',  ( 0.000000000000000000, 30.00000000000000000, 0.000000000000000000 ) ) ;
#2398 = CIRCLE ( 'NONE', #6661, 87.50000000000000000 ) ;
#2399 = LINE ( 'NONE', #11688, #3246 ) ;
#2400 = EDGE_CURVE ( 'NONE', #10113, #6971, #8985, .T. ) ;
#2401 = CARTESIAN_POINT ( 'NONE',  ( 117.5000000000000000, 20.00000000000000000, 24.00000000000000000 ) ) ;
#2402 = DIRECTION ( 'NONE',  ( 0.000000000000000000, 1.000000000000000000, 0.000000000000000000 ) ) ;
#2403 = PERSON_AND_ORGANIZATION ( #10860, #8800 ) ;
#2404 = PERSON_AND_ORGANIZATION_ROLE ( 'creator' ) ;
#2405 = PERSON_AND_ORGANIZATION_ROLE ( 'classification_officer' ) ;
#2406 = CIRCLE ( 'NONE', #7815, 68.99999999999998579 ) ;
#2407 = EDGE_CURVE ( 'NONE', #11336, #11740, #8262, .T. ) ;
#2408 = VECTOR ( 'NONE', #1490, 1000.000000000000000 ) ;
#2409 = CYLINDRICAL_SURFACE ( 'NONE', #7426, 8.999999999999980460 ) ;
#2410 = ORIENTED_EDGE ( 'NONE', *, *, #9372, .F. ) ;
#2411 = VERTEX_POINT ( 'NONE', #2627 ) ;
#2412 = LOCAL_TIME ( 1, 43, 37.00000000000000000, #7791 ) ;
#2413 = CIRCLE ( 'NONE', #2604, 43.99999999999997158 ) ;
#2414 = VERTEX_POINT ( 'NONE', #6328 ) ;
#2415 = CARTESIAN_POINT ( 'NONE',  ( 272.5000000000000000, 22.00000000000000000, 0.000000000000000000 ) ) ;
#2416 = CARTESIAN_POINT ( 'NONE',  ( -66.51932634081263984, 0.000000000000000000, 27.55320713028645585 ) ) ;
#2417 = CARTESIAN_POINT ( 'NONE',  ( 70.00000000000000000, 95.00000000000000000, 45.00000000000000000 ) ) ;
#2418 = PERSON_AND_ORGANIZATION_ROLE ( 'design_supplier' ) ;
#2419 = DIRECTION ( 'NONE',  ( -0.000000000000000000, -1.000000000000000000, -0.000000000000000000 ) ) ;
#2420 = EDGE_CURVE ( 'NONE', #8342, #2358, #5426, .T. ) ;
#2421 = VERTEX_POINT ( 'NONE', #7462 ) ;
#2422 = AXIS2_PLACEMENT_3D ( 'NONE', #8526, #7848, #10465 ) ;
#2423 = VERTEX_POINT ( 'NONE', #7291 ) ;
#2424 = ORIENTED_EDGE ( 'NONE', *, *, #1946, .T. ) ;
#2425 = ORIENTED_EDGE ( 'NONE', *, *, #10193, .F. ) ;
#2426 = PLANE ( 'NONE',  #7197 ) ;
#2427 = ORIENTED_EDGE ( 'NONE', *, *, #6424, .F. ) ;
#2428 = CARTESIAN_POINT ( 'NONE',  ( 31.38004145393736266, 30.00000000000000000, 75.75812166592551478 ) ) ;
#2429 = DIRECTION ( 'NONE',  ( 0.000000000000000000, 0.000000000000000000, 1.000000000000000000 ) ) ;
#2430 = DIRECTION ( 'NONE',  ( 0.000000000000000000, 1.000000000000000000, 0.000000000000000000 ) ) ;
#2431 = PERSON_AND_ORGANIZATION_ROLE ( 'classification_officer' ) ;
#2432 = LOCAL_TIME ( 1, 43, 37.00000000000000000, #2993 ) ;
#2433 = EDGE_CURVE ( 'NONE', #6971, #5467, #11000, .T. ) ;
#2434 = ORIENTED_EDGE ( 'NONE', *, *, #7932, .F. ) ;
#2435 = ORIENTED_EDGE ( 'NONE', *, *, #6866, .F. ) ;
#2436 = PLANE ( 'NONE',  #5309 ) ;
#2437 = AXIS2_PLACEMENT_3D ( 'NONE', #4861, #9527, #10315 ) ;
#2438 = EDGE_LOOP ( 'NONE', ( #4292, #6390, #9100, #1352 ) ) ;
#2439 = FACE_OUTER_BOUND ( 'NONE', #1811, .T. ) ;
#2440 = DIRECTION ( 'NONE',  ( 0.000000000000000000, 1.000000000000000000, 0.000000000000000000 ) ) ;
#2441 = CARTESIAN_POINT ( 'NONE',  ( -272.5000000000000000, 0.000000000000000000, 52.49999999999997868 ) ) ;
#2442 = LOCAL_TIME ( 1, 43, 37.00000000000000000, #10543 ) ;
#2443 = LINE ( 'NONE', #10635, #6754 ) ;
#2444 = FACE_OUTER_BOUND ( 'NONE', #1036, .T. ) ;
#2445 = LINE ( 'NONE', #7836, #2201 ) ;
#2446 = AXIS2_PLACEMENT_3D ( 'NONE', #9280, #10976, #11099 ) ;
#2447 = ITEM_DEFINED_TRANSFORMATION ( 'NONE', 'NONE', #1056,  #7813 ) ;
#2449 = CARTESIAN_POINT ( 'NONE',  ( 31.38004145393736266, 30.00000000000000000, -75.75812166592551478 ) ) ;
#2448 = APPROVAL ( #2266, 'æœª' ) ;
#2450 = EDGE_LOOP ( 'NONE', ( #7935, #4110 ) ) ;
#2451 = EDGE_CURVE ( 'NONE', #2345, #8284, #22, .T. ) ;
#2452 = CC_DESIGN_APPROVAL ( #2455, ( #2256 ) ) ;
#2453 = LOCAL_TIME ( 1, 43, 37.00000000000000000, #6628 ) ;
#2454 = ORIENTED_EDGE ( 'NONE', *, *, #3219, .T. ) ;
#2455 = APPROVAL ( #5864, 'UNKNOWN' ) ;
#2456 = CARTESIAN_POINT ( 'NONE',  ( 75.00000000000000000, 0.000000000000000000, 8.000000000000000000 ) ) ;
#2457 = VECTOR ( 'NONE', #1567, 1000.000000000000000 ) ;
#2458 = LINE ( 'NONE', #6277, #4022 ) ;
#2459 = LINE ( 'NONE', #8095, #7495 ) ;
#2460 = DIRECTION ( 'NONE',  ( 0.000000000000000000, 1.000000000000000000, 0.000000000000000000 ) ) ;
#2461 = LOCAL_TIME ( 1, 43, 37.00000000000000000, #827 ) ;
#2462 = CC_DESIGN_SECURITY_CLASSIFICATION ( #5567, ( #11998 ) ) ;
#2463 = CARTESIAN_POINT ( 'NONE',  ( 115.0000000000000000, 0.000000000000000000, 32.50000000000000711 ) ) ;
#2464 = CALENDAR_DATE ( 2026, 29, 7 ) ;
#2465 = APPROVAL_DATE_TIME ( #9133, #4897 ) ;
#2466 = ADVANCED_FACE ( 'NONE', ( #1772 ), #6499, .F. ) ;
#2467 = ORIENTED_EDGE ( 'NONE', *, *, #1364, .F. ) ;
#2468 = VECTOR ( 'NONE', #7913, 1000.000000000000000 ) ;
#2469 = EDGE_CURVE ( 'NONE', #7631, #7218, #85, .T. ) ;
#2470 = SECURITY_CLASSIFICATION ( '', '', #3657 ) ;
#2471 = CARTESIAN_POINT ( 'NONE',  ( 105.0000000000000000, 0.000000000000000000, -95.00000000000000000 ) ) ;
#2472 = ORIENTED_EDGE ( 'NONE', *, *, #108, .T. ) ;
#2473 = ORIENTED_EDGE ( 'NONE', *, *, #2833, .F. ) ;
#2474 = DIRECTION ( 'NONE',  ( 0.000000000000000000, 0.000000000000000000, -1.000000000000000000 ) ) ;
#2475 = ORIENTED_EDGE ( 'NONE', *, *, #907, .F. ) ;
#2476 = ADVANCED_FACE ( 'NONE', ( #6439 ), #7400, .T. ) ;
#2477 = CLOSED_SHELL ( 'NONE', ( #2550, #5045, #7833, #1247, #11194, #11339, #5813, #10866, #7795, #8062, #11651, #8356, #7378, #9819, #6077, #10326, #7131 ) ) ;
#2478 = CIRCLE ( 'NONE', #7317, 68.99999999999998579 ) ;
#2479 = CYLINDRICAL_SURFACE ( 'NONE', #7484, 52.49999999999997868 ) ;
#2480 = PLANE ( 'NONE',  #7403 ) ;
#2481 = DIRECTION ( 'NONE',  ( -0.000000000000000000, -1.000000000000000000, -0.000000000000000000 ) ) ;
#2482 =( REPRESENTATION_RELATIONSHIP ('NONE','NONE', #4449, #4839 ) REPRESENTATION_RELATIONSHIP_WITH_TRANSFORMATION ( #5806 )SHAPE_REPRESENTATION_RELATIONSHIP( ) );
#2483 = APPROVAL_DATE_TIME ( #2714, #905 ) ;
#2484 = ORGANIZATION ( 'NAUO-ORG10', 'UNSPECIFIED', 'UNSPECIFIED' ) ;
#2485 = CARTESIAN_POINT ( 'NONE',  ( -105.0000000000000000, 220.0000000000000000, 95.00000000000000000 ) ) ;
#2486 = ORIENTED_EDGE ( 'NONE', *, *, #9930, .T. ) ;
#2487 = ADVANCED_FACE ( 'NONE', ( #198 ), #6614, .F. ) ;
#2488 = AXIS2_PLACEMENT_3D ( 'NONE', #1923, #1798, #5623 ) ;
#2489 = VERTEX_POINT ( 'NONE', #1048 ) ;
#2490 = ORIENTED_EDGE ( 'NONE', *, *, #4672, .F. ) ;
#2491 = PLANE ( 'NONE',  #11091 ) ;
#2492 = EDGE_LOOP ( 'NONE', ( #1131, #2036, #978, #1746, #8580, #9385, #11696, #1070, #1147, #6032, #623, #1306 ) ) ;
#2493 = FACE_OUTER_BOUND ( 'NONE', #8172, .T. ) ;
#2494 = CARTESIAN_POINT ( 'NONE',  ( 8.878689293818309285E-15, 245.0000000000000000, 72.50000000000000000 ) ) ;
#2495 = DIRECTION ( 'NONE',  ( 0.000000000000000000, 1.000000000000000000, 0.000000000000000000 ) ) ;
#2496 = VERTEX_POINT ( 'NONE', #3093 ) ;
#2497 = ORIENTED_EDGE ( 'NONE', *, *, #2107, .F. ) ;
#2498 = CARTESIAN_POINT ( 'NONE',  ( 0.000000000000000000, 410.0000000000000000, -95.00000000000001421 ) ) ;
#2499 = ORIENTED_EDGE ( 'NONE', *, *, #3203, .F. ) ;
#2500 = CARTESIAN_POINT ( 'NONE',  ( 135.0000000000000000, 28.00000000000000000, 105.0000000000000000 ) ) ;
#2501 = CIRCLE ( 'NONE', #2308, 52.50000000000000000 ) ;
#2502 = DIRECTION ( 'NONE',  ( 0.000000000000000000, 1.000000000000000000, 0.000000000000000000 ) ) ;
#2503 = FACE_BOUND ( 'NONE', #2795, .T. ) ;
#2504 = EDGE_CURVE ( 'NONE', #11273, #440, #8502, .T. ) ;
#2505 = DIRECTION ( 'NONE',  ( 1.776356839400250465E-15, 0.000000000000000000, -1.000000000000000000 ) ) ;
#2506 = DIRECTION ( 'NONE',  ( 0.000000000000000000, 0.000000000000000000, -1.000000000000000000 ) ) ;
#2507 = CARTESIAN_POINT ( 'NONE',  ( 15.00000000000000000, 28.00000000000000000, 7.500000000000000000 ) ) ;
#2508 = DATE_AND_TIME ( #5428, #10407 ) ;
#2509 = DIRECTION ( 'NONE',  ( 0.000000000000000000, 1.000000000000000000, 0.000000000000000000 ) ) ;
#2510 = EDGE_CURVE ( 'NONE', #2727, #10113, #9415, .T. ) ;
#2511 = ORIENTED_EDGE ( 'NONE', *, *, #7140, .F. ) ;
#2512 = CARTESIAN_POINT ( 'NONE',  ( 0.000000000000000000, 50.00000000000000000, 0.000000000000000000 ) ) ;
#2513 = DIRECTION ( 'NONE',  ( 0.000000000000000000, 0.000000000000000000, 1.000000000000000000 ) ) ;
#2514 = ADVANCED_FACE ( 'NONE', ( #142 ), #3950, .F. ) ;
#2515 = LINE ( 'NONE', #1431, #739 ) ;
#2516 = CARTESIAN_POINT ( 'NONE',  ( 0.000000000000000000, 30.00000000000000000, -60.00000000000000000 ) ) ;
#2517 = CARTESIAN_POINT ( 'NONE',  ( 115.0000000000000000, 0.000000000000000000, -28.00000000000000000 ) ) ;
#2518 = APPROVAL_DATE_TIME ( #6399, #1053 ) ;
#2519 = CALENDAR_DATE ( 2026, 29, 7 ) ;
#2520 = PERSON_AND_ORGANIZATION_ROLE ( 'classification_officer' ) ;
#2521 = CARTESIAN_POINT ( 'NONE',  ( 4.776122516674677878E-15, 305.0000000000000000, 39.00000000000000000 ) ) ;
#2522 = ORIENTED_EDGE ( 'NONE', *, *, #1172, .F. ) ;
#2523 = APPROVAL ( #9581, 'æœª' ) ;
#2524 = EDGE_CURVE ( 'NONE', #1525, #5013, #3037, .T. ) ;
#2525 = ORIENTED_EDGE ( 'NONE', *, *, #10673, .F. ) ;
#2526 = DIRECTION ( 'NONE',  ( 0.000000000000000000, -0.000000000000000000, 1.000000000000000000 ) ) ;
#2527 = EDGE_LOOP ( 'NONE', ( #2570, #7031, #11910, #7365 ) ) ;
#2528 = DIRECTION ( 'NONE',  ( -0.000000000000000000, -1.000000000000000000, -0.000000000000000000 ) ) ;
#2529 = DIRECTION ( 'NONE',  ( 0.000000000000000000, -0.000000000000000000, -1.000000000000000000 ) ) ;
#2530 = DIRECTION ( 'NONE',  ( 0.000000000000000000, 0.000000000000000000, -1.000000000000000000 ) ) ;
#2531 = DIRECTION ( 'NONE',  ( 0.000000000000000000, 0.000000000000000000, 1.000000000000000000 ) ) ;
#2532 = DATE_AND_TIME ( #6361, #4199 ) ;
#2533 = CC_DESIGN_PERSON_AND_ORGANIZATION_ASSIGNMENT ( #8571, #5062, ( #2234 ) ) ;
#2534 = DIRECTION ( 'NONE',  ( 1.000000000000000000, 0.000000000000000000, 0.000000000000000000 ) ) ;
#2535 = CIRCLE ( 'NONE', #8344, 9.000000000000007105 ) ;
#2536 = ORIENTED_EDGE ( 'NONE', *, *, #7436, .T. ) ;
#2537 = VERTEX_POINT ( 'NONE', #5893 ) ;
#2538 = PRODUCT_DEFINITION_SHAPE ( 'NONE', 'NONE',  #12010 ) ;
#2539 = DIRECTION ( 'NONE',  ( 0.000000000000000000, 0.000000000000000000, 1.000000000000000000 ) ) ;
#2540 = VERTEX_POINT ( 'NONE', #6788 ) ;
#2541 =( REPRESENTATION_RELATIONSHIP ('NONE','NONE', #4449, #10957 ) REPRESENTATION_RELATIONSHIP_WITH_TRANSFORMATION ( #2048 )SHAPE_REPRESENTATION_RELATIONSHIP( ) );
#2542 = DIRECTION ( 'NONE',  ( 0.000000000000000000, 0.000000000000000000, 1.000000000000000000 ) ) ;
#2543 = DIRECTION ( 'NONE',  ( -0.000000000000000000, -1.000000000000000000, -0.000000000000000000 ) ) ;
#2544 = VECTOR ( 'NONE', #2796, 1000.000000000000000 ) ;
#2545 = SHAPE_REPRESENTATION_RELATIONSHIP ( 'NONE' , 'NONE' ,  #5153, #7100 ) ;
#2546 = EDGE_CURVE ( 'NONE', #9406, #779, #11908, .T. ) ;
#2547 = FACE_OUTER_BOUND ( 'NONE', #2346, .T. ) ;
#2548 = EDGE_LOOP ( 'NONE', ( #2214, #6863 ) ) ;
#2549 = DATE_TIME_ROLE ( 'classification_date' ) ;
#2550 = ADVANCED_FACE ( 'NONE', ( #3156 ), #2979, .T. ) ;
#2551 = VERTEX_POINT ( 'NONE', #10492 ) ;
#2552 = CIRCLE ( 'NONE', #7583, 8.000000000000007105 ) ;
#2553 = ORIENTED_EDGE ( 'NONE', *, *, #4826, .T. ) ;
#2554 = DIRECTION ( 'NONE',  ( -0.000000000000000000, -1.000000000000000000, -0.000000000000000000 ) ) ;
#2555 = ORIENTED_EDGE ( 'NONE', *, *, #1185, .F. ) ;
#2556 = DIRECTION ( 'NONE',  ( 0.000000000000000000, 1.000000000000000000, 0.000000000000000000 ) ) ;
#2557 = VECTOR ( 'NONE', #196, 1000.000000000000000 ) ;
#2558 = PRODUCT_DEFINITION_SHAPE ( 'NONE', 'NONE',  #11997 ) ;
#2559 = DIRECTION ( 'NONE',  ( 0.000000000000000000, 0.000000000000000000, 1.000000000000000000 ) ) ;
#2560 = FACE_BOUND ( 'NONE', #6595, .T. ) ;
#2561 = FACE_OUTER_BOUND ( 'NONE', #9110, .T. ) ;
#2562 = CARTESIAN_POINT ( 'NONE',  ( -196.0000000000000000, 20.00000000000000000, 0.000000000000000000 ) ) ;
#2563 = CIRCLE ( 'NONE', #11658, 57.99999999999999289 ) ;
#2564 = CARTESIAN_POINT ( 'NONE',  ( 0.000000000000000000, 220.0000000000000000, 0.000000000000000000 ) ) ;
#2565 = DATE_AND_TIME ( #4509, #9242 ) ;
#2566 = CARTESIAN_POINT ( 'NONE',  ( -133.9625322141365871, 0.000000000000000000, -46.48909769293803151 ) ) ;
#2567 = ORIENTED_EDGE ( 'NONE', *, *, #2145, .F. ) ;
#2568 = AXIS2_PLACEMENT_3D ( 'NONE', #8907, #10540, #6054 ) ;
#2569 = EDGE_CURVE ( 'NONE', #1814, #2304, #10923, .T. ) ;
#2570 = ORIENTED_EDGE ( 'NONE', *, *, #4300, .F. ) ;
#2571 = CIRCLE ( 'NONE', #442, 87.50000000000000000 ) ;
#2572 = CARTESIAN_POINT ( 'NONE',  ( 0.000000000000000000, 30.00000000000000000, 0.000000000000000000 ) ) ;
#2573 = DIRECTION ( 'NONE',  ( 0.000000000000000000, 0.000000000000000000, 1.000000000000000000 ) ) ;
#2574 = DIRECTION ( 'NONE',  ( -0.000000000000000000, -1.000000000000000000, -0.000000000000000000 ) ) ;
#2575 = VECTOR ( 'NONE', #8748, 1000.000000000000000 ) ;
#2576 = CYLINDRICAL_SURFACE ( 'NONE', #11783, 57.50000000000000000 ) ;
#2577 = CARTESIAN_POINT ( 'NONE',  ( 0.000000000000000000, 30.00000000000000000, -115.0000000000000000 ) ) ;
#2578 = LINE ( 'NONE', #3306, #486 ) ;
#2579 = VECTOR ( 'NONE', #1412, 1000.000000000000000 ) ;
#2580 = APPROVAL_ROLE ( '' ) ;
#2581 = DATE_AND_TIME ( #1678, #908 ) ;
#2582 = DATE_AND_TIME ( #1680, #6333 ) ;
#2583 = AXIS2_PLACEMENT_3D ( 'NONE', #3767, #8135, #10265 ) ;
#2584 = EDGE_CURVE ( 'NONE', #3016, #5277, #2018, .T. ) ;
#2585 = CARTESIAN_POINT ( 'NONE',  ( -55.48909769293801020, 0.000000000000000000, -142.9625322141365871 ) ) ;
#2586 = ORIENTED_EDGE ( 'NONE', *, *, #1047, .F. ) ;
#2587 = AXIS2_PLACEMENT_3D ( 'NONE', #799, #745, #2618 ) ;
#2588 = ORIENTED_EDGE ( 'NONE', *, *, #6035, .T. ) ;
#2589 = DIRECTION ( 'NONE',  ( 0.000000000000000000, 0.000000000000000000, 1.000000000000000000 ) ) ;
#2590 = EDGE_LOOP ( 'NONE', ( #7440, #11589, #2779, #5732 ) ) ;
#2591 = DIRECTION ( 'NONE',  ( 0.000000000000000000, 0.000000000000000000, -1.000000000000000000 ) ) ;
#2592 = CARTESIAN_POINT ( 'NONE',  ( -75.75812166592551478, 30.00000000000000000, 24.38004145393735200 ) ) ;
#2593 = DESIGN_CONTEXT ( 'detailed design', #5193, 'design' ) ;
#2594 = DIRECTION ( 'NONE',  ( 0.000000000000000000, 0.000000000000000000, -1.000000000000000000 ) ) ;
#2595 = AXIS2_PLACEMENT_3D ( 'NONE', #7272, #5463, #11041 ) ;
#2596 = AXIS2_PLACEMENT_3D ( 'NONE', #4086, #11492, #1234 ) ;
#2597 = PERSON_AND_ORGANIZATION ( #10860, #8800 ) ;
#2598 = CIRCLE ( 'NONE', #471, 57.99999999999999289 ) ;
#2599 = CC_DESIGN_PERSON_AND_ORGANIZATION_ASSIGNMENT ( #6690, #886, ( #2156 ) ) ;
#2600 = EDGE_CURVE ( 'NONE', #5036, #4106, #254, .T. ) ;
#2601 = VERTEX_POINT ( 'NONE', #379 ) ;
#2602 =( GEOMETRIC_REPRESENTATION_CONTEXT ( 3 ) GLOBAL_UNCERTAINTY_ASSIGNED_CONTEXT ( ( #8732 ) ) GLOBAL_UNIT_ASSIGNED_CONTEXT ( ( #7375, #11886, #8049 ) ) REPRESENTATION_CONTEXT ( 'NONE', 'WORKASPACE' ) );
#2603 = ORIENTED_EDGE ( 'NONE', *, *, #7641, .T. ) ;
#2604 = AXIS2_PLACEMENT_3D ( 'NONE', #782, #4481, #2655 ) ;
#2605 = ORIENTED_EDGE ( 'NONE', *, *, #8486, .F. ) ;
#2606 = DIRECTION ( 'NONE',  ( 0.000000000000000000, 1.000000000000000000, 0.000000000000000000 ) ) ;
#2607 = APPROVAL ( #9630, 'UNKNOWN' ) ;
#2608 = ORIENTED_EDGE ( 'NONE', *, *, #5233, .F. ) ;
#2609 = CARTESIAN_POINT ( 'NONE',  ( -75.00000000000000000, 12.00000000000000000, 8.000000000000000000 ) ) ;
#2610 = DIRECTION ( 'NONE',  ( 0.000000000000000000, 0.000000000000000000, 1.000000000000000000 ) ) ;
#2611 = DIRECTION ( 'NONE',  ( 0.000000000000000000, 0.000000000000000000, 1.000000000000000000 ) ) ;
#2612 = PLANE ( 'NONE',  #2381 ) ;
#2613 = ORIENTED_EDGE ( 'NONE', *, *, #6111, .F. ) ;
#2614 = COORDINATED_UNIVERSAL_TIME_OFFSET ( 8, 0, .AHEAD. ) ;
#2615 = ADVANCED_FACE ( 'NONE', ( #7642 ), #11357, .T. ) ;
#2616 = ORIENTED_EDGE ( 'NONE', *, *, #4973, .T. ) ;
#2617 = EDGE_LOOP ( 'NONE', ( #343, #5241, #8159, #1654 ) ) ;
#2618 = DIRECTION ( 'NONE',  ( 0.000000000000000000, 0.000000000000000000, 1.000000000000000000 ) ) ;
#2619 = EDGE_CURVE ( 'NONE', #9261, #2761, #9531, .T. ) ;
#2620 = ORIENTED_EDGE ( 'NONE', *, *, #9290, .F. ) ;
#2621 = CARTESIAN_POINT ( 'NONE',  ( 85.00000000000000000, 120.0000000000000000, -52.99999999999999289 ) ) ;
#2622 = CARTESIAN_POINT ( 'NONE',  ( 165.0000000000000000, 22.00000000000000000, 12.00000000000000000 ) ) ;
#2623 = DIRECTION ( 'NONE',  ( 0.000000000000000000, 1.000000000000000000, 0.000000000000000000 ) ) ;
#2624 = FACE_BOUND ( 'NONE', #1685, .T. ) ;
#2625 = EDGE_CURVE ( 'NONE', #8699, #6259, #1221, .T. ) ;
#2626 = DIRECTION ( 'NONE',  ( 0.000000000000000000, 1.000000000000000000, 0.000000000000000000 ) ) ;
#2627 = CARTESIAN_POINT ( 'NONE',  ( -117.5000000000000000, 0.000000000000000000, -24.00000000000000000 ) ) ;
#2628 = SHAPE_DEFINITION_REPRESENTATION ( #11366, #10643 ) ;
#2629 = LINE ( 'NONE', #7352, #3905 ) ;
#2630 = VERTEX_POINT ( 'NONE', #4072 ) ;
#2631 = ORIENTED_EDGE ( 'NONE', *, *, #3307, .T. ) ;
#2632 = DIRECTION ( 'NONE',  ( -0.000000000000000000, -1.000000000000000000, -0.000000000000000000 ) ) ;
#2633 = LOCAL_TIME ( 1, 43, 37.00000000000000000, #11288 ) ;
#2634 = DIRECTION ( 'NONE',  ( -1.000000000000000000, 0.000000000000000000, 0.000000000000000000 ) ) ;
#2635 = CARTESIAN_POINT ( 'NONE',  ( 95.00000000000000000, 0.000000000000000000, 65.00000000000000000 ) ) ;
#2636 = DIRECTION ( 'NONE',  ( 0.000000000000000000, 0.000000000000000000, -1.000000000000000000 ) ) ;
#2638 = VECTOR ( 'NONE', #11656, 1000.000000000000000 ) ;
#2637 = CARTESIAN_POINT ( 'NONE',  ( -52.50000000000000000, 28.00000000000000000, 131.0000000000000000 ) ) ;
#2639 = CARTESIAN_POINT ( 'NONE',  ( 55.48909769293802441, 30.00000000000000000, -133.9625322141365871 ) ) ;
#2640 = COORDINATED_UNIVERSAL_TIME_OFFSET ( 8, 0, .AHEAD. ) ;
#2641 = COORDINATED_UNIVERSAL_TIME_OFFSET ( 8, 0, .AHEAD. ) ;
#2642 = CC_DESIGN_SECURITY_CLASSIFICATION ( #9615, ( #11751 ) ) ;
#2643 = COORDINATED_UNIVERSAL_TIME_OFFSET ( 8, 0, .AHEAD. ) ;
#2644 = ORIENTED_EDGE ( 'NONE', *, *, #4998, .T. ) ;
#2645 = CIRCLE ( 'NONE', #2840, 8.999999999999987566 ) ;
#2646 = CARTESIAN_POINT ( 'NONE',  ( -117.5000000000000000, 20.00000000000000000, -24.00000000000000000 ) ) ;
#2647 = EDGE_LOOP ( 'NONE', ( #10405, #9069, #2910, #7560 ) ) ;
#2648 = LOCAL_TIME ( 1, 43, 37.00000000000000000, #8952 ) ;
#2649 = ORIENTED_EDGE ( 'NONE', *, *, #738, .T. ) ;
#2650 = DIRECTION ( 'NONE',  ( -0.000000000000000000, -1.000000000000000000, -0.000000000000000000 ) ) ;
#2651 = APPROVAL_PERSON_ORGANIZATION ( #5124, #9358, #2389 ) ;
#2652 = ORIENTED_EDGE ( 'NONE', *, *, #9807, .T. ) ;
#2653 = DIRECTION ( 'NONE',  ( 5.329070518200750605E-15, 0.000000000000000000, -1.000000000000000000 ) ) ;
#2654 = FACE_OUTER_BOUND ( 'NONE', #578, .T. ) ;
#2655 = DIRECTION ( 'NONE',  ( 0.000000000000000000, 0.000000000000000000, 1.000000000000000000 ) ) ;
#2656 = EDGE_CURVE ( 'NONE', #4756, #2411, #4751, .T. ) ;
#2657 = AXIS2_PLACEMENT_3D ( 'NONE', #4539, #653, #2653 ) ;
#2658 = PERSON_AND_ORGANIZATION_ROLE ( 'classification_officer' ) ;
#2659 = CC_DESIGN_APPROVAL ( #10100, ( #10593 ) ) ;
#2660 = ORIENTED_EDGE ( 'NONE', *, *, #5914, .F. ) ;
#2661 = ORIENTED_EDGE ( 'NONE', *, *, #11232, .F. ) ;
#2662 = ORIENTED_EDGE ( 'NONE', *, *, #5071, .T. ) ;
#2663 = DIRECTION ( 'NONE',  ( 1.000000000000000000, 0.000000000000000000, -0.000000000000000000 ) ) ;
#2664 = VERTEX_POINT ( 'NONE', #4988 ) ;
#2665 = CARTESIAN_POINT ( 'NONE',  ( 55.48909769293802441, 30.00000000000000000, 133.9625322141365871 ) ) ;
#2666 = CC_DESIGN_PERSON_AND_ORGANIZATION_ASSIGNMENT ( #3547, #9131, ( #10517 ) ) ;
#2667 = DIRECTION ( 'NONE',  ( -0.000000000000000000, -1.000000000000000000, -0.000000000000000000 ) ) ;
#2668 = APPROVAL_PERSON_ORGANIZATION ( #4201, #1869, #495 ) ;
#2669 = ADVANCED_FACE ( 'NONE', ( #7757 ), #11476, .F. ) ;
#2670 =( NAMED_UNIT ( * ) SI_UNIT ( $, .STERADIAN. ) SOLID_ANGLE_UNIT ( ) );
#2671 = SHAPE_REPRESENTATION ( 'MKH-011_wrist_flange', ( #10725 ), #3369 ) ;
#2672 = FACE_BOUND ( 'NONE', #4472, .T. ) ;
#2673 = AXIS2_PLACEMENT_3D ( 'NONE', #2087, #7591, #10504 ) ;
#2674 = AXIS2_PLACEMENT_3D ( 'NONE', #9682, #6699, #10406 ) ;
#2675 = CONTEXT_DEPENDENT_SHAPE_REPRESENTATION ( #8512, #4392 ) ;
#2676 = EDGE_LOOP ( 'NONE', ( #7353, #10279, #7425 ) ) ;
#2677 = ORIENTED_EDGE ( 'NONE', *, *, #9257, .T. ) ;
#2678 = DIRECTION ( 'NONE',  ( -0.000000000000000000, -1.000000000000000000, -0.000000000000000000 ) ) ;
#2679 = ORIENTED_EDGE ( 'NONE', *, *, #2285, .F. ) ;
#2680 = PLANE ( 'NONE',  #10681 ) ;
#2681 = APPROVAL ( #2124, 'æœª' ) ;
#2682 = AXIS2_PLACEMENT_3D ( 'NONE', #1295, #153, #2990 ) ;
#2683 = CARTESIAN_POINT ( 'NONE',  ( 0.000000000000000000, 0.000000000000000000, 0.000000000000000000 ) ) ;
#2684 = ADVANCED_FACE ( 'NONE', ( #11661 ), #6014, .F. ) ;
#2685 = CARTESIAN_POINT ( 'NONE',  ( -66.51932634081263984, 0.000000000000000000, -27.55320713028646296 ) ) ;
#2686 = CARTESIAN_POINT ( 'NONE',  ( -115.0000000000000000, 12.00000000000000000, 32.50000000000000711 ) ) ;
#2687 = CARTESIAN_POINT ( 'NONE',  ( -245.0000000000000000, 20.00000000000000000, 64.00000000000000000 ) ) ;
#2688 = CARTESIAN_POINT ( 'NONE',  ( 135.0000000000000000, 31.00000000000000000, -11.00000000000000000 ) ) ;
#2689 = ITEM_DEFINED_TRANSFORMATION ( 'NONE', 'NONE', #10933,  #4729 ) ;
#2690 = FACE_OUTER_BOUND ( 'NONE', #6188, .T. ) ;
#2691 = ORIENTED_EDGE ( 'NONE', *, *, #11681, .T. ) ;
#2692 = CIRCLE ( 'NONE', #9868, 165.0000000000000000 ) ;
#2693 = ORIENTED_EDGE ( 'NONE', *, *, #287, .T. ) ;
#2694 = ADVANCED_FACE ( 'NONE', ( #3341 ), #11612, .T. ) ;
#2695 = CYLINDRICAL_SURFACE ( 'NONE', #6631, 6.999999999999999112 ) ;
#2696 = PLANE ( 'NONE',  #801 ) ;
#2697 = LINE ( 'NONE', #881, #3456 ) ;
#2698 = CARTESIAN_POINT ( 'NONE',  ( 165.0000000000000000, 0.000000000000000000, -29.00000000000000000 ) ) ;
#2699 = LINE ( 'NONE', #6398, #7066 ) ;
#2700 = PERSON_AND_ORGANIZATION_ROLE ( 'creator' ) ;
#2701 = EDGE_CURVE ( 'NONE', #4770, #9214, #2954, .T. ) ;
#2702 = PERSON_AND_ORGANIZATION_ROLE ( 'creator' ) ;
#2703 = DATE_AND_TIME ( #11936, #2461 ) ;
#2704 = EDGE_LOOP ( 'NONE', ( #6959, #5204, #8856, #3677 ) ) ;
#2705 =( REPRESENTATION_RELATIONSHIP ('NONE','NONE', #7231, #5153 ) REPRESENTATION_RELATIONSHIP_WITH_TRANSFORMATION ( #3670 )SHAPE_REPRESENTATION_RELATIONSHIP( ) );
#2706 = DIRECTION ( 'NONE',  ( 0.000000000000000000, 0.000000000000000000, -1.000000000000000000 ) ) ;
#2707 = ORIENTED_EDGE ( 'NONE', *, *, #8903, .T. ) ;
#2708 = ORIENTED_EDGE ( 'NONE', *, *, #8445, .F. ) ;
#2709 = LINE ( 'NONE', #8290, #9649 ) ;
#2710 = ORIENTED_EDGE ( 'NONE', *, *, #314, .F. ) ;
#2711 = LINE ( 'NONE', #7372, #2457 ) ;
#2712 = FACE_BOUND ( 'NONE', #4019, .T. ) ;
#2713 = DIRECTION ( 'NONE',  ( 0.000000000000000000, 1.000000000000000000, 0.000000000000000000 ) ) ;
#2714 = DATE_AND_TIME ( #8966, #315 ) ;
#2715 = ORIENTED_EDGE ( 'NONE', *, *, #9420, .F. ) ;
#2716 = EDGE_CURVE ( 'NONE', #1652, #11667, #6824, .T. ) ;
#2717 = ORIENTED_EDGE ( 'NONE', *, *, #10087, .F. ) ;
#2718 = ORIENTED_EDGE ( 'NONE', *, *, #4358, .F. ) ;
#2719 = DIRECTION ( 'NONE',  ( 0.000000000000000000, 0.000000000000000000, 1.000000000000000000 ) ) ;
#2720 = ORIENTED_EDGE ( 'NONE', *, *, #2469, .T. ) ;
#2721 = LINE ( 'NONE', #791, #9824 ) ;
#2722 = FACE_BOUND ( 'NONE', #4422, .T. ) ;
#2723 = CARTESIAN_POINT ( 'NONE',  ( -250.0000000000000000, 70.00000000000000000, -110.0000000000000000 ) ) ;
#2724 = FACE_BOUND ( 'NONE', #497, .T. ) ;
#2725 = EDGE_LOOP ( 'NONE', ( #7150, #11905 ) ) ;
#2726 = APPROVAL_ROLE ( '' ) ;
#2727 = VERTEX_POINT ( 'NONE', #561 ) ;
#2728 = EDGE_CURVE ( 'NONE', #3631, #6307, #3464, .T. ) ;
#2729 = ORIENTED_EDGE ( 'NONE', *, *, #10663, .T. ) ;
#2730 = ORIENTED_EDGE ( 'NONE', *, *, #4227, .F. ) ;
#2731 = VECTOR ( 'NONE', #7589, 1000.000000000000000 ) ;
#2732 = CARTESIAN_POINT ( 'NONE',  ( 0.000000000000000000, 285.0000000000000000, 0.000000000000000000 ) ) ;
#2733 = LINE ( 'NONE', #1829, #1471 ) ;
#2734 = CARTESIAN_POINT ( 'NONE',  ( -245.0000000000000000, 0.000000000000000000, -31.03224129836581469 ) ) ;
#2735 = EDGE_CURVE ( 'NONE', #3901, #1536, #9659, .T. ) ;
#2736 = DIRECTION ( 'NONE',  ( 0.000000000000000000, 0.000000000000000000, 1.000000000000000000 ) ) ;
#2737 = CARTESIAN_POINT ( 'NONE',  ( 0.000000000000000000, 48.00000000000000000, 0.000000000000000000 ) ) ;
#2738 = DIRECTION ( 'NONE',  ( 0.000000000000000000, 0.000000000000000000, 1.000000000000000000 ) ) ;
#2739 = SECURITY_CLASSIFICATION_LEVEL ( 'unclassified' ) ;
#2740 = LINE ( 'NONE', #874, #11871 ) ;
#2741 = AXIS2_PLACEMENT_3D ( 'NONE', #7455, #4004, #9408 ) ;
#2742 = PRODUCT_DEFINITION ( 'æœ', '', #7871, #2593 ) ;
#2743 = ADVANCED_FACE ( 'NONE', ( #8004 ), #8799, .T. ) ;
#2744 = CIRCLE ( 'NONE', #1010, 95.00000000000001421 ) ;
#2745 = VERTEX_POINT ( 'NONE', #2249 ) ;
#2746 = DIRECTION ( 'NONE',  ( -1.000000000000000000, 0.000000000000000000, 0.000000000000000000 ) ) ;
#2747 = CIRCLE ( 'NONE', #233, 9.000000000000007105 ) ;
#2748 = FACE_OUTER_BOUND ( 'NONE', #1576, .T. ) ;
#2749 = DIRECTION ( 'NONE',  ( 0.000000000000000000, 1.000000000000000000, 0.000000000000000000 ) ) ;
#2750 = AXIS2_PLACEMENT_3D ( 'NONE', #7562, #7619, #6655 ) ;
#2751 = CC_DESIGN_PERSON_AND_ORGANIZATION_ASSIGNMENT ( #4927, #5962, ( #4994 ) ) ;
#2752 = CARTESIAN_POINT ( 'NONE',  ( -83.78591484719798643, 260.0000000000000000, 25.22242005078197380 ) ) ;
#2753 = DIRECTION ( 'NONE',  ( 0.000000000000000000, 1.000000000000000000, 0.000000000000000000 ) ) ;
#2754 = AXIS2_PLACEMENT_3D ( 'NONE', #1819, #3513, #2785 ) ;
#2755 = PERSON_AND_ORGANIZATION ( #10860, #8800 ) ;
#2756 = APPROVAL_ROLE ( '' ) ;
#2757 = DIRECTION ( 'NONE',  ( -0.000000000000000000, 1.000000000000000000, -0.000000000000000000 ) ) ;
#2758 = ORIENTED_EDGE ( 'NONE', *, *, #6660, .T. ) ;
#2759 = AXIS2_PLACEMENT_3D ( 'NONE', #10306, #7447, #8490 ) ;
#2760 = APPROVAL_ROLE ( '' ) ;
#2761 = VERTEX_POINT ( 'NONE', #3283 ) ;
#2762 = CARTESIAN_POINT ( 'NONE',  ( -75.75812166592551478, 30.00000000000000000, 38.38004145393735200 ) ) ;
#2763 = CIRCLE ( 'NONE', #6442, 72.50000000000000000 ) ;
#2764 = EDGE_LOOP ( 'NONE', ( #2631, #6552, #10247, #1916 ) ) ;
#2765 = EDGE_CURVE ( 'NONE', #436, #5950, #6061, .T. ) ;
#2766 = ORIENTED_EDGE ( 'NONE', *, *, #11282, .F. ) ;
#2767 = CARTESIAN_POINT ( 'NONE',  ( 0.000000000000000000, 245.0000000000000000, -72.50000000000000000 ) ) ;
#2768 = VECTOR ( 'NONE', #4997, 1000.000000000000000 ) ;
#2769 = AXIS2_PLACEMENT_3D ( 'NONE', #5731, #7721, #11377 ) ;
#2770 = ORIENTED_EDGE ( 'NONE', *, *, #6035, .F. ) ;
#2771 = FACE_OUTER_BOUND ( 'NONE', #5396, .T. ) ;
#2772 = DIRECTION ( 'NONE',  ( 0.000000000000000000, -1.000000000000000000, 0.000000000000000000 ) ) ;
#2773 = DIRECTION ( 'NONE',  ( 0.000000000000000000, 0.000000000000000000, 1.000000000000000000 ) ) ;
#2774 = ADVANCED_FACE ( 'NONE', ( #8923 ), #9777, .F. ) ;
#2775 = PERSON_AND_ORGANIZATION_ROLE ( 'design_supplier' ) ;
#2776 = AXIS2_PLACEMENT_3D ( 'NONE', #8554, #7525, #8501 ) ;
#2777 = APPLICATION_CONTEXT ( 'configuration controlled 3d designs of mechanical parts and assemblies' ) ;
#2778 = AXIS2_PLACEMENT_3D ( 'NONE', #3108, #8633, #9492 ) ;
#2779 = ORIENTED_EDGE ( 'NONE', *, *, #8308, .F. ) ;
#2780 = EDGE_LOOP ( 'NONE', ( #3877, #5646, #1861, #10747 ) ) ;
#2781 = ORIENTED_EDGE ( 'NONE', *, *, #5882, .F. ) ;
#2782 = CARTESIAN_POINT ( 'NONE',  ( 5.388445916248353619E-15, 225.0000000000000000, 44.00000000000000000 ) ) ;
#2783 = ORIENTED_EDGE ( 'NONE', *, *, #4062, .F. ) ;
#2784 = FACE_OUTER_BOUND ( 'NONE', #3696, .T. ) ;
#2785 = DIRECTION ( 'NONE',  ( 0.000000000000000000, 0.000000000000000000, -1.000000000000000000 ) ) ;
#2786 = CIRCLE ( 'NONE', #9965, 4.500000000000007105 ) ;
#2787 =( NAMED_UNIT ( * ) SI_UNIT ( $, .STERADIAN. ) SOLID_ANGLE_UNIT ( ) );
#2788 = CARTESIAN_POINT ( 'NONE',  ( -63.51086798706847958, 220.0000000000000000, -34.96597842945568146 ) ) ;
#2789 = EDGE_CURVE ( 'NONE', #1423, #555, #1349, .T. ) ;
#2790 = ORIENTED_EDGE ( 'NONE', *, *, #1665, .F. ) ;
#2791 = AXIS2_PLACEMENT_3D ( 'NONE', #9447, #2893, #7554 ) ;
#2792 = VECTOR ( 'NONE', #6152, 1000.000000000000000 ) ;
#2793 = EDGE_LOOP ( 'NONE', ( #6860, #829, #9087, #5739 ) ) ;
#2794 = VERTEX_POINT ( 'NONE', #7036 ) ;
#2795 = EDGE_LOOP ( 'NONE', ( #8119, #7277 ) ) ;
#2796 = DIRECTION ( 'NONE',  ( 0.000000000000000000, 1.000000000000000000, 0.000000000000000000 ) ) ;
#2797 = PERSON_AND_ORGANIZATION_ROLE ( 'creator' ) ;
#2798 = CARTESIAN_POINT ( 'NONE',  ( 180.0000000000000000, 22.00000000000000000, 0.000000000000000000 ) ) ;
#2799 = DIRECTION ( 'NONE',  ( -0.000000000000000000, -1.000000000000000000, -0.000000000000000000 ) ) ;
#2800 = CC_DESIGN_APPROVAL ( #1053, ( #9981 ) ) ;
#2801 = UNCERTAINTY_MEASURE_WITH_UNIT (LENGTH_MEASURE( 1.000000000000000082E-05 ), #3340, 'distance_accuracy_value', 'NONE');
#2803 = DIRECTION ( 'NONE',  ( -0.000000000000000000, -1.000000000000000000, -0.000000000000000000 ) ) ;
#2802 = AXIS2_PLACEMENT_3D ( 'NONE', #9446, #4044, #1316 ) ;
#2804 = DIRECTION ( 'NONE',  ( 0.000000000000000000, 1.000000000000000000, 0.000000000000000000 ) ) ;
#2805 = DIRECTION ( 'NONE',  ( -0.000000000000000000, -1.000000000000000000, -0.000000000000000000 ) ) ;
#2806 = EDGE_CURVE ( 'NONE', #5290, #8543, #7941, .T. ) ;
#2807 = COORDINATED_UNIVERSAL_TIME_OFFSET ( 8, 0, .AHEAD. ) ;
#2808 = DIRECTION ( 'NONE',  ( 0.000000000000000000, 1.000000000000000000, 0.000000000000000000 ) ) ;
#2809 = ORIENTED_EDGE ( 'NONE', *, *, #3829, .T. ) ;
#2810 = ORIENTED_EDGE ( 'NONE', *, *, #10180, .T. ) ;
#2811 = VECTOR ( 'NONE', #7242, 1000.000000000000000 ) ;
#2812 = FACE_OUTER_BOUND ( 'NONE', #9439, .T. ) ;
#2813 = CARTESIAN_POINT ( 'NONE',  ( 2.204364238465236138E-14, 30.00000000000000000, 180.0000000000000284 ) ) ;
#2814 = CYLINDRICAL_SURFACE ( 'NONE', #1719, 7.000000000000006217 ) ;
#2815 = LINE ( 'NONE', #10220, #4812 ) ;
#2816 = APPROVAL ( #349, 'æœª' ) ;
#2817 = CARTESIAN_POINT ( 'NONE',  ( -272.5000000000000000, 38.00000000000000000, -52.49999999999997868 ) ) ;
#2818 = ADVANCED_FACE ( 'NONE', ( #432, #11544, #4262, #10623, #10801, #11721, #2313, #3401, #4200, #9841 ), #7884, .T. ) ;
#2819 = SHAPE_DEFINITION_REPRESENTATION ( #6239, #8155 ) ;
#2820 = PERSON_AND_ORGANIZATION_ROLE ( 'classification_officer' ) ;
#2821 = DIRECTION ( 'NONE',  ( 0.000000000000000000, 0.000000000000000000, -1.000000000000000000 ) ) ;
#2822 = ORIENTED_EDGE ( 'NONE', *, *, #10636, .T. ) ;
#2823 = CC_DESIGN_PERSON_AND_ORGANIZATION_ASSIGNMENT ( #7735, #2405, ( #5164 ) ) ;
#2824 = LOCAL_TIME ( 1, 43, 37.00000000000000000, #5061 ) ;
#2825 = EDGE_LOOP ( 'NONE', ( #11725, #8725, #3002, #5915 ) ) ;
#2826 = CARTESIAN_POINT ( 'NONE',  ( -120.0000000000000000, 260.0000000000000000, -110.0000000000000000 ) ) ;
#2827 = ORIENTED_EDGE ( 'NONE', *, *, #2407, .F. ) ;
#2828 = CIRCLE ( 'NONE', #1091, 72.50000000000000000 ) ;
#2829 = EDGE_LOOP ( 'NONE', ( #876, #6020, #6779, #5028 ) ) ;
#2830 = CARTESIAN_POINT ( 'NONE',  ( 135.0000000000000000, 0.000000000000000000, 105.0000000000000000 ) ) ;
#2831 = ORIENTED_EDGE ( 'NONE', *, *, #6226, .F. ) ;
#2832 = CARTESIAN_POINT ( 'NONE',  ( -135.0000000000000000, 31.00000000000000000, 11.00000000000000000 ) ) ;
#2833 = EDGE_CURVE ( 'NONE', #6637, #6062, #10898, .T. ) ;
#2834 = CARTESIAN_POINT ( 'NONE',  ( -105.0000000000000000, 20.00000000000000000, -8.000000000000000000 ) ) ;
#2835 = CC_DESIGN_APPROVAL ( #534, ( #10244 ) ) ;
#2836 = CARTESIAN_POINT ( 'NONE',  ( 0.000000000000000000, 260.0000000000000000, -87.50000000000000000 ) ) ;
#2837 =( LENGTH_UNIT ( ) NAMED_UNIT ( * ) SI_UNIT ( .MILLI., .METRE. ) );
#2838 = APPROVAL_STATUS ( 'not_yet_approved' ) ;
#2839 = EDGE_CURVE ( 'NONE', #8171, #5342, #6194, .T. ) ;
#2840 = AXIS2_PLACEMENT_3D ( 'NONE', #8240, #4554, #9219 ) ;
#2841 = CARTESIAN_POINT ( 'NONE',  ( 95.00000000000000000, 0.000000000000000000, -65.00000000000000000 ) ) ;
#2842 = CC_DESIGN_SECURITY_CLASSIFICATION ( #11574, ( #9225 ) ) ;
#2843 = ORIENTED_EDGE ( 'NONE', *, *, #6620, .F. ) ;
#2844 = ADVANCED_FACE ( 'NONE', ( #2547 ), #10983, .T. ) ;
#2845 = ORIENTED_EDGE ( 'NONE', *, *, #9569, .F. ) ;
#2846 = CARTESIAN_POINT ( 'NONE',  ( -52.50000000000000000, 28.00000000000000000, 131.0000000000000000 ) ) ;
#2847 = VERTEX_POINT ( 'NONE', #8124 ) ;
#2848 = VECTOR ( 'NONE', #6000, 1000.000000000000000 ) ;
#2849 = FACE_OUTER_BOUND ( 'NONE', #148, .T. ) ;
#2850 = DIRECTION ( 'NONE',  ( 0.000000000000000000, 0.000000000000000000, -1.000000000000000000 ) ) ;
#2851 = APPROVAL_PERSON_ORGANIZATION ( #8936, #8683, #9910 ) ;
#2852 = LINE ( 'NONE', #5700, #7790 ) ;
#2853 = ORIENTED_EDGE ( 'NONE', *, *, #3855, .T. ) ;
#2854 = ADVANCED_FACE ( 'NONE', ( #7211, #4558 ), #2612, .T. ) ;
#2855 = ORIENTED_EDGE ( 'NONE', *, *, #11898, .F. ) ;
#2856 = CIRCLE ( 'NONE', #5389, 180.0000000000000284 ) ;
#2857 = VECTOR ( 'NONE', #521, 1000.000000000000000 ) ;
#2858 = ORIENTED_EDGE ( 'NONE', *, *, #6402, .F. ) ;
#2859 = ORIENTED_EDGE ( 'NONE', *, *, #6880, .F. ) ;
#2860 = CARTESIAN_POINT ( 'NONE',  ( 0.000000000000000000, 30.00000000000000000, -110.0000000000000000 ) ) ;
#2861 = CC_DESIGN_SECURITY_CLASSIFICATION ( #3825, ( #12002 ) ) ;
#2862 = SECURITY_CLASSIFICATION_LEVEL ( 'unclassified' ) ;
#2863 = DIRECTION ( 'NONE',  ( 0.000000000000000000, 0.000000000000000000, 1.000000000000000000 ) ) ;
#2864 = CARTESIAN_POINT ( 'NONE',  ( -31.38004145393735911, 30.00000000000000000, -82.75812166592552899 ) ) ;
#2865 = CARTESIAN_POINT ( 'NONE',  ( -105.0000000000000000, 0.000000000000000000, 8.000000000000000000 ) ) ;
#2866 = PLANE ( 'NONE',  #4519 ) ;
#2867 = AXIS2_PLACEMENT_3D ( 'NONE', #110, #2888, #7488 ) ;
#2868 = DIRECTION ( 'NONE',  ( 0.000000000000000000, 1.000000000000000000, 0.000000000000000000 ) ) ;
#2869 = CARTESIAN_POINT ( 'NONE',  ( 0.000000000000000000, 220.0000000000000000, 0.000000000000000000 ) ) ;
#2870 = ORIENTED_EDGE ( 'NONE', *, *, #6183, .T. ) ;
#2871 = EDGE_LOOP ( 'NONE', ( #2209, #1444, #10701, #6741 ) ) ;
#2872 = DIRECTION ( 'NONE',  ( -0.000000000000000000, -1.000000000000000000, -0.000000000000000000 ) ) ;
#2873 = ADVANCED_FACE ( 'NONE', ( #68 ), #9224, .F. ) ;
#2874 = CARTESIAN_POINT ( 'NONE',  ( 0.000000000000000000, 225.0000000000000000, 0.000000000000000000 ) ) ;
#2875 = CYLINDRICAL_SURFACE ( 'NONE', #5403, 7.000000000000006217 ) ;
#2876 = DIRECTION ( 'NONE',  ( -0.000000000000000000, -1.000000000000000000, -0.000000000000000000 ) ) ;
#2877 = CYLINDRICAL_SURFACE ( 'NONE', #11533, 9.000000000000007105 ) ;
#2878 = MECHANICAL_CONTEXT ( 'NONE', #4483, 'mechanical' ) ;
#2879 = AXIS2_PLACEMENT_3D ( 'NONE', #7347, #7396, #4450 ) ;
#2880 = PERSON_AND_ORGANIZATION ( #10860, #8800 ) ;
#2881 = CYLINDRICAL_SURFACE ( 'NONE', #9173, 68.99999999999997158 ) ;
#2882 = ORIENTED_EDGE ( 'NONE', *, *, #5519, .F. ) ;
#2883 = ORIENTED_EDGE ( 'NONE', *, *, #4660, .T. ) ;
#2884 = DIRECTION ( 'NONE',  ( 0.000000000000000000, 1.000000000000000000, 0.000000000000000000 ) ) ;
#2886 = ADVANCED_FACE ( 'NONE', ( #1883 ), #5587, .F. ) ;
#2885 = VERTEX_POINT ( 'NONE', #5412 ) ;
#2887 = ORIENTED_EDGE ( 'NONE', *, *, #6612, .F. ) ;
#2888 = DIRECTION ( 'NONE',  ( 0.000000000000000000, 1.000000000000000000, 0.000000000000000000 ) ) ;
#2889 = ORIENTED_EDGE ( 'NONE', *, *, #10375, .F. ) ;
#2890 = DIRECTION ( 'NONE',  ( -0.000000000000000000, -1.000000000000000000, -0.000000000000000000 ) ) ;
#2891 = DIRECTION ( 'NONE',  ( 0.000000000000000000, 0.000000000000000000, 1.000000000000000000 ) ) ;
#2892 = EDGE_CURVE ( 'NONE', #5111, #11186, #6250, .T. ) ;
#2893 = DIRECTION ( 'NONE',  ( 0.000000000000000000, 0.000000000000000000, 1.000000000000000000 ) ) ;
#2894 = PERSON_AND_ORGANIZATION_ROLE ( 'creator' ) ;
#2895 = ORIENTED_EDGE ( 'NONE', *, *, #626, .T. ) ;
#2896 = APPROVAL ( #2838, 'æœª' ) ;
#2897 = EDGE_CURVE ( 'NONE', #1472, #757, #8244, .T. ) ;
#2898 = DIRECTION ( 'NONE',  ( -0.000000000000000000, -0.000000000000000000, 1.000000000000000000 ) ) ;
#2899 = ORIENTED_EDGE ( 'NONE', *, *, #4470, .T. ) ;
#2900 = VERTEX_POINT ( 'NONE', #4675 ) ;
#2901 = PLANE ( 'NONE',  #2750 ) ;
#2902 = VERTEX_POINT ( 'NONE', #11966 ) ;
#2903 = FACE_OUTER_BOUND ( 'NONE', #3084, .T. ) ;
#2904 = DIRECTION ( 'NONE',  ( 0.000000000000000000, 1.000000000000000000, 0.000000000000000000 ) ) ;
#2905 = APPROVAL ( #6207, 'æœª' ) ;
#2906 = DIRECTION ( 'NONE',  ( 0.000000000000000000, 1.000000000000000000, 0.000000000000000000 ) ) ;
#2907 = VERTEX_POINT ( 'NONE', #8309 ) ;
#2908 = ORIENTED_EDGE ( 'NONE', *, *, #6954, .T. ) ;
#2909 = EDGE_CURVE ( 'NONE', #3581, #7025, #2176, .T. ) ;
#2910 = ORIENTED_EDGE ( 'NONE', *, *, #10428, .F. ) ;
#2911 = VERTEX_POINT ( 'NONE', #4439 ) ;
#2912 = CARTESIAN_POINT ( 'NONE',  ( -69.63364589099039392, 0.000000000000000000, -20.18428497440903513 ) ) ;
#2913 = COORDINATED_UNIVERSAL_TIME_OFFSET ( 8, 0, .AHEAD. ) ;
#2914 = ADVANCED_FACE ( 'NONE', ( #8182 ), #9959, .T. ) ;
#2915 = CARTESIAN_POINT ( 'NONE',  ( 135.0000000000000000, 0.000000000000000000, -114.0000000000000000 ) ) ;
#2916 = DIRECTION ( 'NONE',  ( 0.000000000000000000, 1.000000000000000000, 0.000000000000000000 ) ) ;
#2917 = DIRECTION ( 'NONE',  ( -1.000000000000000000, 0.000000000000000000, 0.000000000000000000 ) ) ;
#2918 = CARTESIAN_POINT ( 'NONE',  ( -70.00000000000000000, 95.00000000000000000, 45.00000000000000000 ) ) ;
#2919 = DIRECTION ( 'NONE',  ( -0.000000000000000000, -1.000000000000000000, -0.000000000000000000 ) ) ;
#2920 = EDGE_CURVE ( 'NONE', #6093, #5419, #3576, .T. ) ;
#2921 = APPROVAL_ROLE ( '' ) ;
#2922 = VERTEX_POINT ( 'NONE', #7273 ) ;
#2923 = AXIS2_PLACEMENT_3D ( 'NONE', #569, #2440, #6986 ) ;
#2924 = EDGE_LOOP ( 'NONE', ( #2269, #10310, #5912, #852 ) ) ;
#2925 = EDGE_CURVE ( 'NONE', #1751, #7800, #973, .T. ) ;
#2926 = DIRECTION ( 'NONE',  ( 0.000000000000000000, -1.000000000000000000, 0.000000000000000000 ) ) ;
#2927 = CARTESIAN_POINT ( 'NONE',  ( -42.00000000000000000, 28.00000000000000000, 0.000000000000000000 ) ) ;
#2928 = DIRECTION ( 'NONE',  ( 0.000000000000000000, 0.000000000000000000, 1.000000000000000000 ) ) ;
#2929 = CARTESIAN_POINT ( 'NONE',  ( 69.63364589099039392, 220.0000000000000000, 20.18428497440905645 ) ) ;
#2930 = APPLICATION_CONTEXT ( 'configuration controlled 3d designs of mechanical parts and assemblies' ) ;
#2931 = CIRCLE ( 'NONE', #3896, 87.50000000000000000 ) ;
#2932 = DIRECTION ( 'NONE',  ( 0.000000000000000000, 1.000000000000000000, 0.000000000000000000 ) ) ;
#2933 = DATE_AND_TIME ( #11071, #888 ) ;
#2934 = DATE_AND_TIME ( #11253, #11378 ) ;
#2935 = CYLINDRICAL_SURFACE ( 'NONE', #6834, 43.99999999999997158 ) ;
#2936 = ORIENTED_EDGE ( 'NONE', *, *, #4478, .T. ) ;
#2937 = ADVANCED_FACE ( 'NONE', ( #11837, #3515, #2672, #10077, #2724, #1757, #6485, #6421, #9162, #858 ), #7334, .F. ) ;
#2938 = ORIENTED_EDGE ( 'NONE', *, *, #4855, .F. ) ;
#2939 = CARTESIAN_POINT ( 'NONE',  ( 85.00000000000000000, 120.0000000000000000, 52.99999999999999289 ) ) ;
#2940 = VERTEX_POINT ( 'NONE', #2788 ) ;
#2941 = ORIENTED_EDGE ( 'NONE', *, *, #1204, .T. ) ;
#2942 = DIRECTION ( 'NONE',  ( 0.000000000000000000, 1.000000000000000000, 0.000000000000000000 ) ) ;
#2943 = CARTESIAN_POINT ( 'NONE',  ( -165.0000000000000000, 22.00000000000000000, -12.00000000000000000 ) ) ;
#2944 = DIRECTION ( 'NONE',  ( -0.000000000000000000, -1.000000000000000000, -0.000000000000000000 ) ) ;
#2945 = CARTESIAN_POINT ( 'NONE',  ( 66.51932634081263984, 0.000000000000000000, -35.55320713028647361 ) ) ;
#2946 = AXIS2_PLACEMENT_3D ( 'NONE', #8139, #8886, #3420 ) ;
#2947 = APPROVAL_DATE_TIME ( #11216, #1425 ) ;
#2948 = EDGE_CURVE ( 'NONE', #2540, #5659, #9936, .T. ) ;
#2949 = AXIS2_PLACEMENT_3D ( 'NONE', #5461, #855, #11040 ) ;
#2950 = ORIENTED_EDGE ( 'NONE', *, *, #696, .F. ) ;
#2951 = DIRECTION ( 'NONE',  ( 0.000000000000000000, 1.000000000000000000, 0.000000000000000000 ) ) ;
#2952 = ORIENTED_EDGE ( 'NONE', *, *, #5523, .F. ) ;
#2953 = AXIS2_PLACEMENT_3D ( 'NONE', #8443, #149, #3958 ) ;
#2954 = CIRCLE ( 'NONE', #61, 115.0000000000000000 ) ;
#2955 = ORIENTED_EDGE ( 'NONE', *, *, #11437, .T. ) ;
#2956 = DIRECTION ( 'NONE',  ( 0.000000000000000000, 0.000000000000000000, 1.000000000000000000 ) ) ;
#2957 = ORIENTED_EDGE ( 'NONE', *, *, #6063, .T. ) ;
#2958 = CARTESIAN_POINT ( 'NONE',  ( -85.00000000000000000, 0.000000000000000000, -67.00000000000000000 ) ) ;
#2959 = CARTESIAN_POINT ( 'NONE',  ( 105.0000000000000000, 0.000000000000000000, 95.00000000000000000 ) ) ;
#2960 = CIRCLE ( 'NONE', #6067, 9.000000000000007105 ) ;
#2961 = CC_DESIGN_DATE_AND_TIME_ASSIGNMENT ( #5992, #3068, ( #11574 ) ) ;
#2962 = EDGE_CURVE ( 'NONE', #3554, #1127, #1208, .T. ) ;
#2963 = CARTESIAN_POINT ( 'NONE',  ( -95.00000000000000000, 95.00000000000000000, 65.00000000000000000 ) ) ;
#2964 = ORIENTED_EDGE ( 'NONE', *, *, #3992, .F. ) ;
#2965 = EDGE_CURVE ( 'NONE', #8699, #8189, #7981, .T. ) ;
#2966 = VECTOR ( 'NONE', #10809, 1000.000000000000000 ) ;
#2967 = AXIS2_PLACEMENT_3D ( 'NONE', #9943, #39, #1970 ) ;
#2968 = ORIENTED_EDGE ( 'NONE', *, *, #6660, .F. ) ;
#2969 = CC_DESIGN_PERSON_AND_ORGANIZATION_ASSIGNMENT ( #3788, #11315, ( #522 ) ) ;
#2970 = ORIENTED_EDGE ( 'NONE', *, *, #3443, .T. ) ;
#2971 = EDGE_LOOP ( 'NONE', ( #8253, #2649 ) ) ;
#2972 = DIRECTION ( 'NONE',  ( -0.000000000000000000, -1.000000000000000000, -0.000000000000000000 ) ) ;
#2973 = PERSON_AND_ORGANIZATION_ROLE ( 'creator' ) ;
#2974 = VECTOR ( 'NONE', #4884, 1000.000000000000000 ) ;
#2975 = DIRECTION ( 'NONE',  ( -1.000000000000000000, 0.000000000000000000, 0.000000000000000000 ) ) ;
#2976 = DIRECTION ( 'NONE',  ( 0.000000000000000000, 0.000000000000000000, 1.000000000000000000 ) ) ;
#2977 = CARTESIAN_POINT ( 'NONE',  ( 272.5000000000000000, 22.00000000000000000, -52.49999999999997868 ) ) ;
#2978 = EDGE_CURVE ( 'NONE', #1935, #11955, #7397, .T. ) ;
#2979 = CYLINDRICAL_SURFACE ( 'NONE', #6656, 18.00000000000000000 ) ;
#2980 = CIRCLE ( 'NONE', #9378, 9.000000000000007105 ) ;
#2981 = DATE_AND_TIME ( #5046, #7118 ) ;
#2982 = AXIS2_PLACEMENT_3D ( 'NONE', #2395, #4401, #2333 ) ;
#2983 = EDGE_CURVE ( 'NONE', #4380, #295, #11403, .T. ) ;
#2984 = ORIENTED_EDGE ( 'NONE', *, *, #1760, .T. ) ;
#2985 = ORIENTED_EDGE ( 'NONE', *, *, #7448, .T. ) ;
#2986 = CARTESIAN_POINT ( 'NONE',  ( 59.00000000000000000, 42.00000000000000000, 24.00000000000000000 ) ) ;
#2987 = CIRCLE ( 'NONE', #1637, 72.50000000000000000 ) ;
#2988 = ADVANCED_FACE ( 'NONE', ( #6547 ), #6777, .T. ) ;
#2989 = CARTESIAN_POINT ( 'NONE',  ( 0.000000000000000000, 20.00000000000000000, -11.00000000000000000 ) ) ;
#2990 = DIRECTION ( 'NONE',  ( 1.000000000000000000, 0.000000000000000000, -0.000000000000000000 ) ) ;
#2991 = CARTESIAN_POINT ( 'NONE',  ( -20.18428497440904934, 220.0000000000000000, 69.63364589099039392 ) ) ;
#2992 = DIRECTION ( 'NONE',  ( -0.000000000000000000, -1.000000000000000000, -0.000000000000000000 ) ) ;
#2993 = COORDINATED_UNIVERSAL_TIME_OFFSET ( 8, 0, .AHEAD. ) ;
#2994 = COORDINATED_UNIVERSAL_TIME_OFFSET ( 8, 0, .AHEAD. ) ;
#2995 = CARTESIAN_POINT ( 'NONE',  ( -272.5000000000000000, 22.00000000000000000, 52.49999999999997868 ) ) ;
#2996 = ORIENTED_EDGE ( 'NONE', *, *, #5009, .F. ) ;
#2997 = AXIS2_PLACEMENT_3D ( 'NONE', #5136, #8033, #4347 ) ;
#2998 = ORIENTED_EDGE ( 'NONE', *, *, #9226, .F. ) ;
#2999 = DIRECTION ( 'NONE',  ( -0.000000000000000000, -1.000000000000000000, -0.000000000000000000 ) ) ;
#3000 = ORIENTED_EDGE ( 'NONE', *, *, #11012, .F. ) ;
#3001 = CARTESIAN_POINT ( 'NONE',  ( -83.78591484719798643, 142.5000000000000000, -25.22242005078197025 ) ) ;
#3002 = ORIENTED_EDGE ( 'NONE', *, *, #5404, .F. ) ;
#3003 = LINE ( 'NONE', #5569, #2264 ) ;
#3004 = DIRECTION ( 'NONE',  ( -1.000000000000000000, -0.000000000000000000, -0.000000000000000000 ) ) ;
#3005 = APPLICATION_PROTOCOL_DEFINITION ( 'international standard', 'config_control_design', 1994, #6649 ) ;
#3006 = SECURITY_CLASSIFICATION_LEVEL ( 'unclassified' ) ;
#3007 = CC_DESIGN_APPROVAL ( #11265, ( #3552 ) ) ;
#3008 = SECURITY_CLASSIFICATION_LEVEL ( 'unclassified' ) ;
#3009 = AXIS2_PLACEMENT_3D ( 'NONE', #17, #6383, #7222 ) ;
#3010 = DIRECTION ( 'NONE',  ( -0.000000000000000000, -1.000000000000000000, -0.000000000000000000 ) ) ;
#3011 = ORIENTED_EDGE ( 'NONE', *, *, #1362, .F. ) ;
#3012 = ORIENTED_EDGE ( 'NONE', *, *, #3203, .T. ) ;
#3013 = DIRECTION ( 'NONE',  ( -1.000000000000000000, -0.000000000000000000, -0.000000000000000000 ) ) ;
#3014 = LOCAL_TIME ( 1, 43, 37.00000000000000000, #5005 ) ;
#3015 = EDGE_CURVE ( 'NONE', #4474, #6300, #11881, .T. ) ;
#3016 = VERTEX_POINT ( 'NONE', #187 ) ;
#3017 = CARTESIAN_POINT ( 'NONE',  ( 0.000000000000000000, 0.000000000000000000, 0.000000000000000000 ) ) ;
#3018 = CARTESIAN_POINT ( 'NONE',  ( -115.0000000000000000, 0.000000000000000000, 23.49999999999999645 ) ) ;
#3019 = CIRCLE ( 'NONE', #8059, 59.00000000000000711 ) ;
#3020 = DIRECTION ( 'NONE',  ( 0.000000000000000000, 1.000000000000000000, 0.000000000000000000 ) ) ;
#3021 = ORIENTED_EDGE ( 'NONE', *, *, #9930, .F. ) ;
#3022 = EDGE_CURVE ( 'NONE', #2664, #355, #3726, .T. ) ;
#3023 = CC_DESIGN_APPROVAL ( #4083, ( #11953 ) ) ;
#3024 = LOCAL_TIME ( 1, 43, 37.00000000000000000, #5091 ) ;
#3025 = ORIENTED_EDGE ( 'NONE', *, *, #4705, .F. ) ;
#3026 = ORIENTED_EDGE ( 'NONE', *, *, #7647, .F. ) ;
#3027 = AXIS2_PLACEMENT_3D ( 'NONE', #7753, #1462, #2364 ) ;
#3028 = EDGE_LOOP ( 'NONE', ( #8916, #3379, #8385, #3163 ) ) ;
#3029 = DIRECTION ( 'NONE',  ( -0.000000000000000000, -1.000000000000000000, -0.000000000000000000 ) ) ;
#3030 = COORDINATED_UNIVERSAL_TIME_OFFSET ( 8, 0, .AHEAD. ) ;
#3031 = EDGE_CURVE ( 'NONE', #4547, #4846, #7512, .T. ) ;
#3032 = CARTESIAN_POINT ( 'NONE',  ( 52.50000000000000000, 28.00000000000000000, 131.0000000000000000 ) ) ;
#3033 = APPROVAL_PERSON_ORGANIZATION ( #1558, #4617, #2760 ) ;
#3034 = DIRECTION ( 'NONE',  ( 0.000000000000000000, 0.000000000000000000, -1.000000000000000000 ) ) ;
#3035 = APPROVAL_PERSON_ORGANIZATION ( #3123, #6163, #1437 ) ;
#3036 = DIRECTION ( 'NONE',  ( -0.000000000000000000, -1.000000000000000000, -0.000000000000000000 ) ) ;
#3037 = LINE ( 'NONE', #6857, #1630 ) ;
#3038 = AXIS2_PLACEMENT_3D ( 'NONE', #5087, #8783, #480 ) ;
#3039 = SECURITY_CLASSIFICATION_LEVEL ( 'unclassified' ) ;
#3040 = ORIENTED_EDGE ( 'NONE', *, *, #8846, .T. ) ;
#3041 = CC_DESIGN_APPROVAL ( #8461, ( #4610 ) ) ;
#3042 = ORIENTED_EDGE ( 'NONE', *, *, #1905, .F. ) ;
#3043 = APPROVAL ( #6235, 'æœª' ) ;
#3044 = EDGE_CURVE ( 'NONE', #8463, #9700, #2852, .T. ) ;
#3045 = DIRECTION ( 'NONE',  ( 0.000000000000000000, 1.000000000000000000, 0.000000000000000000 ) ) ;
#3046 = AXIS2_PLACEMENT_3D ( 'NONE', #10523, #6764, #4099 ) ;
#3047 = FACE_OUTER_BOUND ( 'NONE', #6414, .T. ) ;
#3048 = DIRECTION ( 'NONE',  ( -0.000000000000000000, -1.000000000000000000, -0.000000000000000000 ) ) ;
#3049 = FACE_OUTER_BOUND ( 'NONE', #2780, .T. ) ;
#3050 = CARTESIAN_POINT ( 'NONE',  ( 27.55320713028646651, 0.000000000000000000, -66.51932634081263984 ) ) ;
#3051 = LOCAL_TIME ( 1, 43, 37.00000000000000000, #8870 ) ;
#3052 = DIRECTION ( 'NONE',  ( 0.000000000000000000, 0.000000000000000000, 1.000000000000000000 ) ) ;
#3053 = APPROVAL_ROLE ( '' ) ;
#3054 = COORDINATED_UNIVERSAL_TIME_OFFSET ( 8, 0, .AHEAD. ) ;
#3055 = LINE ( 'NONE', #5007, #6622 ) ;
#3056 = ORIENTED_EDGE ( 'NONE', *, *, #6443, .T. ) ;
#3057 = EDGE_CURVE ( 'NONE', #2272, #11605, #2571, .T. ) ;
#3058 = AXIS2_PLACEMENT_3D ( 'NONE', #2830, #4537, #9204 ) ;
#3059 = ORIENTED_EDGE ( 'NONE', *, *, #11870, .F. ) ;
#3060 = LINE ( 'NONE', #5799, #2974 ) ;
#3061 = ORIENTED_EDGE ( 'NONE', *, *, #9022, .F. ) ;
#3062 = CARTESIAN_POINT ( 'NONE',  ( 117.5000000000000000, 20.00000000000000000, -24.00000000000000000 ) ) ;
#3063 = DIRECTION ( 'NONE',  ( 1.000000000000000000, 0.000000000000000000, 0.000000000000000000 ) ) ;
#3064 = EDGE_CURVE ( 'NONE', #7297, #650, #3753, .T. ) ;
#3065 = AXIS2_PLACEMENT_3D ( 'NONE', #6203, #9725, #9853 ) ;
#3066 = PLANE ( 'NONE',  #3046 ) ;
#3067 = DIRECTION ( 'NONE',  ( 0.000000000000000000, 1.000000000000000000, 0.000000000000000000 ) ) ;
#3068 = DATE_TIME_ROLE ( 'classification_date' ) ;
#3069 = APPROVAL_ROLE ( '' ) ;
#3070 = EDGE_CURVE ( 'NONE', #8405, #8419, #10478, .T. ) ;
#3071 = AXIS2_PLACEMENT_3D ( 'NONE', #7109, #10815, #7899 ) ;
#3072 = DIRECTION ( 'NONE',  ( 0.000000000000000000, 0.000000000000000000, 1.000000000000000000 ) ) ;
#3073 = CIRCLE ( 'NONE', #1924, 5.500000000000005329 ) ;
#3074 = VERTEX_POINT ( 'NONE', #5878 ) ;
#3075 = VERTEX_POINT ( 'NONE', #3874 ) ;
#3076 = DIRECTION ( 'NONE',  ( 0.000000000000000000, 1.000000000000000000, 0.000000000000000000 ) ) ;
#3077 = ORIENTED_EDGE ( 'NONE', *, *, #3436, .F. ) ;
#3078 = CARTESIAN_POINT ( 'NONE',  ( 135.0000000000000000, 28.00000000000000000, -114.0000000000000000 ) ) ;
#3079 = LINE ( 'NONE', #11226, #11482 ) ;
#3080 =( NAMED_UNIT ( * ) SI_UNIT ( $, .STERADIAN. ) SOLID_ANGLE_UNIT ( ) );
#3081 = CARTESIAN_POINT ( 'NONE',  ( 0.000000000000000000, 0.000000000000000000, 0.000000000000000000 ) ) ;
#3082 = ORIENTED_EDGE ( 'NONE', *, *, #1831, .T. ) ;
#3083 = EDGE_CURVE ( 'NONE', #4793, #6186, #7607, .T. ) ;
#3084 = EDGE_LOOP ( 'NONE', ( #9155, #7040, #1587, #5818 ) ) ;
#3085 = EDGE_LOOP ( 'NONE', ( #5931, #5621 ) ) ;
#3086 =( REPRESENTATION_RELATIONSHIP ('NONE','NONE', #4449, #4301 ) REPRESENTATION_RELATIONSHIP_WITH_TRANSFORMATION ( #7853 )SHAPE_REPRESENTATION_RELATIONSHIP( ) );
#3087 = EDGE_LOOP ( 'NONE', ( #8357, #9521, #3193, #2968 ) ) ;
#3088 = DIRECTION ( 'NONE',  ( -0.000000000000000000, -1.000000000000000000, -0.000000000000000000 ) ) ;
#3089 = FACE_OUTER_BOUND ( 'NONE', #7205, .T. ) ;
#3090 = CYLINDRICAL_SURFACE ( 'NONE', #509, 52.50000000000000000 ) ;
#3091 = CARTESIAN_POINT ( 'NONE',  ( -120.0000000000000000, 120.0000000000000000, -90.00000000000000000 ) ) ;
#3092 = CARTESIAN_POINT ( 'NONE',  ( 75.75812166592551478, 30.00000000000000000, 31.38004145393735200 ) ) ;
#3093 = CARTESIAN_POINT ( 'NONE',  ( -70.00000000000000000, 0.000000000000000000, 50.50000000000000000 ) ) ;
#3094 = APPROVAL_STATUS ( 'not_yet_approved' ) ;
#3095 = ADVANCED_FACE ( 'NONE', ( #1155, #9582 ), #4909, .T. ) ;
#3096 = ORIENTED_EDGE ( 'NONE', *, *, #9877, .T. ) ;
#3097 = ORIENTED_EDGE ( 'NONE', *, *, #7082, .T. ) ;
#3098 = CARTESIAN_POINT ( 'NONE',  ( -32.52809175103262618, 260.0000000000000000, -78.52976026345936589 ) ) ;
#3099 = CARTESIAN_POINT ( 'NONE',  ( -330.0000000000000000, 22.00000000000000000, 75.00000000000000000 ) ) ;
#3100 = DIRECTION ( 'NONE',  ( -1.000000000000000000, 0.000000000000000000, 0.000000000000000000 ) ) ;
#3101 = ORIENTED_EDGE ( 'NONE', *, *, #9039, .F. ) ;
#3102 = DIRECTION ( 'NONE',  ( 0.000000000000000000, 0.000000000000000000, -1.000000000000000000 ) ) ;
#3103 = CARTESIAN_POINT ( 'NONE',  ( -105.0000000000000000, 20.00000000000000000, 8.000000000000000000 ) ) ;
#3104 = PLANE ( 'NONE',  #11127 ) ;
#3105 = APPROVAL_DATE_TIME ( #7774, #2448 ) ;
#3106 = CC_DESIGN_PERSON_AND_ORGANIZATION_ASSIGNMENT ( #3376, #707, ( #3425 ) ) ;
#3107 = CALENDAR_DATE ( 2026, 29, 7 ) ;
#3109 = EDGE_CURVE ( 'NONE', #3972, #11344, #9465, .T. ) ;
#3108 = CARTESIAN_POINT ( 'NONE',  ( 31.38004145393736266, 30.00000000000000000, 75.75812166592551478 ) ) ;
#3110 = VERTEX_POINT ( 'NONE', #4735 ) ;
#3111 = VECTOR ( 'NONE', #10390, 1000.000000000000000 ) ;
#3112 = VERTEX_POINT ( 'NONE', #8422 ) ;
#3113 = CC_DESIGN_DATE_AND_TIME_ASSIGNMENT ( #7213, #2549, ( #3825 ) ) ;
#3114 = DIRECTION ( 'NONE',  ( 0.000000000000000000, 0.000000000000000000, 1.000000000000000000 ) ) ;
#3115 = EDGE_LOOP ( 'NONE', ( #11521, #1207 ) ) ;
#3116 = LINE ( 'NONE', #398, #5202 ) ;
#3117 = CIRCLE ( 'NONE', #1966, 57.99999999999999289 ) ;
#3118 = CARTESIAN_POINT ( 'NONE',  ( 135.0000000000000000, 28.00000000000000000, -105.0000000000000000 ) ) ;
#3119 = DIRECTION ( 'NONE',  ( -0.000000000000000000, -1.000000000000000000, -0.000000000000000000 ) ) ;
#3120 = CARTESIAN_POINT ( 'NONE',  ( -245.0000000000000000, 0.000000000000000000, 64.00000000000000000 ) ) ;
#3121 = PRODUCT_DEFINITION_SHAPE ( 'NONE', 'NONE',  #12000 ) ;
#3122 = COORDINATED_UNIVERSAL_TIME_OFFSET ( 8, 0, .AHEAD. ) ;
#3123 = PERSON_AND_ORGANIZATION ( #10860, #8800 ) ;
#3124 = ORIENTED_EDGE ( 'NONE', *, *, #4031, .T. ) ;
#3125 = CIRCLE ( 'NONE', #1598, 39.00000000000000000 ) ;
#3126 = EDGE_CURVE ( 'NONE', #4532, #4498, #3816, .T. ) ;
#3127 = DIRECTION ( 'NONE',  ( 0.000000000000000000, 0.000000000000000000, -1.000000000000000000 ) ) ;
#3128 = AXIS2_PLACEMENT_3D ( 'NONE', #10377, #4010, #2976 ) ;
#3129 = ORIENTED_EDGE ( 'NONE', *, *, #11445, .F. ) ;
#3130 = EDGE_LOOP ( 'NONE', ( #537, #10042 ) ) ;
#3131 = CARTESIAN_POINT ( 'NONE',  ( -115.0000000000000000, 12.00000000000000000, 28.00000000000000000 ) ) ;
#3132 = AXIS2_PLACEMENT_3D ( 'NONE', #7892, #8874, #5113 ) ;
#3133 = ORIENTED_EDGE ( 'NONE', *, *, #1289, .T. ) ;
#3134 = ADVANCED_FACE ( 'NONE', ( #10366 ), #8542, .F. ) ;
#3135 = DIRECTION ( 'NONE',  ( -0.000000000000000000, -1.000000000000000000, -0.000000000000000000 ) ) ;
#3136 = DIRECTION ( 'NONE',  ( 0.000000000000000000, 0.000000000000000000, -1.000000000000000000 ) ) ;
#3137 = CIRCLE ( 'NONE', #1783, 9.000000000000007105 ) ;
#3138 = CYLINDRICAL_SURFACE ( 'NONE', #6858, 9.000000000000007105 ) ;
#3139 = DIRECTION ( 'NONE',  ( -0.1391731009600654378, -0.9902680687415703620, 6.123233995736766036E-17 ) ) ;
#3140 = APPROVAL_DATE_TIME ( #4187, #4313 ) ;
#3141 = LINE ( 'NONE', #6182, #9363 ) ;
#3142 = VECTOR ( 'NONE', #5699, 1000.000000000000000 ) ;
#3143 = VECTOR ( 'NONE', #7157, 1000.000000000000000 ) ;
#3144 = ORIENTED_EDGE ( 'NONE', *, *, #8506, .F. ) ;
#3145 = ORIENTED_EDGE ( 'NONE', *, *, #3064, .F. ) ;
#3146 = EDGE_LOOP ( 'NONE', ( #4980, #10458 ) ) ;
#3147 = DIRECTION ( 'NONE',  ( 0.000000000000000000, 0.000000000000000000, -1.000000000000000000 ) ) ;
#3149 = CARTESIAN_POINT ( 'NONE',  ( 105.0000000000000000, 12.00000000000000000, 8.000000000000000000 ) ) ;
#3148 = AXIS2_PLACEMENT_3D ( 'NONE', #7373, #8080, #11796 ) ;
#3150 = PLANE ( 'NONE',  #5551 ) ;
#3151 = CYLINDRICAL_SURFACE ( 'NONE', #3711, 115.0000000000000000 ) ;
#3152 = EDGE_CURVE ( 'NONE', #4367, #3277, #364, .T. ) ;
#3153 = CIRCLE ( 'NONE', #9947, 9.000000000000007105 ) ;
#3154 = AXIS2_PLACEMENT_3D ( 'NONE', #5640, #1030, #1267 ) ;
#3155 = DIRECTION ( 'NONE',  ( 0.000000000000000000, 0.000000000000000000, 1.000000000000000000 ) ) ;
#3156 = FACE_OUTER_BOUND ( 'NONE', #10823, .T. ) ;
#3157 = CONTEXT_DEPENDENT_SHAPE_REPRESENTATION ( #4342, #3121 ) ;
#3158 = AXIS2_PLACEMENT_3D ( 'NONE', #806, #931, #8261 ) ;
#3159 = EDGE_LOOP ( 'NONE', ( #3444, #2882 ) ) ;
#3160 = ORIENTED_EDGE ( 'NONE', *, *, #3623, .F. ) ;
#3161 = AXIS2_PLACEMENT_3D ( 'NONE', #10469, #7796, #3192 ) ;
#3162 = CARTESIAN_POINT ( 'NONE',  ( 59.00000000000000000, 0.000000000000000000, 7.500000000000000000 ) ) ;
#3163 = ORIENTED_EDGE ( 'NONE', *, *, #6759, .F. ) ;
#3164 = LINE ( 'NONE', #3410, #1614 ) ;
#3165 = DIRECTION ( 'NONE',  ( 0.000000000000000000, 0.000000000000000000, 1.000000000000000000 ) ) ;
#3166 = CARTESIAN_POINT ( 'NONE',  ( 0.000000000000000000, 360.0000000000000000, 0.000000000000000000 ) ) ;
#3167 = EDGE_CURVE ( 'NONE', #8463, #4731, #8850, .T. ) ;
#3169 = DIRECTION ( 'NONE',  ( 0.000000000000000000, 0.000000000000000000, 1.000000000000000000 ) ) ;
#3168 = AXIS2_PLACEMENT_3D ( 'NONE', #2507, #11558, #1661 ) ;
#3170 = FACE_BOUND ( 'NONE', #11547, .T. ) ;
#3171 = CARTESIAN_POINT ( 'NONE',  ( -180.0000000000000000, 28.00000000000000000, 155.0000000000000000 ) ) ;
#3172 = AXIS2_PLACEMENT_3D ( 'NONE', #6815, #5851, #1133 ) ;
#3173 = APPROVAL_DATE_TIME ( #4087, #6222 ) ;
#3174 = COORDINATED_UNIVERSAL_TIME_OFFSET ( 8, 0, .AHEAD. ) ;
#3175 = CYLINDRICAL_SURFACE ( 'NONE', #2778, 7.000000000000020428 ) ;
#3176 = EDGE_LOOP ( 'NONE', ( #5520, #975 ) ) ;
#3177 = AXIS2_PLACEMENT_3D ( 'NONE', #7144, #2531, #6234 ) ;
#3178 = ORIENTED_EDGE ( 'NONE', *, *, #6546, .F. ) ;
#3179 = AXIS2_PLACEMENT_3D ( 'NONE', #6180, #4248, #1569 ) ;
#3180 = DIRECTION ( 'NONE',  ( -0.000000000000000000, -1.000000000000000000, -0.000000000000000000 ) ) ;
#3181 = CC_DESIGN_DATE_AND_TIME_ASSIGNMENT ( #705, #8035, ( #4747 ) ) ;
#3182 = CARTESIAN_POINT ( 'NONE',  ( 180.0000000000000000, 34.00000000000000000, 12.00000000000000000 ) ) ;
#3183 = EDGE_CURVE ( 'NONE', #3774, #2902, #5152, .T. ) ;
#3184 = ORIENTED_EDGE ( 'NONE', *, *, #4992, .F. ) ;
#3185 = DIRECTION ( 'NONE',  ( 0.000000000000000000, 0.000000000000000000, -1.000000000000000000 ) ) ;
#3186 = CARTESIAN_POINT ( 'NONE',  ( 7.347880794884118356E-15, 0.000000000000000000, 60.00000000000000000 ) ) ;
#3187 = APPROVAL_PERSON_ORGANIZATION ( #5501, #1053, #2580 ) ;
#3188 = AXIS2_PLACEMENT_3D ( 'NONE', #8946, #704, #6103 ) ;
#3189 = APPROVAL_STATUS ( 'not_yet_approved' ) ;
#3190 = COORDINATED_UNIVERSAL_TIME_OFFSET ( 8, 0, .AHEAD. ) ;
#3191 = PERSON_AND_ORGANIZATION ( #4059, #6909 ) ;
#3192 = DIRECTION ( 'NONE',  ( 0.000000000000000000, 0.000000000000000000, 1.000000000000000000 ) ) ;
#3193 = ORIENTED_EDGE ( 'NONE', *, *, #7, .T. ) ;
#3194 = AXIS2_PLACEMENT_3D ( 'NONE', #1300, #2932, #5908 ) ;
#3195 = APPROVAL ( #4005, 'æœª' ) ;
#3196 = EDGE_CURVE ( 'NONE', #11652, #3986, #10719, .T. ) ;
#3197 = ORIENTED_EDGE ( 'NONE', *, *, #4341, .F. ) ;
#3198 = CARTESIAN_POINT ( 'NONE',  ( 0.000000000000000000, 0.000000000000000000, 0.000000000000000000 ) ) ;
#3199 = VERTEX_POINT ( 'NONE', #2299 ) ;
#3200 = DIRECTION ( 'NONE',  ( -1.000000000000000000, 0.000000000000000000, 0.000000000000000000 ) ) ;
#3201 = CARTESIAN_POINT ( 'NONE',  ( 245.0000000000000000, 20.00000000000000000, 64.00000000000000000 ) ) ;
#3202 = DIRECTION ( 'NONE',  ( 0.000000000000000000, 0.000000000000000000, 1.000000000000000000 ) ) ;
#3203 = EDGE_CURVE ( 'NONE', #2411, #6307, #5273, .T. ) ;
#3204 = SECURITY_CLASSIFICATION_LEVEL ( 'unclassified' ) ;
#3205 = CARTESIAN_POINT ( 'NONE',  ( -70.00000000000000000, 0.000000000000000000, -45.00000000000000000 ) ) ;
#3206 = EDGE_CURVE ( 'NONE', #2098, #5025, #4299, .T. ) ;
#3207 = ORIENTED_EDGE ( 'NONE', *, *, #11816, .F. ) ;
#3208 = LOCAL_TIME ( 1, 43, 37.00000000000000000, #7575 ) ;
#3209 = ORIENTED_EDGE ( 'NONE', *, *, #9022, .T. ) ;
#3210 = EDGE_LOOP ( 'NONE', ( #8606, #549 ) ) ;
#3211 = PRODUCT_DEFINITION_SHAPE ( 'NONE', 'NONE',  #12011 ) ;
#3212 = FACE_BOUND ( 'NONE', #3754, .T. ) ;
#3213 = DIRECTION ( 'NONE',  ( 1.000000000000000000, -0.000000000000000000, 0.000000000000000000 ) ) ;
#3214 = AXIS2_PLACEMENT_3D ( 'NONE', #2013, #11239, #2863 ) ;
#3215 = DIRECTION ( 'NONE',  ( 0.000000000000000000, 0.000000000000000000, 1.000000000000000000 ) ) ;
#3216 = DIRECTION ( 'NONE',  ( 0.000000000000000000, 0.000000000000000000, -1.000000000000000000 ) ) ;
#3217 = EDGE_CURVE ( 'NONE', #2163, #3581, #3141, .T. ) ;
#3218 = CARTESIAN_POINT ( 'NONE',  ( -330.0000000000000000, 0.000000000000000000, -75.00000000000000000 ) ) ;
#3219 = EDGE_CURVE ( 'NONE', #4074, #5949, #1520, .T. ) ;
#3220 = LOCAL_TIME ( 1, 43, 37.00000000000000000, #1518 ) ;
#3221 = CARTESIAN_POINT ( 'NONE',  ( 31.38004145393736266, 30.00000000000000000, -75.75812166592551478 ) ) ;
#3222 = DATE_AND_TIME ( #7824, #7698 ) ;
#3223 = ORIENTED_EDGE ( 'NONE', *, *, #9448, .F. ) ;
#3224 = VECTOR ( 'NONE', #296, 1000.000000000000000 ) ;
#3225 = ORIENTED_EDGE ( 'NONE', *, *, #4337, .T. ) ;
#3226 = CARTESIAN_POINT ( 'NONE',  ( 1.163414459189985485E-14, 410.0000000000000000, 95.00000000000001421 ) ) ;
#3227 = CYLINDRICAL_SURFACE ( 'NONE', #9631, 8.000000000000014211 ) ;
#3228 = ORIENTED_EDGE ( 'NONE', *, *, #6789, .F. ) ;
#3229 = LINE ( 'NONE', #620, #6261 ) ;
#3230 = CC_DESIGN_APPROVAL ( #4897, ( #10982 ) ) ;
#3231 = PRODUCT_DEFINITION_SHAPE ( 'NONE', 'NONE',  #3273 ) ;
#3232 = DIRECTION ( 'NONE',  ( -1.000000000000000000, 0.000000000000000000, 0.000000000000000000 ) ) ;
#3233 = CARTESIAN_POINT ( 'NONE',  ( 0.000000000000000000, 0.000000000000000000, 0.000000000000000000 ) ) ;
#3234 = VERTEX_POINT ( 'NONE', #5092 ) ;
#3235 = CARTESIAN_POINT ( 'NONE',  ( -31.38004145393735911, 30.00000000000000000, -68.75812166592551478 ) ) ;
#3236 = DIRECTION ( 'NONE',  ( -0.000000000000000000, -1.000000000000000000, -0.000000000000000000 ) ) ;
#3237 = CIRCLE ( 'NONE', #8272, 9.000000000000035527 ) ;
#3238 = DIRECTION ( 'NONE',  ( -0.000000000000000000, -0.000000000000000000, 1.000000000000000000 ) ) ;
#3239 = APPLICATION_PROTOCOL_DEFINITION ( 'international standard', 'config_control_design', 1994, #1704 ) ;
#3240 = PERSON_AND_ORGANIZATION ( #10860, #8800 ) ;
#3241 = CARTESIAN_POINT ( 'NONE',  ( 115.0000000000000000, 12.00000000000000000, -28.00000000000000000 ) ) ;
#3242 = VERTEX_POINT ( 'NONE', #7869 ) ;
#3243 = LOCAL_TIME ( 1, 43, 37.00000000000000000, #3479 ) ;
#3244 = ADVANCED_FACE ( 'NONE', ( #5942 ), #4061, .F. ) ;
#3245 = VERTEX_POINT ( 'NONE', #599 ) ;
#3246 = VECTOR ( 'NONE', #8944, 1000.000000000000000 ) ;
#3247 = CIRCLE ( 'NONE', #10601, 4.500000000000007105 ) ;
#3248 = CYLINDRICAL_SURFACE ( 'NONE', #2982, 52.50000000000000000 ) ;
#3249 = CARTESIAN_POINT ( 'NONE',  ( 0.000000000000000000, 0.000000000000000000, 0.000000000000000000 ) ) ;
#3250 = ORGANIZATION ( 'NAUO-ORG5', 'UNSPECIFIED', 'UNSPECIFIED' ) ;
#3251 = CARTESIAN_POINT ( 'NONE',  ( 0.000000000000000000, 30.00000000000000000, 0.000000000000000000 ) ) ;
#3252 = CARTESIAN_POINT ( 'NONE',  ( -110.0000000000000000, 28.00000000000000000, 24.00000000000000000 ) ) ;
#3253 = DIRECTION ( 'NONE',  ( 0.000000000000000000, 1.000000000000000000, 0.000000000000000000 ) ) ;
#3254 = CALENDAR_DATE ( 2026, 29, 7 ) ;
#3255 = CIRCLE ( 'NONE', #4424, 57.50000000000000000 ) ;
#3256 = APPROVAL_STATUS ( 'not_yet_approved' ) ;
#3257 = PERSON_AND_ORGANIZATION_ROLE ( 'classification_officer' ) ;
#3258 = EDGE_LOOP ( 'NONE', ( #6518, #3144, #6305, #5701 ) ) ;
#3259 = ADVANCED_FACE ( 'NONE', ( #10544 ), #10790, .F. ) ;
#3260 = FACE_BOUND ( 'NONE', #8055, .T. ) ;
#3261 = VERTEX_POINT ( 'NONE', #546 ) ;
#3262 = AXIS2_PLACEMENT_3D ( 'NONE', #1843, #11860, #5549 ) ;
#3263 = ORIENTED_EDGE ( 'NONE', *, *, #3206, .F. ) ;
#3264 = CARTESIAN_POINT ( 'NONE',  ( 0.000000000000000000, 225.0000000000000000, -44.00000000000000000 ) ) ;
#3265 = ADVANCED_FACE ( 'NONE', ( #7080 ), #1391, .F. ) ;
#3266 = ORIENTED_EDGE ( 'NONE', *, *, #6576, .F. ) ;
#3267 = CARTESIAN_POINT ( 'NONE',  ( 120.0000000000000000, 260.0000000000000000, 110.0000000000000000 ) ) ;
#3268 = CARTESIAN_POINT ( 'NONE',  ( -78.52976026345936589, 260.0000000000000000, -32.52809175103263328 ) ) ;
#3269 = DIRECTION ( 'NONE',  ( 0.000000000000000000, 0.000000000000000000, 1.000000000000000000 ) ) ;
#3270 = DIRECTION ( 'NONE',  ( -0.1391731009600654378, -0.9902680687415703620, 6.123233995736766036E-17 ) ) ;
#3271 = PERSON_AND_ORGANIZATION ( #10860, #8800 ) ;
#3272 = CARTESIAN_POINT ( 'NONE',  ( -85.00000000000000000, 120.0000000000000000, 60.00000000000000000 ) ) ;
#3273 = PRODUCT_DEFINITION ( 'æœ', '', #11168, #6470 ) ;
#3274 = EDGE_CURVE ( 'NONE', #167, #1703, #11892, .T. ) ;
#3275 = VERTEX_POINT ( 'NONE', #9645 ) ;
#3276 = ORIENTED_EDGE ( 'NONE', *, *, #339, .T. ) ;
#3277 = VERTEX_POINT ( 'NONE', #11648 ) ;
#3278 = DIRECTION ( 'NONE',  ( 0.000000000000000000, 1.000000000000000000, 0.000000000000000000 ) ) ;
#3279 = APPROVAL ( #10938, 'UNKNOWN' ) ;
#3280 = DIRECTION ( 'NONE',  ( -0.000000000000000000, -1.000000000000000000, -0.000000000000000000 ) ) ;
#3281 = DIRECTION ( 'NONE',  ( -0.000000000000000000, -1.000000000000000000, -0.000000000000000000 ) ) ;
#3282 = DESIGN_CONTEXT ( 'detailed design', #6881, 'design' ) ;
#3283 = CARTESIAN_POINT ( 'NONE',  ( -85.00000000000000000, 0.000000000000000000, 67.00000000000000000 ) ) ;
#3284 = EDGE_CURVE ( 'NONE', #3277, #2489, #1615, .T. ) ;
#3285 = ORIENTED_EDGE ( 'NONE', *, *, #10375, .T. ) ;
#3286 = VERTEX_POINT ( 'NONE', #3325 ) ;
#3287 = CARTESIAN_POINT ( 'NONE',  ( -165.0000000000000000, 0.000000000000000000, 29.00000000000000000 ) ) ;
#3288 = EDGE_CURVE ( 'NONE', #9714, #1604, #7810, .T. ) ;
#3289 = ORIENTED_EDGE ( 'NONE', *, *, #5188, .F. ) ;
#3290 = DIRECTION ( 'NONE',  ( -1.000000000000000000, 0.000000000000000000, -0.000000000000000000 ) ) ;
#3291 = FACE_OUTER_BOUND ( 'NONE', #5225, .T. ) ;
#3292 = CARTESIAN_POINT ( 'NONE',  ( 0.000000000000000000, 12.00000000000000000, -8.000000000000000000 ) ) ;
#3293 = CARTESIAN_POINT ( 'NONE',  ( 101.0000000000000000, 42.00000000000000000, 24.00000000000000000 ) ) ;
#3294 = EDGE_CURVE ( 'NONE', #9588, #5025, #4121, .T. ) ;
#3295 = DIRECTION ( 'NONE',  ( 0.000000000000000000, 1.000000000000000000, 0.000000000000000000 ) ) ;
#3296 = CARTESIAN_POINT ( 'NONE',  ( 27.55320713028646651, 220.0000000000000000, 66.51932634081265405 ) ) ;
#3297 = APPROVAL_DATE_TIME ( #1302, #4545 ) ;
#3298 = DIRECTION ( 'NONE',  ( 0.000000000000000000, 0.000000000000000000, 1.000000000000000000 ) ) ;
#3299 = VERTEX_POINT ( 'NONE', #6968 ) ;
#3300 = ORIENTED_EDGE ( 'NONE', *, *, #5294, .F. ) ;
#3301 = CARTESIAN_POINT ( 'NONE',  ( 140.0000000000000000, 12.00000000000000000, -42.50000000000000000 ) ) ;
#3302 = ORIENTED_EDGE ( 'NONE', *, *, #3057, .T. ) ;
#3303 = DIRECTION ( 'NONE',  ( 0.000000000000000000, 1.000000000000000000, 0.000000000000000000 ) ) ;
#3304 = LINE ( 'NONE', #9011, #8868 ) ;
#3305 = DIRECTION ( 'NONE',  ( 0.000000000000000000, 1.000000000000000000, 0.000000000000000000 ) ) ;
#3306 = CARTESIAN_POINT ( 'NONE',  ( -120.0000000000000000, 120.0000000000000000, 90.00000000000000000 ) ) ;
#3307 = EDGE_CURVE ( 'NONE', #4928, #9847, #1033, .T. ) ;
#3308 = PERSON_AND_ORGANIZATION_ROLE ( 'design_owner' ) ;
#3309 = APPROVAL_DATE_TIME ( #527, #6163 ) ;
#3310 = COORDINATED_UNIVERSAL_TIME_OFFSET ( 8, 0, .AHEAD. ) ;
#3311 = VERTEX_POINT ( 'NONE', #8280 ) ;
#3312 = VECTOR ( 'NONE', #7411, 1000.000000000000000 ) ;
#3313 = DIRECTION ( 'NONE',  ( 0.000000000000000000, 0.000000000000000000, -1.000000000000000000 ) ) ;
#3314 = ORIENTED_EDGE ( 'NONE', *, *, #8345, .F. ) ;
#3315 = ORIENTED_EDGE ( 'NONE', *, *, #373, .F. ) ;
#3316 = ORIENTED_EDGE ( 'NONE', *, *, #7943, .F. ) ;
#3317 = LINE ( 'NONE', #8659, #4402 ) ;
#3318 = DIRECTION ( 'NONE',  ( 0.000000000000000000, 0.000000000000000000, 1.000000000000000000 ) ) ;
#3319 = CYLINDRICAL_SURFACE ( 'NONE', #8802, 39.00000000000000000 ) ;
#3320 = EDGE_CURVE ( 'NONE', #2551, #2727, #252, .T. ) ;
#3321 =( NAMED_UNIT ( * ) SI_UNIT ( $, .STERADIAN. ) SOLID_ANGLE_UNIT ( ) );
#3322 =( REPRESENTATION_RELATIONSHIP ('NONE','NONE', #7231, #4765 ) REPRESENTATION_RELATIONSHIP_WITH_TRANSFORMATION ( #8458 )SHAPE_REPRESENTATION_RELATIONSHIP( ) );
#3323 = APPROVAL_STATUS ( 'not_yet_approved' ) ;
#3324 = VECTOR ( 'NONE', #1275, 1000.000000000000000 ) ;
#3325 = CARTESIAN_POINT ( 'NONE',  ( -272.5000000000000000, 38.00000000000000000, 68.99999999999998579 ) ) ;
#3326 = VECTOR ( 'NONE', #7155, 1000.000000000000000 ) ;
#3327 = PRODUCT ( 'MKH-004_shoulder_frame', 'MKH-004_shoulder_frame', '', ( #5730 ) ) ;
#3328 = ORIENTED_EDGE ( 'NONE', *, *, #7243, .F. ) ;
#3329 = ORIENTED_EDGE ( 'NONE', *, *, #6085, .T. ) ;
#3330 = CIRCLE ( 'NONE', #1403, 9.000000000000035527 ) ;
#3331 = EDGE_LOOP ( 'NONE', ( #2360, #11106 ) ) ;
#3332 = VECTOR ( 'NONE', #6973, 1000.000000000000000 ) ;
#3333 = FACE_OUTER_BOUND ( 'NONE', #1640, .T. ) ;
#3334 = ORIENTED_EDGE ( 'NONE', *, *, #6354, .T. ) ;
#3335 = DIRECTION ( 'NONE',  ( -0.000000000000000000, -1.000000000000000000, -0.000000000000000000 ) ) ;
#3336 = CC_DESIGN_PERSON_AND_ORGANIZATION_ASSIGNMENT ( #403, #8709, ( #868 ) ) ;
#3337 = FACE_OUTER_BOUND ( 'NONE', #1816, .T. ) ;
#3338 = CIRCLE ( 'NONE', #1988, 68.99999999999998579 ) ;
#3339 = ADVANCED_FACE ( 'NONE', ( #8398 ), #2935, .F. ) ;
#3340 =( LENGTH_UNIT ( ) NAMED_UNIT ( * ) SI_UNIT ( .MILLI., .METRE. ) );
#3341 = FACE_OUTER_BOUND ( 'NONE', #7342, .T. ) ;
#3342 = DATE_AND_TIME ( #562, #3051 ) ;
#3343 = CC_DESIGN_PERSON_AND_ORGANIZATION_ASSIGNMENT ( #2159, #4895, ( #1871 ) ) ;
#3344 = ORIENTED_EDGE ( 'NONE', *, *, #10474, .T. ) ;
#3345 = VECTOR ( 'NONE', #960, 1000.000000000000000 ) ;
#3346 = ADVANCED_BREP_SHAPE_REPRESENTATION ( '', ( #4046, #10725 ), #265 ) ;
#3347 = ORIENTED_EDGE ( 'NONE', *, *, #4666, .F. ) ;
#3348 = FACE_OUTER_BOUND ( 'NONE', #4818, .T. ) ;
#3349 = ORIENTED_EDGE ( 'NONE', *, *, #255, .F. ) ;
#3350 = CARTESIAN_POINT ( 'NONE',  ( 0.000000000000000000, 260.0000000000000000, 0.000000000000000000 ) ) ;
#3351 = VECTOR ( 'NONE', #10824, 1000.000000000000000 ) ;
#3352 = CIRCLE ( 'NONE', #2967, 6.999999999999999112 ) ;
#3353 = DIRECTION ( 'NONE',  ( 1.000000000000000000, -0.000000000000000000, 0.000000000000000000 ) ) ;
#3354 = EDGE_CURVE ( 'NONE', #8419, #6653, #11769, .T. ) ;
#3355 = DIRECTION ( 'NONE',  ( 0.000000000000000000, 0.000000000000000000, -1.000000000000000000 ) ) ;
#3356 = LINE ( 'NONE', #11555, #376 ) ;
#3357 = DIRECTION ( 'NONE',  ( 0.000000000000000000, 0.000000000000000000, 1.000000000000000000 ) ) ;
#3358 = CARTESIAN_POINT ( 'NONE',  ( 0.000000000000000000, 270.0000000000000000, 0.000000000000000000 ) ) ;
#3359 = AXIS2_PLACEMENT_3D ( 'NONE', #6327, #10036, #1723 ) ;
#3360 = EDGE_CURVE ( 'NONE', #10111, #1338, #7146, .T. ) ;
#3361 = CALENDAR_DATE ( 2026, 29, 7 ) ;
#3362 = DIRECTION ( 'NONE',  ( 0.000000000000000000, 0.000000000000000000, 1.000000000000000000 ) ) ;
#3363 = VERTEX_POINT ( 'NONE', #9312 ) ;
#3364 = AXIS2_PLACEMENT_3D ( 'NONE', #7855, #11585, #9931 ) ;
#3365 = CIRCLE ( 'NONE', #4336, 130.0000000000000000 ) ;
#3366 = ORIENTED_EDGE ( 'NONE', *, *, #8021, .F. ) ;
#3367 = EDGE_CURVE ( 'NONE', #10012, #7255, #1800, .T. ) ;
#3368 = PLANE ( 'NONE',  #7624 ) ;
#3369 =( GEOMETRIC_REPRESENTATION_CONTEXT ( 3 ) GLOBAL_UNCERTAINTY_ASSIGNED_CONTEXT ( ( #1952 ) ) GLOBAL_UNIT_ASSIGNED_CONTEXT ( ( #9884, #11460, #3681 ) ) REPRESENTATION_CONTEXT ( 'NONE', 'WORKASPACE' ) );
#3370 = CYLINDRICAL_SURFACE ( 'NONE', #9081, 60.00000000000000000 ) ;
#3371 = VECTOR ( 'NONE', #1005, 1000.000000000000000 ) ;
#3372 = DIRECTION ( 'NONE',  ( 0.000000000000000000, 0.000000000000000000, -1.000000000000000000 ) ) ;
#3373 = LINE ( 'NONE', #2637, #151 ) ;
#3374 = CYLINDRICAL_SURFACE ( 'NONE', #10749, 7.000000000000006217 ) ;
#3375 = PERSON_AND_ORGANIZATION ( #10860, #8800 ) ;
#3376 = PERSON_AND_ORGANIZATION ( #10860, #8800 ) ;
#3377 = DATE_TIME_ROLE ( 'classification_date' ) ;
#3378 = VECTOR ( 'NONE', #573, 1000.000000000000000 ) ;
#3379 = ORIENTED_EDGE ( 'NONE', *, *, #2600, .T. ) ;
#3380 = CARTESIAN_POINT ( 'NONE',  ( -196.0000000000000000, 34.00000000000000000, 57.99999999999999289 ) ) ;
#3381 = ORIENTED_EDGE ( 'NONE', *, *, #11207, .T. ) ;
#3382 = ORIENTED_EDGE ( 'NONE', *, *, #10778, .F. ) ;
#3383 = VECTOR ( 'NONE', #11031, 1000.000000000000000 ) ;
#3384 = ORIENTED_EDGE ( 'NONE', *, *, #11982, .T. ) ;
#3385 = PLANE ( 'NONE',  #1505 ) ;
#3386 = LINE ( 'NONE', #7076, #7603 ) ;
#3387 = LINE ( 'NONE', #3502, #9973 ) ;
#3388 = DIRECTION ( 'NONE',  ( 0.9902680687415703620, -0.1391731009600654378, 0.000000000000000000 ) ) ;
#3389 = PERSON_AND_ORGANIZATION ( #10860, #8800 ) ;
#3390 = DIRECTION ( 'NONE',  ( -0.000000000000000000, -1.000000000000000000, -0.000000000000000000 ) ) ;
#3391 = ORIENTED_EDGE ( 'NONE', *, *, #1551, .F. ) ;
#3392 = EDGE_CURVE ( 'NONE', #3684, #1239, #1915, .T. ) ;
#3393 = ORIENTED_EDGE ( 'NONE', *, *, #4092, .T. ) ;
#3394 = ORIENTED_EDGE ( 'NONE', *, *, #3829, .F. ) ;
#3395 = FACE_BOUND ( 'NONE', #3836, .T. ) ;
#3396 = ORIENTED_EDGE ( 'NONE', *, *, #8220, .F. ) ;
#3397 = DIRECTION ( 'NONE',  ( -0.000000000000000000, -1.000000000000000000, -0.000000000000000000 ) ) ;
#3398 = DIRECTION ( 'NONE',  ( 1.000000000000000000, 0.000000000000000000, -0.000000000000000000 ) ) ;
#3399 = EDGE_CURVE ( 'NONE', #6848, #5532, #10341, .T. ) ;
#3400 = ADVANCED_FACE ( 'NONE', ( #5557 ), #1064, .T. ) ;
#3401 = FACE_BOUND ( 'NONE', #8483, .T. ) ;
#3402 = COORDINATED_UNIVERSAL_TIME_OFFSET ( 8, 0, .AHEAD. ) ;
#3403 = APPROVAL_PERSON_ORGANIZATION ( #1420, #2448, #3053 ) ;
#3404 = EDGE_LOOP ( 'NONE', ( #3481, #7825, #1324, #8384 ) ) ;
#3405 = ADVANCED_FACE ( 'NONE', ( #10226 ), #6629, .F. ) ;
#3406 = ORIENTED_EDGE ( 'NONE', *, *, #327, .T. ) ;
#3407 = FACE_OUTER_BOUND ( 'NONE', #7405, .T. ) ;
#3408 = VECTOR ( 'NONE', #5535, 1000.000000000000000 ) ;
#3409 = VERTEX_POINT ( 'NONE', #6458 ) ;
#3410 = CARTESIAN_POINT ( 'NONE',  ( -95.00000000000000000, 95.00000000000000000, -65.00000000000000000 ) ) ;
#3411 = LINE ( 'NONE', #9724, #407 ) ;
#3412 = PLANE ( 'NONE',  #8680 ) ;
#3413 = APPROVAL_PERSON_ORGANIZATION ( #5924, #450, #8899 ) ;
#3414 = ADVANCED_FACE ( 'NONE', ( #161 ), #7480, .T. ) ;
#3415 = DIRECTION ( 'NONE',  ( -0.000000000000000000, -1.000000000000000000, -0.000000000000000000 ) ) ;
#3416 = FACE_BOUND ( 'NONE', #2051, .T. ) ;
#3417 = CYLINDRICAL_SURFACE ( 'NONE', #3952, 44.00000000000000000 ) ;
#3418 = VECTOR ( 'NONE', #3634, 1000.000000000000000 ) ;
#3419 = PERSON_AND_ORGANIZATION ( #10860, #8800 ) ;
#3420 = DIRECTION ( 'NONE',  ( 0.000000000000000000, -0.000000000000000000, -1.000000000000000000 ) ) ;
#3421 = ORIENTED_EDGE ( 'NONE', *, *, #3928, .F. ) ;
#3422 = CC_DESIGN_PERSON_AND_ORGANIZATION_ASSIGNMENT ( #5709, #5594, ( #1293 ) ) ;
#3423 = CC_DESIGN_SECURITY_CLASSIFICATION ( #5751, ( #12011 ) ) ;
#3424 = EDGE_CURVE ( 'NONE', #370, #6651, #10278, .T. ) ;
#3425 = PRODUCT_DEFINITION_FORMATION_WITH_SPECIFIED_SOURCE ( 'ä»', '', #5176, .NOT_KNOWN. ) ;
#3426 = ORIENTED_EDGE ( 'NONE', *, *, #7275, .T. ) ;
#3427 = FACE_OUTER_BOUND ( 'NONE', #4063, .T. ) ;
#3428 = VECTOR ( 'NONE', #10841, 1000.000000000000000 ) ;
#3429 = CARTESIAN_POINT ( 'NONE',  ( 55.48909769293802441, 30.00000000000000000, 124.9625322141365729 ) ) ;
#3430 = PLANE ( 'NONE',  #6539 ) ;
#3431 = CARTESIAN_POINT ( 'NONE',  ( -27.55320713028645940, 220.0000000000000000, -74.51932634081265405 ) ) ;
#3432 = APPROVAL_PERSON_ORGANIZATION ( #3707, #8461, #10324 ) ;
#3433 = CARTESIAN_POINT ( 'NONE',  ( 7.041719095097280485E-15, 145.0000000000000000, 57.50000000000000000 ) ) ;
#3434 = PRODUCT_DEFINITION_SHAPE ( 'NONE', 'NONE',  #8306 ) ;
#3435 = APPROVAL_STATUS ( 'not_yet_approved' ) ;
#3436 = EDGE_CURVE ( 'NONE', #438, #9328, #5681, .T. ) ;
#3437 = APPROVAL_STATUS ( 'not_yet_approved' ) ;
#3438 = DATE_AND_TIME ( #1792, #10791 ) ;
#3439 = AXIS2_PLACEMENT_3D ( 'NONE', #10619, #11760, #778 ) ;
#3440 = CC_DESIGN_APPROVAL ( #3646, ( #4994 ) ) ;
#3441 = DIRECTION ( 'NONE',  ( -0.000000000000000000, -0.000000000000000000, 1.000000000000000000 ) ) ;
#3442 = ORIENTED_EDGE ( 'NONE', *, *, #7960, .F. ) ;
#3443 = EDGE_CURVE ( 'NONE', #8657, #2421, #4650, .T. ) ;
#3444 = ORIENTED_EDGE ( 'NONE', *, *, #2469, .F. ) ;
#3445 = CARTESIAN_POINT ( 'NONE',  ( 0.000000000000000000, 360.0000000000000000, -95.00000000000001421 ) ) ;
#3446 = ORIENTED_EDGE ( 'NONE', *, *, #7778, .F. ) ;
#3447 = CIRCLE ( 'NONE', #4999, 52.49999999999997868 ) ;
#3448 = CARTESIAN_POINT ( 'NONE',  ( -27.55320713028645940, 220.0000000000000000, 66.51932634081265405 ) ) ;
#3449 = DIRECTION ( 'NONE',  ( -1.000000000000000000, -0.000000000000000000, -0.000000000000000000 ) ) ;
#3450 = CARTESIAN_POINT ( 'NONE',  ( 0.000000000000000000, 36.00000000000000000, 0.000000000000000000 ) ) ;
#3451 = CARTESIAN_POINT ( 'NONE',  ( 1013.500283685594695, 609.6047378353264321, 0.000000000000000000 ) ) ;
#3452 = EDGE_CURVE ( 'NONE', #5510, #10270, #3352, .T. ) ;
#3453 = PERSON_AND_ORGANIZATION ( #10860, #8800 ) ;
#3454 = DIRECTION ( 'NONE',  ( -0.000000000000000000, -1.000000000000000000, -0.000000000000000000 ) ) ;
#3455 = ORIENTED_EDGE ( 'NONE', *, *, #10818, .T. ) ;
#3456 = VECTOR ( 'NONE', #2749, 1000.000000000000000 ) ;
#3457 = ORIENTED_EDGE ( 'NONE', *, *, #6023, .T. ) ;
#3458 = EDGE_LOOP ( 'NONE', ( #1395, #11940, #5047, #11498 ) ) ;
#3459 = CARTESIAN_POINT ( 'NONE',  ( 135.0000000000000000, 28.00000000000000000, 105.0000000000000000 ) ) ;
#3460 = ORIENTED_EDGE ( 'NONE', *, *, #9085, .F. ) ;
#3461 = CARTESIAN_POINT ( 'NONE',  ( -117.5000000000000000, 20.00000000000000000, 24.00000000000000000 ) ) ;
#3462 = DIRECTION ( 'NONE',  ( -0.000000000000000000, -1.000000000000000000, -0.000000000000000000 ) ) ;
#3463 = CIRCLE ( 'NONE', #4438, 5.500000000000005329 ) ;
#3464 = LINE ( 'NONE', #10678, #10711 ) ;
#3465 = ADVANCED_FACE ( 'NONE', ( #3725 ), #2881, .T. ) ;
#3466 = PERSON_AND_ORGANIZATION ( #4797, #9250 ) ;
#3467 = ORIENTED_EDGE ( 'NONE', *, *, #9323, .F. ) ;
#3468 = EDGE_LOOP ( 'NONE', ( #2165, #6143 ) ) ;
#3469 = DIRECTION ( 'NONE',  ( 0.000000000000000000, 1.000000000000000000, 0.000000000000000000 ) ) ;
#3470 = VERTEX_POINT ( 'NONE', #2034 ) ;
#3471 = CYLINDRICAL_SURFACE ( 'NONE', #11266, 87.50000000000000000 ) ;
#3472 = CIRCLE ( 'NONE', #9285, 5.500000000000005329 ) ;
#3473 = CARTESIAN_POINT ( 'NONE',  ( 0.000000000000000000, 180.0000000000000000, 0.000000000000000000 ) ) ;
#3474 = DIRECTION ( 'NONE',  ( 0.000000000000000000, 0.000000000000000000, -1.000000000000000000 ) ) ;
#3475 = LINE ( 'NONE', #752, #6184 ) ;
#3476 = LINE ( 'NONE', #1418, #1215 ) ;
#3477 = LINE ( 'NONE', #11737, #1243 ) ;
#3478 = EDGE_CURVE ( 'NONE', #5591, #955, #6574, .T. ) ;
#3479 = COORDINATED_UNIVERSAL_TIME_OFFSET ( 8, 0, .AHEAD. ) ;
#3480 = CARTESIAN_POINT ( 'NONE',  ( -105.0000000000000000, 220.0000000000000000, -95.00000000000000000 ) ) ;
#3481 = ORIENTED_EDGE ( 'NONE', *, *, #5563, .F. ) ;
#3482 = ORIENTED_EDGE ( 'NONE', *, *, #7427, .T. ) ;
#3483 = DIRECTION ( 'NONE',  ( -0.000000000000000000, -1.000000000000000000, -0.000000000000000000 ) ) ;
#3484 = DIRECTION ( 'NONE',  ( 0.000000000000000000, 1.000000000000000000, 0.000000000000000000 ) ) ;
#3485 = FACE_BOUND ( 'NONE', #10483, .T. ) ;
#3486 = CARTESIAN_POINT ( 'NONE',  ( 0.000000000000000000, 330.0000000000000000, 0.000000000000000000 ) ) ;
#3487 = APPROVAL ( #6826, 'æœª' ) ;
#3488 = LINE ( 'NONE', #2577, #10038 ) ;
#3489 = CC_DESIGN_PERSON_AND_ORGANIZATION_ASSIGNMENT ( #5019, #2281, ( #11918 ) ) ;
#3490 = LINE ( 'NONE', #4232, #9983 ) ;
#3491 = APPLICATION_PROTOCOL_DEFINITION ( 'international standard', 'config_control_design', 1994, #1853 ) ;
#3492 = DATE_AND_TIME ( #10105, #716 ) ;
#3493 = APPROVAL_ROLE ( '' ) ;
#3494 = DIRECTION ( 'NONE',  ( 1.000000000000000000, 0.000000000000000000, 0.000000000000000000 ) ) ;
#3495 = ORIENTED_EDGE ( 'NONE', *, *, #6674, .T. ) ;
#3496 = VERTEX_POINT ( 'NONE', #660 ) ;
#3497 = DIRECTION ( 'NONE',  ( 0.000000000000000000, 0.000000000000000000, 1.000000000000000000 ) ) ;
#3498 = ORIENTED_EDGE ( 'NONE', *, *, #10118, .F. ) ;
#3499 = LINE ( 'NONE', #897, #11971 ) ;
#3500 = EDGE_CURVE ( 'NONE', #1960, #3363, #10136, .T. ) ;
#3501 = CARTESIAN_POINT ( 'NONE',  ( 0.000000000000000000, 360.0000000000000000, 0.000000000000000000 ) ) ;
#3502 = CARTESIAN_POINT ( 'NONE',  ( 59.00000000000000000, 42.00000000000000000, 24.00000000000000000 ) ) ;
#3503 = PERSON_AND_ORGANIZATION_ROLE ( 'design_supplier' ) ;
#3504 = EDGE_CURVE ( 'NONE', #9662, #6351, #8778, .T. ) ;
#3505 = AXIS2_PLACEMENT_3D ( 'NONE', #7950, #4327, #8810 ) ;
#3506 = ORIENTED_EDGE ( 'NONE', *, *, #1946, .F. ) ;
#3507 = ORIENTED_EDGE ( 'NONE', *, *, #8070, .F. ) ;
#3508 = ADVANCED_FACE ( 'NONE', ( #395 ), #6875, .T. ) ;
#3509 = VERTEX_POINT ( 'NONE', #1178 ) ;
#3510 = CARTESIAN_POINT ( 'NONE',  ( 0.000000000000000000, 305.0000000000000000, 0.000000000000000000 ) ) ;
#3511 = VERTEX_POINT ( 'NONE', #6752 ) ;
#3512 = LINE ( 'NONE', #9158, #2066 ) ;
#3513 = DIRECTION ( 'NONE',  ( -0.000000000000000000, -1.000000000000000000, -0.000000000000000000 ) ) ;
#3514 = VECTOR ( 'NONE', #8992, 1000.000000000000000 ) ;
#3515 = FACE_BOUND ( 'NONE', #102, .T. ) ;
#3516 = EDGE_LOOP ( 'NONE', ( #10479, #9982, #11137, #9968 ) ) ;
#3517 = APPROVAL_STATUS ( 'not_yet_approved' ) ;
#3518 = ORIENTED_EDGE ( 'NONE', *, *, #7724, .F. ) ;
#3519 = AXIS2_PLACEMENT_3D ( 'NONE', #5756, #9460, #2956 ) ;
#3520 = ORIENTED_EDGE ( 'NONE', *, *, #9887, .T. ) ;
#3521 = DIRECTION ( 'NONE',  ( 0.000000000000000000, 1.000000000000000000, 0.000000000000000000 ) ) ;
#3522 = EDGE_LOOP ( 'NONE', ( #179, #4857 ) ) ;
#3523 = CARTESIAN_POINT ( 'NONE',  ( 133.9625322141365871, 30.00000000000000000, -55.48909769293801730 ) ) ;
#3524 = AXIS2_PLACEMENT_3D ( 'NONE', #8241, #11779, #792 ) ;
#3525 = PRODUCT_DEFINITION_SHAPE ( 'NONE', 'NONE',  #7491 ) ;
#3526 = CARTESIAN_POINT ( 'NONE',  ( 0.000000000000000000, 30.00000000000000000, -180.0000000000000284 ) ) ;
#3527 = LINE ( 'NONE', #3701, #5466 ) ;
#3528 = CIRCLE ( 'NONE', #5849, 5.500000000000005329 ) ;
#3529 = CARTESIAN_POINT ( 'NONE',  ( 196.0000000000000000, 0.000000000000000000, 43.99999999999997158 ) ) ;
#3530 = CARTESIAN_POINT ( 'NONE',  ( -110.0000000000000000, 28.00000000000000000, 24.00000000000000000 ) ) ;
#3531 = CARTESIAN_POINT ( 'NONE',  ( 0.000000000000000000, 30.00000000000000000, 0.000000000000000000 ) ) ;
#3532 = CARTESIAN_POINT ( 'NONE',  ( 66.51932634081263984, 220.0000000000000000, -27.55320713028646296 ) ) ;
#3533 = ORIENTED_EDGE ( 'NONE', *, *, #6432, .F. ) ;
#3534 = VECTOR ( 'NONE', #5875, 1000.000000000000000 ) ;
#3535 = ORIENTED_EDGE ( 'NONE', *, *, #2716, .T. ) ;
#3536 = AXIS2_PLACEMENT_3D ( 'NONE', #2572, #5375, #93 ) ;
#3537 = AXIS2_PLACEMENT_3D ( 'NONE', #4799, #7688, #11341 ) ;
#3538 = CARTESIAN_POINT ( 'NONE',  ( 101.0000000000000000, 42.00000000000000000, 24.00000000000000000 ) ) ;
#3539 = ADVANCED_FACE ( 'NONE', ( #10641 ), #2143, .F. ) ;
#3540 = LINE ( 'NONE', #11192, #6598 ) ;
#3541 = DIRECTION ( 'NONE',  ( 0.000000000000000000, 0.000000000000000000, -1.000000000000000000 ) ) ;
#3542 = AXIS2_PLACEMENT_3D ( 'NONE', #8046, #9208, #1691 ) ;
#3543 = LINE ( 'NONE', #9249, #6356 ) ;
#3544 = DIRECTION ( 'NONE',  ( 0.000000000000000000, 1.000000000000000000, 0.000000000000000000 ) ) ;
#3545 = CARTESIAN_POINT ( 'NONE',  ( -32.52809175103262618, 260.0000000000000000, -87.52976026345938010 ) ) ;
#3546 = VECTOR ( 'NONE', #4931, 1000.000000000000000 ) ;
#3547 = PERSON_AND_ORGANIZATION ( #10860, #8800 ) ;
#3548 = APPROVAL_DATE_TIME ( #11868, #9568 ) ;
#3549 = DATE_AND_TIME ( #7307, #9815 ) ;
#3550 = VERTEX_POINT ( 'NONE', #452 ) ;
#3551 =( REPRESENTATION_RELATIONSHIP ('NONE','NONE', #4449, #1433 ) REPRESENTATION_RELATIONSHIP_WITH_TRANSFORMATION ( #1466 )SHAPE_REPRESENTATION_RELATIONSHIP( ) );
#3552 = PRODUCT_DEFINITION ( 'æœ', '', #11946, #5103 ) ;
#3553 = CARTESIAN_POINT ( 'NONE',  ( -272.5000000000000000, 38.00000000000000000, 68.99999999999998579 ) ) ;
#3555 = EDGE_CURVE ( 'NONE', #11146, #4458, #6071, .T. ) ;
#3554 = VERTEX_POINT ( 'NONE', #2093 ) ;
#3556 = AXIS2_PLACEMENT_3D ( 'NONE', #3648, #7341, #11047 ) ;
#3557 = ORIENTED_EDGE ( 'NONE', *, *, #6183, .F. ) ;
#3558 = DIRECTION ( 'NONE',  ( 0.000000000000000000, 0.000000000000000000, -1.000000000000000000 ) ) ;
#3559 = ORIENTED_EDGE ( 'NONE', *, *, #6467, .T. ) ;
#3560 = DIRECTION ( 'NONE',  ( 0.000000000000000000, 0.000000000000000000, -1.000000000000000000 ) ) ;
#3561 = DIRECTION ( 'NONE',  ( 0.000000000000000000, 1.000000000000000000, 0.000000000000000000 ) ) ;
#3562 = CARTESIAN_POINT ( 'NONE',  ( 59.00000000000000000, 28.00000000000000000, -7.500000000000000000 ) ) ;
#3563 =( GEOMETRIC_REPRESENTATION_CONTEXT ( 3 ) GLOBAL_UNCERTAINTY_ASSIGNED_CONTEXT ( ( #5958 ) ) GLOBAL_UNIT_ASSIGNED_CONTEXT ( ( #6372, #8181, #8 ) ) REPRESENTATION_CONTEXT ( 'NONE', 'WORKASPACE' ) );
#3564 = AXIS2_PLACEMENT_3D ( 'NONE', #11251, #4877, #2265 ) ;
#3565 = APPROVAL_DATE_TIME ( #2236, #5207 ) ;
#3566 = AXIS2_PLACEMENT_3D ( 'NONE', #212, #5675, #6696 ) ;
#3567 = CC_DESIGN_PERSON_AND_ORGANIZATION_ASSIGNMENT ( #3453, #2658, ( #9615 ) ) ;
#3568 = EDGE_CURVE ( 'NONE', #11208, #1510, #4325, .T. ) ;
#3569 = ORIENTED_EDGE ( 'NONE', *, *, #4459, .T. ) ;
#3570 = CIRCLE ( 'NONE', #11919, 87.50000000000000000 ) ;
#3571 = ORIENTED_EDGE ( 'NONE', *, *, #1635, .T. ) ;
#3572 = DIRECTION ( 'NONE',  ( 0.000000000000000000, 0.000000000000000000, 1.000000000000000000 ) ) ;
#3573 = ORIENTED_EDGE ( 'NONE', *, *, #685, .T. ) ;
#3574 = FACE_OUTER_BOUND ( 'NONE', #8972, .T. ) ;
#3575 = LINE ( 'NONE', #10977, #1407 ) ;
#3576 = LINE ( 'NONE', #5347, #10702 ) ;
#3577 = EDGE_LOOP ( 'NONE', ( #6238, #3970, #10910, #6728 ) ) ;
#3578 = VECTOR ( 'NONE', #8333, 1000.000000000000000 ) ;
#3579 = EDGE_CURVE ( 'NONE', #9421, #10, #3365, .T. ) ;
#3580 = COORDINATED_UNIVERSAL_TIME_OFFSET ( 8, 0, .AHEAD. ) ;
#3581 = VERTEX_POINT ( 'NONE', #3900 ) ;
#3582 = VERTEX_POINT ( 'NONE', #4940 ) ;
#3583 = LINE ( 'NONE', #10082, #2011 ) ;
#3584 = ORIENTED_EDGE ( 'NONE', *, *, #1634, .T. ) ;
#3585 = CARTESIAN_POINT ( 'NONE',  ( -115.0000000000000000, 0.000000000000000000, -23.49999999999999645 ) ) ;
#3586 = ADVANCED_FACE ( 'NONE', ( #11432 ), #3175, .F. ) ;
#3587 = LINE ( 'NONE', #6433, #1674 ) ;
#3588 = CARTESIAN_POINT ( 'NONE',  ( 85.00000000000000000, 120.0000000000000000, -67.00000000000000000 ) ) ;
#3589 = CYLINDRICAL_SURFACE ( 'NONE', #8700, 7.500000000000000000 ) ;
#3590 = CARTESIAN_POINT ( 'NONE',  ( -133.9625322141365871, 30.00000000000000000, -55.48909769293801730 ) ) ;
#3591 = DIRECTION ( 'NONE',  ( -1.000000000000000000, -0.000000000000000000, -0.000000000000000000 ) ) ;
#3592 = COORDINATED_UNIVERSAL_TIME_OFFSET ( 8, 0, .AHEAD. ) ;
#3593 = CARTESIAN_POINT ( 'NONE',  ( -70.00000000000000000, 0.000000000000000000, -50.50000000000000000 ) ) ;
#3594 = VERTEX_POINT ( 'NONE', #6808 ) ;
#3595 = VERTEX_POINT ( 'NONE', #336 ) ;
#3596 = FACE_OUTER_BOUND ( 'NONE', #6064, .T. ) ;
#3597 = CC_DESIGN_SECURITY_CLASSIFICATION ( #6116, ( #11345 ) ) ;
#3598 = LINE ( 'NONE', #4024, #7959 ) ;
#3599 = CARTESIAN_POINT ( 'NONE',  ( -31.38004145393735911, 30.00000000000000000, -75.75812166592551478 ) ) ;
#3600 = FACE_OUTER_BOUND ( 'NONE', #1717, .T. ) ;
#3601 = VECTOR ( 'NONE', #5824, 1000.000000000000000 ) ;
#3602 = CARTESIAN_POINT ( 'NONE',  ( 4.408728476930470856E-15, 285.0000000000000000, 36.00000000000000000 ) ) ;
#3603 = DATE_AND_TIME ( #4525, #3764 ) ;
#3604 = DATE_AND_TIME ( #825, #9234 ) ;
#3605 = SECURITY_CLASSIFICATION ( '', '', #11447 ) ;
#3606 = APPROVAL_PERSON_ORGANIZATION ( #404, #3487, #467 ) ;
#3607 = EDGE_CURVE ( 'NONE', #10195, #576, #9559, .T. ) ;
#3608 = COORDINATED_UNIVERSAL_TIME_OFFSET ( 8, 0, .AHEAD. ) ;
#3609 = EDGE_LOOP ( 'NONE', ( #5348, #694, #9861, #7748 ) ) ;
#3610 = VECTOR ( 'NONE', #3280, 1000.000000000000000 ) ;
#3611 = CARTESIAN_POINT ( 'NONE',  ( 0.000000000000000000, 180.0000000000000000, -18.00000000000000000 ) ) ;
#3612 = ORIENTED_EDGE ( 'NONE', *, *, #4305, .F. ) ;
#3613 = APPROVAL_PERSON_ORGANIZATION ( #9873, #677, #3493 ) ;
#3614 = VERTEX_POINT ( 'NONE', #9676 ) ;
#3615 = DIRECTION ( 'NONE',  ( 0.000000000000000000, 0.000000000000000000, 1.000000000000000000 ) ) ;
#3616 = LOCAL_TIME ( 1, 43, 37.00000000000000000, #3054 ) ;
#3617 = ORIENTED_EDGE ( 'NONE', *, *, #385, .T. ) ;
#3618 = CYLINDRICAL_SURFACE ( 'NONE', #529, 9.000000000000021316 ) ;
#3619 = CARTESIAN_POINT ( 'NONE',  ( 117.5000000000000000, 0.000000000000000000, -10.99999999999999645 ) ) ;
#3620 = DIRECTION ( 'NONE',  ( 0.000000000000000000, 1.000000000000000000, 0.000000000000000000 ) ) ;
#3621 = CIRCLE ( 'NONE', #3630, 4.500000000000007105 ) ;
#3622 = CALENDAR_DATE ( 2026, 29, 7 ) ;
#3623 = EDGE_CURVE ( 'NONE', #5264, #8237, #4829, .T. ) ;
#3624 = APPLICATION_CONTEXT ( 'configuration controlled 3d designs of mechanical parts and assemblies' ) ;
#3625 = CC_DESIGN_SECURITY_CLASSIFICATION ( #2470, ( #11997 ) ) ;
#3626 = EDGE_LOOP ( 'NONE', ( #5608, #2985, #10300, #1038 ) ) ;
#3627 = EDGE_CURVE ( 'NONE', #7098, #10071, #8516, .T. ) ;
#3628 = ORIENTED_EDGE ( 'NONE', *, *, #8520, .F. ) ;
#3629 = CLOSED_SHELL ( 'NONE', ( #2244, #5572, #2988, #2914, #1574, #7625, #2140, #9518, #1109, #10280 ) ) ;
#3630 = AXIS2_PLACEMENT_3D ( 'NONE', #1249, #7731, #5988 ) ;
#3631 = VERTEX_POINT ( 'NONE', #7596 ) ;
#3632 = FACE_OUTER_BOUND ( 'NONE', #60, .T. ) ;
#3633 = ORIENTED_EDGE ( 'NONE', *, *, #3022, .F. ) ;
#3634 = DIRECTION ( 'NONE',  ( 1.000000000000000000, 0.000000000000000000, 0.000000000000000000 ) ) ;
#3635 = CARTESIAN_POINT ( 'NONE',  ( 66.51932634081263984, 220.0000000000000000, -27.55320713028646296 ) ) ;
#3636 = CC_DESIGN_APPROVAL ( #5952, ( #1892 ) ) ;
#3637 = APPROVAL ( #3256, 'æœª' ) ;
#3638 = DIRECTION ( 'NONE',  ( 1.000000000000000000, 0.000000000000000000, 0.000000000000000000 ) ) ;
#3639 = CC_DESIGN_PERSON_AND_ORGANIZATION_ASSIGNMENT ( #3375, #3308, ( #7766 ) ) ;
#3640 = CARTESIAN_POINT ( 'NONE',  ( 27.55320713028646651, 220.0000000000000000, -66.51932634081263984 ) ) ;
#3641 = ORIENTED_EDGE ( 'NONE', *, *, #706, .T. ) ;
#3642 = AXIS2_PLACEMENT_3D ( 'NONE', #9127, #4521, #2636 ) ;
#3643 = VECTOR ( 'NONE', #580, 1000.000000000000000 ) ;
#3644 = ITEM_DEFINED_TRANSFORMATION ( 'NONE', 'NONE', #469,  #10725 ) ;
#3645 = EDGE_LOOP ( 'NONE', ( #1268, #1921, #5671, #3495 ) ) ;
#3646 = APPROVAL ( #10381, 'UNKNOWN' ) ;
#3647 = EDGE_LOOP ( 'NONE', ( #2790, #6075, #11468, #11702, #8740, #7994, #10911, #2316 ) ) ;
#3648 = CARTESIAN_POINT ( 'NONE',  ( -32.52809175103262618, 260.0000000000000000, -78.52976026345936589 ) ) ;
#3649 = VERTEX_POINT ( 'NONE', #6691 ) ;
#3650 = PLANE ( 'NONE',  #4097 ) ;
#3651 = AXIS2_PLACEMENT_3D ( 'NONE', #5436, #943, #32 ) ;
#3652 = CARTESIAN_POINT ( 'NONE',  ( -70.00000000000000000, 95.00000000000000000, -39.49999999999999289 ) ) ;
#3653 = DIRECTION ( 'NONE',  ( -0.000000000000000000, -1.000000000000000000, -0.000000000000000000 ) ) ;
#3654 = CARTESIAN_POINT ( 'NONE',  ( 272.5000000000000000, 0.000000000000000000, -52.49999999999997868 ) ) ;
#3655 = CARTESIAN_POINT ( 'NONE',  ( 0.000000000000000000, 20.00000000000000000, 0.000000000000000000 ) ) ;
#3656 = CARTESIAN_POINT ( 'NONE',  ( 196.0000000000000000, 20.00000000000000000, 0.000000000000000000 ) ) ;
#3657 = SECURITY_CLASSIFICATION_LEVEL ( 'unclassified' ) ;
#3658 = DIRECTION ( 'NONE',  ( -0.000000000000000000, -1.000000000000000000, -0.000000000000000000 ) ) ;
#3659 = EDGE_CURVE ( 'NONE', #1510, #11208, #8583, .T. ) ;
#3660 = EDGE_LOOP ( 'NONE', ( #5930, #6692, #2938, #8504 ) ) ;
#3661 = CARTESIAN_POINT ( 'NONE',  ( -135.0000000000000000, 0.000000000000000000, 95.99999999999998579 ) ) ;
#3662 = ADVANCED_FACE ( 'NONE', ( #10455 ), #7657, .T. ) ;
#3663 = LINE ( 'NONE', #3716, #3312 ) ;
#3664 = DIRECTION ( 'NONE',  ( 0.000000000000000000, 0.000000000000000000, -1.000000000000000000 ) ) ;
#3665 = PLANE ( 'NONE',  #1709 ) ;
#3666 = CYLINDRICAL_SURFACE ( 'NONE', #9786, 39.00000000000000000 ) ;
#3667 = APPROVAL_DATE_TIME ( #8153, #2298 ) ;
#3668 = CALENDAR_DATE ( 2026, 29, 7 ) ;
#3669 = DIRECTION ( 'NONE',  ( 0.000000000000000000, 1.000000000000000000, 0.000000000000000000 ) ) ;
#3670 = ITEM_DEFINED_TRANSFORMATION ( 'NONE', 'NONE', #9376,  #10725 ) ;
#3671 = ORIENTED_EDGE ( 'NONE', *, *, #6880, .T. ) ;
#3672 = CARTESIAN_POINT ( 'NONE',  ( -32.52809175103262618, 260.0000000000000000, -87.52976026345938010 ) ) ;
#3673 = ORIENTED_EDGE ( 'NONE', *, *, #3676, .F. ) ;
#3674 = ORIENTED_EDGE ( 'NONE', *, *, #5934, .T. ) ;
#3675 = LINE ( 'NONE', #6581, #539 ) ;
#3676 = EDGE_CURVE ( 'NONE', #1622, #7816, #3055, .T. ) ;
#3677 = ORIENTED_EDGE ( 'NONE', *, *, #7953, .F. ) ;
#3678 = LINE ( 'NONE', #5267, #4607 ) ;
#3679 = CARTESIAN_POINT ( 'NONE',  ( -115.0000000000000000, 0.000000000000000000, 32.50000000000000711 ) ) ;
#3680 = FACE_OUTER_BOUND ( 'NONE', #9469, .T. ) ;
#3681 =( NAMED_UNIT ( * ) SI_UNIT ( $, .STERADIAN. ) SOLID_ANGLE_UNIT ( ) );
#3682 = COORDINATED_UNIVERSAL_TIME_OFFSET ( 8, 0, .AHEAD. ) ;
#3683 = ORIENTED_EDGE ( 'NONE', *, *, #9327, .F. ) ;
#3684 = VERTEX_POINT ( 'NONE', #7777 ) ;
#3685 = ORIENTED_EDGE ( 'NONE', *, *, #8621, .F. ) ;
#3686 = DIRECTION ( 'NONE',  ( 0.000000000000000000, 0.000000000000000000, 1.000000000000000000 ) ) ;
#3687 = EDGE_CURVE ( 'NONE', #7449, #1394, #3528, .T. ) ;
#3688 = ORIENTED_EDGE ( 'NONE', *, *, #10387, .F. ) ;
#3689 = CARTESIAN_POINT ( 'NONE',  ( -180.0000000000000000, 34.00000000000000000, -12.00000000000000000 ) ) ;
#3690 = CARTESIAN_POINT ( 'NONE',  ( -105.0000000000000000, 20.00000000000000000, -8.000000000000000000 ) ) ;
#3691 = DIRECTION ( 'NONE',  ( 0.000000000000000000, 0.000000000000000000, 1.000000000000000000 ) ) ;
#3692 = ORIENTED_EDGE ( 'NONE', *, *, #1881, .F. ) ;
#3693 = ORIENTED_EDGE ( 'NONE', *, *, #7280, .F. ) ;
#3694 = VERTEX_POINT ( 'NONE', #1663 ) ;
#3695 = APPROVAL ( #1968, 'æœª' ) ;
#3696 = EDGE_LOOP ( 'NONE', ( #1195, #3160, #5781, #9048 ) ) ;
#3697 = CIRCLE ( 'NONE', #5639, 6.999999999999999112 ) ;
#3698 = CARTESIAN_POINT ( 'NONE',  ( -245.0000000000000000, 20.00000000000000000, 64.00000000000000000 ) ) ;
#3699 = ADVANCED_FACE ( 'NONE', ( #5185 ), #6155, .F. ) ;
#3700 = CARTESIAN_POINT ( 'NONE',  ( 115.0000000000000000, 12.00000000000000000, 23.49999999999999645 ) ) ;
#3701 = CARTESIAN_POINT ( 'NONE',  ( 0.000000000000000000, 305.0000000000000000, -39.00000000000000000 ) ) ;
#3702 = FACE_BOUND ( 'NONE', #4379, .T. ) ;
#3703 = CYLINDRICAL_SURFACE ( 'NONE', #2583, 9.000000000000007105 ) ;
#3704 = CC_DESIGN_DATE_AND_TIME_ASSIGNMENT ( #951, #6633, ( #522 ) ) ;
#3705 = DIRECTION ( 'NONE',  ( 0.000000000000000000, 0.000000000000000000, 1.000000000000000000 ) ) ;
#3706 =( REPRESENTATION_RELATIONSHIP ('NONE','NONE', #7231, #10182 ) REPRESENTATION_RELATIONSHIP_WITH_TRANSFORMATION ( #1503 )SHAPE_REPRESENTATION_RELATIONSHIP( ) );
#3707 = PERSON_AND_ORGANIZATION ( #7808, #926 ) ;
#3708 = DIRECTION ( 'NONE',  ( 0.000000000000000000, 1.000000000000000000, 0.000000000000000000 ) ) ;
#3709 = VECTOR ( 'NONE', #2972, 1000.000000000000000 ) ;
#3710 = ORIENTED_EDGE ( 'NONE', *, *, #593, .F. ) ;
#3711 = AXIS2_PLACEMENT_3D ( 'NONE', #9707, #2247, #1345 ) ;
#3712 = ORIENTED_EDGE ( 'NONE', *, *, #626, .F. ) ;
#3713 = EDGE_CURVE ( 'NONE', #3736, #3773, #7957, .T. ) ;
#3714 = DIRECTION ( 'NONE',  ( 0.000000000000000000, 0.000000000000000000, -1.000000000000000000 ) ) ;
#3715 = AXIS2_PLACEMENT_3D ( 'NONE', #7763, #5966, #4205 ) ;
#3716 = CARTESIAN_POINT ( 'NONE',  ( -180.0000000000000000, 28.00000000000000000, 155.0000000000000000 ) ) ;
#3717 = CARTESIAN_POINT ( 'NONE',  ( 59.00000000000000000, 28.00000000000000000, 7.500000000000000000 ) ) ;
#3718 = AXIS2_PLACEMENT_3D ( 'NONE', #5341, #9038, #9099 ) ;
#3719 = DIRECTION ( 'NONE',  ( -0.000000000000000000, -1.000000000000000000, -0.000000000000000000 ) ) ;
#3720 = EDGE_CURVE ( 'NONE', #909, #2240, #1014, .T. ) ;
#3721 = CARTESIAN_POINT ( 'NONE',  ( 196.0000000000000000, 20.00000000000000000, -43.99999999999997158 ) ) ;
#3722 = VECTOR ( 'NONE', #8719, 1000.000000000000000 ) ;
#3723 = PERSON_AND_ORGANIZATION ( #10860, #8800 ) ;
#3724 = PERSON_AND_ORGANIZATION_ROLE ( 'design_owner' ) ;
#3725 = FACE_OUTER_BOUND ( 'NONE', #6713, .T. ) ;
#3726 = CIRCLE ( 'NONE', #1020, 180.0000000000000284 ) ;
#3727 = EDGE_CURVE ( 'NONE', #11667, #1652, #7974, .T. ) ;
#3728 = ORIENTED_EDGE ( 'NONE', *, *, #1881, .T. ) ;
#3729 = LINE ( 'NONE', #3672, #10926 ) ;
#3730 = VECTOR ( 'NONE', #7194, 1000.000000000000000 ) ;
#3731 = ORIENTED_EDGE ( 'NONE', *, *, #5656, .F. ) ;
#3732 = EDGE_LOOP ( 'NONE', ( #1934, #9829, #11655, #1461 ) ) ;
#3733 = DIRECTION ( 'NONE',  ( 0.000000000000000000, 1.000000000000000000, 0.000000000000000000 ) ) ;
#3734 = VECTOR ( 'NONE', #9984, 1000.000000000000000 ) ;
#3735 = AXIS2_PLACEMENT_3D ( 'NONE', #11135, #2757, #2821 ) ;
#3736 = VERTEX_POINT ( 'NONE', #5369 ) ;
#3737 = EDGE_CURVE ( 'NONE', #2940, #10616, #9148, .T. ) ;
#3738 = LINE ( 'NONE', #11213, #9050 ) ;
#3739 = FACE_BOUND ( 'NONE', #8008, .T. ) ;
#3740 = CARTESIAN_POINT ( 'NONE',  ( 0.000000000000000000, 180.0000000000000000, 0.000000000000000000 ) ) ;
#3741 = DATE_TIME_ROLE ( 'creation_date' ) ;
#3742 = COORDINATED_UNIVERSAL_TIME_OFFSET ( 8, 0, .AHEAD. ) ;
#3743 = CIRCLE ( 'NONE', #8975, 4.500000000000007105 ) ;
#3744 = CIRCLE ( 'NONE', #9957, 9.000000000000007105 ) ;
#3745 = ORIENTED_EDGE ( 'NONE', *, *, #4169, .T. ) ;
#3746 = VERTEX_POINT ( 'NONE', #4220 ) ;
#3747 = FACE_BOUND ( 'NONE', #11332, .T. ) ;
#3748 = AXIS2_PLACEMENT_3D ( 'NONE', #10090, #4508, #8380 ) ;
#3749 = ORIENTED_EDGE ( 'NONE', *, *, #734, .F. ) ;
#3750 = DIRECTION ( 'NONE',  ( 0.000000000000000000, 1.000000000000000000, 0.000000000000000000 ) ) ;
#3751 = CARTESIAN_POINT ( 'NONE',  ( 75.75812166592551478, 0.000000000000000000, -31.38004145393736266 ) ) ;
#3752 = AXIS2_PLACEMENT_3D ( 'NONE', #8101, #10655, #10716 ) ;
#3753 = LINE ( 'NONE', #1092, #10319 ) ;
#3754 = EDGE_LOOP ( 'NONE', ( #5871, #3178 ) ) ;
#3755 = EDGE_CURVE ( 'NONE', #6199, #1729, #7006, .T. ) ;
#3756 = CIRCLE ( 'NONE', #675, 7.999999999999983125 ) ;
#3757 = VERTEX_POINT ( 'NONE', #1422 ) ;
#3758 = ORIENTED_EDGE ( 'NONE', *, *, #10761, .F. ) ;
#3759 = VERTEX_POINT ( 'NONE', #10698 ) ;
#3760 = CARTESIAN_POINT ( 'NONE',  ( -117.5000000000000000, 0.000000000000000000, 24.00000000000000000 ) ) ;
#3761 = APPROVAL_STATUS ( 'not_yet_approved' ) ;
#3762 = CARTESIAN_POINT ( 'NONE',  ( 0.000000000000000000, 245.0000000000000000, 0.000000000000000000 ) ) ;
#3763 = DIRECTION ( 'NONE',  ( 1.000000000000000000, 0.000000000000000000, 0.000000000000000000 ) ) ;
#3764 = LOCAL_TIME ( 1, 43, 37.00000000000000000, #824 ) ;
#3766 = DIRECTION ( 'NONE',  ( 0.000000000000000000, 0.000000000000000000, -1.000000000000000000 ) ) ;
#3765 = AXIS2_PLACEMENT_3D ( 'NONE', #9502, #7669, #220 ) ;
#3767 = CARTESIAN_POINT ( 'NONE',  ( 32.52809175103263328, 260.0000000000000000, -78.52976026345936589 ) ) ;
#3768 = DIRECTION ( 'NONE',  ( -0.000000000000000000, -1.000000000000000000, -0.000000000000000000 ) ) ;
#3769 = APPROVAL_DATE_TIME ( #11987, #3279 ) ;
#3770 = DIRECTION ( 'NONE',  ( 0.000000000000000000, 0.000000000000000000, 1.000000000000000000 ) ) ;
#3771 = ADVANCED_FACE ( 'NONE', ( #11801 ), #5125, .F. ) ;
#3772 = ADVANCED_BREP_SHAPE_REPRESENTATION ( '', ( #8162, #10725 ), #8016 ) ;
#3773 = VERTEX_POINT ( 'NONE', #11679 ) ;
#3774 = VERTEX_POINT ( 'NONE', #3480 ) ;
#3775 = CIRCLE ( 'NONE', #10555, 8.999999999999994671 ) ;
#3776 = CARTESIAN_POINT ( 'NONE',  ( -31.38004145393735911, 0.000000000000000000, -68.75812166592551478 ) ) ;
#3777 = ADVANCED_FACE ( 'NONE', ( #7228, #7171 ), #8818, .F. ) ;
#3778 = CARTESIAN_POINT ( 'NONE',  ( 272.5000000000000000, 22.00000000000000000, 0.000000000000000000 ) ) ;
#3779 = FACE_OUTER_BOUND ( 'NONE', #8228, .T. ) ;
#3780 = DIRECTION ( 'NONE',  ( 0.000000000000000000, 0.000000000000000000, 1.000000000000000000 ) ) ;
#3781 = APPLICATION_CONTEXT ( 'configuration controlled 3d designs of mechanical parts and assemblies' ) ;
#3782 = FACE_OUTER_BOUND ( 'NONE', #6883, .T. ) ;
#3783 = SECURITY_CLASSIFICATION_LEVEL ( 'unclassified' ) ;
#3784 = CC_DESIGN_PERSON_AND_ORGANIZATION_ASSIGNMENT ( #5518, #841, ( #10244 ) ) ;
#3785 = SHAPE_DEFINITION_REPRESENTATION ( #3434, #4765 ) ;
#3787 = EDGE_CURVE ( 'NONE', #11142, #3242, #2747, .T. ) ;
#3786 = DIRECTION ( 'NONE',  ( 0.000000000000000000, 0.000000000000000000, 1.000000000000000000 ) ) ;
#3788 = PERSON_AND_ORGANIZATION ( #1888, #5702 ) ;
#3789 = CC_DESIGN_APPROVAL ( #2681, ( #10610 ) ) ;
#3790 = ORIENTED_EDGE ( 'NONE', *, *, #10778, .T. ) ;
#3791 = CC_DESIGN_PERSON_AND_ORGANIZATION_ASSIGNMENT ( #8697, #4032, ( #8853 ) ) ;
#3792 = LINE ( 'NONE', #11204, #1820 ) ;
#3793 = ORIENTED_EDGE ( 'NONE', *, *, #1317, .F. ) ;
#3794 = VECTOR ( 'NONE', #4684, 1000.000000000000000 ) ;
#3795 = ORIENTED_EDGE ( 'NONE', *, *, #8399, .T. ) ;
#3796 = FACE_OUTER_BOUND ( 'NONE', #6771, .T. ) ;
#3797 = VERTEX_POINT ( 'NONE', #8937 ) ;
#3798 = DIRECTION ( 'NONE',  ( 0.000000000000000000, 0.000000000000000000, 1.000000000000000000 ) ) ;
#3799 = LOCAL_TIME ( 1, 43, 37.00000000000000000, #659 ) ;
#3800 = CARTESIAN_POINT ( 'NONE',  ( -42.00000000000000000, 0.000000000000000000, -7.500000000000000000 ) ) ;
#3801 = PERSON_AND_ORGANIZATION ( #10860, #8800 ) ;
#3802 = CIRCLE ( 'NONE', #1491, 9.000000000000035527 ) ;
#3803 = VERTEX_POINT ( 'NONE', #6208 ) ;
#3804 = ADVANCED_FACE ( 'NONE', ( #7904 ), #4333, .F. ) ;
#3805 = APPROVAL_PERSON_ORGANIZATION ( #2159, #5504, #10467 ) ;
#3806 = SECURITY_CLASSIFICATION ( '', '', #1789 ) ;
#3807 = EDGE_LOOP ( 'NONE', ( #10342, #11641, #11507, #305 ) ) ;
#3808 = VERTEX_POINT ( 'NONE', #2566 ) ;
#3809 = FACE_BOUND ( 'NONE', #3864, .T. ) ;
#3810 = ORIENTED_EDGE ( 'NONE', *, *, #641, .F. ) ;
#3811 = ADVANCED_FACE ( 'NONE', ( #11625 ), #9859, .T. ) ;
#3812 = AXIS2_PLACEMENT_3D ( 'NONE', #1690, #4425, #837 ) ;
#3813 = PLANE ( 'NONE',  #1870 ) ;
#3814 = CARTESIAN_POINT ( 'NONE',  ( 3.980102097228898626E-15, 270.0000000000000000, 32.50000000000000000 ) ) ;
#3815 = CC_DESIGN_APPROVAL ( #8683, ( #7566 ) ) ;
#3816 = LINE ( 'NONE', #2963, #4135 ) ;
#3817 = EDGE_LOOP ( 'NONE', ( #8041, #7192 ) ) ;
#3818 = ORIENTED_EDGE ( 'NONE', *, *, #7275, .F. ) ;
#3819 = AXIS2_PLACEMENT_3D ( 'NONE', #3118, #7550, #5986 ) ;
#3820 = VECTOR ( 'NONE', #6353, 1000.000000000000000 ) ;
#3821 = MANIFOLD_SOLID_BREP ( '03_Shaft_Step_D78', #1512 ) ;
#3822 = ORIENTED_EDGE ( 'NONE', *, *, #11304, .T. ) ;
#3823 = ORIENTED_EDGE ( 'NONE', *, *, #808, .F. ) ;
#3824 = DIRECTION ( 'NONE',  ( -0.000000000000000000, -1.000000000000000000, -0.000000000000000000 ) ) ;
#3825 = SECURITY_CLASSIFICATION ( '', '', #6254 ) ;
#3826 = PERSON_AND_ORGANIZATION ( #10860, #8800 ) ;
#3827 = PLANE ( 'NONE',  #9031 ) ;
#3828 = CARTESIAN_POINT ( 'NONE',  ( 0.000000000000000000, 260.0000000000000000, 0.000000000000000000 ) ) ;
#3829 = EDGE_CURVE ( 'NONE', #3261, #7428, #11673, .T. ) ;
#3830 = DIRECTION ( 'NONE',  ( 1.000000000000000000, 0.000000000000000000, 0.000000000000000000 ) ) ;
#3831 = LINE ( 'NONE', #4922, #5688 ) ;
#3832 = VECTOR ( 'NONE', #2876, 1000.000000000000000 ) ;
#3833 = CIRCLE ( 'NONE', #6540, 68.99999999999998579 ) ;
#3834 = CARTESIAN_POINT ( 'NONE',  ( -85.00000000000000000, 120.0000000000000000, 67.00000000000000000 ) ) ;
#3835 = APPROVAL_STATUS ( 'not_yet_approved' ) ;
#3836 = EDGE_LOOP ( 'NONE', ( #10924, #3533 ) ) ;
#3837 = VERTEX_POINT ( 'NONE', #2390 ) ;
#3838 = EDGE_CURVE ( 'NONE', #3075, #6196, #11739, .T. ) ;
#3839 = VECTOR ( 'NONE', #10880, 1000.000000000000000 ) ;
#3840 = CARTESIAN_POINT ( 'NONE',  ( 55.48909769293802441, 30.00000000000000000, -124.9625322141366013 ) ) ;
#3841 = MANIFOLD_SOLID_BREP ( '03_Output_Shaft', #2477 ) ;
#3842 = CARTESIAN_POINT ( 'NONE',  ( -110.0000000000000000, 28.00000000000000000, -24.00000000000000000 ) ) ;
#3843 = DIRECTION ( 'NONE',  ( 0.000000000000000000, 1.000000000000000000, -0.000000000000000000 ) ) ;
#3844 = ADVANCED_FACE ( 'NONE', ( #1484 ), #1601, .T. ) ;
#3845 = FACE_OUTER_BOUND ( 'NONE', #1578, .T. ) ;
#3846 = LINE ( 'NONE', #9488, #1656 ) ;
#3847 = APPLICATION_PROTOCOL_DEFINITION ( 'international standard', 'config_control_design', 1994, #4483 ) ;
#3848 = CALENDAR_DATE ( 2026, 29, 7 ) ;
#3849 = DIRECTION ( 'NONE',  ( -0.000000000000000000, -1.000000000000000000, -0.000000000000000000 ) ) ;
#3850 = VERTEX_POINT ( 'NONE', #7294 ) ;
#3851 = VERTEX_POINT ( 'NONE', #10150 ) ;
#3852 = FACE_OUTER_BOUND ( 'NONE', #2227, .T. ) ;
#3853 = ORIENTED_EDGE ( 'NONE', *, *, #3755, .T. ) ;
#3854 = PRODUCT_RELATED_PRODUCT_CATEGORY ( 'detail', '', ( #9723 ) ) ;
#3855 = EDGE_CURVE ( 'NONE', #2847, #8187, #2740, .T. ) ;
#3856 = ORIENTED_EDGE ( 'NONE', *, *, #7189, .F. ) ;
#3857 = LINE ( 'NONE', #216, #10419 ) ;
#3858 = LINE ( 'NONE', #2943, #4021 ) ;
#3859 = LINE ( 'NONE', #7666, #10788 ) ;
#3860 = CARTESIAN_POINT ( 'NONE',  ( 140.0000000000000000, 12.00000000000000000, 42.50000000000000000 ) ) ;
#3861 = DIRECTION ( 'NONE',  ( 1.000000000000000000, 0.000000000000000000, 0.000000000000000000 ) ) ;
#3862 = PERSON_AND_ORGANIZATION ( #10860, #8800 ) ;
#3863 = CC_DESIGN_DATE_AND_TIME_ASSIGNMENT ( #2582, #10952, ( #11573 ) ) ;
#3864 = EDGE_LOOP ( 'NONE', ( #8089, #8183 ) ) ;
#3865 = DIRECTION ( 'NONE',  ( 0.000000000000000000, 1.000000000000000000, 0.000000000000000000 ) ) ;
#3866 = ORIENTED_EDGE ( 'NONE', *, *, #10744, .T. ) ;
#3867 = EDGE_CURVE ( 'NONE', #7528, #1148, #10309, .T. ) ;
#3868 = VERTEX_POINT ( 'NONE', #5542 ) ;
#3869 = CARTESIAN_POINT ( 'NONE',  ( 0.000000000000000000, 0.000000000000000000, 0.000000000000000000 ) ) ;
#3870 = ORIENTED_EDGE ( 'NONE', *, *, #4286, .T. ) ;
#3871 = CARTESIAN_POINT ( 'NONE',  ( 0.000000000000000000, 245.0000000000000000, 0.000000000000000000 ) ) ;
#3872 = DIRECTION ( 'NONE',  ( -1.000000000000000000, 0.000000000000000000, 0.000000000000000000 ) ) ;
#3873 = EDGE_CURVE ( 'NONE', #3850, #11549, #6425, .T. ) ;
#3874 = CARTESIAN_POINT ( 'NONE',  ( -135.0000000000000000, 20.00000000000000000, -11.00000000000000000 ) ) ;
#3875 = EDGE_LOOP ( 'NONE', ( #6255, #2475, #9339, #10876, #165, #2729, #3334, #5222 ) ) ;
#3876 = EDGE_CURVE ( 'NONE', #1944, #8543, #6441, .T. ) ;
#3877 = ORIENTED_EDGE ( 'NONE', *, *, #3555, .T. ) ;
#3878 = MANIFOLD_SOLID_BREP ( '02_Locating_Hub', #9842 ) ;
#3879 = ORIENTED_EDGE ( 'NONE', *, *, #1618, .F. ) ;
#3880 = ORIENTED_EDGE ( 'NONE', *, *, #5109, .F. ) ;
#3881 = CARTESIAN_POINT ( 'NONE',  ( 7.225416114969383207E-15, 42.00000000000000000, 59.00000000000000711 ) ) ;
#3882 = APPROVAL_DATE_TIME ( #8497, #2681 ) ;
#3883 = LINE ( 'NONE', #7577, #10572 ) ;
#3884 = CARTESIAN_POINT ( 'NONE',  ( 0.000000000000000000, 270.0000000000000000, 0.000000000000000000 ) ) ;
#3885 = UNCERTAINTY_MEASURE_WITH_UNIT (LENGTH_MEASURE( 1.000000000000000082E-05 ), #6472, 'distance_accuracy_value', 'NONE');
#3886 = FACE_OUTER_BOUND ( 'NONE', #4322, .T. ) ;
#3887 = DIRECTION ( 'NONE',  ( -0.000000000000000000, -1.000000000000000000, -0.000000000000000000 ) ) ;
#3888 = DATE_TIME_ROLE ( 'classification_date' ) ;
#3889 = ORIENTED_EDGE ( 'NONE', *, *, #7243, .T. ) ;
#3890 = AXIS2_PLACEMENT_3D ( 'NONE', #3778, #6338, #1909 ) ;
#3891 = VERTEX_POINT ( 'NONE', #11119 ) ;
#3892 = CARTESIAN_POINT ( 'NONE',  ( 78.52976026345936589, 260.0000000000000000, 32.52809175103261907 ) ) ;
#3893 = DIRECTION ( 'NONE',  ( -0.000000000000000000, -1.000000000000000000, -0.000000000000000000 ) ) ;
#3894 = DIRECTION ( 'NONE',  ( -1.000000000000000000, -0.000000000000000000, -0.000000000000000000 ) ) ;
#3895 = DIRECTION ( 'NONE',  ( 0.000000000000000000, 1.000000000000000000, 0.000000000000000000 ) ) ;
#3896 = AXIS2_PLACEMENT_3D ( 'NONE', #6851, #4257, #6066 ) ;
#3897 = CARTESIAN_POINT ( 'NONE',  ( 140.0000000000000000, 0.000000000000000000, -42.50000000000000000 ) ) ;
#3898 = DATE_AND_TIME ( #8570, #7461 ) ;
#3899 = MECHANICAL_CONTEXT ( 'NONE', #691, 'mechanical' ) ;
#3900 = CARTESIAN_POINT ( 'NONE',  ( 34.96597842945568146, 220.0000000000000000, -63.51086798706846537 ) ) ;
#3901 = VERTEX_POINT ( 'NONE', #10939 ) ;
#3902 = CIRCLE ( 'NONE', #3128, 52.49999999999997868 ) ;
#3903 = EDGE_CURVE ( 'NONE', #6878, #2414, #987, .T. ) ;
#3904 = ORIENTED_EDGE ( 'NONE', *, *, #6849, .T. ) ;
#3905 = VECTOR ( 'NONE', #11988, 1000.000000000000000 ) ;
#3906 = AXIS2_PLACEMENT_3D ( 'NONE', #7086, #7817, #11538 ) ;
#3907 = CARTESIAN_POINT ( 'NONE',  ( 70.00000000000000000, 95.00000000000000000, 39.49999999999999289 ) ) ;
#3908 = VERTEX_POINT ( 'NONE', #4639 ) ;
#3909 = DIRECTION ( 'NONE',  ( -0.000000000000000000, -1.000000000000000000, -0.000000000000000000 ) ) ;
#3910 = VECTOR ( 'NONE', #414, 1000.000000000000000 ) ;
#3911 = CARTESIAN_POINT ( 'NONE',  ( 120.0000000000000000, 0.000000000000000000, 90.00000000000000000 ) ) ;
#3912 = LINE ( 'NONE', #1980, #8460 ) ;
#3913 = CARTESIAN_POINT ( 'NONE',  ( 8.878689293818309285E-15, 220.0000000000000000, 72.50000000000000000 ) ) ;
#3914 = VECTOR ( 'NONE', #11924, 1000.000000000000000 ) ;
#3915 = DIRECTION ( 'NONE',  ( 1.000000000000000000, 0.000000000000000000, 0.000000000000000000 ) ) ;
#3916 = MANIFOLD_SOLID_BREP ( '03_Output_Shaft', #7121 ) ;
#3917 = CALENDAR_DATE ( 2026, 29, 7 ) ;
#3918 = PERSON_AND_ORGANIZATION_ROLE ( 'classification_officer' ) ;
#3919 = CC_DESIGN_PERSON_AND_ORGANIZATION_ASSIGNMENT ( #1363, #8630, ( #2239 ) ) ;
#3920 = CIRCLE ( 'NONE', #4703, 7.000000000000006217 ) ;
#3921 = EDGE_CURVE ( 'NONE', #2414, #8463, #2629, .T. ) ;
#3922 = DIRECTION ( 'NONE',  ( 0.000000000000000000, 0.000000000000000000, 1.000000000000000000 ) ) ;
#3923 = EDGE_LOOP ( 'NONE', ( #10074, #181, #3000, #5521 ) ) ;
#3924 = VECTOR ( 'NONE', #9916, 1000.000000000000000 ) ;
#3925 = AXIS2_PLACEMENT_3D ( 'NONE', #5166, #611, #7095 ) ;
#3926 = ORIENTED_EDGE ( 'NONE', *, *, #108, .F. ) ;
#3927 = DIRECTION ( 'NONE',  ( 0.000000000000000000, 0.000000000000000000, -1.000000000000000000 ) ) ;
#3928 = EDGE_CURVE ( 'NONE', #2063, #5999, #1780, .T. ) ;
#3929 = ORIENTED_EDGE ( 'NONE', *, *, #11771, .T. ) ;
#3930 = DIRECTION ( 'NONE',  ( 0.000000000000000000, 0.000000000000000000, -1.000000000000000000 ) ) ;
#3931 = DIRECTION ( 'NONE',  ( 1.000000000000000000, -0.000000000000000000, 0.000000000000000000 ) ) ;
#3932 =( NAMED_UNIT ( * ) PLANE_ANGLE_UNIT ( ) SI_UNIT ( $, .RADIAN. ) );
#3933 = DIRECTION ( 'NONE',  ( 0.000000000000000000, 0.000000000000000000, 1.000000000000000000 ) ) ;
#3934 = ORIENTED_EDGE ( 'NONE', *, *, #11, .T. ) ;
#3935 = CIRCLE ( 'NONE', #3364, 18.00000000000000000 ) ;
#3936 = VECTOR ( 'NONE', #6908, 1000.000000000000000 ) ;
#3937 = CC_DESIGN_PERSON_AND_ORGANIZATION_ASSIGNMENT ( #10243, #1868, ( #3273 ) ) ;
#3938 = EDGE_CURVE ( 'NONE', #576, #10195, #1199, .T. ) ;
#3939 = ORIENTED_EDGE ( 'NONE', *, *, #7177, .T. ) ;
#3940 = VECTOR ( 'NONE', #1834, 1000.000000000000000 ) ;
#3941 = VERTEX_POINT ( 'NONE', #9181 ) ;
#3942 = ORIENTED_EDGE ( 'NONE', *, *, #5366, .F. ) ;
#3943 = DIRECTION ( 'NONE',  ( -0.000000000000000000, -1.000000000000000000, -0.000000000000000000 ) ) ;
#3944 = APPROVAL_ROLE ( '' ) ;
#3945 = CIRCLE ( 'NONE', #9183, 60.00000000000000000 ) ;
#3946 = CARTESIAN_POINT ( 'NONE',  ( -70.00000000000000000, 95.00000000000000000, 50.50000000000000000 ) ) ;
#3947 = CARTESIAN_POINT ( 'NONE',  ( 8.450062914116734689E-15, 48.00000000000000000, 68.99999999999998579 ) ) ;
#3948 = EDGE_CURVE ( 'NONE', #989, #800, #10691, .T. ) ;
#3949 = DIRECTION ( 'NONE',  ( 0.000000000000000000, 1.000000000000000000, 0.000000000000000000 ) ) ;
#3950 = CYLINDRICAL_SURFACE ( 'NONE', #8793, 4.500000000000007105 ) ;
#3951 =( GEOMETRIC_REPRESENTATION_CONTEXT ( 3 ) GLOBAL_UNCERTAINTY_ASSIGNED_CONTEXT ( ( #1347 ) ) GLOBAL_UNIT_ASSIGNED_CONTEXT ( ( #7511, #8489, #8539 ) ) REPRESENTATION_CONTEXT ( 'NONE', 'WORKASPACE' ) );
#3952 = AXIS2_PLACEMENT_3D ( 'NONE', #7112, #4331, #9791 ) ;
#3953 = CALENDAR_DATE ( 2026, 29, 7 ) ;
#3954 = VECTOR ( 'NONE', #5192, 1000.000000000000000 ) ;
#3955 = ORIENTED_EDGE ( 'NONE', *, *, #3070, .F. ) ;
#3956 = ORIENTED_EDGE ( 'NONE', *, *, #435, .F. ) ;
#3957 = EDGE_CURVE ( 'NONE', #10743, #2121, #5085, .T. ) ;
#3958 = DIRECTION ( 'NONE',  ( 0.000000000000000000, 0.000000000000000000, 1.000000000000000000 ) ) ;
#3959 = CC_DESIGN_SECURITY_CLASSIFICATION ( #868, ( #11918 ) ) ;
#3960 = CIRCLE ( 'NONE', #8996, 87.50000000000000000 ) ;
#3961 = CARTESIAN_POINT ( 'NONE',  ( 52.50000000000000000, 0.000000000000000000, 131.0000000000000000 ) ) ;
#3962 = DIRECTION ( 'NONE',  ( 0.000000000000000000, 1.000000000000000000, 0.000000000000000000 ) ) ;
#3963 = CARTESIAN_POINT ( 'NONE',  ( -105.0000000000000000, 0.000000000000000000, 95.00000000000000000 ) ) ;
#3964 = EDGE_CURVE ( 'NONE', #4126, #3016, #3330, .T. ) ;
#3965 = DIRECTION ( 'NONE',  ( 0.000000000000000000, 0.000000000000000000, 1.000000000000000000 ) ) ;
#3966 = PLANE ( 'NONE',  #3564 ) ;
#3967 = COORDINATED_UNIVERSAL_TIME_OFFSET ( 8, 0, .AHEAD. ) ;
#3968 = CALENDAR_DATE ( 2026, 29, 7 ) ;
#3969 = DIRECTION ( 'NONE',  ( 0.000000000000000000, 0.000000000000000000, 1.000000000000000000 ) ) ;
#3970 = ORIENTED_EDGE ( 'NONE', *, *, #203, .T. ) ;
#3971 = CIRCLE ( 'NONE', #7254, 4.500000000000003553 ) ;
#3972 = VERTEX_POINT ( 'NONE', #4691 ) ;
#3973 = DIRECTION ( 'NONE',  ( -0.000000000000000000, -1.000000000000000000, -0.000000000000000000 ) ) ;
#3974 = ORIENTED_EDGE ( 'NONE', *, *, #6740, .F. ) ;
#3975 = DIRECTION ( 'NONE',  ( 0.000000000000000000, 0.000000000000000000, 1.000000000000000000 ) ) ;
#3976 = FACE_OUTER_BOUND ( 'NONE', #6488, .T. ) ;
#3977 = DIRECTION ( 'NONE',  ( 0.000000000000000000, 0.000000000000000000, -1.000000000000000000 ) ) ;
#3978 = DIRECTION ( 'NONE',  ( 0.000000000000000000, 0.000000000000000000, 1.000000000000000000 ) ) ;
#3979 = ADVANCED_FACE ( 'NONE', ( #2690 ), #8382, .T. ) ;
#3980 = COORDINATED_UNIVERSAL_TIME_OFFSET ( 8, 0, .AHEAD. ) ;
#3981 = CC_DESIGN_APPROVAL ( #8825, ( #8831 ) ) ;
#3982 = VECTOR ( 'NONE', #7457, 1000.000000000000000 ) ;
#3983 = DIRECTION ( 'NONE',  ( 0.000000000000000000, 0.000000000000000000, -1.000000000000000000 ) ) ;
#3984 = ORIENTED_EDGE ( 'NONE', *, *, #7932, .T. ) ;
#3985 = EDGE_CURVE ( 'NONE', #1538, #7925, #4510, .T. ) ;
#3986 = VERTEX_POINT ( 'NONE', #3593 ) ;
#3987 = DIRECTION ( 'NONE',  ( 0.000000000000000000, 1.000000000000000000, 0.000000000000000000 ) ) ;
#3988 = LOCAL_TIME ( 1, 43, 37.00000000000000000, #11768 ) ;
#3989 = ORIENTED_EDGE ( 'NONE', *, *, #9185, .T. ) ;
#3990 = DIRECTION ( 'NONE',  ( 0.000000000000000000, 1.000000000000000000, 0.000000000000000000 ) ) ;
#3991 = CARTESIAN_POINT ( 'NONE',  ( -55.48909769293801020, 30.00000000000000000, -133.9625322141365871 ) ) ;
#3992 = EDGE_CURVE ( 'NONE', #1751, #3199, #1595, .T. ) ;
#3993 = SHAPE_REPRESENTATION_RELATIONSHIP ( 'NONE' , 'NONE' ,  #1433, #1028 ) ;
#3994 = AXIS2_PLACEMENT_3D ( 'NONE', #4131, #7383, #11778 ) ;
#3995 = CARTESIAN_POINT ( 'NONE',  ( -110.0000000000000000, 0.000000000000000000, 24.00000000000000000 ) ) ;
#3996 = ORIENTED_EDGE ( 'NONE', *, *, #1362, .T. ) ;
#3997 = LOCAL_TIME ( 1, 43, 37.00000000000000000, #2109 ) ;
#3998 = CC_DESIGN_APPROVAL ( #4382, ( #10827 ) ) ;
#3999 = PRODUCT_DEFINITION_SHAPE ( 'NONE', 'NONE',  #7931 ) ;
#4000 = ORIENTED_EDGE ( 'NONE', *, *, #9877, .F. ) ;
#4001 = ORIENTED_EDGE ( 'NONE', *, *, #5577, .F. ) ;
#4002 = AXIS2_PLACEMENT_3D ( 'NONE', #6230, #11029, #5330 ) ;
#4003 = ORIENTED_EDGE ( 'NONE', *, *, #10954, .F. ) ;
#4004 = DIRECTION ( 'NONE',  ( 0.000000000000000000, 1.000000000000000000, 0.000000000000000000 ) ) ;
#4005 = APPROVAL_STATUS ( 'not_yet_approved' ) ;
#4006 = CC_DESIGN_PERSON_AND_ORGANIZATION_ASSIGNMENT ( #10589, #7005, ( #9225 ) ) ;
#4007 = FACE_OUTER_BOUND ( 'NONE', #7544, .T. ) ;
#4008 = CC_DESIGN_SECURITY_CLASSIFICATION ( #8852, ( #12015 ) ) ;
#4009 = ADVANCED_FACE ( 'NONE', ( #8928, #383, #6931, #11726, #565, #6862, #4267, #9601, #7946 ), #2255, .T. ) ;
#4010 = DIRECTION ( 'NONE',  ( 0.000000000000000000, 1.000000000000000000, 0.000000000000000000 ) ) ;
#4011 = CC_DESIGN_SECURITY_CLASSIFICATION ( #531, ( #11996 ) ) ;
#4012 = CARTESIAN_POINT ( 'NONE',  ( -69.63364589099037971, 122.5000000000000000, -20.18428497440907421 ) ) ;
#4013 = CARTESIAN_POINT ( 'NONE',  ( 85.00000000000000000, 120.0000000000000000, 60.00000000000000000 ) ) ;
#4014 = CIRCLE ( 'NONE', #3439, 59.00000000000000711 ) ;
#4015 = DATE_TIME_ROLE ( 'classification_date' ) ;
#4016 = CC_DESIGN_PERSON_AND_ORGANIZATION_ASSIGNMENT ( #8803, #11545, ( #156 ) ) ;
#4017 = ORIENTED_EDGE ( 'NONE', *, *, #1767, .T. ) ;
#4018 = LOCAL_TIME ( 1, 43, 37.00000000000000000, #10078 ) ;
#4019 = EDGE_LOOP ( 'NONE', ( #10196, #2467 ) ) ;
#4020 = CARTESIAN_POINT ( 'NONE',  ( 0.000000000000000000, 185.0000000000000000, 0.000000000000000000 ) ) ;
#4021 = VECTOR ( 'NONE', #11385, 1000.000000000000000 ) ;
#4022 = VECTOR ( 'NONE', #6998, 1000.000000000000000 ) ;
#4023 = MANIFOLD_SOLID_BREP ( '02_Face_Locating_Boss', #7693 ) ;
#4024 = CARTESIAN_POINT ( 'NONE',  ( -42.00000000000000000, 28.00000000000000000, -7.500000000000000000 ) ) ;
#4025 = CARTESIAN_POINT ( 'NONE',  ( 165.0000000000000000, 22.00000000000000000, -12.00000000000000000 ) ) ;
#4026 = DIRECTION ( 'NONE',  ( 0.000000000000000000, 1.000000000000000000, 0.000000000000000000 ) ) ;
#4027 = CARTESIAN_POINT ( 'NONE',  ( 0.000000000000000000, 95.00000000000000000, 0.000000000000000000 ) ) ;
#4028 = CC_DESIGN_APPROVAL ( #1191, ( #6161 ) ) ;
#4029 = DIRECTION ( 'NONE',  ( 0.000000000000000000, 1.000000000000000000, 0.000000000000000000 ) ) ;
#4030 = APPLICATION_PROTOCOL_DEFINITION ( 'international standard', 'config_control_design', 1994, #11068 ) ;
#4031 = EDGE_CURVE ( 'NONE', #4710, #10989, #10498, .T. ) ;
#4032 = PERSON_AND_ORGANIZATION_ROLE ( 'classification_officer' ) ;
#4033 = CARTESIAN_POINT ( 'NONE',  ( 0.000000000000000000, 30.00000000000000000, 0.000000000000000000 ) ) ;
#4034 = ORIENTED_EDGE ( 'NONE', *, *, #3392, .F. ) ;
#4035 = CIRCLE ( 'NONE', #7711, 8.999999999999994671 ) ;
#4036 = ORIENTED_EDGE ( 'NONE', *, *, #11327, .F. ) ;
#4037 = EDGE_CURVE ( 'NONE', #6651, #10984, #10746, .T. ) ;
#4038 = PLANE ( 'NONE',  #10346 ) ;
#4039 = VERTEX_POINT ( 'NONE', #6080 ) ;
#4040 = CARTESIAN_POINT ( 'NONE',  ( -165.0000000000000000, 0.000000000000000000, 29.00000000000000000 ) ) ;
#4041 = VERTEX_POINT ( 'NONE', #4996 ) ;
#4042 = AXIS2_PLACEMENT_3D ( 'NONE', #9604, #9425, #5001 ) ;
#4043 = CARTESIAN_POINT ( 'NONE',  ( 0.000000000000000000, 225.0000000000000000, 0.000000000000000000 ) ) ;
#4044 = DIRECTION ( 'NONE',  ( 0.000000000000000000, 1.000000000000000000, 0.000000000000000000 ) ) ;
#4045 = APPROVAL_ROLE ( '' ) ;
#4046 = MANIFOLD_SOLID_BREP ( '03_Shaft_Step_D190', #4613 ) ;
#4047 = COORDINATED_UNIVERSAL_TIME_OFFSET ( 8, 0, .AHEAD. ) ;
#4048 = COORDINATED_UNIVERSAL_TIME_OFFSET ( 8, 0, .AHEAD. ) ;
#4049 = CARTESIAN_POINT ( 'NONE',  ( -272.5000000000000000, 38.00000000000000000, 0.000000000000000000 ) ) ;
#4050 = AXIS2_PLACEMENT_3D ( 'NONE', #9235, #5481, #11849 ) ;
#4051 = ADVANCED_FACE ( 'NONE', ( #5171 ), #9664, .F. ) ;
#4052 = ORIENTED_EDGE ( 'NONE', *, *, #7514, .F. ) ;
#4053 = ORIENTED_EDGE ( 'NONE', *, *, #9614, .F. ) ;
#4054 = DIRECTION ( 'NONE',  ( -0.000000000000000000, -1.000000000000000000, -0.000000000000000000 ) ) ;
#4055 = ORIENTED_EDGE ( 'NONE', *, *, #5318, .T. ) ;
#4056 = DIRECTION ( 'NONE',  ( 0.000000000000000000, 1.000000000000000000, 0.000000000000000000 ) ) ;
#4057 = DIRECTION ( 'NONE',  ( -1.000000000000000000, 0.000000000000000000, 0.000000000000000000 ) ) ;
#4058 = DIRECTION ( 'NONE',  ( -0.000000000000000000, -1.000000000000000000, -0.000000000000000000 ) ) ;
#4059 = PERSON ( 'NAUO-PER16', 'UNSPECIFIED', 'UNSPECIFIED', ('UNSPECIFIED'), ('UNSPECIFIED'), ('UNSPECIFIED') ) ;
#4060 = DATE_AND_TIME ( #7868, #4769 ) ;
#4061 = CYLINDRICAL_SURFACE ( 'NONE', #11500, 6.999999999999999112 ) ;
#4062 = EDGE_CURVE ( 'NONE', #5419, #5757, #9717, .T. ) ;
#4063 = EDGE_LOOP ( 'NONE', ( #8838, #7862, #4052, #11122 ) ) ;
#4064 = ADVANCED_FACE ( 'NONE', ( #617 ), #11616, .T. ) ;
#4065 = ORIENTED_EDGE ( 'NONE', *, *, #10981, .T. ) ;
#4066 = ORIENTED_EDGE ( 'NONE', *, *, #11494, .F. ) ;
#4067 = DIRECTION ( 'NONE',  ( 0.000000000000000000, 1.000000000000000000, 0.000000000000000000 ) ) ;
#4068 = LINE ( 'NONE', #6852, #5767 ) ;
#4069 = LINE ( 'NONE', #11290, #310 ) ;
#4070 = FACE_OUTER_BOUND ( 'NONE', #9020, .T. ) ;
#4071 = CARTESIAN_POINT ( 'NONE',  ( -52.50000000000000000, 0.000000000000000000, 131.0000000000000000 ) ) ;
#4072 = CARTESIAN_POINT ( 'NONE',  ( 115.0000000000000000, 0.000000000000000000, -32.50000000000000711 ) ) ;
#4073 = CALENDAR_DATE ( 2026, 29, 7 ) ;
#4074 = VERTEX_POINT ( 'NONE', #3226 ) ;
#4075 = APPROVAL ( #4744, 'æœª' ) ;
#4076 = EDGE_CURVE ( 'NONE', #10616, #474, #8951, .T. ) ;
#4077 = VERTEX_POINT ( 'NONE', #3162 ) ;
#4078 = CARTESIAN_POINT ( 'NONE',  ( 59.00000000000000000, 42.00000000000000000, 24.00000000000000000 ) ) ;
#4079 = ORIENTED_EDGE ( 'NONE', *, *, #5589, .T. ) ;
#4080 = DIRECTION ( 'NONE',  ( 0.000000000000000000, 1.000000000000000000, 0.000000000000000000 ) ) ;
#4081 = DIRECTION ( 'NONE',  ( 0.000000000000000000, 0.000000000000000000, 1.000000000000000000 ) ) ;
#4082 = LINE ( 'NONE', #6624, #9265 ) ;
#4083 = APPROVAL ( #11752, 'UNKNOWN' ) ;
#4084 = CARTESIAN_POINT ( 'NONE',  ( 0.000000000000000000, 145.0000000000000000, -57.50000000000000000 ) ) ;
#4085 = DIRECTION ( 'NONE',  ( 0.000000000000000000, 1.000000000000000000, 0.000000000000000000 ) ) ;
#4086 = CARTESIAN_POINT ( 'NONE',  ( 180.0000000000000000, 28.00000000000000000, 155.0000000000000000 ) ) ;
#4087 = DATE_AND_TIME ( #4938, #9217 ) ;
#4088 = PERSON_AND_ORGANIZATION_ROLE ( 'creator' ) ;
#4089 = DIRECTION ( 'NONE',  ( -0.000000000000000000, -1.000000000000000000, -0.000000000000000000 ) ) ;
#4090 = EDGE_LOOP ( 'NONE', ( #4000, #775, #9535, #496 ) ) ;
#4091 = AXIS2_PLACEMENT_3D ( 'NONE', #2927, #6744, #9603 ) ;
#4092 = EDGE_CURVE ( 'NONE', #8701, #11280, #10628, .T. ) ;
#4093 = EDGE_LOOP ( 'NONE', ( #9511, #487, #8223, #729 ) ) ;
#4094 = FACE_OUTER_BOUND ( 'NONE', #7573, .T. ) ;
#4095 = EDGE_CURVE ( 'NONE', #10657, #10328, #1288, .T. ) ;
#4096 = DIRECTION ( 'NONE',  ( -0.000000000000000000, -1.000000000000000000, -0.000000000000000000 ) ) ;
#4097 = AXIS2_PLACEMENT_3D ( 'NONE', #9111, #1655, #802 ) ;
#4098 = DIRECTION ( 'NONE',  ( -0.000000000000000000, -1.000000000000000000, -0.000000000000000000 ) ) ;
#4099 = DIRECTION ( 'NONE',  ( 0.000000000000000000, -0.000000000000000000, 1.000000000000000000 ) ) ;
#4100 = FACE_OUTER_BOUND ( 'NONE', #6125, .T. ) ;
#4101 = PRODUCT_DEFINITION_SHAPE ( 'NONE', 'NONE',  #2742 ) ;
#4102 = SHAPE_DEFINITION_REPRESENTATION ( #7106, #5684 ) ;
#4103 = ADVANCED_FACE ( 'NONE', ( #3348 ), #7827, .F. ) ;
#4104 = COORDINATED_UNIVERSAL_TIME_OFFSET ( 8, 0, .AHEAD. ) ;
#4105 = DATE_AND_TIME ( #11637, #9232 ) ;
#4106 = VERTEX_POINT ( 'NONE', #6019 ) ;
#4107 = AXIS2_PLACEMENT_3D ( 'NONE', #11522, #10597, #1383 ) ;
#4108 = CARTESIAN_POINT ( 'NONE',  ( 0.000000000000000000, 20.00000000000000000, 11.00000000000000000 ) ) ;
#4109 = AXIS2_PLACEMENT_3D ( 'NONE', #6558, #11177, #9411 ) ;
#4110 = ORIENTED_EDGE ( 'NONE', *, *, #6695, .T. ) ;
#4111 = ADVANCED_FACE ( 'NONE', ( #6795 ), #2195, .F. ) ;
#4112 = ORIENTED_EDGE ( 'NONE', *, *, #10878, .F. ) ;
#4113 = CARTESIAN_POINT ( 'NONE',  ( -27.55320713028645940, 220.0000000000000000, -66.51932634081263984 ) ) ;
#4114 = ORIENTED_EDGE ( 'NONE', *, *, #8877, .T. ) ;
#4115 = CARTESIAN_POINT ( 'NONE',  ( -31.38004145393735911, 30.00000000000000000, 68.75812166592550057 ) ) ;
#4116 = LINE ( 'NONE', #10603, #7010 ) ;
#4117 = VECTOR ( 'NONE', #5998, 1000.000000000000000 ) ;
#4118 = CARTESIAN_POINT ( 'NONE',  ( -133.9625322141365871, 30.00000000000000000, -55.48909769293801730 ) ) ;
#4119 = DIRECTION ( 'NONE',  ( 1.000000000000000000, 0.000000000000000000, 0.000000000000000000 ) ) ;
#4120 = MECHANICAL_CONTEXT ( 'NONE', #2777, 'mechanical' ) ;
#4121 = LINE ( 'NONE', #485, #8970 ) ;
#4122 = VECTOR ( 'NONE', #1879, 1000.000000000000000 ) ;
#4123 = AXIS2_PLACEMENT_3D ( 'NONE', #5817, #7626, #3933 ) ;
#4124 = ORIENTED_EDGE ( 'NONE', *, *, #3206, .T. ) ;
#4125 = MANIFOLD_SOLID_BREP ( '03_Center_Rib', #10998 ) ;
#4126 = VERTEX_POINT ( 'NONE', #4321 ) ;
#4127 = ORIENTED_EDGE ( 'NONE', *, *, #4237, .T. ) ;
#4128 = PLANE ( 'NONE',  #5647 ) ;
#4130 = DIRECTION ( 'NONE',  ( 0.000000000000000000, 1.000000000000000000, 0.000000000000000000 ) ) ;
#4129 = CIRCLE ( 'NONE', #257, 72.50000000000000000 ) ;
#4131 = CARTESIAN_POINT ( 'NONE',  ( 0.000000000000000000, 0.000000000000000000, 0.000000000000000000 ) ) ;
#4132 = CARTESIAN_POINT ( 'NONE',  ( 0.000000000000000000, 42.00000000000000000, 0.000000000000000000 ) ) ;
#4133 = UNCERTAINTY_MEASURE_WITH_UNIT (LENGTH_MEASURE( 1.000000000000000082E-05 ), #2837, 'distance_accuracy_value', 'NONE');
#4134 = VECTOR ( 'NONE', #8891, 1000.000000000000000 ) ;
#4135 = VECTOR ( 'NONE', #6662, 1000.000000000000000 ) ;
#4136 = DIRECTION ( 'NONE',  ( -0.000000000000000000, -1.000000000000000000, -0.000000000000000000 ) ) ;
#4137 = EDGE_CURVE ( 'NONE', #10111, #5754, #2375, .T. ) ;
#4138 = DATE_AND_TIME ( #4073, #9453 ) ;
#4139 = VECTOR ( 'NONE', #3949, 1000.000000000000000 ) ;
#4140 = EDGE_LOOP ( 'NONE', ( #5237, #6225 ) ) ;
#4141 = ADVANCED_FACE ( 'NONE', ( #7042 ), #2436, .F. ) ;
#4142 = ORIENTED_EDGE ( 'NONE', *, *, #8696, .F. ) ;
#4143 = CIRCLE ( 'NONE', #3161, 43.99999999999997158 ) ;
#4144 = DIRECTION ( 'NONE',  ( -0.000000000000000000, -1.000000000000000000, -0.000000000000000000 ) ) ;
#4145 = ORIENTED_EDGE ( 'NONE', *, *, #8235, .F. ) ;
#4146 = CARTESIAN_POINT ( 'NONE',  ( -135.0000000000000000, 0.000000000000000000, 11.00000000000000000 ) ) ;
#4147 = DIRECTION ( 'NONE',  ( -0.000000000000000000, 1.000000000000000000, -0.000000000000000000 ) ) ;
#4148 = DIRECTION ( 'NONE',  ( 0.000000000000000000, 1.000000000000000000, 0.000000000000000000 ) ) ;
#4149 = AXIS2_PLACEMENT_3D ( 'NONE', #7866, #8847, #6118 ) ;
#4151 = LINE ( 'NONE', #5180, #9095 ) ;
#4150 = AXIS2_PLACEMENT_3D ( 'NONE', #10039, #2738, #1835 ) ;
#4152 = FACE_OUTER_BOUND ( 'NONE', #7760, .T. ) ;
#4153 = FACE_OUTER_BOUND ( 'NONE', #662, .T. ) ;
#4154 = EDGE_CURVE ( 'NONE', #5950, #11600, #10927, .T. ) ;
#4155 = AXIS2_PLACEMENT_3D ( 'NONE', #2212, #4832, #5012 ) ;
#4156 = APPROVAL_STATUS ( 'not_yet_approved' ) ;
#4157 = CALENDAR_DATE ( 2026, 29, 7 ) ;
#4158 = CARTESIAN_POINT ( 'NONE',  ( 0.000000000000000000, 270.0000000000000000, 0.000000000000000000 ) ) ;
#4159 = ORIENTED_EDGE ( 'NONE', *, *, #3109, .F. ) ;
#4160 = APPROVAL_PERSON_ORGANIZATION ( #10949, #1037, #10054 ) ;
#4161 = EDGE_CURVE ( 'NONE', #167, #5559, #3583, .T. ) ;
#4162 = ORIENTED_EDGE ( 'NONE', *, *, #8478, .T. ) ;
#4163 = VECTOR ( 'NONE', #9322, 1000.000000000000000 ) ;
#4164 = DIRECTION ( 'NONE',  ( -0.000000000000000000, -0.000000000000000000, 1.000000000000000000 ) ) ;
#4165 = FACE_BOUND ( 'NONE', #7430, .T. ) ;
#4166 = FACE_OUTER_BOUND ( 'NONE', #7263, .T. ) ;
#4167 = CC_DESIGN_PERSON_AND_ORGANIZATION_ASSIGNMENT ( #3271, #6966, ( #10385 ) ) ;
#4168 = DIRECTION ( 'NONE',  ( -0.000000000000000000, 1.000000000000000000, -0.000000000000000000 ) ) ;
#4169 = EDGE_CURVE ( 'NONE', #11841, #2794, #3744, .T. ) ;
#4170 = CARTESIAN_POINT ( 'NONE',  ( 0.000000000000000000, 285.0000000000000000, -30.00000000000000000 ) ) ;
#4171 = CIRCLE ( 'NONE', #2422, 52.49999999999997868 ) ;
#4172 = DATE_AND_TIME ( #10588, #10740 ) ;
#4173 = MECHANICAL_CONTEXT ( 'NONE', #1154, 'mechanical' ) ;
#4174 = DATE_AND_TIME ( #5021, #6702 ) ;
#4175 = ORIENTED_EDGE ( 'NONE', *, *, #8263, .F. ) ;
#4176 = APPROVAL ( #8752, 'æœª' ) ;
#4177 = PLANE ( 'NONE',  #269 ) ;
#4178 = EDGE_LOOP ( 'NONE', ( #8714, #3276, #5800, #7762 ) ) ;
#4179 = ORIENTED_EDGE ( 'NONE', *, *, #2701, .F. ) ;
#4180 = CARTESIAN_POINT ( 'NONE',  ( -180.0000000000000000, 34.00000000000000000, 12.00000000000000000 ) ) ;
#4181 = ORIENTED_EDGE ( 'NONE', *, *, #1688, .T. ) ;
#4182 = CARTESIAN_POINT ( 'NONE',  ( 0.000000000000000000, 48.00000000000000000, -68.99999999999998579 ) ) ;
#4183 = FACE_OUTER_BOUND ( 'NONE', #1744, .T. ) ;
#4184 = DIRECTION ( 'NONE',  ( 0.000000000000000000, 1.000000000000000000, 0.000000000000000000 ) ) ;
#4185 = DIRECTION ( 'NONE',  ( 0.3746065934159120148, -0.9271838545667874243, 6.123233995736766036E-17 ) ) ;
#4186 =( REPRESENTATION_RELATIONSHIP ('NONE','NONE', #6922, #8155 ) REPRESENTATION_RELATIONSHIP_WITH_TRANSFORMATION ( #2130 )SHAPE_REPRESENTATION_RELATIONSHIP( ) );
#4187 = DATE_AND_TIME ( #8788, #3024 ) ;
#4188 = DIRECTION ( 'NONE',  ( 0.000000000000000000, -1.000000000000000000, 0.000000000000000000 ) ) ;
#4189 = ADVANCED_FACE ( 'NONE', ( #3407 ), #1588, .F. ) ;
#4190 = ORIENTED_EDGE ( 'NONE', *, *, #1126, .F. ) ;
#4191 = LOCAL_TIME ( 1, 43, 37.00000000000000000, #2913 ) ;
#4192 = ORIENTED_EDGE ( 'NONE', *, *, #5128, .F. ) ;
#4193 = EDGE_CURVE ( 'NONE', #11563, #4460, #462, .T. ) ;
#4194 = ORIENTED_EDGE ( 'NONE', *, *, #4892, .F. ) ;
#4195 = PRODUCT_DEFINITION_SHAPE ( 'NONE', 'NONE',  #12015 ) ;
#4196 = DIRECTION ( 'NONE',  ( 0.000000000000000000, 1.000000000000000000, 0.000000000000000000 ) ) ;
#4197 = DIRECTION ( 'NONE',  ( -0.000000000000000000, -1.000000000000000000, -0.000000000000000000 ) ) ;
#4198 = CARTESIAN_POINT ( 'NONE',  ( -115.0000000000000000, 12.00000000000000000, -23.49999999999999645 ) ) ;
#4199 = LOCAL_TIME ( 1, 43, 37.00000000000000000, #8297 ) ;
#4200 = FACE_BOUND ( 'NONE', #410, .T. ) ;
#4201 = PERSON_AND_ORGANIZATION ( #25, #10800 ) ;
#4202 = EDGE_LOOP ( 'NONE', ( #11170, #7854, #7390, #1354, #1876, #8477, #10684, #10250 ) ) ;
#4203 = VECTOR ( 'NONE', #11525, 1000.000000000000000 ) ;
#4204 = ORIENTED_EDGE ( 'NONE', *, *, #8220, .T. ) ;
#4205 = DIRECTION ( 'NONE',  ( 0.000000000000000000, 0.000000000000000000, 1.000000000000000000 ) ) ;
#4206 = ORGANIZATION ( 'NAUO-ORG20', 'UNSPECIFIED', 'UNSPECIFIED' ) ;
#4207 = ORIENTED_EDGE ( 'NONE', *, *, #11380, .F. ) ;
#4208 = DIRECTION ( 'NONE',  ( -0.000000000000000000, -1.000000000000000000, -0.000000000000000000 ) ) ;
#4209 = SECURITY_CLASSIFICATION ( '', '', #7182 ) ;
#4210 = EDGE_CURVE ( 'NONE', #5583, #8890, #9169, .T. ) ;
#4211 = DIRECTION ( 'NONE',  ( 0.000000000000000000, 0.000000000000000000, 1.000000000000000000 ) ) ;
#4212 = CARTESIAN_POINT ( 'NONE',  ( 85.00000000000000000, 120.0000000000000000, 60.00000000000000000 ) ) ;
#4213 = FACE_BOUND ( 'NONE', #966, .T. ) ;
#4214 = CARTESIAN_POINT ( 'NONE',  ( 133.9625322141365871, 0.000000000000000000, 55.48909769293800309 ) ) ;
#4215 = AXIS2_PLACEMENT_3D ( 'NONE', #1139, #10350, #3798 ) ;
#4216 = DIRECTION ( 'NONE',  ( 0.000000000000000000, 0.000000000000000000, -1.000000000000000000 ) ) ;
#4217 = ADVANCED_BREP_SHAPE_REPRESENTATION ( '', ( #3841, #10725 ), #2602 ) ;
#4218 = DATE_AND_TIME ( #8751, #8625 ) ;
#4219 = DATE_TIME_ROLE ( 'creation_date' ) ;
#4220 = CARTESIAN_POINT ( 'NONE',  ( 245.0000000000000000, 0.000000000000000000, -31.03224129836582179 ) ) ;
#4221 = CC_DESIGN_APPROVAL ( #4176, ( #5957 ) ) ;
#4222 = EDGE_CURVE ( 'NONE', #2489, #3277, #844, .T. ) ;
#4223 = VERTEX_POINT ( 'NONE', #10990 ) ;
#4224 = CLOSED_SHELL ( 'NONE', ( #1261, #4942, #10176, #4189, #6095, #3414, #3662, #2476, #8801, #7883, #1344, #5041, #7851, #1559, #10676, #8387, #2514, #11613, #10468, #11551, #8020, #9134, #1297, #11405, #584 ) ) ;
#4225 = AXIS2_PLACEMENT_3D ( 'NONE', #4043, #6041, #9742 ) ;
#4226 = CARTESIAN_POINT ( 'NONE',  ( -105.0000000000000000, 20.00000000000000000, 8.000000000000000000 ) ) ;
#4227 = EDGE_CURVE ( 'NONE', #5846, #10445, #680, .T. ) ;
#4228 = DIRECTION ( 'NONE',  ( 0.000000000000000000, 0.000000000000000000, 1.000000000000000000 ) ) ;
#4229 = CC_DESIGN_SECURITY_CLASSIFICATION ( #7890, ( #12001 ) ) ;
#4230 = DIRECTION ( 'NONE',  ( 0.000000000000000000, 1.000000000000000000, 0.000000000000000000 ) ) ;
#4231 = CYLINDRICAL_SURFACE ( 'NONE', #6725, 36.00000000000000000 ) ;
#4232 = CARTESIAN_POINT ( 'NONE',  ( 59.00000000000000000, 28.00000000000000000, 7.500000000000000000 ) ) ;
#4233 = PERSON_AND_ORGANIZATION ( #10860, #8800 ) ;
#4234 = AXIS2_PLACEMENT_3D ( 'NONE', #3486, #2335, #6040 ) ;
#4235 = CALENDAR_DATE ( 2026, 29, 7 ) ;
#4236 = ORIENTED_EDGE ( 'NONE', *, *, #8088, .T. ) ;
#4237 = EDGE_CURVE ( 'NONE', #1472, #10308, #9109, .T. ) ;
#4238 = EDGE_CURVE ( 'NONE', #7442, #9796, #6640, .T. ) ;
#4239 = CARTESIAN_POINT ( 'NONE',  ( 0.000000000000000000, 48.00000000000000000, 0.000000000000000000 ) ) ;
#4241 = ORIENTED_EDGE ( 'NONE', *, *, #59, .F. ) ;
#4240 = EDGE_CURVE ( 'NONE', #5279, #11280, #1042, .T. ) ;
#4242 = VECTOR ( 'NONE', #6339, 1000.000000000000000 ) ;
#4243 = VERTEX_POINT ( 'NONE', #11842 ) ;
#4244 = VERTEX_POINT ( 'NONE', #4381 ) ;
#4245 = CARTESIAN_POINT ( 'NONE',  ( 31.38004145393736266, 30.00000000000000000, 68.75812166592550057 ) ) ;
#4246 = CARTESIAN_POINT ( 'NONE',  ( 245.0000000000000000, 0.000000000000000000, -64.00000000000000000 ) ) ;
#4247 = CC_DESIGN_DATE_AND_TIME_ASSIGNMENT ( #3549, #9017, ( #11953 ) ) ;
#4248 = DIRECTION ( 'NONE',  ( -0.000000000000000000, -1.000000000000000000, -0.000000000000000000 ) ) ;
#4249 = DIRECTION ( 'NONE',  ( 0.9902680687415703620, -0.1391731009600654378, 0.000000000000000000 ) ) ;
#4250 = APPROVAL_DATE_TIME ( #2354, #2523 ) ;
#4251 = DIRECTION ( 'NONE',  ( 1.000000000000000000, -0.000000000000000000, 0.000000000000000000 ) ) ;
#4252 = VECTOR ( 'NONE', #3830, 1000.000000000000000 ) ;
#4253 = EDGE_LOOP ( 'NONE', ( #9466, #11789, #11802, #10561, #634, #6126, #7980, #9767, #6242, #10022, #10081, #9900 ) ) ;
#4254 = EDGE_CURVE ( 'NONE', #368, #396, #1763, .T. ) ;
#4255 = ORIENTED_EDGE ( 'NONE', *, *, #2978, .T. ) ;
#4256 = ORIENTED_EDGE ( 'NONE', *, *, #6294, .F. ) ;
#4257 = DIRECTION ( 'NONE',  ( -0.000000000000000000, 1.000000000000000000, -0.000000000000000000 ) ) ;
#4258 = EDGE_LOOP ( 'NONE', ( #7490, #921 ) ) ;
#4259 = EDGE_CURVE ( 'NONE', #4458, #11146, #7811, .T. ) ;
#4260 = FACE_OUTER_BOUND ( 'NONE', #277, .T. ) ;
#4261 = DIRECTION ( 'NONE',  ( -0.000000000000000000, -1.000000000000000000, -0.000000000000000000 ) ) ;
#4262 = FACE_BOUND ( 'NONE', #11317, .T. ) ;
#4263 = EDGE_CURVE ( 'NONE', #12, #6981, #6258, .T. ) ;
#4264 = CALENDAR_DATE ( 2026, 29, 7 ) ;
#4265 = ORIENTED_EDGE ( 'NONE', *, *, #1696, .F. ) ;
#4266 = ORIENTED_EDGE ( 'NONE', *, *, #5870, .F. ) ;
#4267 = FACE_BOUND ( 'NONE', #9523, .T. ) ;
#4268 = VERTEX_POINT ( 'NONE', #10027 ) ;
#4269 = PLANE ( 'NONE',  #6803 ) ;
#4270 = CARTESIAN_POINT ( 'NONE',  ( -117.5000000000000000, 20.00000000000000000, 11.00000000000000000 ) ) ;
#4271 = FACE_OUTER_BOUND ( 'NONE', #11301, .T. ) ;
#4272 = CARTESIAN_POINT ( 'NONE',  ( 0.000000000000000000, 41.99999999999997868, -130.0000000000000000 ) ) ;
#4273 = CARTESIAN_POINT ( 'NONE',  ( 0.000000000000000000, 50.00000000000000000, 0.000000000000000000 ) ) ;
#4274 = CARTESIAN_POINT ( 'NONE',  ( 135.0000000000000000, 28.00000000000000000, -114.0000000000000000 ) ) ;
#4275 = APPLICATION_PROTOCOL_DEFINITION ( 'international standard', 'config_control_design', 1994, #7269 ) ;
#4276 = CARTESIAN_POINT ( 'NONE',  ( -66.51932634081263984, 220.0000000000000000, -27.55320713028646296 ) ) ;
#4277 = ORIENTED_EDGE ( 'NONE', *, *, #6849, .F. ) ;
#4278 = EDGE_LOOP ( 'NONE', ( #4443, #6177 ) ) ;
#4279 = LINE ( 'NONE', #6210, #3351 ) ;
#4280 = CARTESIAN_POINT ( 'NONE',  ( 0.000000000000000000, 0.000000000000000000, 0.000000000000000000 ) ) ;
#4281 = CARTESIAN_POINT ( 'NONE',  ( -75.00000000000000000, 0.000000000000000000, -8.000000000000000000 ) ) ;
#4282 = LINE ( 'NONE', #10583, #2468 ) ;
#4283 = LINE ( 'NONE', #9869, #11731 ) ;
#4284 = DATE_AND_TIME ( #7849, #10154 ) ;
#4285 = PERSON_AND_ORGANIZATION ( #10860, #8800 ) ;
#4286 = EDGE_CURVE ( 'NONE', #4679, #8598, #1714, .T. ) ;
#4287 = APPROVAL_DATE_TIME ( #1377, #2455 ) ;
#4288 = CIRCLE ( 'NONE', #11844, 8.000000000000010658 ) ;
#4289 = CARTESIAN_POINT ( 'NONE',  ( 0.000000000000000000, 30.00000000000000000, 0.000000000000000000 ) ) ;
#4290 = ORIENTED_EDGE ( 'NONE', *, *, #5416, .F. ) ;
#4291 = EDGE_CURVE ( 'NONE', #10550, #8367, #10718, .T. ) ;
#4292 = ORIENTED_EDGE ( 'NONE', *, *, #7498, .T. ) ;
#4293 = ORIENTED_EDGE ( 'NONE', *, *, #9914, .F. ) ;
#4294 = CARTESIAN_POINT ( 'NONE',  ( -63.51086798706847958, 122.5000000000000000, -34.96597842945568146 ) ) ;
#4295 = CYLINDRICAL_SURFACE ( 'NONE', #437, 8.000000000000010658 ) ;
#4296 = DIRECTION ( 'NONE',  ( 0.000000000000000000, 0.000000000000000000, 1.000000000000000000 ) ) ;
#4297 = DATE_AND_TIME ( #8910, #3220 ) ;
#4298 = CIRCLE ( 'NONE', #2741, 9.000000000000035527 ) ;
#4299 = LINE ( 'NONE', #10609, #7409 ) ;
#4300 = EDGE_CURVE ( 'NONE', #9810, #10654, #5473, .T. ) ;
#4301 = SHAPE_REPRESENTATION ( 'MKH-015_cable_bracket', ( #10725 ), #10731 ) ;
#4302 = CIRCLE ( 'NONE', #4109, 6.999999999999999112 ) ;
#4303 = EDGE_LOOP ( 'NONE', ( #1859, #2349 ) ) ;
#4304 = PRODUCT_DEFINITION_SHAPE ( 'NONE', 'NONE',  #11996 ) ;
#4305 = EDGE_CURVE ( 'NONE', #1245, #1935, #8790, .T. ) ;
#4306 = ORIENTED_EDGE ( 'NONE', *, *, #6793, .F. ) ;
#4307 = AXIS2_PLACEMENT_3D ( 'NONE', #5429, #7465, #9119 ) ;
#4308 = ORIENTED_EDGE ( 'NONE', *, *, #4095, .F. ) ;
#4309 = CARTESIAN_POINT ( 'NONE',  ( -75.00000000000000000, 0.000000000000000000, 12.00000000000000000 ) ) ;
#4310 = EDGE_LOOP ( 'NONE', ( #7679, #7958 ) ) ;
#4311 = CARTESIAN_POINT ( 'NONE',  ( 0.000000000000000000, 330.0000000000000000, 0.000000000000000000 ) ) ;
#4312 = CARTESIAN_POINT ( 'NONE',  ( 66.51932634081263984, 0.000000000000000000, -27.55320713028646296 ) ) ;
#4313 = APPROVAL ( #3323, 'æœª' ) ;
#4314 = EDGE_CURVE ( 'NONE', #11956, #9302, #1623, .T. ) ;
#4315 = CARTESIAN_POINT ( 'NONE',  ( -165.0000000000000000, 22.00000000000000000, 29.00000000000000000 ) ) ;
#4316 = VECTOR ( 'NONE', #7705, 1000.000000000000000 ) ;
#4317 = COORDINATED_UNIVERSAL_TIME_OFFSET ( 8, 0, .AHEAD. ) ;
#4318 = ORIENTED_EDGE ( 'NONE', *, *, #8476, .F. ) ;
#4319 = AXIS2_PLACEMENT_3D ( 'NONE', #7835, #5120, #506 ) ;
#4320 = EDGE_LOOP ( 'NONE', ( #10069, #777, #8116, #11704 ) ) ;
#4321 = CARTESIAN_POINT ( 'NONE',  ( -55.48909769293801020, 30.00000000000000000, 142.9625322141366155 ) ) ;
#4322 = EDGE_LOOP ( 'NONE', ( #10297, #9275, #4241, #4944 ) ) ;
#4323 = DIRECTION ( 'NONE',  ( 0.000000000000000000, 0.000000000000000000, -1.000000000000000000 ) ) ;
#4324 = VECTOR ( 'NONE', #1667, 1000.000000000000000 ) ;
#4325 = CIRCLE ( 'NONE', #1226, 68.99999999999997158 ) ;
#4326 = EDGE_CURVE ( 'NONE', #555, #10328, #2161, .T. ) ;
#4327 = DIRECTION ( 'NONE',  ( 0.000000000000000000, 1.000000000000000000, 0.000000000000000000 ) ) ;
#4328 = LINE ( 'NONE', #10814, #9657 ) ;
#4329 = CARTESIAN_POINT ( 'NONE',  ( -115.0000000000000000, 0.000000000000000000, -28.00000000000000000 ) ) ;
#4330 = DIRECTION ( 'NONE',  ( -0.000000000000000000, -1.000000000000000000, -0.000000000000000000 ) ) ;
#4331 = DIRECTION ( 'NONE',  ( -0.000000000000000000, -1.000000000000000000, -0.000000000000000000 ) ) ;
#4332 = PERSON_AND_ORGANIZATION_ROLE ( 'classification_officer' ) ;
#4333 = CYLINDRICAL_SURFACE ( 'NONE', #8556, 43.99999999999997158 ) ;
#4334 = ORIENTED_EDGE ( 'NONE', *, *, #5233, .T. ) ;
#4335 = CIRCLE ( 'NONE', #9172, 9.000000000000021316 ) ;
#4336 = AXIS2_PLACEMENT_3D ( 'NONE', #5845, #6943, #1238 ) ;
#4337 = EDGE_CURVE ( 'NONE', #5754, #8284, #408, .T. ) ;
#4338 = ORIENTED_EDGE ( 'NONE', *, *, #5147, .F. ) ;
#4339 = DIRECTION ( 'NONE',  ( 0.000000000000000000, 0.000000000000000000, 1.000000000000000000 ) ) ;
#4340 =( GEOMETRIC_REPRESENTATION_CONTEXT ( 3 ) GLOBAL_UNCERTAINTY_ASSIGNED_CONTEXT ( ( #10317 ) ) GLOBAL_UNIT_ASSIGNED_CONTEXT ( ( #10903, #783, #5334 ) ) REPRESENTATION_CONTEXT ( 'NONE', 'WORKASPACE' ) );
#4341 = EDGE_CURVE ( 'NONE', #1382, #3757, #11302, .T. ) ;
#4342 =( REPRESENTATION_RELATIONSHIP ('NONE','NONE', #6922, #11893 ) REPRESENTATION_RELATIONSHIP_WITH_TRANSFORMATION ( #8682 )SHAPE_REPRESENTATION_RELATIONSHIP( ) );
#4343 = DIRECTION ( 'NONE',  ( 0.000000000000000000, 0.000000000000000000, 1.000000000000000000 ) ) ;
#4344 = CIRCLE ( 'NONE', #6079, 68.99999999999998579 ) ;
#4345 = DIRECTION ( 'NONE',  ( 0.000000000000000000, 0.000000000000000000, 1.000000000000000000 ) ) ;
#4346 = DIRECTION ( 'NONE',  ( 0.000000000000000000, 0.000000000000000000, 1.000000000000000000 ) ) ;
#4347 = DIRECTION ( 'NONE',  ( 0.000000000000000000, 0.000000000000000000, 1.000000000000000000 ) ) ;
#4348 = COORDINATED_UNIVERSAL_TIME_OFFSET ( 8, 0, .AHEAD. ) ;
#4349 = PERSON_AND_ORGANIZATION_ROLE ( 'design_supplier' ) ;
#4350 =( GEOMETRIC_REPRESENTATION_CONTEXT ( 3 ) GLOBAL_UNCERTAINTY_ASSIGNED_CONTEXT ( ( #4133 ) ) GLOBAL_UNIT_ASSIGNED_CONTEXT ( ( #2837, #6586, #1929 ) ) REPRESENTATION_CONTEXT ( 'NONE', 'WORKASPACE' ) );
#4351 = APPROVAL_ROLE ( '' ) ;
#4352 = AXIS2_PLACEMENT_3D ( 'NONE', #5244, #8082, #8019 ) ;
#4353 = DIRECTION ( 'NONE',  ( 0.000000000000000000, 0.000000000000000000, -1.000000000000000000 ) ) ;
#4354 = VERTEX_POINT ( 'NONE', #9633 ) ;
#4355 = VERTEX_POINT ( 'NONE', #5866 ) ;
#4356 = CARTESIAN_POINT ( 'NONE',  ( 31.38004145393736266, 0.000000000000000000, -75.75812166592551478 ) ) ;
#4357 = CC_DESIGN_SECURITY_CLASSIFICATION ( #8025, ( #4924 ) ) ;
#4358 = EDGE_CURVE ( 'NONE', #10851, #3614, #4335, .T. ) ;
#4359 = CIRCLE ( 'NONE', #5522, 7.499999999999999112 ) ;
#4360 = EDGE_LOOP ( 'NONE', ( #8442, #11899, #1666, #4915 ) ) ;
#4361 = FACE_OUTER_BOUND ( 'NONE', #3626, .T. ) ;
#4362 = LINE ( 'NONE', #4480, #2388 ) ;
#4363 = FACE_OUTER_BOUND ( 'NONE', #3258, .T. ) ;
#4364 = DATE_TIME_ROLE ( 'classification_date' ) ;
#4365 = DIRECTION ( 'NONE',  ( 0.000000000000000000, 1.000000000000000000, 0.000000000000000000 ) ) ;
#4366 = PERSON ( 'NAUO-PER14', 'UNSPECIFIED', 'UNSPECIFIED', ('UNSPECIFIED'), ('UNSPECIFIED'), ('UNSPECIFIED') ) ;
#4367 = VERTEX_POINT ( 'NONE', #6711 ) ;
#4368 = AXIS2_PLACEMENT_3D ( 'NONE', #945, #11131, #9130 ) ;
#4369 = ORIENTED_EDGE ( 'NONE', *, *, #10895, .F. ) ;
#4370 = ORIENTED_EDGE ( 'NONE', *, *, #3687, .T. ) ;
#4371 = DIRECTION ( 'NONE',  ( -1.000000000000000000, -0.000000000000000000, -0.000000000000000000 ) ) ;
#4372 = EDGE_CURVE ( 'NONE', #4223, #8105, #11111, .T. ) ;
#4373 = VERTEX_POINT ( 'NONE', #9570 ) ;
#4374 = CARTESIAN_POINT ( 'NONE',  ( 0.000000000000000000, 30.00000000000000000, 0.000000000000000000 ) ) ;
#4375 = CARTESIAN_POINT ( 'NONE',  ( -85.00000000000000000, 0.000000000000000000, 52.99999999999999289 ) ) ;
#4376 = LINE ( 'NONE', #3218, #5305 ) ;
#4377 = DIRECTION ( 'NONE',  ( 0.000000000000000000, 1.000000000000000000, 0.000000000000000000 ) ) ;
#4378 = PRODUCT_DEFINITION_FORMATION_WITH_SPECIFIED_SOURCE ( 'ä»', '', #5278, .NOT_KNOWN. ) ;
#4379 = EDGE_LOOP ( 'NONE', ( #5581, #5744 ) ) ;
#4380 = VERTEX_POINT ( 'NONE', #10531 ) ;
#4381 = CARTESIAN_POINT ( 'NONE',  ( 75.75812166592551478, 30.00000000000000000, -38.38004145393736621 ) ) ;
#4382 = APPROVAL ( #948, 'æœª' ) ;
#4383 = CIRCLE ( 'NONE', #5928, 6.999999999999999112 ) ;
#4384 = ADVANCED_FACE ( 'NONE', ( #8530 ), #5929, .T. ) ;
#4385 = ORIENTED_EDGE ( 'NONE', *, *, #2983, .T. ) ;
#4386 = DIRECTION ( 'NONE',  ( -0.000000000000000000, -0.000000000000000000, 1.000000000000000000 ) ) ;
#4387 = DIRECTION ( 'NONE',  ( -0.000000000000000000, -1.000000000000000000, -0.000000000000000000 ) ) ;
#4388 = DIRECTION ( 'NONE',  ( 0.000000000000000000, 0.000000000000000000, -1.000000000000000000 ) ) ;
#4389 = LOCAL_TIME ( 1, 43, 37.00000000000000000, #7611 ) ;
#4390 = PLANE ( 'NONE',  #5218 ) ;
#4391 = FACE_OUTER_BOUND ( 'NONE', #4487, .T. ) ;
#4392 = PRODUCT_DEFINITION_SHAPE ( 'NONE', 'NONE',  #12006 ) ;
#4393 = APPROVAL ( #8200, 'æœª' ) ;
#4394 = PLANE ( 'NONE',  #4730 ) ;
#4395 = PERSON_AND_ORGANIZATION_ROLE ( 'design_supplier' ) ;
#4396 = CARTESIAN_POINT ( 'NONE',  ( 272.5000000000000000, 22.00000000000000000, 0.000000000000000000 ) ) ;
#4397 = ORIENTED_EDGE ( 'NONE', *, *, #5742, .T. ) ;
#4398 = APPROVAL_PERSON_ORGANIZATION ( #224, #8379, #3069 ) ;
#4399 = CC_DESIGN_SECURITY_CLASSIFICATION ( #4209, ( #3425 ) ) ;
#4400 = EDGE_LOOP ( 'NONE', ( #8545, #5678, #7392, #10372 ) ) ;
#4401 = DIRECTION ( 'NONE',  ( -0.000000000000000000, -1.000000000000000000, -0.000000000000000000 ) ) ;
#4402 = VECTOR ( 'NONE', #7016, 1000.000000000000000 ) ;
#4403 = CARTESIAN_POINT ( 'NONE',  ( -133.9625322141365871, 0.000000000000000000, -64.48909769293800309 ) ) ;
#4404 = CARTESIAN_POINT ( 'NONE',  ( 0.000000000000000000, 48.00000000000000000, 0.000000000000000000 ) ) ;
#4405 = EDGE_CURVE ( 'NONE', #4642, #4741, #4724, .T. ) ;
#4406 = DIRECTION ( 'NONE',  ( 0.000000000000000000, 0.000000000000000000, 1.000000000000000000 ) ) ;
#4407 = EDGE_CURVE ( 'NONE', #6196, #7015, #5081, .T. ) ;
#4408 = CARTESIAN_POINT ( 'NONE',  ( 0.000000000000000000, 0.000000000000000000, -59.00000000000000711 ) ) ;
#4409 = LOCAL_TIME ( 1, 43, 37.00000000000000000, #6388 ) ;
#4410 = CARTESIAN_POINT ( 'NONE',  ( 330.0000000000000000, 22.00000000000000000, 75.00000000000000000 ) ) ;
#4411 = PRODUCT ( 'MKH-200_arm_module', 'MKH-200_arm_module', '', ( #7719 ) ) ;
#4412 = SHAPE_DEFINITION_REPRESENTATION ( #10480, #11893 ) ;
#4413 = APPROVAL_ROLE ( '' ) ;
#4414 = COORDINATED_UNIVERSAL_TIME_OFFSET ( 8, 0, .AHEAD. ) ;
#4415 = EDGE_CURVE ( 'NONE', #5591, #6915, #4143, .T. ) ;
#4416 = VECTOR ( 'NONE', #401, 1000.000000000000000 ) ;
#4417 = CC_DESIGN_APPROVAL ( #1869, ( #7890 ) ) ;
#4418 = DIRECTION ( 'NONE',  ( -1.000000000000000000, 0.000000000000000000, 0.000000000000000000 ) ) ;
#4419 = ORIENTED_EDGE ( 'NONE', *, *, #10533, .T. ) ;
#4420 = VERTEX_POINT ( 'NONE', #10356 ) ;
#4421 = DIRECTION ( 'NONE',  ( 1.000000000000000000, 0.000000000000000000, -0.000000000000000000 ) ) ;
#4422 = EDGE_LOOP ( 'NONE', ( #9536, #8233 ) ) ;
#4423 = CIRCLE ( 'NONE', #11009, 9.000000000000007105 ) ;
#4424 = AXIS2_PLACEMENT_3D ( 'NONE', #11209, #3733, #10959 ) ;
#4425 = DIRECTION ( 'NONE',  ( 0.000000000000000000, -1.000000000000000000, 0.000000000000000000 ) ) ;
#4426 = FACE_OUTER_BOUND ( 'NONE', #7466, .T. ) ;
#4427 = DIRECTION ( 'NONE',  ( 1.000000000000000000, -0.000000000000000000, 0.000000000000000000 ) ) ;
#4428 = DIRECTION ( 'NONE',  ( 1.000000000000000000, 0.000000000000000000, 0.000000000000000000 ) ) ;
#4429 = SHAPE_DEFINITION_REPRESENTATION ( #11465, #4839 ) ;
#4430 = EDGE_CURVE ( 'NONE', #3470, #8339, #7417, .T. ) ;
#4431 = CIRCLE ( 'NONE', #6945, 6.999999999999999112 ) ;
#4432 = VERTEX_POINT ( 'NONE', #5994 ) ;
#4433 = ORIENTED_EDGE ( 'NONE', *, *, #7641, .F. ) ;
#4434 = CARTESIAN_POINT ( 'NONE',  ( 59.00000000000000000, 42.00000000000000000, -24.00000000000000000 ) ) ;
#4435 = ORIENTED_EDGE ( 'NONE', *, *, #10456, .F. ) ;
#4436 = DIRECTION ( 'NONE',  ( 1.000000000000000000, 0.000000000000000000, -0.000000000000000000 ) ) ;
#4437 = CYLINDRICAL_SURFACE ( 'NONE', #2754, 8.999999999999980460 ) ;
#4438 = AXIS2_PLACEMENT_3D ( 'NONE', #444, #4148, #7898 ) ;
#4439 = CARTESIAN_POINT ( 'NONE',  ( -85.00000000000000000, 120.0000000000000000, 52.99999999999999289 ) ) ;
#4440 = DATE_TIME_ROLE ( 'classification_date' ) ;
#4441 = EDGE_CURVE ( 'NONE', #2290, #1728, #11506, .T. ) ;
#4442 = ORIENTED_EDGE ( 'NONE', *, *, #2584, .F. ) ;
#4443 = ORIENTED_EDGE ( 'NONE', *, *, #11830, .T. ) ;
#4444 = CARTESIAN_POINT ( 'NONE',  ( 135.0000000000000000, 28.00000000000000000, 105.0000000000000000 ) ) ;
#4445 = ORIENTED_EDGE ( 'NONE', *, *, #11179, .T. ) ;
#4446 = CARTESIAN_POINT ( 'NONE',  ( -115.0000000000000000, 12.00000000000000000, -32.50000000000000711 ) ) ;
#4447 = VECTOR ( 'NONE', #10264, 1000.000000000000000 ) ;
#4448 = CARTESIAN_POINT ( 'NONE',  ( -42.00000000000000000, 28.00000000000000000, 0.000000000000000000 ) ) ;
#4449 = SHAPE_REPRESENTATION ( 'MKH-200_arm_module', ( #4729, #11514, #9565, #4149, #6274, #469, #10922, #5694, #11907, #4542, #8206 ), #1823 ) ;
#4450 = DIRECTION ( 'NONE',  ( 0.000000000000000000, -0.000000000000000000, -1.000000000000000000 ) ) ;
#4451 = DIRECTION ( 'NONE',  ( 0.000000000000000000, 0.000000000000000000, 1.000000000000000000 ) ) ;
#4452 = CARTESIAN_POINT ( 'NONE',  ( -117.5000000000000000, 20.00000000000000000, -24.00000000000000000 ) ) ;
#4453 = DIRECTION ( 'NONE',  ( -0.000000000000000000, -1.000000000000000000, -0.000000000000000000 ) ) ;
#4454 = EDGE_CURVE ( 'NONE', #10973, #3746, #5689, .T. ) ;
#4455 = PERSON_AND_ORGANIZATION_ROLE ( 'design_owner' ) ;
#4457 = DIRECTION ( 'NONE',  ( -1.609018876268343450E-15, 0.000000000000000000, -1.000000000000000000 ) ) ;
#4456 = PRODUCT_RELATED_PRODUCT_CATEGORY ( 'detail', '', ( #7766 ) ) ;
#4458 = VERTEX_POINT ( 'NONE', #5808 ) ;
#4459 = EDGE_CURVE ( 'NONE', #3016, #4126, #5112, .T. ) ;
#4460 = VERTEX_POINT ( 'NONE', #7616 ) ;
#4461 = FACE_OUTER_BOUND ( 'NONE', #2332, .T. ) ;
#4462 = DIRECTION ( 'NONE',  ( -0.000000000000000000, 1.000000000000000000, -0.000000000000000000 ) ) ;
#4463 = DIRECTION ( 'NONE',  ( -0.000000000000000000, -1.000000000000000000, -0.000000000000000000 ) ) ;
#4464 = DIRECTION ( 'NONE',  ( 0.000000000000000000, 0.000000000000000000, 1.000000000000000000 ) ) ;
#4465 = LINE ( 'NONE', #8149, #10794 ) ;
#4466 = PLANE ( 'NONE',  #7450 ) ;
#4467 = PERSON_AND_ORGANIZATION ( #10860, #8800 ) ;
#4468 = PRODUCT_DEFINITION ( 'æœ', '', #4378, #9709 ) ;
#4469 = APPROVAL_ROLE ( '' ) ;
#4470 = EDGE_CURVE ( 'NONE', #4677, #5489, #260, .T. ) ;
#4471 = APPROVAL_STATUS ( 'not_yet_approved' ) ;
#4472 = EDGE_LOOP ( 'NONE', ( #2809, #746 ) ) ;
#4473 = DIRECTION ( 'NONE',  ( 3.552713678800500929E-15, 0.000000000000000000, -1.000000000000000000 ) ) ;
#4474 = VERTEX_POINT ( 'NONE', #2049 ) ;
#4475 = ORIENTED_EDGE ( 'NONE', *, *, #8429, .F. ) ;
#4476 = CARTESIAN_POINT ( 'NONE',  ( 75.75812166592551478, 30.00000000000000000, 31.38004145393735200 ) ) ;
#4477 = ORIENTED_EDGE ( 'NONE', *, *, #2920, .F. ) ;
#4478 = EDGE_CURVE ( 'NONE', #2231, #1564, #8653, .T. ) ;
#4479 = DIRECTION ( 'NONE',  ( 0.000000000000000000, 1.000000000000000000, 0.000000000000000000 ) ) ;
#4480 = CARTESIAN_POINT ( 'NONE',  ( -75.00000000000000000, 0.000000000000000000, -12.00000000000000000 ) ) ;
#4481 = DIRECTION ( 'NONE',  ( 0.000000000000000000, 1.000000000000000000, 0.000000000000000000 ) ) ;
#4482 = DATE_AND_TIME ( #721, #11365 ) ;
#4483 = APPLICATION_CONTEXT ( 'configuration controlled 3d designs of mechanical parts and assemblies' ) ;
#4484 = AXIS2_PLACEMENT_3D ( 'NONE', #5972, #5054, #10688 ) ;
#4485 = ORIENTED_EDGE ( 'NONE', *, *, #9226, .T. ) ;
#4486 = ADVANCED_FACE ( 'NONE', ( #1146 ), #353, .T. ) ;
#4487 = EDGE_LOOP ( 'NONE', ( #8071, #8288, #5154, #8961 ) ) ;
#4488 = ORIENTED_EDGE ( 'NONE', *, *, #11155, .T. ) ;
#4489 = DIRECTION ( 'NONE',  ( 1.000000000000000000, -0.000000000000000000, 0.000000000000000000 ) ) ;
#4490 = ORIENTED_EDGE ( 'NONE', *, *, #7166, .F. ) ;
#4491 = DIRECTION ( 'NONE',  ( 0.000000000000000000, 0.000000000000000000, 1.000000000000000000 ) ) ;
#4492 = DIRECTION ( 'NONE',  ( 0.000000000000000000, -0.000000000000000000, 1.000000000000000000 ) ) ;
#4493 = AXIS2_PLACEMENT_3D ( 'NONE', #2500, #9667, #6144 ) ;
#4494 = CARTESIAN_POINT ( 'NONE',  ( 0.000000000000000000, 410.0000000000000000, 0.000000000000000000 ) ) ;
#4495 = VERTEX_POINT ( 'NONE', #2521 ) ;
#4496 = ORIENTED_EDGE ( 'NONE', *, *, #4755, .T. ) ;
#4497 = AXIS2_PLACEMENT_3D ( 'NONE', #1260, #411, #4961 ) ;
#4498 = VERTEX_POINT ( 'NONE', #8901 ) ;
#4499 = CARTESIAN_POINT ( 'NONE',  ( -133.9625322141365871, 0.000000000000000000, 55.48909769293800309 ) ) ;
#4500 = ORIENTED_EDGE ( 'NONE', *, *, #3354, .T. ) ;
#4501 = DIRECTION ( 'NONE',  ( 0.000000000000000000, 0.000000000000000000, -1.000000000000000000 ) ) ;
#4502 = VECTOR ( 'NONE', #3653, 1000.000000000000000 ) ;
#4503 = DIRECTION ( 'NONE',  ( 0.000000000000000000, 1.000000000000000000, 0.000000000000000000 ) ) ;
#4504 = CARTESIAN_POINT ( 'NONE',  ( 133.9625322141365871, 30.00000000000000000, 55.48909769293800309 ) ) ;
#4505 = EDGE_CURVE ( 'NONE', #1602, #11938, #3935, .T. ) ;
#4506 = DIRECTION ( 'NONE',  ( 0.000000000000000000, 0.000000000000000000, -1.000000000000000000 ) ) ;
#4507 = DIRECTION ( 'NONE',  ( 0.000000000000000000, -0.000000000000000000, -1.000000000000000000 ) ) ;
#4508 = DIRECTION ( 'NONE',  ( 0.000000000000000000, 1.000000000000000000, 0.000000000000000000 ) ) ;
#4509 = CALENDAR_DATE ( 2026, 29, 7 ) ;
#4510 = LINE ( 'NONE', #8201, #3914 ) ;
#4511 = ORIENTED_EDGE ( 'NONE', *, *, #2154, .F. ) ;
#4512 = ADVANCED_FACE ( 'NONE', ( #7009, #3260, #6957, #11639, #5262 ), #647, .T. ) ;
#4513 = AXIS2_PLACEMENT_3D ( 'NONE', #8844, #5149, #1515 ) ;
#4514 = ORIENTED_EDGE ( 'NONE', *, *, #8002, .F. ) ;
#4515 = VECTOR ( 'NONE', #5053, 1000.000000000000000 ) ;
#4516 = DIRECTION ( 'NONE',  ( 0.000000000000000000, 0.000000000000000000, 1.000000000000000000 ) ) ;
#4517 = CARTESIAN_POINT ( 'NONE',  ( -115.0000000000000000, 12.00000000000000000, -32.50000000000000711 ) ) ;
#4518 = DIRECTION ( 'NONE',  ( 0.000000000000000000, 1.000000000000000000, 0.000000000000000000 ) ) ;
#4519 = AXIS2_PLACEMENT_3D ( 'NONE', #4688, #11921, #11983 ) ;
#4520 = EDGE_CURVE ( 'NONE', #11729, #3496, #2344, .T. ) ;
#4521 = DIRECTION ( 'NONE',  ( -0.000000000000000000, -1.000000000000000000, -0.000000000000000000 ) ) ;
#4522 = CARTESIAN_POINT ( 'NONE',  ( 165.0000000000000000, 0.000000000000000000, 29.00000000000000000 ) ) ;
#4523 = LINE ( 'NONE', #8394, #5913 ) ;
#4524 = AXIS2_PLACEMENT_3D ( 'NONE', #6591, #3010, #3922 ) ;
#4525 = CALENDAR_DATE ( 2026, 29, 7 ) ;
#4526 = COORDINATED_UNIVERSAL_TIME_OFFSET ( 8, 0, .AHEAD. ) ;
#4527 = EDGE_CURVE ( 'NONE', #11831, #3242, #2398, .T. ) ;
#4528 = CALENDAR_DATE ( 2026, 29, 7 ) ;
#4529 = VECTOR ( 'NONE', #378, 1000.000000000000000 ) ;
#4530 = EDGE_LOOP ( 'NONE', ( #7481, #1889 ) ) ;
#4531 = CARTESIAN_POINT ( 'NONE',  ( 77.08053281221580733, 260.0000000000000000, -41.41064430052886536 ) ) ;
#4532 = VERTEX_POINT ( 'NONE', #711 ) ;
#4533 = VECTOR ( 'NONE', #1550, 1000.000000000000000 ) ;
#4534 = APPROVAL ( #246, 'æœª' ) ;
#4535 = CC_DESIGN_PERSON_AND_ORGANIZATION_ASSIGNMENT ( #1253, #2221, ( #11918 ) ) ;
#4536 = VERTEX_POINT ( 'NONE', #1621 ) ;
#4537 = DIRECTION ( 'NONE',  ( 0.000000000000000000, 1.000000000000000000, 0.000000000000000000 ) ) ;
#4538 = ORIENTED_EDGE ( 'NONE', *, *, #2064, .T. ) ;
#4539 = CARTESIAN_POINT ( 'NONE',  ( 0.000000000000000000, 260.0000000000000000, 0.000000000000000000 ) ) ;
#4540 = LINE ( 'NONE', #2592, #9359 ) ;
#4541 = CARTESIAN_POINT ( 'NONE',  ( -75.00000000000000000, 12.00000000000000000, 12.00000000000000000 ) ) ;
#4542 = AXIS2_PLACEMENT_3D ( 'NONE', #543, #2296, #5270 ) ;
#4543 = CIRCLE ( 'NONE', #4352, 7.000000000000020428 ) ;
#4544 = PERSON_AND_ORGANIZATION_ROLE ( 'design_owner' ) ;
#4545 = APPROVAL ( #5910, 'æœª' ) ;
#4546 = AXIS2_PLACEMENT_3D ( 'NONE', #11807, #6099, #8760 ) ;
#4547 = VERTEX_POINT ( 'NONE', #10892 ) ;
#4548 = LOCAL_TIME ( 1, 43, 37.00000000000000000, #10525 ) ;
#4549 = ORIENTED_EDGE ( 'NONE', *, *, #8877, .F. ) ;
#4550 = ORIENTED_EDGE ( 'NONE', *, *, #8924, .F. ) ;
#4551 = CARTESIAN_POINT ( 'NONE',  ( 0.000000000000000000, 0.000000000000000000, 0.000000000000000000 ) ) ;
#4552 = EDGE_CURVE ( 'NONE', #7015, #5264, #9813, .T. ) ;
#4553 = ORIENTED_EDGE ( 'NONE', *, *, #9033, .F. ) ;
#4554 = DIRECTION ( 'NONE',  ( 0.000000000000000000, 1.000000000000000000, 0.000000000000000000 ) ) ;
#4555 = PLANE ( 'NONE',  #5476 ) ;
#4556 = DIRECTION ( 'NONE',  ( 0.000000000000000000, 0.000000000000000000, 1.000000000000000000 ) ) ;
#4557 = EDGE_CURVE ( 'NONE', #8156, #9214, #11755, .T. ) ;
#4558 = FACE_OUTER_BOUND ( 'NONE', #337, .T. ) ;
#4559 = VECTOR ( 'NONE', #8152, 1000.000000000000000 ) ;
#4560 = COORDINATED_UNIVERSAL_TIME_OFFSET ( 8, 0, .AHEAD. ) ;
#4561 = EDGE_CURVE ( 'NONE', #6667, #2231, #3945, .T. ) ;
#4562 = EDGE_LOOP ( 'NONE', ( #2330, #10780, #7584, #2434 ) ) ;
#4563 = ORIENTED_EDGE ( 'NONE', *, *, #1676, .T. ) ;
#4564 = DIRECTION ( 'NONE',  ( 0.000000000000000000, 0.000000000000000000, 1.000000000000000000 ) ) ;
#4565 = ORIENTED_EDGE ( 'NONE', *, *, #5975, .F. ) ;
#4566 = CARTESIAN_POINT ( 'NONE',  ( 101.0000000000000000, 28.00000000000000000, 0.000000000000000000 ) ) ;
#4567 = CARTESIAN_POINT ( 'NONE',  ( -135.0000000000000000, 28.00000000000000000, 114.0000000000000000 ) ) ;
#4568 = DIRECTION ( 'NONE',  ( -1.000000000000000000, 0.000000000000000000, 0.000000000000000000 ) ) ;
#4569 = DIRECTION ( 'NONE',  ( 0.000000000000000000, 0.000000000000000000, -1.000000000000000000 ) ) ;
#4570 = CARTESIAN_POINT ( 'NONE',  ( 330.0000000000000000, 22.00000000000000000, 38.14118508908706673 ) ) ;
#4571 = CC_DESIGN_APPROVAL ( #4075, ( #7491 ) ) ;
#4572 = DIRECTION ( 'NONE',  ( 0.000000000000000000, 0.000000000000000000, 1.000000000000000000 ) ) ;
#4573 = CONTEXT_DEPENDENT_SHAPE_REPRESENTATION ( #8735, #2558 ) ;
#4574 = DIRECTION ( 'NONE',  ( -0.000000000000000000, -1.000000000000000000, -0.000000000000000000 ) ) ;
#4575 = EDGE_LOOP ( 'NONE', ( #3061, #9650, #9279, #10656 ) ) ;
#4576 = VECTOR ( 'NONE', #4983, 1000.000000000000000 ) ;
#4577 = ADVANCED_FACE ( 'NONE', ( #1561 ), #2409, .F. ) ;
#4578 = ORIENTED_EDGE ( 'NONE', *, *, #11120, .F. ) ;
#4579 = DIRECTION ( 'NONE',  ( -0.000000000000000000, -1.000000000000000000, -0.000000000000000000 ) ) ;
#4580 = LOCAL_TIME ( 1, 43, 37.00000000000000000, #3742 ) ;
#4581 = DIRECTION ( 'NONE',  ( 0.000000000000000000, 1.000000000000000000, 0.000000000000000000 ) ) ;
#4582 = LINE ( 'NONE', #8274, #5982 ) ;
#4583 = CYLINDRICAL_SURFACE ( 'NONE', #3642, 110.0000000000000000 ) ;
#4584 = AXIS2_PLACEMENT_3D ( 'NONE', #4374, #8060, #2542 ) ;
#4585 = LINE ( 'NONE', #10223, #3578 ) ;
#4586 = ADVANCED_FACE ( 'NONE', ( #5205 ), #5143, .F. ) ;
#4587 = PERSON_AND_ORGANIZATION ( #10860, #8800 ) ;
#4588 = APPLICATION_PROTOCOL_DEFINITION ( 'international standard', 'config_control_design', 1994, #5193 ) ;
#4589 = APPROVAL_PERSON_ORGANIZATION ( #3191, #2455, #7793 ) ;
#4590 = DIRECTION ( 'NONE',  ( -0.000000000000000000, -1.000000000000000000, -0.000000000000000000 ) ) ;
#4591 = CC_DESIGN_APPROVAL ( #8603, ( #3273 ) ) ;
#4592 = APPROVAL_STATUS ( 'not_yet_approved' ) ;
#4593 = ADVANCED_FACE ( 'NONE', ( #7134 ), #8837, .T. ) ;
#4594 = ORIENTED_EDGE ( 'NONE', *, *, #1521, .F. ) ;
#4595 = AXIS2_PLACEMENT_3D ( 'NONE', #7141, #1627, #3977 ) ;
#4596 = LINE ( 'NONE', #8287, #11518 ) ;
#4597 = ORIENTED_EDGE ( 'NONE', *, *, #468, .T. ) ;
#4598 = ORIENTED_EDGE ( 'NONE', *, *, #4470, .F. ) ;
#4599 = ORIENTED_EDGE ( 'NONE', *, *, #10322, .F. ) ;
#4600 = DIRECTION ( 'NONE',  ( 0.000000000000000000, 0.000000000000000000, 1.000000000000000000 ) ) ;
#4601 = PRODUCT_DEFINITION_FORMATION_WITH_SPECIFIED_SOURCE ( 'ä»', '', #3327, .NOT_KNOWN. ) ;
#4602 = VERTEX_POINT ( 'NONE', #3380 ) ;
#4603 = DIRECTION ( 'NONE',  ( 0.000000000000000000, 1.000000000000000000, 0.000000000000000000 ) ) ;
#4604 = LINE ( 'NONE', #1804, #1998 ) ;
#4605 = DIRECTION ( 'NONE',  ( 0.000000000000000000, 0.000000000000000000, 1.000000000000000000 ) ) ;
#4606 = CARTESIAN_POINT ( 'NONE',  ( 893.5002836855946953, 669.6047378353264321, 0.000000000000000000 ) ) ;
#4607 = VECTOR ( 'NONE', #11944, 1000.000000000000000 ) ;
#4608 = APPLICATION_PROTOCOL_DEFINITION ( 'international standard', 'config_control_design', 1994, #11235 ) ;
#4609 = CC_DESIGN_DATE_AND_TIME_ASSIGNMENT ( #10224, #9310, ( #5156 ) ) ;
#4610 = SECURITY_CLASSIFICATION ( '', '', #23 ) ;
#4611 = EDGE_CURVE ( 'NONE', #2008, #1536, #7071, .T. ) ;
#4612 = EDGE_LOOP ( 'NONE', ( #9345, #118, #8533, #4597 ) ) ;
#4613 = CLOSED_SHELL ( 'NONE', ( #2844, #1579, #2694, #838, #8757, #10557, #8596, #2684, #988, #5856 ) ) ;
#4614 = AXIS2_PLACEMENT_3D ( 'NONE', #10767, #2460, #2526 ) ;
#4615 = ORIENTED_EDGE ( 'NONE', *, *, #7747, .F. ) ;
#4616 = CARTESIAN_POINT ( 'NONE',  ( 20.18428497440905645, 220.0000000000000000, 69.63364589099039392 ) ) ;
#4617 = APPROVAL ( #8282, 'UNKNOWN' ) ;
#4618 = ORIENTED_EDGE ( 'NONE', *, *, #6590, .F. ) ;
#4619 = DIRECTION ( 'NONE',  ( 0.000000000000000000, 0.000000000000000000, 1.000000000000000000 ) ) ;
#4620 = CARTESIAN_POINT ( 'NONE',  ( 78.52976026345936589, 0.000000000000000000, -32.52809175103263328 ) ) ;
#4621 = AXIS2_PLACEMENT_3D ( 'NONE', #8933, #9671, #1359 ) ;
#4622 = CARTESIAN_POINT ( 'NONE',  ( 7.041719095097280485E-15, 145.0000000000000000, 57.50000000000000000 ) ) ;
#4623 = VERTEX_POINT ( 'NONE', #2471 ) ;
#4624 = AXIS2_PLACEMENT_3D ( 'NONE', #1183, #3909, #8581 ) ;
#4625 = EDGE_CURVE ( 'NONE', #8440, #5757, #6172, .T. ) ;
#4626 = ORIENTED_EDGE ( 'NONE', *, *, #221, .F. ) ;
#4627 = EDGE_LOOP ( 'NONE', ( #7727, #9436, #4553, #6577 ) ) ;
#4628 = EDGE_CURVE ( 'NONE', #5692, #5755, #6278, .T. ) ;
#4629 = ORIENTED_EDGE ( 'NONE', *, *, #8473, .F. ) ;
#4630 = LINE ( 'NONE', #15, #3514 ) ;
#4631 = AXIS2_PLACEMENT_3D ( 'NONE', #6450, #10050, #10157 ) ;
#4632 = DIRECTION ( 'NONE',  ( -0.000000000000000000, -1.000000000000000000, -0.000000000000000000 ) ) ;
#4633 = CARTESIAN_POINT ( 'NONE',  ( 0.000000000000000000, 245.0000000000000000, -30.00000000000000000 ) ) ;
#4634 = DIRECTION ( 'NONE',  ( -0.000000000000000000, -0.000000000000000000, 1.000000000000000000 ) ) ;
#4635 = ADVANCED_FACE ( 'NONE', ( #6288 ), #4177, .F. ) ;
#4636 = DIRECTION ( 'NONE',  ( 0.000000000000000000, 0.000000000000000000, -1.000000000000000000 ) ) ;
#4637 = CARTESIAN_POINT ( 'NONE',  ( 78.52976026345936589, 0.000000000000000000, -32.52809175103263328 ) ) ;
#4638 = DATE_AND_TIME ( #7464, #11187 ) ;
#4639 = CARTESIAN_POINT ( 'NONE',  ( -75.00000000000000000, 12.00000000000000000, 12.00000000000000000 ) ) ;
#4640 = ORIENTED_EDGE ( 'NONE', *, *, #7427, .F. ) ;
#4641 = AXIS2_PLACEMENT_3D ( 'NONE', #1722, #6385, #8260 ) ;
#4642 = VERTEX_POINT ( 'NONE', #2585 ) ;
#4643 = CARTESIAN_POINT ( 'NONE',  ( 1.071565949253933966E-14, 285.0000000000000000, 87.50000000000000000 ) ) ;
#4644 = PLANE ( 'NONE',  #9129 ) ;
#4645 = FACE_OUTER_BOUND ( 'NONE', #10188, .T. ) ;
#4646 = CARTESIAN_POINT ( 'NONE',  ( -69.63364589099039392, 220.0000000000000000, -20.18428497440907776 ) ) ;
#4647 = DIRECTION ( 'NONE',  ( 0.000000000000000000, 0.000000000000000000, 1.000000000000000000 ) ) ;
#4648 = PERSON_AND_ORGANIZATION_ROLE ( 'classification_officer' ) ;
#4649 = CALENDAR_DATE ( 2026, 29, 7 ) ;
#4650 = LINE ( 'NONE', #11200, #8193 ) ;
#4651 = ORIENTED_EDGE ( 'NONE', *, *, #7037, .T. ) ;
#4652 = LINE ( 'NONE', #3553, #7239 ) ;
#4653 = EDGE_LOOP ( 'NONE', ( #234, #6774 ) ) ;
#4654 = EDGE_LOOP ( 'NONE', ( #11626, #5885, #2055, #5965 ) ) ;
#4655 = DIRECTION ( 'NONE',  ( -1.000000000000000000, -0.000000000000000000, -0.000000000000000000 ) ) ;
#4656 = ORIENTED_EDGE ( 'NONE', *, *, #3284, .F. ) ;
#4657 = DIRECTION ( 'NONE',  ( -0.000000000000000000, 1.000000000000000000, -0.000000000000000000 ) ) ;
#4658 = DIRECTION ( 'NONE',  ( 0.000000000000000000, 0.000000000000000000, 1.000000000000000000 ) ) ;
#4659 = CARTESIAN_POINT ( 'NONE',  ( 0.000000000000000000, 0.000000000000000000, 0.000000000000000000 ) ) ;
#4660 = EDGE_CURVE ( 'NONE', #1814, #4474, #5620, .T. ) ;
#4661 = PERSON_AND_ORGANIZATION_ROLE ( 'creator' ) ;
#4662 = PERSON_AND_ORGANIZATION ( #10860, #8800 ) ;
#4663 = VERTEX_POINT ( 'NONE', #3611 ) ;
#4664 = EDGE_CURVE ( 'NONE', #5559, #6355, #2598, .T. ) ;
#4665 = ORIENTED_EDGE ( 'NONE', *, *, #9379, .T. ) ;
#4666 = EDGE_CURVE ( 'NONE', #7682, #2601, #3792, .T. ) ;
#4667 = ORIENTED_EDGE ( 'NONE', *, *, #7260, .T. ) ;
#4668 = FACE_BOUND ( 'NONE', #5168, .T. ) ;
#4669 = ORIENTED_EDGE ( 'NONE', *, *, #11818, .T. ) ;
#4670 = CARTESIAN_POINT ( 'NONE',  ( 52.50000000000000000, 28.00000000000000000, 131.0000000000000000 ) ) ;
#4671 = CARTESIAN_POINT ( 'NONE',  ( -41.41064430052887957, 260.0000000000000000, 77.08053281221579311 ) ) ;
#4672 = EDGE_CURVE ( 'NONE', #4663, #1573, #2205, .T. ) ;
#4673 = DIRECTION ( 'NONE',  ( 1.000000000000000000, 0.000000000000000000, 0.000000000000000000 ) ) ;
#4674 = AXIS2_PLACEMENT_3D ( 'NONE', #5492, #6449, #11128 ) ;
#4675 = CARTESIAN_POINT ( 'NONE',  ( -330.0000000000000000, 0.000000000000000000, -38.14118508908709515 ) ) ;
#4676 = EDGE_CURVE ( 'NONE', #8905, #3409, #9260, .T. ) ;
#4677 = VERTEX_POINT ( 'NONE', #8402 ) ;
#4678 = ORIENTED_EDGE ( 'NONE', *, *, #8950, .F. ) ;
#4679 = VERTEX_POINT ( 'NONE', #6404 ) ;
#4680 = CIRCLE ( 'NONE', #5841, 25.00000000000000000 ) ;
#4681 = DIRECTION ( 'NONE',  ( 0.000000000000000000, 0.000000000000000000, -1.000000000000000000 ) ) ;
#4682 = PERSON_AND_ORGANIZATION ( #10860, #8800 ) ;
#4683 = CC_DESIGN_PERSON_AND_ORGANIZATION_ASSIGNMENT ( #1807, #10904, ( #11751 ) ) ;
#4684 = DIRECTION ( 'NONE',  ( -0.000000000000000000, -0.000000000000000000, 1.000000000000000000 ) ) ;
#4685 = EDGE_CURVE ( 'NONE', #8854, #7621, #4344, .T. ) ;
#4686 = FACE_OUTER_BOUND ( 'NONE', #6316, .T. ) ;
#4687 = FACE_BOUND ( 'NONE', #3159, .T. ) ;
#4688 = CARTESIAN_POINT ( 'NONE',  ( -95.00000000000000000, 95.00000000000000000, 65.00000000000000000 ) ) ;
#4689 = LINE ( 'NONE', #8136, #664 ) ;
#4690 = APPROVAL_STATUS ( 'not_yet_approved' ) ;
#4691 = CARTESIAN_POINT ( 'NONE',  ( 165.0000000000000000, 22.00000000000000000, -12.00000000000000000 ) ) ;
#4692 = VECTOR ( 'NONE', #371, 1000.000000000000000 ) ;
#4693 = CC_DESIGN_PERSON_AND_ORGANIZATION_ASSIGNMENT ( #10624, #6927, ( #5567 ) ) ;
#4694 = ORIENTED_EDGE ( 'NONE', *, *, #385, .F. ) ;
#4695 = ORIENTED_EDGE ( 'NONE', *, *, #5967, .T. ) ;
#4696 = CARTESIAN_POINT ( 'NONE',  ( -27.55320713028645940, 0.000000000000000000, -74.51932634081265405 ) ) ;
#4697 = VECTOR ( 'NONE', #8266, 1000.000000000000000 ) ;
#4698 = DIRECTION ( 'NONE',  ( 0.000000000000000000, 0.000000000000000000, -1.000000000000000000 ) ) ;
#4699 = CARTESIAN_POINT ( 'NONE',  ( -78.52976026345936589, 0.000000000000000000, -32.52809175103263328 ) ) ;
#4700 = AXIS2_PLACEMENT_3D ( 'NONE', #1327, #7175, #11398 ) ;
#4701 = DIRECTION ( 'NONE',  ( 0.000000000000000000, 0.000000000000000000, -1.000000000000000000 ) ) ;
#4702 = CARTESIAN_POINT ( 'NONE',  ( -180.0000000000000000, 34.00000000000000000, 12.00000000000000000 ) ) ;
#4703 = AXIS2_PLACEMENT_3D ( 'NONE', #9400, #2904, #1153 ) ;
#4704 = PERSON_AND_ORGANIZATION ( #10860, #8800 ) ;
#4705 = EDGE_CURVE ( 'NONE', #6093, #7893, #953, .T. ) ;
#4706 = PERSON_AND_ORGANIZATION ( #10860, #8800 ) ;
#4707 = CARTESIAN_POINT ( 'NONE',  ( -120.0000000000000000, 260.0000000000000000, 110.0000000000000000 ) ) ;
#4708 = ORIENTED_EDGE ( 'NONE', *, *, #10787, .T. ) ;
#4709 = AXIS2_PLACEMENT_3D ( 'NONE', #6373, #11904, #1821 ) ;
#4710 = VERTEX_POINT ( 'NONE', #11022 ) ;
#4711 = EDGE_CURVE ( 'NONE', #1729, #11882, #661, .T. ) ;
#4712 = DIRECTION ( 'NONE',  ( -0.000000000000000000, 1.000000000000000000, -0.000000000000000000 ) ) ;
#4713 = VECTOR ( 'NONE', #1233, 1000.000000000000000 ) ;
#4714 = ORIENTED_EDGE ( 'NONE', *, *, #6262, .T. ) ;
#4715 = ORIENTED_EDGE ( 'NONE', *, *, #8614, .F. ) ;
#4716 = DIRECTION ( 'NONE',  ( 0.000000000000000000, 1.000000000000000000, 0.000000000000000000 ) ) ;
#4717 = CIRCLE ( 'NONE', #11103, 87.50000000000000000 ) ;
#4718 = VECTOR ( 'NONE', #2419, 1000.000000000000000 ) ;
#4719 = ORIENTED_EDGE ( 'NONE', *, *, #6193, .F. ) ;
#4720 = DIRECTION ( 'NONE',  ( -0.000000000000000000, -1.000000000000000000, -0.000000000000000000 ) ) ;
#4721 = CARTESIAN_POINT ( 'NONE',  ( -105.0000000000000000, 220.0000000000000000, 95.00000000000000000 ) ) ;
#4722 = APPROVAL_ROLE ( '' ) ;
#4723 = VECTOR ( 'NONE', #5653, 1000.000000000000000 ) ;
#4724 = CIRCLE ( 'NONE', #649, 9.000000000000007105 ) ;
#4725 = EDGE_CURVE ( 'NONE', #10925, #4623, #10955, .T. ) ;
#4726 = ORIENTED_EDGE ( 'NONE', *, *, #6894, .T. ) ;
#4727 = EDGE_LOOP ( 'NONE', ( #2472, #9317, #889, #8175 ) ) ;
#4728 = FACE_BOUND ( 'NONE', #1975, .T. ) ;
#4729 = AXIS2_PLACEMENT_3D ( 'NONE', #6965, #5939, #6905 ) ;
#4730 = AXIS2_PLACEMENT_3D ( 'NONE', #7901, #7054, #2387 ) ;
#4731 = VERTEX_POINT ( 'NONE', #5392 ) ;
#4732 = DIRECTION ( 'NONE',  ( 0.000000000000000000, 0.000000000000000000, 1.000000000000000000 ) ) ;
#4733 = DIRECTION ( 'NONE',  ( 0.000000000000000000, 0.000000000000000000, 1.000000000000000000 ) ) ;
#4734 = CIRCLE ( 'NONE', #6853, 68.99999999999997158 ) ;
#4735 = CARTESIAN_POINT ( 'NONE',  ( 115.0000000000000000, 0.000000000000000000, -23.49999999999999645 ) ) ;
#4736 = VERTEX_POINT ( 'NONE', #11939 ) ;
#4737 = EDGE_CURVE ( 'NONE', #7797, #955, #1430, .T. ) ;
#4738 = AXIS2_PLACEMENT_3D ( 'NONE', #3451, #1111, #658 ) ;
#4739 = EDGE_LOOP ( 'NONE', ( #1509, #4867, #2241 ) ) ;
#4740 = EDGE_CURVE ( 'NONE', #8598, #9950, #4596, .T. ) ;
#4741 = VERTEX_POINT ( 'NONE', #10108 ) ;
#4742 = VERTEX_POINT ( 'NONE', #4531 ) ;
#4743 = FACE_OUTER_BOUND ( 'NONE', #4627, .T. ) ;
#4744 = APPROVAL_STATUS ( 'not_yet_approved' ) ;
#4745 = DIRECTION ( 'NONE',  ( 0.000000000000000000, 0.000000000000000000, -1.000000000000000000 ) ) ;
#4746 = CARTESIAN_POINT ( 'NONE',  ( 0.000000000000000000, 42.00000000000000000, 0.000000000000000000 ) ) ;
#4747 = SECURITY_CLASSIFICATION ( '', '', #6282 ) ;
#4748 = UNCERTAINTY_MEASURE_WITH_UNIT (LENGTH_MEASURE( 1.000000000000000082E-05 ), #7035, 'distance_accuracy_value', 'NONE');
#4749 = DIRECTION ( 'NONE',  ( -0.000000000000000000, -1.000000000000000000, -0.000000000000000000 ) ) ;
#4750 = CARTESIAN_POINT ( 'NONE',  ( 63.51086798706846537, 220.0000000000000000, 34.96597842945568857 ) ) ;
#4751 = LINE ( 'NONE', #1283, #7600 ) ;
#4752 = CALENDAR_DATE ( 2026, 29, 7 ) ;
#4753 = PRODUCT_RELATED_PRODUCT_CATEGORY ( 'detail', '', ( #3327 ) ) ;
#4754 = EDGE_LOOP ( 'NONE', ( #3315, #7781, #3674, #10627 ) ) ;
#4755 = EDGE_CURVE ( 'NONE', #3286, #7905, #4652, .T. ) ;
#4756 = VERTEX_POINT ( 'NONE', #2646 ) ;
#4757 = CIRCLE ( 'NONE', #1073, 5.500000000000005329 ) ;
#4758 = CARTESIAN_POINT ( 'NONE',  ( -165.0000000000000000, 22.00000000000000000, -29.00000000000000000 ) ) ;
#4759 = DIRECTION ( 'NONE',  ( 0.000000000000000000, 0.000000000000000000, 1.000000000000000000 ) ) ;
#4760 = LINE ( 'NONE', #4025, #6174 ) ;
#4761 = FACE_OUTER_BOUND ( 'NONE', #1874, .T. ) ;
#4762 = CARTESIAN_POINT ( 'NONE',  ( -55.48909769293801020, 30.00000000000000000, -142.9625322141365871 ) ) ;
#4763 = CALENDAR_DATE ( 2026, 29, 7 ) ;
#4764 = PERSON_AND_ORGANIZATION_ROLE ( 'creator' ) ;
#4765 = SHAPE_REPRESENTATION ( 'MKH-005_j2_output_shaft', ( #10725 ), #3563 ) ;
#4766 = DIRECTION ( 'NONE',  ( -0.000000000000000000, -1.000000000000000000, -0.000000000000000000 ) ) ;
#4767 = APPROVAL_ROLE ( '' ) ;
#4768 = ADVANCED_FACE ( 'NONE', ( #9199, #106 ), #45, .T. ) ;
#4769 = LOCAL_TIME ( 1, 43, 37.00000000000000000, #11174 ) ;
#4770 = VERTEX_POINT ( 'NONE', #7367 ) ;
#4771 = DIRECTION ( 'NONE',  ( 0.000000000000000000, 1.000000000000000000, 0.000000000000000000 ) ) ;
#4772 = ORIENTED_EDGE ( 'NONE', *, *, #318, .T. ) ;
#4773 = EDGE_CURVE ( 'NONE', #11314, #10958, #4918, .T. ) ;
#4774 = VECTOR ( 'NONE', #3232, 1000.000000000000000 ) ;
#4775 = EDGE_LOOP ( 'NONE', ( #11617, #4055, #7252, #4066 ) ) ;
#4776 = CARTESIAN_POINT ( 'NONE',  ( -70.00000000000000000, 0.000000000000000000, 45.00000000000000000 ) ) ;
#4777 = DIRECTION ( 'NONE',  ( -0.000000000000000000, -1.000000000000000000, -0.000000000000000000 ) ) ;
#4778 = CARTESIAN_POINT ( 'NONE',  ( -117.5000000000000000, 0.000000000000000000, -24.00000000000000000 ) ) ;
#4779 = LOCAL_TIME ( 1, 43, 37.00000000000000000, #11264 ) ;
#4780 = CARTESIAN_POINT ( 'NONE',  ( 0.000000000000000000, 225.0000000000000000, 0.000000000000000000 ) ) ;
#4781 =( NAMED_UNIT ( * ) SI_UNIT ( $, .STERADIAN. ) SOLID_ANGLE_UNIT ( ) );
#4782 = EDGE_CURVE ( 'NONE', #1935, #11142, #3729, .T. ) ;
#4783 = APPROVAL_STATUS ( 'not_yet_approved' ) ;
#4784 = CALENDAR_DATE ( 2026, 29, 7 ) ;
#4785 = AXIS2_PLACEMENT_3D ( 'NONE', #1939, #2169, #1025 ) ;
#4786 = ORIENTED_EDGE ( 'NONE', *, *, #1767, .F. ) ;
#4787 = DIRECTION ( 'NONE',  ( -0.000000000000000000, -1.000000000000000000, -0.000000000000000000 ) ) ;
#4788 = LOCAL_TIME ( 1, 43, 37.00000000000000000, #5139 ) ;
#4789 = DIRECTION ( 'NONE',  ( 0.000000000000000000, 1.000000000000000000, 0.000000000000000000 ) ) ;
#4790 = EDGE_LOOP ( 'NONE', ( #1224, #1947, #8684, #566, #8291, #8929, #11959, #190, #1825, #3302, #4900, #4162, #10518, #4889, #11467, #11233, #9690, #7919, #6900, #6634 ) ) ;
#4791 = ORIENTED_EDGE ( 'NONE', *, *, #3360, .T. ) ;
#4792 = FACE_BOUND ( 'NONE', #8577, .T. ) ;
#4793 = VERTEX_POINT ( 'NONE', #2762 ) ;
#4794 = VECTOR ( 'NONE', #11457, 1000.000000000000000 ) ;
#4795 = CARTESIAN_POINT ( 'NONE',  ( 135.0000000000000000, 0.000000000000000000, -105.0000000000000000 ) ) ;
#4796 = DIRECTION ( 'NONE',  ( 0.000000000000000000, 0.000000000000000000, 1.000000000000000000 ) ) ;
#4797 = PERSON ( 'NAUO-PER11', 'UNSPECIFIED', 'UNSPECIFIED', ('UNSPECIFIED'), ('UNSPECIFIED'), ('UNSPECIFIED') ) ;
#4798 = ORGANIZATION ( 'NAUO-ORG3', 'UNSPECIFIED', 'UNSPECIFIED' ) ;
#4799 = CARTESIAN_POINT ( 'NONE',  ( 66.51932634081263984, 0.000000000000000000, 27.55320713028645585 ) ) ;
#4800 = EDGE_LOOP ( 'NONE', ( #5082, #7117, #2424, #26 ) ) ;
#4801 = ORIENTED_EDGE ( 'NONE', *, *, #7581, .T. ) ;
#4802 = VECTOR ( 'NONE', #10052, 1000.000000000000000 ) ;
#4803 = EDGE_LOOP ( 'NONE', ( #5160, #2758 ) ) ;
#4804 = APPLICATION_CONTEXT ( 'configuration controlled 3d designs of mechanical parts and assemblies' ) ;
#4805 = ORIENTED_EDGE ( 'NONE', *, *, #2014, .T. ) ;
#4806 = LINE ( 'NONE', #7574, #3709 ) ;
#4807 = ORGANIZATION ( 'NAUO-ORG6', 'UNSPECIFIED', 'UNSPECIFIED' ) ;
#4808 = MECHANICAL_CONTEXT ( 'NONE', #10221, 'mechanical' ) ;
#4809 = CARTESIAN_POINT ( 'NONE',  ( 27.55320713028646651, 220.0000000000000000, -66.51932634081263984 ) ) ;
#4810 = LINE ( 'NONE', #8499, #2557 ) ;
#4811 = DIRECTION ( 'NONE',  ( 0.000000000000000000, 0.000000000000000000, 1.000000000000000000 ) ) ;
#4812 = VECTOR ( 'NONE', #11195, 1000.000000000000000 ) ;
#4813 = VECTOR ( 'NONE', #1745, 1000.000000000000000 ) ;
#4814 = CARTESIAN_POINT ( 'NONE',  ( 165.0000000000000000, 0.000000000000000000, 29.00000000000000000 ) ) ;
#4815 = EDGE_CURVE ( 'NONE', #1441, #5371, #1854, .T. ) ;
#4816 = PERSON_AND_ORGANIZATION_ROLE ( 'classification_officer' ) ;
#4817 = EDGE_LOOP ( 'NONE', ( #10327, #9781 ) ) ;
#4818 = EDGE_LOOP ( 'NONE', ( #2192, #3344, #6112, #4112 ) ) ;
#4819 = CIRCLE ( 'NONE', #1325, 87.50000000000000000 ) ;
#4820 = CARTESIAN_POINT ( 'NONE',  ( -245.0000000000000000, 20.00000000000000000, 31.03224129836581469 ) ) ;
#4821 = CARTESIAN_POINT ( 'NONE',  ( 34.96597842945570989, 0.000000000000000000, 63.51086798706846537 ) ) ;
#4822 = CARTESIAN_POINT ( 'NONE',  ( 0.000000000000000000, 42.00000000000000000, 0.000000000000000000 ) ) ;
#4823 = CARTESIAN_POINT ( 'NONE',  ( 1.347111479062088523E-14, 48.00000000000000000, 110.0000000000000000 ) ) ;
#4824 = CC_DESIGN_PERSON_AND_ORGANIZATION_ASSIGNMENT ( #9674, #6941, ( #11946 ) ) ;
#4825 = DIRECTION ( 'NONE',  ( 0.000000000000000000, 0.000000000000000000, -1.000000000000000000 ) ) ;
#4826 = EDGE_CURVE ( 'NONE', #5266, #2008, #11141, .T. ) ;
#4827 = APPROVAL_ROLE ( '' ) ;
#4828 = SHAPE_DEFINITION_REPRESENTATION ( #1500, #5153 ) ;
#4829 = LINE ( 'NONE', #4880, #10143 ) ;
#4830 = CONTEXT_DEPENDENT_SHAPE_REPRESENTATION ( #3322, #307 ) ;
#4831 = VERTEX_POINT ( 'NONE', #3907 ) ;
#4832 = DIRECTION ( 'NONE',  ( -0.000000000000000000, -1.000000000000000000, -0.000000000000000000 ) ) ;
#4833 = EDGE_LOOP ( 'NONE', ( #2855, #4266, #6972, #6251 ) ) ;
#4834 = ORIENTED_EDGE ( 'NONE', *, *, #7543, .F. ) ;
#4835 = CARTESIAN_POINT ( 'NONE',  ( -78.52976026345936589, 0.000000000000000000, 32.52809175103261907 ) ) ;
#4836 = ORIENTED_EDGE ( 'NONE', *, *, #5838, .F. ) ;
#4837 = CC_DESIGN_DATE_AND_TIME_ASSIGNMENT ( #10845, #10966, ( #10244 ) ) ;
#4838 = CARTESIAN_POINT ( 'NONE',  ( 115.0000000000000000, 12.00000000000000000, 23.49999999999999645 ) ) ;
#4839 = SHAPE_REPRESENTATION ( 'MKH-009_j4_output_shaft', ( #10725 ), #8400 ) ;
#4840 = ADVANCED_FACE ( 'NONE', ( #5916 ), #1180, .T. ) ;
#4841 = DIRECTION ( 'NONE',  ( 0.000000000000000000, 0.000000000000000000, -1.000000000000000000 ) ) ;
#4842 = PERSON_AND_ORGANIZATION ( #10860, #8800 ) ;
#4843 = APPROVAL_DATE_TIME ( #10355, #8379 ) ;
#4844 = ORIENTED_EDGE ( 'NONE', *, *, #9508, .T. ) ;
#4845 = DIRECTION ( 'NONE',  ( -0.000000000000000000, -1.000000000000000000, -0.000000000000000000 ) ) ;
#4846 = VERTEX_POINT ( 'NONE', #2038 ) ;
#4847 = ADVANCED_FACE ( 'NONE', ( #6879 ), #10404, .T. ) ;
#4848 = ORIENTED_EDGE ( 'NONE', *, *, #11937, .T. ) ;
#4849 = DIRECTION ( 'NONE',  ( 0.000000000000000000, 1.000000000000000000, 0.000000000000000000 ) ) ;
#4850 = ORIENTED_EDGE ( 'NONE', *, *, #589, .F. ) ;
#4851 = DIRECTION ( 'NONE',  ( 1.000000000000000000, -0.000000000000000000, 0.000000000000000000 ) ) ;
#4852 = DIRECTION ( 'NONE',  ( -0.000000000000000000, -1.000000000000000000, -0.000000000000000000 ) ) ;
#4853 = DIRECTION ( 'NONE',  ( 1.000000000000000000, 0.000000000000000000, 0.000000000000000000 ) ) ;
#4854 = ORIENTED_EDGE ( 'NONE', *, *, #3196, .F. ) ;
#4855 = EDGE_CURVE ( 'NONE', #10083, #3245, #8009, .T. ) ;
#4856 = ORIENTED_EDGE ( 'NONE', *, *, #10673, .T. ) ;
#4857 = ORIENTED_EDGE ( 'NONE', *, *, #3568, .T. ) ;
#4858 = ORIENTED_EDGE ( 'NONE', *, *, #2735, .T. ) ;
#4859 = CARTESIAN_POINT ( 'NONE',  ( 78.52976026345936589, 260.0000000000000000, -32.52809175103263328 ) ) ;
#4860 = CALENDAR_DATE ( 2026, 29, 7 ) ;
#4861 = CARTESIAN_POINT ( 'NONE',  ( 0.000000000000000000, 260.0000000000000000, 0.000000000000000000 ) ) ;
#4862 = CYLINDRICAL_SURFACE ( 'NONE', #9151, 7.999999999999983125 ) ;
#4863 = UNCERTAINTY_MEASURE_WITH_UNIT (LENGTH_MEASURE( 1.000000000000000082E-05 ), #10131, 'distance_accuracy_value', 'NONE');
#4864 = CARTESIAN_POINT ( 'NONE',  ( -25.22242005078182814, 0.000000000000000000, -83.78591484719802907 ) ) ;
#4865 = DIRECTION ( 'NONE',  ( 0.000000000000000000, 0.000000000000000000, -1.000000000000000000 ) ) ;
#4866 = COORDINATED_UNIVERSAL_TIME_OFFSET ( 8, 0, .AHEAD. ) ;
#4867 = ORIENTED_EDGE ( 'NONE', *, *, #11380, .T. ) ;
#4868 = VECTOR ( 'NONE', #10218, 1000.000000000000000 ) ;
#4869 = ORIENTED_EDGE ( 'NONE', *, *, #4459, .F. ) ;
#4870 = LINE ( 'NONE', #5660, #3546 ) ;
#4871 = ADVANCED_FACE ( 'NONE', ( #8462 ), #397, .T. ) ;
#4872 = DIRECTION ( 'NONE',  ( 0.000000000000000000, 0.000000000000000000, 1.000000000000000000 ) ) ;
#4873 = CARTESIAN_POINT ( 'NONE',  ( 180.0000000000000000, 28.00000000000000000, 155.0000000000000000 ) ) ;
#4874 = DIRECTION ( 'NONE',  ( 1.000000000000000000, 0.000000000000000000, 0.000000000000000000 ) ) ;
#4875 = FACE_OUTER_BOUND ( 'NONE', #9507, .T. ) ;
#4876 = AXIS2_PLACEMENT_3D ( 'NONE', #3350, #9722, #10564 ) ;
#4877 = DIRECTION ( 'NONE',  ( 0.000000000000000000, 1.000000000000000000, 0.000000000000000000 ) ) ;
#4878 = APPROVAL_ROLE ( '' ) ;
#4879 = SECURITY_CLASSIFICATION_LEVEL ( 'unclassified' ) ;
#4880 = CARTESIAN_POINT ( 'NONE',  ( -117.5000000000000000, 20.00000000000000000, 24.00000000000000000 ) ) ;
#4881 = AXIS2_PLACEMENT_3D ( 'NONE', #3828, #7638, #1279 ) ;
#4882 = ORIENTED_EDGE ( 'NONE', *, *, #5432, .T. ) ;
#4883 = CIRCLE ( 'NONE', #6814, 6.999999999999999112 ) ;
#4884 = DIRECTION ( 'NONE',  ( 0.000000000000000000, 0.000000000000000000, -1.000000000000000000 ) ) ;
#4885 = EDGE_CURVE ( 'NONE', #11231, #1754, #2786, .T. ) ;
#4886 = ORIENTED_EDGE ( 'NONE', *, *, #9755, .F. ) ;
#4887 = DIRECTION ( 'NONE',  ( 0.000000000000000000, 0.000000000000000000, -1.000000000000000000 ) ) ;
#4888 = AXIS2_PLACEMENT_3D ( 'NONE', #2057, #3931, #5585 ) ;
#4889 = ORIENTED_EDGE ( 'NONE', *, *, #1735, .T. ) ;
#4890 = CARTESIAN_POINT ( 'NONE',  ( 0.000000000000000000, 185.0000000000000000, -25.00000000000000000 ) ) ;
#4891 = CARTESIAN_POINT ( 'NONE',  ( 272.5000000000000000, 38.00000000000000000, -68.99999999999997158 ) ) ;
#4892 = EDGE_CURVE ( 'NONE', #3234, #5765, #11381, .T. ) ;
#4893 = AXIS2_PLACEMENT_3D ( 'NONE', #9356, #8437, #5716 ) ;
#4894 = PERSON_AND_ORGANIZATION ( #10860, #8800 ) ;
#4895 = PERSON_AND_ORGANIZATION_ROLE ( 'classification_officer' ) ;
#4896 = AXIS2_PLACEMENT_3D ( 'NONE', #3103, #4936, #1927 ) ;
#4897 = APPROVAL ( #3437, 'æœª' ) ;
#4898 = CC_DESIGN_PERSON_AND_ORGANIZATION_ASSIGNMENT ( #4951, #5074, ( #1497 ) ) ;
#4899 = CARTESIAN_POINT ( 'NONE',  ( -55.48909769293801020, 0.000000000000000000, -133.9625322141365871 ) ) ;
#4900 = ORIENTED_EDGE ( 'NONE', *, *, #9152, .F. ) ;
#4901 = CIRCLE ( 'NONE', #11691, 4.500000000000003553 ) ;
#4902 = EDGE_LOOP ( 'NONE', ( #11724, #11756, #5355, #8249 ) ) ;
#4903 = CARTESIAN_POINT ( 'NONE',  ( -120.0000000000000000, 0.000000000000000000, -90.00000000000000000 ) ) ;
#4904 = ORIENTED_EDGE ( 'NONE', *, *, #8892, .F. ) ;
#4905 = DIRECTION ( 'NONE',  ( 0.000000000000000000, 0.000000000000000000, 1.000000000000000000 ) ) ;
#4906 = FACE_OUTER_BOUND ( 'NONE', #3404, .T. ) ;
#4907 = APPROVAL ( #3094, 'UNKNOWN' ) ;
#4908 = VECTOR ( 'NONE', #8435, 1000.000000000000000 ) ;
#4909 = PLANE ( 'NONE',  #3154 ) ;
#4910 = ORIENTED_EDGE ( 'NONE', *, *, #3713, .F. ) ;
#4911 = AXIS2_PLACEMENT_3D ( 'NONE', #5899, #8806, #10683 ) ;
#4912 = VECTOR ( 'NONE', #210, 1000.000000000000000 ) ;
#4913 = EDGE_LOOP ( 'NONE', ( #4869, #11083 ) ) ;
#4914 = ORIENTED_EDGE ( 'NONE', *, *, #9272, .F. ) ;
#4915 = ORIENTED_EDGE ( 'NONE', *, *, #8993, .F. ) ;
#4916 = LINE ( 'NONE', #3881, #2355 ) ;
#4917 = APPROVAL_ROLE ( '' ) ;
#4918 = CIRCLE ( 'NONE', #1050, 4.500000000000007105 ) ;
#4919 = EDGE_CURVE ( 'NONE', #4373, #5295, #8989, .T. ) ;
#4920 = FACE_OUTER_BOUND ( 'NONE', #7601, .T. ) ;
#4921 = CARTESIAN_POINT ( 'NONE',  ( 0.000000000000000000, 0.000000000000000000, -165.0000000000000000 ) ) ;
#4922 = CARTESIAN_POINT ( 'NONE',  ( 135.0000000000000000, 28.00000000000000000, 114.0000000000000000 ) ) ;
#4923 = CARTESIAN_POINT ( 'NONE',  ( -196.0000000000000000, 20.00000000000000000, 43.99999999999997158 ) ) ;
#4924 = PRODUCT_DEFINITION_FORMATION_WITH_SPECIFIED_SOURCE ( 'ä»', '', #7766, .NOT_KNOWN. ) ;
#4925 = AXIS2_PLACEMENT_3D ( 'NONE', #872, #4453, #10266 ) ;
#4926 = ADVANCED_FACE ( 'NONE', ( #3852 ), #9380, .F. ) ;
#4927 = PERSON_AND_ORGANIZATION ( #1610, #4807 ) ;
#4928 = VERTEX_POINT ( 'NONE', #2939 ) ;
#4929 = VERTEX_POINT ( 'NONE', #9617 ) ;
#4930 = EDGE_CURVE ( 'NONE', #3496, #9182, #4734, .T. ) ;
#4931 = DIRECTION ( 'NONE',  ( -0.000000000000000000, -1.000000000000000000, -0.000000000000000000 ) ) ;
#4932 = VECTOR ( 'NONE', #3004, 1000.000000000000000 ) ;
#4933 = CARTESIAN_POINT ( 'NONE',  ( 59.00000000000000000, 28.00000000000000000, -7.500000000000000000 ) ) ;
#4934 = DIRECTION ( 'NONE',  ( 0.000000000000000000, 0.000000000000000000, 1.000000000000000000 ) ) ;
#4935 = LINE ( 'NONE', #3963, #8878 ) ;
#4936 = DIRECTION ( 'NONE',  ( 0.000000000000000000, 0.000000000000000000, -1.000000000000000000 ) ) ;
#4937 = FACE_OUTER_BOUND ( 'NONE', #10311, .T. ) ;
#4938 = CALENDAR_DATE ( 2026, 29, 7 ) ;
#4939 = PERSON_AND_ORGANIZATION_ROLE ( 'design_owner' ) ;
#4940 = CARTESIAN_POINT ( 'NONE',  ( 75.75812166592551478, 30.00000000000000000, -24.38004145393736621 ) ) ;
#4941 = ORIENTED_EDGE ( 'NONE', *, *, #6977, .F. ) ;
#4942 = ADVANCED_FACE ( 'NONE', ( #342 ), #1244, .F. ) ;
#4943 = CIRCLE ( 'NONE', #1066, 43.99999999999997158 ) ;
#4944 = ORIENTED_EDGE ( 'NONE', *, *, #5934, .F. ) ;
#4945 = DIRECTION ( 'NONE',  ( 1.000000000000000000, -0.000000000000000000, 0.000000000000000000 ) ) ;
#4946 = VERTEX_POINT ( 'NONE', #5736 ) ;
#4947 = DIRECTION ( 'NONE',  ( 0.000000000000000000, 0.000000000000000000, 1.000000000000000000 ) ) ;
#4948 = DIRECTION ( 'NONE',  ( 0.000000000000000000, 0.000000000000000000, 1.000000000000000000 ) ) ;
#4949 = CARTESIAN_POINT ( 'NONE',  ( -78.52976026345936589, 0.000000000000000000, -32.52809175103263328 ) ) ;
#4950 = CARTESIAN_POINT ( 'NONE',  ( 2.204364238465235033E-15, 95.00000000000000000, 18.00000000000000000 ) ) ;
#4951 = PERSON_AND_ORGANIZATION ( #10860, #8800 ) ;
#4952 = PERSON_AND_ORGANIZATION ( #10860, #8800 ) ;
#4953 = LOCAL_TIME ( 1, 43, 37.00000000000000000, #6688 ) ;
#4954 = ADVANCED_FACE ( 'NONE', ( #7661 ), #2099, .F. ) ;
#4955 = COORDINATED_UNIVERSAL_TIME_OFFSET ( 8, 0, .AHEAD. ) ;
#4956 =( REPRESENTATION_RELATIONSHIP ('NONE','NONE', #4449, #9719 ) REPRESENTATION_RELATIONSHIP_WITH_TRANSFORMATION ( #7942 )SHAPE_REPRESENTATION_RELATIONSHIP( ) );
#4957 = VECTOR ( 'NONE', #11113, 1000.000000000000000 ) ;
#4958 = DIRECTION ( 'NONE',  ( 0.000000000000000000, 1.000000000000000000, 0.000000000000000000 ) ) ;
#4959 = ORIENTED_EDGE ( 'NONE', *, *, #7724, .T. ) ;
#4960 = ORIENTED_EDGE ( 'NONE', *, *, #5196, .F. ) ;
#4961 = DIRECTION ( 'NONE',  ( 0.000000000000000000, 0.000000000000000000, -1.000000000000000000 ) ) ;
#4962 = PRODUCT_DEFINITION_FORMATION_WITH_SPECIFIED_SOURCE ( 'ä»', '', #8855, .NOT_KNOWN. ) ;
#4963 = ORIENTED_EDGE ( 'NONE', *, *, #10033, .T. ) ;
#4964 = LINE ( 'NONE', #7742, #4794 ) ;
#4965 = CARTESIAN_POINT ( 'NONE',  ( -105.0000000000000000, 0.000000000000000000, -8.000000000000000000 ) ) ;
#4966 = CYLINDRICAL_SURFACE ( 'NONE', #5902, 32.50000000000000000 ) ;
#4967 = SHAPE_REPRESENTATION_RELATIONSHIP ( 'NONE' , 'NONE' ,  #4839, #11154 ) ;
#4968 = AXIS2_PLACEMENT_3D ( 'NONE', #10798, #3335, #10553 ) ;
#4969 = PERSON_AND_ORGANIZATION_ROLE ( 'design_supplier' ) ;
#4970 = CC_DESIGN_PERSON_AND_ORGANIZATION_ASSIGNMENT ( #4587, #11749, ( #4747 ) ) ;
#4971 = CARTESIAN_POINT ( 'NONE',  ( 165.0000000000000000, 22.00000000000000000, 29.00000000000000000 ) ) ;
#4972 = ORIENTED_EDGE ( 'NONE', *, *, #1634, .F. ) ;
#4973 = EDGE_CURVE ( 'NONE', #1575, #8654, #3060, .T. ) ;
#4974 = CC_DESIGN_SECURITY_CLASSIFICATION ( #1871, ( #12007 ) ) ;
#4975 = LOCAL_TIME ( 1, 43, 37.00000000000000000, #2994 ) ;
#4976 = PRODUCT_DEFINITION_SHAPE ( 'NONE', 'NONE',  #11999 ) ;
#4977 = ORIENTED_EDGE ( 'NONE', *, *, #4782, .T. ) ;
#4978 = CC_DESIGN_PERSON_AND_ORGANIZATION_ASSIGNMENT ( #5141, #3257, ( #5751 ) ) ;
#4979 = VERTEX_POINT ( 'NONE', #8578 ) ;
#4980 = ORIENTED_EDGE ( 'NONE', *, *, #1702, .T. ) ;
#4981 = FACE_OUTER_BOUND ( 'NONE', #9198, .T. ) ;
#4982 = DIRECTION ( 'NONE',  ( -0.000000000000000000, -1.000000000000000000, -0.000000000000000000 ) ) ;
#4983 = DIRECTION ( 'NONE',  ( -0.000000000000000000, -1.000000000000000000, -0.000000000000000000 ) ) ;
#4984 = DIRECTION ( 'NONE',  ( 0.000000000000000000, 0.000000000000000000, -1.000000000000000000 ) ) ;
#4985 = LOCAL_TIME ( 1, 43, 37.00000000000000000, #11561 ) ;
#4986 = CARTESIAN_POINT ( 'NONE',  ( 133.9625322141365871, 30.00000000000000000, -64.48909769293803151 ) ) ;
#4987 = ADVANCED_FACE ( 'NONE', ( #4094 ), #4038, .T. ) ;
#4988 = CARTESIAN_POINT ( 'NONE',  ( 0.000000000000000000, 0.000000000000000000, -180.0000000000000284 ) ) ;
#4989 = VECTOR ( 'NONE', #372, 1000.000000000000000 ) ;
#4990 = DATE_TIME_ROLE ( 'classification_date' ) ;
#4991 = ADVANCED_FACE ( 'NONE', ( #2147 ), #7785, .F. ) ;
#4992 = EDGE_CURVE ( 'NONE', #11699, #10235, #9798, .T. ) ;
#4993 = ORIENTED_EDGE ( 'NONE', *, *, #11037, .F. ) ;
#4994 = SECURITY_CLASSIFICATION ( '', '', #1404 ) ;
#4995 = ORIENTED_EDGE ( 'NONE', *, *, #7712, .T. ) ;
#4996 = CARTESIAN_POINT ( 'NONE',  ( 31.38004145393736266, 30.00000000000000000, 82.75812166592554320 ) ) ;
#4997 = DIRECTION ( 'NONE',  ( -0.000000000000000000, -1.000000000000000000, -0.000000000000000000 ) ) ;
#4998 = EDGE_CURVE ( 'NONE', #438, #7187, #10704, .T. ) ;
#4999 = AXIS2_PLACEMENT_3D ( 'NONE', #5068, #3303, #10705 ) ;
#5000 = CARTESIAN_POINT ( 'NONE',  ( 66.51932634081263984, 0.000000000000000000, -27.55320713028646296 ) ) ;
#5001 = DIRECTION ( 'NONE',  ( 0.000000000000000000, -0.000000000000000000, -1.000000000000000000 ) ) ;
#5002 = LINE ( 'NONE', #11427, #9992 ) ;
#5003 = LINE ( 'NONE', #2138, #10905 ) ;
#5004 = DIRECTION ( 'NONE',  ( 0.000000000000000000, 1.000000000000000000, 0.000000000000000000 ) ) ;
#5005 = COORDINATED_UNIVERSAL_TIME_OFFSET ( 8, 0, .AHEAD. ) ;
#5006 = CALENDAR_DATE ( 2026, 29, 7 ) ;
#5007 = CARTESIAN_POINT ( 'NONE',  ( -85.00000000000000000, 120.0000000000000000, -67.00000000000000000 ) ) ;
#5008 = ORIENTED_EDGE ( 'NONE', *, *, #11898, .T. ) ;
#5009 = EDGE_CURVE ( 'NONE', #6355, #10973, #6036, .T. ) ;
#5010 = VECTOR ( 'NONE', #7108, 1000.000000000000000 ) ;
#5011 = ORIENTED_EDGE ( 'NONE', *, *, #5484, .F. ) ;
#5012 = DIRECTION ( 'NONE',  ( 0.000000000000000000, 0.000000000000000000, -1.000000000000000000 ) ) ;
#5013 = VERTEX_POINT ( 'NONE', #11741 ) ;
#5014 = LINE ( 'NONE', #2042, #1524 ) ;
#5015 = CYLINDRICAL_SURFACE ( 'NONE', #10600, 52.49999999999997868 ) ;
#5016 = CIRCLE ( 'NONE', #11219, 130.0000000000000000 ) ;
#5017 = CARTESIAN_POINT ( 'NONE',  ( -135.0000000000000000, 0.000000000000000000, -105.0000000000000000 ) ) ;
#5018 = CARTESIAN_POINT ( 'NONE',  ( -180.0000000000000000, 0.000000000000000000, -155.0000000000000000 ) ) ;
#5019 = PERSON_AND_ORGANIZATION ( #10860, #8800 ) ;
#5020 = SHAPE_DEFINITION_REPRESENTATION ( #3231, #11422 ) ;
#5021 = CALENDAR_DATE ( 2026, 29, 7 ) ;
#5022 = ORIENTED_EDGE ( 'NONE', *, *, #6913, .F. ) ;
#5023 = CARTESIAN_POINT ( 'NONE',  ( 135.0000000000000000, 20.00000000000000000, 0.000000000000000000 ) ) ;
#5024 = ORIENTED_EDGE ( 'NONE', *, *, #5780, .F. ) ;
#5025 = VERTEX_POINT ( 'NONE', #2456 ) ;
#5026 = DIRECTION ( 'NONE',  ( 0.000000000000000000, 0.000000000000000000, 1.000000000000000000 ) ) ;
#5027 = EDGE_CURVE ( 'NONE', #8342, #6007, #6159, .T. ) ;
#5028 = ORIENTED_EDGE ( 'NONE', *, *, #9614, .T. ) ;
#5029 = DIRECTION ( 'NONE',  ( 0.000000000000000000, 1.000000000000000000, 0.000000000000000000 ) ) ;
#5030 = CARTESIAN_POINT ( 'NONE',  ( 245.0000000000000000, 0.000000000000000000, 31.03224129836581469 ) ) ;
#5031 = LINE ( 'NONE', #10662, #2111 ) ;
#5032 = DIRECTION ( 'NONE',  ( 0.9271838545667874243, 0.3746065934159120148, 0.000000000000000000 ) ) ;
#5033 = DATE_TIME_ROLE ( 'creation_date' ) ;
#5034 = ORIENTED_EDGE ( 'NONE', *, *, #5260, .F. ) ;
#5035 = DIRECTION ( 'NONE',  ( 0.000000000000000000, 0.000000000000000000, 1.000000000000000000 ) ) ;
#5036 = VERTEX_POINT ( 'NONE', #2275 ) ;
#5037 = ORIENTED_EDGE ( 'NONE', *, *, #8207, .F. ) ;
#5038 = ORIENTED_EDGE ( 'NONE', *, *, #690, .F. ) ;
#5039 = DIRECTION ( 'NONE',  ( -0.000000000000000000, -1.000000000000000000, -0.000000000000000000 ) ) ;
#5040 = CARTESIAN_POINT ( 'NONE',  ( 75.75812166592551478, 30.00000000000000000, -31.38004145393736266 ) ) ;
#5041 = ADVANCED_FACE ( 'NONE', ( #9736 ), #3368, .F. ) ;
#5042 = DIRECTION ( 'NONE',  ( 0.000000000000000000, 0.000000000000000000, -1.000000000000000000 ) ) ;
#5043 = CYLINDRICAL_SURFACE ( 'NONE', #1194, 165.0000000000000000 ) ;
#5044 = DIRECTION ( 'NONE',  ( -0.000000000000000000, -0.000000000000000000, 1.000000000000000000 ) ) ;
#5045 = ADVANCED_FACE ( 'NONE', ( #3427 ), #1428, .F. ) ;
#5046 = CALENDAR_DATE ( 2026, 29, 7 ) ;
#5047 = ORIENTED_EDGE ( 'NONE', *, *, #11785, .T. ) ;
#5048 = EDGE_LOOP ( 'NONE', ( #7979, #2859, #109, #1761 ) ) ;
#5049 = CARTESIAN_POINT ( 'NONE',  ( -133.9625322141365871, 30.00000000000000000, 64.48909769293797467 ) ) ;
#5050 = CC_DESIGN_DATE_AND_TIME_ASSIGNMENT ( #963, #8351, ( #5546 ) ) ;
#5051 = EDGE_CURVE ( 'NONE', #10550, #5948, #8941, .T. ) ;
#5052 = ORIENTED_EDGE ( 'NONE', *, *, #6995, .F. ) ;
#5053 = DIRECTION ( 'NONE',  ( 0.000000000000000000, 1.000000000000000000, 0.000000000000000000 ) ) ;
#5054 = DIRECTION ( 'NONE',  ( 0.000000000000000000, 1.000000000000000000, 0.000000000000000000 ) ) ;
#5055 = DIRECTION ( 'NONE',  ( 0.000000000000000000, -0.000000000000000000, 1.000000000000000000 ) ) ;
#5056 = CARTESIAN_POINT ( 'NONE',  ( 55.48909769293802441, 30.00000000000000000, 142.9625322141366155 ) ) ;
#5057 = CYLINDRICAL_SURFACE ( 'NONE', #3148, 7.000000000000006217 ) ;
#5058 = PRODUCT_DEFINITION_SHAPE ( 'NONE', 'NONE',  #12009 ) ;
#5059 = CC_DESIGN_PERSON_AND_ORGANIZATION_ASSIGNMENT ( #11624, #10454, ( #7871 ) ) ;
#5060 = CARTESIAN_POINT ( 'NONE',  ( -63.51086798706846537, 0.000000000000000000, -34.96597842945570989 ) ) ;
#5061 = COORDINATED_UNIVERSAL_TIME_OFFSET ( 8, 0, .AHEAD. ) ;
#5062 = PERSON_AND_ORGANIZATION_ROLE ( 'creator' ) ;
#5063 = DIRECTION ( 'NONE',  ( 0.000000000000000000, 0.000000000000000000, -1.000000000000000000 ) ) ;
#5064 = ORIENTED_EDGE ( 'NONE', *, *, #7920, .F. ) ;
#5065 = ORIENTED_EDGE ( 'NONE', *, *, #11453, .T. ) ;
#5066 = CARTESIAN_POINT ( 'NONE',  ( 70.00000000000000000, 95.00000000000000000, -45.00000000000000000 ) ) ;
#5067 = ADVANCED_FACE ( 'NONE', ( #636 ), #3248, .T. ) ;
#5068 = CARTESIAN_POINT ( 'NONE',  ( -272.5000000000000000, 0.000000000000000000, 0.000000000000000000 ) ) ;
#5069 = VECTOR ( 'NONE', #6021, 1000.000000000000000 ) ;
#5070 = FACE_OUTER_BOUND ( 'NONE', #2924, .T. ) ;
#5071 = EDGE_CURVE ( 'NONE', #7251, #2252, #9772, .T. ) ;
#5072 = CARTESIAN_POINT ( 'NONE',  ( -120.0000000000000000, 260.0000000000000000, 110.0000000000000000 ) ) ;
#5073 = DIRECTION ( 'NONE',  ( -0.000000000000000000, -1.000000000000000000, -0.000000000000000000 ) ) ;
#5074 = PERSON_AND_ORGANIZATION_ROLE ( 'creator' ) ;
#5075 = DATE_AND_TIME ( #5862, #8841 ) ;
#5076 = EDGE_LOOP ( 'NONE', ( #8723, #9549 ) ) ;
#5077 = PERSON_AND_ORGANIZATION_ROLE ( 'classification_officer' ) ;
#5078 = ORIENTED_EDGE ( 'NONE', *, *, #6467, .F. ) ;
#5079 = EDGE_CURVE ( 'NONE', #10560, #4979, #11320, .T. ) ;
#5080 = VECTOR ( 'NONE', #11223, 1000.000000000000000 ) ;
#5081 = LINE ( 'NONE', #4108, #8582 ) ;
#5082 = ORIENTED_EDGE ( 'NONE', *, *, #3478, .F. ) ;
#5083 = ORIENTED_EDGE ( 'NONE', *, *, #2213, .T. ) ;
#5084 = CARTESIAN_POINT ( 'NONE',  ( 52.50000000000000000, 0.000000000000000000, 99.00000000000000000 ) ) ;
#5085 = CIRCLE ( 'NONE', #2370, 57.99999999999999289 ) ;
#5086 = ORIENTED_EDGE ( 'NONE', *, *, #11221, .F. ) ;
#5087 = CARTESIAN_POINT ( 'NONE',  ( -95.00000000000000000, 95.00000000000000000, 65.00000000000000000 ) ) ;
#5088 = DIRECTION ( 'NONE',  ( -1.000000000000000000, 0.000000000000000000, -0.000000000000000000 ) ) ;
#5089 = DIRECTION ( 'NONE',  ( 0.000000000000000000, 0.000000000000000000, 1.000000000000000000 ) ) ;
#5090 = CARTESIAN_POINT ( 'NONE',  ( 252.6576003694495682, 622.0802967058359627, -72.00000000000000000 ) ) ;
#5091 = COORDINATED_UNIVERSAL_TIME_OFFSET ( 8, 0, .AHEAD. ) ;
#5092 = CARTESIAN_POINT ( 'NONE',  ( 4.653657836759941941E-15, 50.00000000000000000, 38.00000000000000000 ) ) ;
#5093 = CIRCLE ( 'NONE', #11875, 7.999999999999983125 ) ;
#5094 = EDGE_CURVE ( 'NONE', #11245, #6781, #8029, .T. ) ;
#5095 = CIRCLE ( 'NONE', #2953, 57.99999999999999289 ) ;
#5096 = VERTEX_POINT ( 'NONE', #3301 ) ;
#5097 = EDGE_LOOP ( 'NONE', ( #2662, #90, #10644, #6980 ) ) ;
#5098 = ORIENTED_EDGE ( 'NONE', *, *, #9661, .T. ) ;
#5099 = CARTESIAN_POINT ( 'NONE',  ( 0.000000000000000000, 285.0000000000000000, -87.50000000000000000 ) ) ;
#5100 = VECTOR ( 'NONE', #10177, 1000.000000000000000 ) ;
#5101 = DIRECTION ( 'NONE',  ( -0.000000000000000000, -1.000000000000000000, -0.000000000000000000 ) ) ;
#5102 = DIRECTION ( 'NONE',  ( 1.000000000000000000, 0.000000000000000000, 0.000000000000000000 ) ) ;
#5103 = DESIGN_CONTEXT ( 'detailed design', #1704, 'design' ) ;
#5104 = AXIS2_PLACEMENT_3D ( 'NONE', #7559, #7677, #3072 ) ;
#5105 = VECTOR ( 'NONE', #9764, 1000.000000000000000 ) ;
#5106 = CARTESIAN_POINT ( 'NONE',  ( 0.000000000000000000, 0.000000000000000000, 0.000000000000000000 ) ) ;
#5107 = APPROVAL_ROLE ( '' ) ;
#5108 = AXIS2_PLACEMENT_3D ( 'NONE', #2918, #6734, #2074 ) ;
#5109 = EDGE_CURVE ( 'NONE', #5968, #11028, #5984, .T. ) ;
#5110 = ORIENTED_EDGE ( 'NONE', *, *, #11803, .T. ) ;
#5111 = VERTEX_POINT ( 'NONE', #7909 ) ;
#5112 = CIRCLE ( 'NONE', #10329, 9.000000000000035527 ) ;
#5113 = DIRECTION ( 'NONE',  ( 0.000000000000000000, 0.000000000000000000, -1.000000000000000000 ) ) ;
#5114 = ORIENTED_EDGE ( 'NONE', *, *, #11438, .F. ) ;
#5115 = CARTESIAN_POINT ( 'NONE',  ( 0.000000000000000000, 225.0000000000000000, 0.000000000000000000 ) ) ;
#5116 = CARTESIAN_POINT ( 'NONE',  ( 0.000000000000000000, 30.00000000000000000, -38.00000000000000000 ) ) ;
#5117 = DIRECTION ( 'NONE',  ( 0.000000000000000000, 1.000000000000000000, 0.000000000000000000 ) ) ;
#5119 = DIRECTION ( 'NONE',  ( -1.000000000000000000, 0.000000000000000000, 0.000000000000000000 ) ) ;
#5118 = AXIS2_PLACEMENT_3D ( 'NONE', #3656, #7350, #5602 ) ;
#5120 = DIRECTION ( 'NONE',  ( 0.000000000000000000, 0.000000000000000000, 1.000000000000000000 ) ) ;
#5121 = DIRECTION ( 'NONE',  ( 0.000000000000000000, 0.000000000000000000, -1.000000000000000000 ) ) ;
#5122 = PERSON_AND_ORGANIZATION ( #10860, #8800 ) ;
#5123 = CC_DESIGN_PERSON_AND_ORGANIZATION_ASSIGNMENT ( #7478, #3724, ( #3327 ) ) ;
#5124 = PERSON_AND_ORGANIZATION ( #10860, #8800 ) ;
#5126 = EDGE_CURVE ( 'NONE', #4354, #1441, #6997, .T. ) ;
#5125 = CYLINDRICAL_SURFACE ( 'NONE', #7782, 8.000000000000010658 ) ;
#5127 = ORIENTED_EDGE ( 'NONE', *, *, #7210, .F. ) ;
#5128 = EDGE_CURVE ( 'NONE', #10093, #7011, #6060, .T. ) ;
#5129 = CC_DESIGN_APPROVAL ( #2225, ( #6379 ) ) ;
#5130 = ORIENTED_EDGE ( 'NONE', *, *, #4358, .T. ) ;
#5131 = VECTOR ( 'NONE', #8845, 1000.000000000000000 ) ;
#5132 = DIRECTION ( 'NONE',  ( 0.000000000000000000, 1.000000000000000000, 0.000000000000000000 ) ) ;
#5133 = FACE_OUTER_BOUND ( 'NONE', #2617, .T. ) ;
#5134 = CARTESIAN_POINT ( 'NONE',  ( 75.00000000000000000, 12.00000000000000000, 12.00000000000000000 ) ) ;
#5135 = CARTESIAN_POINT ( 'NONE',  ( 0.000000000000000000, 410.0000000000000000, 0.000000000000000000 ) ) ;
#5136 = CARTESIAN_POINT ( 'NONE',  ( 0.000000000000000000, 0.000000000000000000, 0.000000000000000000 ) ) ;
#5137 = CIRCLE ( 'NONE', #5530, 32.50000000000000000 ) ;
#5138 = APPLICATION_PROTOCOL_DEFINITION ( 'international standard', 'config_control_design', 1994, #9837 ) ;
#5139 = COORDINATED_UNIVERSAL_TIME_OFFSET ( 8, 0, .AHEAD. ) ;
#5140 = EDGE_CURVE ( 'NONE', #423, #8598, #4279, .T. ) ;
#5141 = PERSON_AND_ORGANIZATION ( #6376, #10202 ) ;
#5142 = EDGE_CURVE ( 'NONE', #3234, #6617, #2380, .T. ) ;
#5143 = PLANE ( 'NONE',  #10729 ) ;
#5144 = ORIENTED_EDGE ( 'NONE', *, *, #1364, .T. ) ;
#5145 = ORIENTED_EDGE ( 'NONE', *, *, #7030, .T. ) ;
#5146 = ORIENTED_EDGE ( 'NONE', *, *, #1369, .F. ) ;
#5147 = EDGE_CURVE ( 'NONE', #1752, #7660, #6947, .T. ) ;
#5148 = DIRECTION ( 'NONE',  ( 0.000000000000000000, 0.000000000000000000, 1.000000000000000000 ) ) ;
#5149 = DIRECTION ( 'NONE',  ( -0.000000000000000000, -1.000000000000000000, -0.000000000000000000 ) ) ;
#5150 = DIRECTION ( 'NONE',  ( 0.000000000000000000, 1.000000000000000000, -0.000000000000000000 ) ) ;
#5151 = COORDINATED_UNIVERSAL_TIME_OFFSET ( 8, 0, .AHEAD. ) ;
#5152 = LINE ( 'NONE', #2485, #3936 ) ;
#5153 = SHAPE_REPRESENTATION ( 'MKH-004_shoulder_frame', ( #10725 ), #7029 ) ;
#5154 = ORIENTED_EDGE ( 'NONE', *, *, #1465, .T. ) ;
#5155 = ORIENTED_EDGE ( 'NONE', *, *, #8532, .F. ) ;
#5156 = SECURITY_CLASSIFICATION ( '', '', #11311 ) ;
#5157 = ORIENTED_EDGE ( 'NONE', *, *, #9121, .F. ) ;
#5158 = ORIENTED_EDGE ( 'NONE', *, *, #5109, .T. ) ;
#5159 = FACE_BOUND ( 'NONE', #10369, .T. ) ;
#5160 = ORIENTED_EDGE ( 'NONE', *, *, #7845, .T. ) ;
#5161 = CIRCLE ( 'NONE', #8252, 7.500000000000000000 ) ;
#5162 = DIRECTION ( 'NONE',  ( 0.000000000000000000, -0.000000000000000000, 1.000000000000000000 ) ) ;
#5163 = DIRECTION ( 'NONE',  ( 1.000000000000000000, 0.000000000000000000, -0.000000000000000000 ) ) ;
#5164 = SECURITY_CLASSIFICATION ( '', '', #7918 ) ;
#5165 = PRODUCT_DEFINITION_FORMATION_WITH_SPECIFIED_SOURCE ( 'ä»', '', #11576, .NOT_KNOWN. ) ;
#5166 = CARTESIAN_POINT ( 'NONE',  ( 0.000000000000000000, 30.00000000000000000, 0.000000000000000000 ) ) ;
#5167 = DATE_AND_TIME ( #4264, #1120 ) ;
#5168 = EDGE_LOOP ( 'NONE', ( #1995, #183 ) ) ;
#5169 = VECTOR ( 'NONE', #5042, 1000.000000000000000 ) ;
#5170 = ORIENTED_EDGE ( 'NONE', *, *, #11434, .T. ) ;
#5171 = FACE_OUTER_BOUND ( 'NONE', #4654, .T. ) ;
#5172 = LOCAL_TIME ( 1, 43, 37.00000000000000000, #709 ) ;
#5173 = ORIENTED_EDGE ( 'NONE', *, *, #3392, .T. ) ;
#5174 = DIRECTION ( 'NONE',  ( 0.000000000000000000, 1.000000000000000000, 0.000000000000000000 ) ) ;
#5175 = LOCAL_TIME ( 1, 43, 37.00000000000000000, #1365 ) ;
#5176 = PRODUCT ( 'MKH-100_base_module', 'MKH-100_base_module', '', ( #4173 ) ) ;
#5177 = DIRECTION ( 'NONE',  ( -1.000000000000000000, 0.000000000000000000, 0.000000000000000000 ) ) ;
#5178 = DIRECTION ( 'NONE',  ( 0.000000000000000000, 1.000000000000000000, 0.000000000000000000 ) ) ;
#5179 = EDGE_CURVE ( 'NONE', #1394, #3299, #5311, .T. ) ;
#5180 = CARTESIAN_POINT ( 'NONE',  ( 105.0000000000000000, 20.00000000000000000, 8.000000000000000000 ) ) ;
#5181 = CARTESIAN_POINT ( 'NONE',  ( 0.000000000000000000, 36.00000000000000000, 0.000000000000000000 ) ) ;
#5182 = VECTOR ( 'NONE', #4056, 1000.000000000000000 ) ;
#5183 = DIRECTION ( 'NONE',  ( -0.000000000000000000, -1.000000000000000000, -0.000000000000000000 ) ) ;
#5184 = COORDINATED_UNIVERSAL_TIME_OFFSET ( 8, 0, .AHEAD. ) ;
#5185 = FACE_OUTER_BOUND ( 'NONE', #10874, .T. ) ;
#5186 = ORIENTED_EDGE ( 'NONE', *, *, #6136, .F. ) ;
#5187 = PRODUCT_DEFINITION_FORMATION_WITH_SPECIFIED_SOURCE ( 'ä»', '', #9519, .NOT_KNOWN. ) ;
#5188 = EDGE_CURVE ( 'NONE', #9108, #5474, #11063, .T. ) ;
#5189 = EDGE_LOOP ( 'NONE', ( #4651, #10233, #6065, #2766 ) ) ;
#5190 = VECTOR ( 'NONE', #2043, 1000.000000000000000 ) ;
#5191 = AXIS2_PLACEMENT_3D ( 'NONE', #4949, #7847, #8642 ) ;
#5192 = DIRECTION ( 'NONE',  ( -0.000000000000000000, -1.000000000000000000, -0.000000000000000000 ) ) ;
#5193 = APPLICATION_CONTEXT ( 'configuration controlled 3d designs of mechanical parts and assemblies' ) ;
#5194 = DIRECTION ( 'NONE',  ( 0.000000000000000000, -0.000000000000000000, 1.000000000000000000 ) ) ;
#5195 = LOCAL_TIME ( 1, 43, 37.00000000000000000, #2614 ) ;
#5196 = EDGE_CURVE ( 'NONE', #5235, #8685, #992, .T. ) ;
#5197 = DIRECTION ( 'NONE',  ( 0.000000000000000000, 0.000000000000000000, -1.000000000000000000 ) ) ;
#5198 = DIRECTION ( 'NONE',  ( -0.000000000000000000, -1.000000000000000000, -0.000000000000000000 ) ) ;
#5199 = CARTESIAN_POINT ( 'NONE',  ( 0.000000000000000000, 285.0000000000000000, 0.000000000000000000 ) ) ;
#5200 = DATE_AND_TIME ( #9805, #11138 ) ;
#5201 = AXIS2_PLACEMENT_3D ( 'NONE', #1596, #7952, #2505 ) ;
#5202 = VECTOR ( 'NONE', #4096, 1000.000000000000000 ) ;
#5203 = SECURITY_CLASSIFICATION_LEVEL ( 'unclassified' ) ;
#5204 = ORIENTED_EDGE ( 'NONE', *, *, #1241, .T. ) ;
#5205 = FACE_OUTER_BOUND ( 'NONE', #7278, .T. ) ;
#5206 = ORIENTED_EDGE ( 'NONE', *, *, #318, .F. ) ;
#5207 = APPROVAL ( #7079, 'æœª' ) ;
#5208 = CIRCLE ( 'NONE', #9467, 6.999999999999999112 ) ;
#5209 = EDGE_CURVE ( 'NONE', #5641, #3311, #7298, .T. ) ;
#5210 = ORIENTED_EDGE ( 'NONE', *, *, #10241, .F. ) ;
#5211 = EDGE_LOOP ( 'NONE', ( #8140, #1527, #6257, #10680 ) ) ;
#5212 = PLANE ( 'NONE',  #3038 ) ;
#5213 = CARTESIAN_POINT ( 'NONE',  ( 117.5000000000000000, 0.000000000000000000, 24.00000000000000000 ) ) ;
#5214 = CARTESIAN_POINT ( 'NONE',  ( 0.000000000000000000, 305.0000000000000000, 0.000000000000000000 ) ) ;
#5215 = DIRECTION ( 'NONE',  ( 0.3746065934159120148, -0.9271838545667874243, 6.123233995736766036E-17 ) ) ;
#5216 = APPROVAL_ROLE ( '' ) ;
#5217 = DIRECTION ( 'NONE',  ( -0.000000000000000000, -1.000000000000000000, -0.000000000000000000 ) ) ;
#5218 = AXIS2_PLACEMENT_3D ( 'NONE', #3293, #5119, #9789 ) ;
#5219 = ORIENTED_EDGE ( 'NONE', *, *, #7321, .F. ) ;
#5220 = EDGE_CURVE ( 'NONE', #6637, #5768, #8205, .T. ) ;
#5221 = ORIENTED_EDGE ( 'NONE', *, *, #10829, .T. ) ;
#5222 = ORIENTED_EDGE ( 'NONE', *, *, #9144, .T. ) ;
#5223 = VERTEX_POINT ( 'NONE', #4696 ) ;
#5224 = DIRECTION ( 'NONE',  ( 0.000000000000000000, -0.000000000000000000, -1.000000000000000000 ) ) ;
#5225 = EDGE_LOOP ( 'NONE', ( #8639, #11218, #2499, #8860 ) ) ;
#5226 = CARTESIAN_POINT ( 'NONE',  ( 31.38004145393736266, 30.00000000000000000, -82.75812166592552899 ) ) ;
#5227 = DIRECTION ( 'NONE',  ( -0.000000000000000000, -1.000000000000000000, -0.000000000000000000 ) ) ;
#5228 =( NAMED_UNIT ( * ) SI_UNIT ( $, .STERADIAN. ) SOLID_ANGLE_UNIT ( ) );
#5229 = EDGE_CURVE ( 'NONE', #5897, #7085, #11292, .T. ) ;
#5230 = SHAPE_REPRESENTATION ( 'MKH-012_gripper_body', ( #10725 ), #4340 ) ;
#5231 = DIRECTION ( 'NONE',  ( -0.000000000000000000, -1.000000000000000000, -0.000000000000000000 ) ) ;
#5232 = APPROVAL_DATE_TIME ( #5167, #5284 ) ;
#5233 = EDGE_CURVE ( 'NONE', #3736, #200, #4717, .T. ) ;
#5234 = EDGE_LOOP ( 'NONE', ( #8314, #1855, #9122, #8667 ) ) ;
#5235 = VERTEX_POINT ( 'NONE', #9305 ) ;
#5236 = DIRECTION ( 'NONE',  ( 0.000000000000000000, 1.000000000000000000, 0.000000000000000000 ) ) ;
#5237 = ORIENTED_EDGE ( 'NONE', *, *, #11007, .T. ) ;
#5238 = CARTESIAN_POINT ( 'NONE',  ( -135.0000000000000000, 28.00000000000000000, 105.0000000000000000 ) ) ;
#5239 = DIRECTION ( 'NONE',  ( 1.000000000000000000, 0.000000000000000000, 0.000000000000000000 ) ) ;
#5240 = LINE ( 'NONE', #8745, #560 ) ;
#5241 = ORIENTED_EDGE ( 'NONE', *, *, #1526, .T. ) ;
#5242 = FACE_BOUND ( 'NONE', #8593, .T. ) ;
#5243 = LINE ( 'NONE', #627, #5865 ) ;
#5244 = CARTESIAN_POINT ( 'NONE',  ( -31.38004145393735911, 30.00000000000000000, 75.75812166592551478 ) ) ;
#5245 = SECURITY_CLASSIFICATION_LEVEL ( 'unclassified' ) ;
#5246 = DIRECTION ( 'NONE',  ( 0.000000000000000000, 0.000000000000000000, 1.000000000000000000 ) ) ;
#5247 = ADVANCED_FACE ( 'NONE', ( #5491 ), #5545, .T. ) ;
#5248 = EDGE_LOOP ( 'NONE', ( #4236, #3209 ) ) ;
#5249 = DIRECTION ( 'NONE',  ( -1.000000000000000000, 0.000000000000000000, -0.000000000000000000 ) ) ;
#5250 = LINE ( 'NONE', #461, #3643 ) ;
#5251 = CARTESIAN_POINT ( 'NONE',  ( 27.55320713028646651, 0.000000000000000000, -66.51932634081263984 ) ) ;
#5252 = FACE_BOUND ( 'NONE', #11604, .T. ) ;
#5253 = AXIS2_PLACEMENT_3D ( 'NONE', #5786, #9484, #4872 ) ;
#5254 = FACE_OUTER_BOUND ( 'NONE', #592, .T. ) ;
#5255 = EDGE_CURVE ( 'NONE', #11028, #10991, #762, .T. ) ;
#5256 = PERSON_AND_ORGANIZATION ( #10860, #8800 ) ;
#5257 = APPROVAL_DATE_TIME ( #2581, #818 ) ;
#5258 = CALENDAR_DATE ( 2026, 29, 7 ) ;
#5259 = ORIENTED_EDGE ( 'NONE', *, *, #11903, .T. ) ;
#5260 = EDGE_CURVE ( 'NONE', #547, #7528, #7991, .T. ) ;
#5261 = CIRCLE ( 'NONE', #5455, 8.999999999999994671 ) ;
#5262 = FACE_BOUND ( 'NONE', #6293, .T. ) ;
#5263 = ORIENTED_EDGE ( 'NONE', *, *, #5294, .T. ) ;
#5264 = VERTEX_POINT ( 'NONE', #10215 ) ;
#5265 = LINE ( 'NONE', #11412, #9638 ) ;
#5266 = VERTEX_POINT ( 'NONE', #6447 ) ;
#5267 = CARTESIAN_POINT ( 'NONE',  ( -120.0000000000000000, 0.000000000000000000, 110.0000000000000000 ) ) ;
#5268 = DIRECTION ( 'NONE',  ( -0.000000000000000000, -1.000000000000000000, -0.000000000000000000 ) ) ;
#5269 = CARTESIAN_POINT ( 'NONE',  ( -135.0000000000000000, 0.000000000000000000, -11.00000000000000000 ) ) ;
#5270 = DIRECTION ( 'NONE',  ( 0.9271838545667874243, 0.3746065934159120148, 0.000000000000000000 ) ) ;
#5271 = DATE_TIME_ROLE ( 'creation_date' ) ;
#5272 = AXIS2_PLACEMENT_3D ( 'NONE', #5115, #4208, #4323 ) ;
#5273 = LINE ( 'NONE', #8911, #845 ) ;
#5274 = CC_DESIGN_PERSON_AND_ORGANIZATION_ASSIGNMENT ( #11935, #7306, ( #10982 ) ) ;
#5275 = ADVANCED_FACE ( 'NONE', ( #4461 ), #2695, .F. ) ;
#5276 = AXIS2_PLACEMENT_3D ( 'NONE', #4620, #915, #8305 ) ;
#5277 = VERTEX_POINT ( 'NONE', #11006 ) ;
#5278 = PRODUCT ( 'MKH-012_gripper_body', 'MKH-012_gripper_body', '', ( #2878 ) ) ;
#5279 = VERTEX_POINT ( 'NONE', #11858 ) ;
#5280 = VECTOR ( 'NONE', #1410, 1000.000000000000000 ) ;
#5281 = ORIENTED_EDGE ( 'NONE', *, *, #4660, .F. ) ;
#5282 = AXIS2_PLACEMENT_3D ( 'NONE', #9951, #5283, #911 ) ;
#5283 = DIRECTION ( 'NONE',  ( 0.000000000000000000, 1.000000000000000000, 0.000000000000000000 ) ) ;
#5284 = APPROVAL ( #612, 'UNKNOWN' ) ;
#5285 = ORIENTED_EDGE ( 'NONE', *, *, #468, .F. ) ;
#5286 = CARTESIAN_POINT ( 'NONE',  ( -135.0000000000000000, 28.00000000000000000, -105.0000000000000000 ) ) ;
#5287 = CARTESIAN_POINT ( 'NONE',  ( 20.18428497440904579, 0.000000000000000000, -69.63364589099039392 ) ) ;
#5288 = AXIS2_PLACEMENT_3D ( 'NONE', #7384, #2543, #9102 ) ;
#5289 = DIRECTION ( 'NONE',  ( 0.000000000000000000, 0.000000000000000000, 1.000000000000000000 ) ) ;
#5290 = VERTEX_POINT ( 'NONE', #6336 ) ;
#5291 = VECTOR ( 'NONE', #9607, 1000.000000000000000 ) ;
#5292 = ORIENTED_EDGE ( 'NONE', *, *, #9054, .F. ) ;
#5293 = DIRECTION ( 'NONE',  ( -0.000000000000000000, -1.000000000000000000, -0.000000000000000000 ) ) ;
#5294 = EDGE_CURVE ( 'NONE', #9214, #4770, #10710, .T. ) ;
#5295 = VERTEX_POINT ( 'NONE', #878 ) ;
#5296 = CARTESIAN_POINT ( 'NONE',  ( -165.0000000000000000, 22.00000000000000000, -29.00000000000000000 ) ) ;
#5297 = AXIS2_PLACEMENT_3D ( 'NONE', #500, #4080, #7765 ) ;
#5298 = VECTOR ( 'NONE', #5616, 1000.000000000000000 ) ;
#5299 = CARTESIAN_POINT ( 'NONE',  ( -115.0000000000000000, 0.000000000000000000, -32.50000000000000711 ) ) ;
#5300 = DIRECTION ( 'NONE',  ( 0.000000000000000000, 1.000000000000000000, 0.000000000000000000 ) ) ;
#5301 = LINE ( 'NONE', #6025, #8896 ) ;
#5302 = EDGE_CURVE ( 'NONE', #616, #3986, #11124, .T. ) ;
#5303 = DIRECTION ( 'NONE',  ( 0.000000000000000000, -1.000000000000000000, 0.000000000000000000 ) ) ;
#5304 = CARTESIAN_POINT ( 'NONE',  ( -120.0000000000000000, 0.000000000000000000, -90.00000000000000000 ) ) ;
#5305 = VECTOR ( 'NONE', #10556, 1000.000000000000000 ) ;
#5306 = COORDINATED_UNIVERSAL_TIME_OFFSET ( 8, 0, .AHEAD. ) ;
#5307 = CARTESIAN_POINT ( 'NONE',  ( 196.0000000000000000, 20.00000000000000000, 0.000000000000000000 ) ) ;
#5308 = EDGE_LOOP ( 'NONE', ( #10079, #10257, #2497, #8040 ) ) ;
#5309 = AXIS2_PLACEMENT_3D ( 'NONE', #5353, #8190, #1990 ) ;
#5310 = VERTEX_POINT ( 'NONE', #3661 ) ;
#5311 = LINE ( 'NONE', #7410, #5680 ) ;
#5312 = AXIS2_PLACEMENT_3D ( 'NONE', #11182, #2868, #83 ) ;
#5313 = CARTESIAN_POINT ( 'NONE',  ( 0.000000000000000000, 50.00000000000000000, -38.00000000000000000 ) ) ;
#5314 = CARTESIAN_POINT ( 'NONE',  ( 4.408728476930470856E-15, 330.0000000000000000, 36.00000000000000000 ) ) ;
#5315 = CARTESIAN_POINT ( 'NONE',  ( -272.5000000000000000, 38.00000000000000000, 0.000000000000000000 ) ) ;
#5316 = LINE ( 'NONE', #10828, #5573 ) ;
#5317 = FACE_OUTER_BOUND ( 'NONE', #3660, .T. ) ;
#5318 = EDGE_CURVE ( 'NONE', #8367, #10550, #5490, .T. ) ;
#5319 = COORDINATED_UNIVERSAL_TIME_OFFSET ( 8, 0, .AHEAD. ) ;
#5320 = APPROVAL_STATUS ( 'not_yet_approved' ) ;
#5321 = LOCAL_TIME ( 1, 43, 37.00000000000000000, #9686 ) ;
#5322 = AXIS2_PLACEMENT_3D ( 'NONE', #3450, #11827, #4296 ) ;
#5323 = CARTESIAN_POINT ( 'NONE',  ( 120.0000000000000000, 120.0000000000000000, 90.00000000000000000 ) ) ;
#5324 = VERTEX_POINT ( 'NONE', #9186 ) ;
#5325 = ORIENTED_EDGE ( 'NONE', *, *, #9189, .F. ) ;
#5326 = CARTESIAN_POINT ( 'NONE',  ( 0.000000000000000000, 0.000000000000000000, 0.000000000000000000 ) ) ;
#5327 = LOCAL_TIME ( 1, 43, 37.00000000000000000, #5319 ) ;
#5328 = AXIS2_PLACEMENT_3D ( 'NONE', #5199, #11865, #583 ) ;
#5329 = EDGE_LOOP ( 'NONE', ( #6466, #2146, #9289, #3012 ) ) ;
#5330 = DIRECTION ( 'NONE',  ( -7.105427357601001859E-15, 0.000000000000000000, -1.000000000000000000 ) ) ;
#5331 = DIRECTION ( 'NONE',  ( 0.000000000000000000, 1.000000000000000000, 0.000000000000000000 ) ) ;
#5332 = CARTESIAN_POINT ( 'NONE',  ( 0.000000000000000000, 260.0000000000000000, 0.000000000000000000 ) ) ;
#5333 = ADVANCED_FACE ( 'NONE', ( #3596 ), #10097, .F. ) ;
#5334 =( NAMED_UNIT ( * ) SI_UNIT ( $, .STERADIAN. ) SOLID_ANGLE_UNIT ( ) );
#5335 = APPROVAL_ROLE ( '' ) ;
#5336 = CARTESIAN_POINT ( 'NONE',  ( 75.75812166592551478, 30.00000000000000000, 31.38004145393735200 ) ) ;
#5337 = ORIENTED_EDGE ( 'NONE', *, *, #8662, .T. ) ;
#5338 = AXIS2_PLACEMENT_3D ( 'NONE', #2030, #5842, #4825 ) ;
#5339 = VERTEX_POINT ( 'NONE', #8271 ) ;
#5340 = ORIENTED_EDGE ( 'NONE', *, *, #4782, .F. ) ;
#5341 = CARTESIAN_POINT ( 'NONE',  ( 27.55320713028646651, 220.0000000000000000, -66.51932634081263984 ) ) ;
#5342 = VERTEX_POINT ( 'NONE', #7355 ) ;
#5343 = CARTESIAN_POINT ( 'NONE',  ( 0.000000000000000000, 42.00000000000000000, -165.0000000000000000 ) ) ;
#5344 = APPROVAL ( #11444, 'æœª' ) ;
#5345 = CARTESIAN_POINT ( 'NONE',  ( 0.000000000000000000, 245.0000000000000000, 0.000000000000000000 ) ) ;
#5346 = ADVANCED_FACE ( 'NONE', ( #2812 ), #6505, .F. ) ;
#5347 = CARTESIAN_POINT ( 'NONE',  ( 59.00000000000000000, 42.00000000000000000, 24.00000000000000000 ) ) ;
#5348 = ORIENTED_EDGE ( 'NONE', *, *, #2625, .F. ) ;
#5349 = APPROVAL_ROLE ( '' ) ;
#5350 = SECURITY_CLASSIFICATION ( '', '', #3204 ) ;
#5351 = ORIENTED_EDGE ( 'NONE', *, *, #8957, .F. ) ;
#5352 = VERTEX_POINT ( 'NONE', #10446 ) ;
#5353 = CARTESIAN_POINT ( 'NONE',  ( -330.0000000000000000, 22.00000000000000000, -75.00000000000000000 ) ) ;
#5354 = VECTOR ( 'NONE', #1356, 1000.000000000000000 ) ;
#5355 = ORIENTED_EDGE ( 'NONE', *, *, #7406, .F. ) ;
#5356 = CARTESIAN_POINT ( 'NONE',  ( 1.071565949253933966E-14, 260.0000000000000000, 87.50000000000000000 ) ) ;
#5357 = CC_DESIGN_PERSON_AND_ORGANIZATION_ASSIGNMENT ( #9472, #2797, ( #7491 ) ) ;
#5358 = DIRECTION ( 'NONE',  ( 0.000000000000000000, -0.000000000000000000, -1.000000000000000000 ) ) ;
#5359 = ADVANCED_FACE ( 'NONE', ( #2082, #7713 ), #6567, .F. ) ;
#5360 = CARTESIAN_POINT ( 'NONE',  ( 0.000000000000000000, 12.00000000000000000, -8.000000000000000000 ) ) ;
#5361 = LOCAL_TIME ( 1, 43, 37.00000000000000000, #8472 ) ;
#5362 = DIRECTION ( 'NONE',  ( -0.000000000000000000, -1.000000000000000000, -0.000000000000000000 ) ) ;
#5363 = CARTESIAN_POINT ( 'NONE',  ( 196.0000000000000000, 0.000000000000000000, 0.000000000000000000 ) ) ;
#5364 = PRODUCT_DEFINITION_SHAPE ( 'NONE', 'NONE',  #12002 ) ;
#5365 = DIRECTION ( 'NONE',  ( 0.000000000000000000, 1.000000000000000000, 0.000000000000000000 ) ) ;
#5366 = EDGE_CURVE ( 'NONE', #3773, #7249, #455, .T. ) ;
#5367 = AXIS2_PLACEMENT_3D ( 'NONE', #4795, #3990, #7622 ) ;
#5368 = APPROVAL_STATUS ( 'not_yet_approved' ) ;
#5369 = CARTESIAN_POINT ( 'NONE',  ( 77.08053281221575048, 0.000000000000000000, 41.41064430052885825 ) ) ;
#5370 = VERTEX_POINT ( 'NONE', #2134 ) ;
#5371 = VERTEX_POINT ( 'NONE', #5715 ) ;
#5372 = CC_DESIGN_APPROVAL ( #6163, ( #10453 ) ) ;
#5373 = ORIENTED_EDGE ( 'NONE', *, *, #5498, .F. ) ;
#5374 = EDGE_CURVE ( 'NONE', #5619, #652, #6743, .T. ) ;
#5375 = DIRECTION ( 'NONE',  ( -0.000000000000000000, -1.000000000000000000, -0.000000000000000000 ) ) ;
#5376 = VECTOR ( 'NONE', #2890, 1000.000000000000000 ) ;
#5377 = CARTESIAN_POINT ( 'NONE',  ( 55.48909769293802441, 0.000000000000000000, -133.9625322141365871 ) ) ;
#5378 = CARTESIAN_POINT ( 'NONE',  ( 3.980102097228898626E-15, 270.0000000000000000, 32.50000000000000000 ) ) ;
#5379 = PERSON ( 'NAUO-PER12', 'UNSPECIFIED', 'UNSPECIFIED', ('UNSPECIFIED'), ('UNSPECIFIED'), ('UNSPECIFIED') ) ;
#5380 = CARTESIAN_POINT ( 'NONE',  ( 0.000000000000000000, 285.0000000000000000, -30.00000000000000000 ) ) ;
#5381 = CARTESIAN_POINT ( 'NONE',  ( 0.000000000000000000, 0.000000000000000000, 0.000000000000000000 ) ) ;
#5382 = VERTEX_POINT ( 'NONE', #2188 ) ;
#5383 = CARTESIAN_POINT ( 'NONE',  ( -55.48909769293801020, 0.000000000000000000, 133.9625322141365871 ) ) ;
#5384 = PRODUCT ( 'MKH-013_heavy_finger', 'MKH-013_heavy_finger', '', ( #885 ) ) ;
#5385 = APPROVAL_STATUS ( 'not_yet_approved' ) ;
#5386 = ADVANCED_FACE ( 'NONE', ( #5834, #2025 ), #10271, .T. ) ;
#5387 = PERSON_AND_ORGANIZATION ( #10860, #8800 ) ;
#5388 = DATE_AND_TIME ( #5258, #5172 ) ;
#5389 = AXIS2_PLACEMENT_3D ( 'NONE', #3251, #581, #6949 ) ;
#5390 = VECTOR ( 'NONE', #11746, 1000.000000000000000 ) ;
#5391 = DIRECTION ( 'NONE',  ( 0.000000000000000000, 1.000000000000000000, 0.000000000000000000 ) ) ;
#5392 = CARTESIAN_POINT ( 'NONE',  ( 15.00000000000000000, 0.000000000000000000, 7.500000000000000000 ) ) ;
#5393 = ORIENTED_EDGE ( 'NONE', *, *, #9522, .F. ) ;
#5394 = ORIENTED_EDGE ( 'NONE', *, *, #7030, .F. ) ;
#5395 = LINE ( 'NONE', #6783, #728 ) ;
#5396 = EDGE_LOOP ( 'NONE', ( #3498, #4370, #47, #2620 ) ) ;
#5397 = VECTOR ( 'NONE', #10158, 1000.000000000000000 ) ;
#5398 = CIRCLE ( 'NONE', #5580, 7.000000000000006217 ) ;
#5399 = DIRECTION ( 'NONE',  ( -0.000000000000000000, -1.000000000000000000, -0.000000000000000000 ) ) ;
#5400 = DIRECTION ( 'NONE',  ( -0.000000000000000000, -1.000000000000000000, -0.000000000000000000 ) ) ;
#5401 = CARTESIAN_POINT ( 'NONE',  ( -245.0000000000000000, 0.000000000000000000, -64.00000000000000000 ) ) ;
#5402 = MECHANICAL_CONTEXT ( 'NONE', #74, 'mechanical' ) ;
#5403 = AXIS2_PLACEMENT_3D ( 'NONE', #3599, #1671, #9188 ) ;
#5404 = EDGE_CURVE ( 'NONE', #4243, #5470, #10318, .T. ) ;
#5405 = ORIENTED_EDGE ( 'NONE', *, *, #11975, .F. ) ;
#5406 = ORIENTED_EDGE ( 'NONE', *, *, #5477, .T. ) ;
#5407 = DIRECTION ( 'NONE',  ( -0.000000000000000000, -1.000000000000000000, -0.000000000000000000 ) ) ;
#5408 = ORIENTED_EDGE ( 'NONE', *, *, #10547, .F. ) ;
#5409 = CARTESIAN_POINT ( 'NONE',  ( -115.0000000000000000, 12.00000000000000000, -23.49999999999999645 ) ) ;
#5410 = DIRECTION ( 'NONE',  ( 0.000000000000000000, 1.000000000000000000, 0.000000000000000000 ) ) ;
#5411 = CARTESIAN_POINT ( 'NONE',  ( 0.000000000000000000, 520.0000000000000000, -112.0000000000000000 ) ) ;
#5412 = CARTESIAN_POINT ( 'NONE',  ( 330.0000000000000000, 0.000000000000000000, -75.00000000000000000 ) ) ;
#5413 = ORIENTED_EDGE ( 'NONE', *, *, #7778, .T. ) ;
#5414 = EDGE_CURVE ( 'NONE', #6186, #4793, #835, .T. ) ;
#5415 = ORIENTED_EDGE ( 'NONE', *, *, #10361, .T. ) ;
#5416 = EDGE_CURVE ( 'NONE', #8657, #6403, #5722, .T. ) ;
#5417 = ORIENTED_EDGE ( 'NONE', *, *, #9501, .F. ) ;
#5418 = CARTESIAN_POINT ( 'NONE',  ( -75.75812166592551478, 30.00000000000000000, -31.38004145393736266 ) ) ;
#5419 = VERTEX_POINT ( 'NONE', #2986 ) ;
#5420 = DIRECTION ( 'NONE',  ( -1.000000000000000000, 0.000000000000000000, -0.000000000000000000 ) ) ;
#5421 = LINE ( 'NONE', #10201, #3982 ) ;
#5422 = DIRECTION ( 'NONE',  ( -0.000000000000000000, -1.000000000000000000, -0.000000000000000000 ) ) ;
#5423 = ADVANCED_FACE ( 'NONE', ( #6621 ), #10499, .F. ) ;
#5424 = DIRECTION ( 'NONE',  ( 0.000000000000000000, -0.000000000000000000, 1.000000000000000000 ) ) ;
#5425 = CARTESIAN_POINT ( 'NONE',  ( 0.000000000000000000, 42.00000000000000000, 0.000000000000000000 ) ) ;
#5426 = LINE ( 'NONE', #9116, #9962 ) ;
#5427 = APPLICATION_CONTEXT ( 'configuration controlled 3d designs of mechanical parts and assemblies' ) ;
#5428 = CALENDAR_DATE ( 2026, 29, 7 ) ;
#5429 = CARTESIAN_POINT ( 'NONE',  ( 0.000000000000000000, 285.0000000000000000, 0.000000000000000000 ) ) ;
#5430 = ORIENTED_EDGE ( 'NONE', *, *, #7119, .F. ) ;
#5431 = CC_DESIGN_PERSON_AND_ORGANIZATION_ASSIGNMENT ( #223, #9390, ( #725 ) ) ;
#5432 = EDGE_CURVE ( 'NONE', #6553, #1148, #1962, .T. ) ;
#5433 = ORIENTED_EDGE ( 'NONE', *, *, #10629, .F. ) ;
#5434 = CARTESIAN_POINT ( 'NONE',  ( 133.9625322141365871, 30.00000000000000000, 55.48909769293800309 ) ) ;
#5435 = CARTESIAN_POINT ( 'NONE',  ( 31.38004145393736266, 30.00000000000000000, 75.75812166592551478 ) ) ;
#5436 = CARTESIAN_POINT ( 'NONE',  ( 0.000000000000000000, 185.0000000000000000, 0.000000000000000000 ) ) ;
#5437 = CC_DESIGN_DATE_AND_TIME_ASSIGNMENT ( #5717, #1957, ( #4610 ) ) ;
#5438 = LINE ( 'NONE', #766, #5397 ) ;
#5439 = CARTESIAN_POINT ( 'NONE',  ( 135.0000000000000000, 0.000000000000000000, 114.0000000000000000 ) ) ;
#5440 = DIRECTION ( 'NONE',  ( 1.000000000000000000, 0.000000000000000000, 0.000000000000000000 ) ) ;
#5441 = APPROVAL_ROLE ( '' ) ;
#5442 = CALENDAR_DATE ( 2026, 29, 7 ) ;
#5443 = ORIENTED_EDGE ( 'NONE', *, *, #7366, .T. ) ;
#5444 = CARTESIAN_POINT ( 'NONE',  ( 32.52809175103263328, 260.0000000000000000, -87.52976026345938010 ) ) ;
#5445 = EDGE_LOOP ( 'NONE', ( #10549, #8904, #10682, #2410 ) ) ;
#5446 = EDGE_CURVE ( 'NONE', #3594, #9157, #4870, .T. ) ;
#5447 = ORIENTED_EDGE ( 'NONE', *, *, #1521, .T. ) ;
#5448 = CARTESIAN_POINT ( 'NONE',  ( -31.38004145393735911, 30.00000000000000000, -75.75812166592551478 ) ) ;
#5449 = ORIENTED_EDGE ( 'NONE', *, *, #5477, .F. ) ;
#5450 = DIRECTION ( 'NONE',  ( -0.000000000000000000, -1.000000000000000000, -0.000000000000000000 ) ) ;
#5451 = CARTESIAN_POINT ( 'NONE',  ( 272.5000000000000000, 38.00000000000000000, 68.99999999999997158 ) ) ;
#5452 = DIRECTION ( 'NONE',  ( 0.000000000000000000, 0.000000000000000000, 1.000000000000000000 ) ) ;
#5453 = EDGE_CURVE ( 'NONE', #2630, #3110, #4901, .T. ) ;
#5454 = PERSON_AND_ORGANIZATION ( #10860, #8800 ) ;
#5455 = AXIS2_PLACEMENT_3D ( 'NONE', #1058, #8689, #11367 ) ;
#5456 = VERTEX_POINT ( 'NONE', #9483 ) ;
#5457 = ORIENTED_EDGE ( 'NONE', *, *, #11001, .T. ) ;
#5458 = CYLINDRICAL_SURFACE ( 'NONE', #5471, 9.000000000000007105 ) ;
#5459 = ORIENTED_EDGE ( 'NONE', *, *, #9340, .F. ) ;
#5460 = DIRECTION ( 'NONE',  ( 1.000000000000000000, 0.000000000000000000, 0.000000000000000000 ) ) ;
#5461 = CARTESIAN_POINT ( 'NONE',  ( 0.000000000000000000, 95.00000000000000000, 0.000000000000000000 ) ) ;
#5462 = AXIS2_PLACEMENT_3D ( 'NONE', #11915, #9056, #865 ) ;
#5463 = DIRECTION ( 'NONE',  ( 0.000000000000000000, 0.000000000000000000, 1.000000000000000000 ) ) ;
#5464 = CARTESIAN_POINT ( 'NONE',  ( 75.75812166592551478, 30.00000000000000000, -31.38004145393736266 ) ) ;
#5465 = EDGE_CURVE ( 'NONE', #6300, #2304, #9364, .T. ) ;
#5466 = VECTOR ( 'NONE', #2799, 1000.000000000000000 ) ;
#5467 = VERTEX_POINT ( 'NONE', #4820 ) ;
#5468 = DATE_AND_TIME ( #7614, #11758 ) ;
#5469 = AXIS2_PLACEMENT_3D ( 'NONE', #11060, #2808, #3770 ) ;
#5470 = VERTEX_POINT ( 'NONE', #3776 ) ;
#5471 = AXIS2_PLACEMENT_3D ( 'NONE', #9156, #850, #8238 ) ;
#5472 = ORIENTED_EDGE ( 'NONE', *, *, #4773, .F. ) ;
#5473 = LINE ( 'NONE', #8251, #9370 ) ;
#5474 = VERTEX_POINT ( 'NONE', #1055 ) ;
#5475 = CARTESIAN_POINT ( 'NONE',  ( -180.0000000000000000, 0.000000000000000000, 155.0000000000000000 ) ) ;
#5476 = AXIS2_PLACEMENT_3D ( 'NONE', #5345, #7332, #4492 ) ;
#5477 = EDGE_CURVE ( 'NONE', #2063, #1976, #8184, .T. ) ;
#5478 = DIRECTION ( 'NONE',  ( -0.000000000000000000, -1.000000000000000000, -0.000000000000000000 ) ) ;
#5479 = CARTESIAN_POINT ( 'NONE',  ( 117.5000000000000000, 20.00000000000000000, 11.00000000000000000 ) ) ;
#5480 = AXIS2_PLACEMENT_3D ( 'NONE', #11782, #2430, #10558 ) ;
#5481 = DIRECTION ( 'NONE',  ( 0.000000000000000000, 1.000000000000000000, 0.000000000000000000 ) ) ;
#5482 = CARTESIAN_POINT ( 'NONE',  ( -105.0000000000000000, 0.000000000000000000, -95.00000000000000000 ) ) ;
#5483 = CARTESIAN_POINT ( 'NONE',  ( -180.0000000000000000, 34.00000000000000000, -12.00000000000000000 ) ) ;
#5484 = EDGE_CURVE ( 'NONE', #1703, #167, #5095, .T. ) ;
#5485 = PERSON_AND_ORGANIZATION ( #10284, #1695 ) ;
#5486 = DIRECTION ( 'NONE',  ( 0.000000000000000000, 1.000000000000000000, 0.000000000000000000 ) ) ;
#5487 = ORIENTED_EDGE ( 'NONE', *, *, #3424, .F. ) ;
#5488 = CIRCLE ( 'NONE', #9944, 52.50000000000000000 ) ;
#5489 = VERTEX_POINT ( 'NONE', #11364 ) ;
#5490 = CIRCLE ( 'NONE', #10512, 9.000000000000007105 ) ;
#5491 = FACE_OUTER_BOUND ( 'NONE', #10426, .T. ) ;
#5492 = CARTESIAN_POINT ( 'NONE',  ( -133.9625322141365871, 30.00000000000000000, -55.48909769293801730 ) ) ;
#5493 = CARTESIAN_POINT ( 'NONE',  ( -78.00000000000000000, 28.00000000000000000, 0.000000000000000000 ) ) ;
#5494 = DIRECTION ( 'NONE',  ( 0.000000000000000000, 0.000000000000000000, -1.000000000000000000 ) ) ;
#5495 = EDGE_CURVE ( 'NONE', #2210, #4355, #11305, .T. ) ;
#5496 = EDGE_CURVE ( 'NONE', #9714, #7644, #7046, .T. ) ;
#5497 = CYLINDRICAL_SURFACE ( 'NONE', #6104, 8.999999999999994671 ) ;
#5498 = EDGE_CURVE ( 'NONE', #7045, #4495, #8969, .T. ) ;
#5499 = AXIS2_PLACEMENT_3D ( 'NONE', #6895, #10594, #6652 ) ;
#5500 = VECTOR ( 'NONE', #2534, 1000.000000000000000 ) ;
#5501 = PERSON_AND_ORGANIZATION ( #10860, #8800 ) ;
#5502 = CALENDAR_DATE ( 2026, 29, 7 ) ;
#5503 = SECURITY_CLASSIFICATION_LEVEL ( 'unclassified' ) ;
#5504 = APPROVAL ( #9391, 'UNKNOWN' ) ;
#5505 = ORIENTED_EDGE ( 'NONE', *, *, #4441, .F. ) ;
#5506 = DIRECTION ( 'NONE',  ( -0.000000000000000000, -1.000000000000000000, -0.000000000000000000 ) ) ;
#5507 = EDGE_LOOP ( 'NONE', ( #2964, #11285, #6375, #3712 ) ) ;
#5508 = ORIENTED_EDGE ( 'NONE', *, *, #3183, .F. ) ;
#5509 = LINE ( 'NONE', #10287, #7308 ) ;
#5510 = VERTEX_POINT ( 'NONE', #2258 ) ;
#5511 = DIRECTION ( 'NONE',  ( 0.000000000000000000, 0.000000000000000000, 1.000000000000000000 ) ) ;
#5512 = EDGE_CURVE ( 'NONE', #5324, #8403, #3164, .T. ) ;
#5513 = DIRECTION ( 'NONE',  ( -0.000000000000000000, -1.000000000000000000, -0.000000000000000000 ) ) ;
#5514 = DESIGN_CONTEXT ( 'detailed design', #6037, 'design' ) ;
#5515 = CARTESIAN_POINT ( 'NONE',  ( 165.0000000000000000, 22.00000000000000000, 29.00000000000000000 ) ) ;
#5516 = CIRCLE ( 'NONE', #5312, 5.500000000000005329 ) ;
#5517 = CARTESIAN_POINT ( 'NONE',  ( 0.000000000000000000, 0.000000000000000000, 0.000000000000000000 ) ) ;
#5518 = PERSON_AND_ORGANIZATION ( #10860, #8800 ) ;
#5519 = EDGE_CURVE ( 'NONE', #7218, #7631, #3153, .T. ) ;
#5520 = ORIENTED_EDGE ( 'NONE', *, *, #4291, .F. ) ;
#5521 = ORIENTED_EDGE ( 'NONE', *, *, #4254, .T. ) ;
#5522 = AXIS2_PLACEMENT_3D ( 'NONE', #961, #11215, #1013 ) ;
#5523 = EDGE_CURVE ( 'NONE', #7634, #10111, #3229, .T. ) ;
#5524 = EDGE_LOOP ( 'NONE', ( #10125, #7339, #10057, #7393 ) ) ;
#5525 = PLANE ( 'NONE',  #7008 ) ;
#5526 = ORIENTED_EDGE ( 'NONE', *, *, #3659, .F. ) ;
#5527 = CARTESIAN_POINT ( 'NONE',  ( 85.00000000000000000, 0.000000000000000000, -67.00000000000000000 ) ) ;
#5528 = CARTESIAN_POINT ( 'NONE',  ( 245.0000000000000000, 20.00000000000000000, -31.03224129836582179 ) ) ;
#5529 = DIRECTION ( 'NONE',  ( -0.000000000000000000, -1.000000000000000000, -0.000000000000000000 ) ) ;
#5530 = AXIS2_PLACEMENT_3D ( 'NONE', #7359, #7475, #11197 ) ;
#5531 = ORIENTED_EDGE ( 'NONE', *, *, #6550, .T. ) ;
#5532 = VERTEX_POINT ( 'NONE', #10632 ) ;
#5533 = ORIENTED_EDGE ( 'NONE', *, *, #9668, .F. ) ;
#5534 = DIRECTION ( 'NONE',  ( 0.000000000000000000, -1.000000000000000000, 0.000000000000000000 ) ) ;
#5535 = DIRECTION ( 'NONE',  ( 0.000000000000000000, -1.000000000000000000, 0.000000000000000000 ) ) ;
#5536 = CARTESIAN_POINT ( 'NONE',  ( -75.75812166592551478, 30.00000000000000000, 31.38004145393735200 ) ) ;
#5537 = FACE_OUTER_BOUND ( 'NONE', #7708, .T. ) ;
#5538 = LINE ( 'NONE', #4452, #851 ) ;
#5539 = CC_DESIGN_SECURITY_CLASSIFICATION ( #10567, ( #9665 ) ) ;
#5540 = FACE_OUTER_BOUND ( 'NONE', #3458, .T. ) ;
#5541 = APPROVAL_DATE_TIME ( #10268, #8461 ) ;
#5542 = CARTESIAN_POINT ( 'NONE',  ( 0.000000000000000000, 0.000000000000000000, -68.99999999999998579 ) ) ;
#5543 = CIRCLE ( 'NONE', #6122, 43.99999999999997158 ) ;
#5544 = EDGE_LOOP ( 'NONE', ( #2996, #9468, #1458, #50 ) ) ;
#5545 = PLANE ( 'NONE',  #69 ) ;
#5546 = SECURITY_CLASSIFICATION ( '', '', #3006 ) ;
#5547 = EDGE_CURVE ( 'NONE', #11203, #1338, #6984, .T. ) ;
#5548 = CARTESIAN_POINT ( 'NONE',  ( 1.071565949253933966E-14, 285.0000000000000000, 87.50000000000000000 ) ) ;
#5549 = DIRECTION ( 'NONE',  ( 0.000000000000000000, 0.000000000000000000, 1.000000000000000000 ) ) ;
#5550 = FACE_OUTER_BOUND ( 'NONE', #679, .T. ) ;
#5551 = AXIS2_PLACEMENT_3D ( 'NONE', #6854, #491, #10620 ) ;
#5552 = FACE_OUTER_BOUND ( 'NONE', #1384, .T. ) ;
#5553 = ADVANCED_FACE ( 'NONE', ( #7894 ), #9850, .F. ) ;
#5554 = PERSON_AND_ORGANIZATION ( #10860, #8800 ) ;
#5555 = COORDINATED_UNIVERSAL_TIME_OFFSET ( 8, 0, .AHEAD. ) ;
#5556 = ORGANIZATION ( 'NAUO-ORG19', 'UNSPECIFIED', 'UNSPECIFIED' ) ;
#5557 = FACE_OUTER_BOUND ( 'NONE', #5048, .T. ) ;
#5558 = LOCAL_TIME ( 1, 43, 37.00000000000000000, #9871 ) ;
#5559 = VERTEX_POINT ( 'NONE', #6933 ) ;
#5560 = AXIS2_PLACEMENT_3D ( 'NONE', #8843, #10783, #11705 ) ;
#5561 = DIRECTION ( 'NONE',  ( 1.000000000000000000, 0.000000000000000000, 0.000000000000000000 ) ) ;
#5563 = EDGE_CURVE ( 'NONE', #9166, #4741, #2320, .T. ) ;
#5562 = EDGE_LOOP ( 'NONE', ( #4318, #9035, #5430, #10838 ) ) ;
#5564 = ORGANIZATION ( 'NAUO-ORG21', 'UNSPECIFIED', 'UNSPECIFIED' ) ;
#5565 = ORIENTED_EDGE ( 'NONE', *, *, #9176, .T. ) ;
#5566 = DIRECTION ( 'NONE',  ( 0.000000000000000000, 1.000000000000000000, 0.000000000000000000 ) ) ;
#5567 = SECURITY_CLASSIFICATION ( '', '', #9479 ) ;
#5568 = ORIENTED_EDGE ( 'NONE', *, *, #9807, .F. ) ;
#5569 = CARTESIAN_POINT ( 'NONE',  ( -196.0000000000000000, 20.00000000000000000, -43.99999999999997158 ) ) ;
#5570 = CARTESIAN_POINT ( 'NONE',  ( 7.225416114969383207E-15, 0.000000000000000000, 59.00000000000000711 ) ) ;
#5571 = CARTESIAN_POINT ( 'NONE',  ( -105.0000000000000000, 20.00000000000000000, -8.000000000000000000 ) ) ;
#5572 = ADVANCED_FACE ( 'NONE', ( #567 ), #11486, .T. ) ;
#5573 = VECTOR ( 'NONE', #1612, 1000.000000000000000 ) ;
#5574 = CALENDAR_DATE ( 2026, 29, 7 ) ;
#5575 = CC_DESIGN_APPROVAL ( #4907, ( #156 ) ) ;
#5576 = PRODUCT_DEFINITION ( 'æœ', '', #4962, #11214 ) ;
#5577 = EDGE_CURVE ( 'NONE', #5382, #5352, #417, .T. ) ;
#5578 = ORIENTED_EDGE ( 'NONE', *, *, #6550, .F. ) ;
#5579 = AXIS2_PLACEMENT_3D ( 'NONE', #9683, #5741, #1186 ) ;
#5580 = AXIS2_PLACEMENT_3D ( 'NONE', #10646, #1552, #2513 ) ;
#5581 = ORIENTED_EDGE ( 'NONE', *, *, #6262, .F. ) ;
#5582 = CARTESIAN_POINT ( 'NONE',  ( 75.00000000000000000, 0.000000000000000000, -12.00000000000000000 ) ) ;
#5583 = VERTEX_POINT ( 'NONE', #6864 ) ;
#5584 = LINE ( 'NONE', #7206, #7662 ) ;
#5585 = DIRECTION ( 'NONE',  ( 0.000000000000000000, 0.000000000000000000, -1.000000000000000000 ) ) ;
#5586 = DIRECTION ( 'NONE',  ( 1.000000000000000000, 0.000000000000000000, 0.000000000000000000 ) ) ;
#5587 = PLANE ( 'NONE',  #9164 ) ;
#5588 = ORIENTED_EDGE ( 'NONE', *, *, #5414, .F. ) ;
#5589 = EDGE_CURVE ( 'NONE', #457, #10797, #9785, .T. ) ;
#5590 = ORIENTED_EDGE ( 'NONE', *, *, #2014, .F. ) ;
#5591 = VERTEX_POINT ( 'NONE', #1539 ) ;
#5592 = VERTEX_POINT ( 'NONE', #11618 ) ;
#5593 = LINE ( 'NONE', #11237, #9138 ) ;
#5594 = PERSON_AND_ORGANIZATION_ROLE ( 'design_owner' ) ;
#5595 = ADVANCED_FACE ( 'NONE', ( #7829 ), #10811, .F. ) ;
#5596 = CIRCLE ( 'NONE', #10245, 9.000000000000007105 ) ;
#5597 = CARTESIAN_POINT ( 'NONE',  ( -272.5000000000000000, 38.00000000000000000, 0.000000000000000000 ) ) ;
#5598 = CARTESIAN_POINT ( 'NONE',  ( 105.0000000000000000, 220.0000000000000000, -95.00000000000000000 ) ) ;
#5599 = DESIGN_CONTEXT ( 'detailed design', #9762, 'design' ) ;
#5600 = CYLINDRICAL_SURFACE ( 'NONE', #957, 6.999999999999999112 ) ;
#5601 = DIRECTION ( 'NONE',  ( 0.000000000000000000, -0.000000000000000000, -1.000000000000000000 ) ) ;
#5602 = DIRECTION ( 'NONE',  ( 0.000000000000000000, 0.000000000000000000, -1.000000000000000000 ) ) ;
#5603 = EDGE_CURVE ( 'NONE', #9770, #11224, #4680, .T. ) ;
#5604 = PERSON_AND_ORGANIZATION_ROLE ( 'classification_officer' ) ;
#5605 = CARTESIAN_POINT ( 'NONE',  ( -55.48909769293801020, 30.00000000000000000, 133.9625322141365871 ) ) ;
#5606 = ORIENTED_EDGE ( 'NONE', *, *, #884, .T. ) ;
#5607 = AXIS2_PLACEMENT_3D ( 'NONE', #4118, #6002, #3766 ) ;
#5608 = ORIENTED_EDGE ( 'NONE', *, *, #964, .T. ) ;
#5609 = CARTESIAN_POINT ( 'NONE',  ( -105.0000000000000000, 20.00000000000000000, 8.000000000000000000 ) ) ;
#5610 = FACE_OUTER_BOUND ( 'NONE', #4754, .T. ) ;
#5611 = LINE ( 'NONE', #10945, #1138 ) ;
#5612 = CARTESIAN_POINT ( 'NONE',  ( 115.0000000000000000, 12.00000000000000000, -23.49999999999999645 ) ) ;
#5613 = DIRECTION ( 'NONE',  ( -0.000000000000000000, -1.000000000000000000, -0.000000000000000000 ) ) ;
#5614 = DATE_AND_TIME ( #1787, #1251 ) ;
#5615 = DATE_AND_TIME ( #1914, #2453 ) ;
#5616 = DIRECTION ( 'NONE',  ( -0.000000000000000000, -1.000000000000000000, -0.000000000000000000 ) ) ;
#5617 = ORIENTED_EDGE ( 'NONE', *, *, #8308, .T. ) ;
#5618 = ADVANCED_FACE ( 'NONE', ( #2439 ), #4269, .F. ) ;
#5619 = VERTEX_POINT ( 'NONE', #5296 ) ;
#5620 = LINE ( 'NONE', #7485, #11310 ) ;
#5621 = ORIENTED_EDGE ( 'NONE', *, *, #11027, .F. ) ;
#5622 = ORIENTED_EDGE ( 'NONE', *, *, #1790, .T. ) ;
#5623 = DIRECTION ( 'NONE',  ( 0.000000000000000000, 0.000000000000000000, 1.000000000000000000 ) ) ;
#5624 = ORIENTED_EDGE ( 'NONE', *, *, #4137, .T. ) ;
#5625 = CARTESIAN_POINT ( 'NONE',  ( -140.0000000000000000, 0.000000000000000000, -42.50000000000000000 ) ) ;
#5626 = DIRECTION ( 'NONE',  ( 0.000000000000000000, 0.000000000000000000, 1.000000000000000000 ) ) ;
#5627 = CYLINDRICAL_SURFACE ( 'NONE', #7630, 7.499999999999999112 ) ;
#5628 = DATE_AND_TIME ( #55, #283 ) ;
#5629 = APPROVAL_DATE_TIME ( #10413, #7557 ) ;
#5630 = EDGE_CURVE ( 'NONE', #909, #8315, #386, .T. ) ;
#5631 = ORIENTED_EDGE ( 'NONE', *, *, #7325, .F. ) ;
#5632 = EDGE_LOOP ( 'NONE', ( #10497, #6289, #2870, #1468 ) ) ;
#5633 = DIRECTION ( 'NONE',  ( 1.000000000000000000, 0.000000000000000000, 0.000000000000000000 ) ) ;
#5634 = EDGE_LOOP ( 'NONE', ( #6365, #3455, #6521, #10107 ) ) ;
#5635 = LINE ( 'NONE', #4670, #10580 ) ;
#5636 = DIRECTION ( 'NONE',  ( 0.000000000000000000, 0.000000000000000000, 1.000000000000000000 ) ) ;
#5637 = CC_DESIGN_DATE_AND_TIME_ASSIGNMENT ( #3604, #11750, ( #4209 ) ) ;
#5638 = CC_DESIGN_DATE_AND_TIME_ASSIGNMENT ( #5628, #3741, ( #6379 ) ) ;
#5639 = AXIS2_PLACEMENT_3D ( 'NONE', #10750, #9905, #1415 ) ;
#5640 = CARTESIAN_POINT ( 'NONE',  ( 0.000000000000000000, 285.0000000000000000, 0.000000000000000000 ) ) ;
#5641 = VERTEX_POINT ( 'NONE', #6082 ) ;
#5642 = ORIENTED_EDGE ( 'NONE', *, *, #11255, .T. ) ;
#5643 = CC_DESIGN_DATE_AND_TIME_ASSIGNMENT ( #6979, #10679, ( #545 ) ) ;
#5644 = PERSON ( 'NAUO-PER17', 'UNSPECIFIED', 'UNSPECIFIED', ('UNSPECIFIED'), ('UNSPECIFIED'), ('UNSPECIFIED') ) ;
#5645 = ORIENTED_EDGE ( 'NONE', *, *, #3354, .F. ) ;
#5646 = ORIENTED_EDGE ( 'NONE', *, *, #10547, .T. ) ;
#5647 = AXIS2_PLACEMENT_3D ( 'NONE', #490, #4196, #11654 ) ;
#5648 = CARTESIAN_POINT ( 'NONE',  ( 0.000000000000000000, 48.00000000000000000, 0.000000000000000000 ) ) ;
#5649 = DATE_AND_TIME ( #1101, #4191 ) ;
#5650 = CARTESIAN_POINT ( 'NONE',  ( -115.0000000000000000, 12.00000000000000000, 23.49999999999999645 ) ) ;
#5651 = CARTESIAN_POINT ( 'NONE',  ( 180.0000000000000000, 0.000000000000000000, -155.0000000000000000 ) ) ;
#5652 = FACE_OUTER_BOUND ( 'NONE', #2793, .T. ) ;
#5653 = DIRECTION ( 'NONE',  ( -0.000000000000000000, -1.000000000000000000, -0.000000000000000000 ) ) ;
#5654 = DIRECTION ( 'NONE',  ( 0.000000000000000000, 0.000000000000000000, -1.000000000000000000 ) ) ;
#5655 = AXIS2_PLACEMENT_3D ( 'NONE', #293, #4849, #967 ) ;
#5656 = EDGE_CURVE ( 'NONE', #1713, #2745, #997, .T. ) ;
#5657 = ORIENTED_EDGE ( 'NONE', *, *, #5945, .F. ) ;
#5658 = CIRCLE ( 'NONE', #3524, 68.99999999999998579 ) ;
#5659 = VERTEX_POINT ( 'NONE', #10865 ) ;
#5660 = CARTESIAN_POINT ( 'NONE',  ( 3.673940397442059178E-15, 285.0000000000000000, 30.00000000000000000 ) ) ;
#5661 = EDGE_CURVE ( 'NONE', #10989, #4736, #8943, .T. ) ;
#5662 = CARTESIAN_POINT ( 'NONE',  ( 135.0000000000000000, 31.00000000000000000, 11.00000000000000000 ) ) ;
#5663 = FACE_OUTER_BOUND ( 'NONE', #11268, .T. ) ;
#5664 = AXIS2_PLACEMENT_3D ( 'NONE', #3131, #10879, #6898 ) ;
#5665 = CARTESIAN_POINT ( 'NONE',  ( 180.0000000000000000, 22.00000000000000000, 12.00000000000000000 ) ) ;
#5666 = DIRECTION ( 'NONE',  ( -0.000000000000000000, -1.000000000000000000, -0.000000000000000000 ) ) ;
#5667 = AXIS2_PLACEMENT_3D ( 'NONE', #1264, #7927, #8784 ) ;
#5668 = PERSON_AND_ORGANIZATION_ROLE ( 'creator' ) ;
#5669 = PERSON_AND_ORGANIZATION_ROLE ( 'design_supplier' ) ;
#5670 = CARTESIAN_POINT ( 'NONE',  ( 75.00000000000000000, 12.00000000000000000, 12.00000000000000000 ) ) ;
#5671 = ORIENTED_EDGE ( 'NONE', *, *, #5785, .T. ) ;
#5672 = VECTOR ( 'NONE', #4853, 1000.000000000000000 ) ;
#5673 = SECURITY_CLASSIFICATION_LEVEL ( 'unclassified' ) ;
#5674 = ORIENTED_EDGE ( 'NONE', *, *, #4263, .T. ) ;
#5675 = DIRECTION ( 'NONE',  ( -1.000000000000000000, 0.000000000000000000, 0.000000000000000000 ) ) ;
#5676 = AXIS2_PLACEMENT_3D ( 'NONE', #5425, #10207, #4507 ) ;
#5677 = ORIENTED_EDGE ( 'NONE', *, *, #11982, .F. ) ;
#5678 = ORIENTED_EDGE ( 'NONE', *, *, #472, .F. ) ;
#5679 = PLANE ( 'NONE',  #740 ) ;
#5680 = VECTOR ( 'NONE', #8388, 1000.000000000000000 ) ;
#5681 = CIRCLE ( 'NONE', #8575, 6.999999999999999112 ) ;
#5682 = ORIENTED_EDGE ( 'NONE', *, *, #9287, .T. ) ;
#5683 = CARTESIAN_POINT ( 'NONE',  ( 196.0000000000000000, 34.00000000000000000, -57.99999999999999289 ) ) ;
#5684 = SHAPE_REPRESENTATION ( 'MKH-000_main_assembly', ( #7822, #1056, #10933, #2791 ), #4350 ) ;
#5685 = DIRECTION ( 'NONE',  ( 0.000000000000000000, 0.000000000000000000, 1.000000000000000000 ) ) ;
#5686 =( NAMED_UNIT ( * ) PLANE_ANGLE_UNIT ( ) SI_UNIT ( $, .RADIAN. ) );
#5687 = COORDINATED_UNIVERSAL_TIME_OFFSET ( 8, 0, .AHEAD. ) ;
#5688 = VECTOR ( 'NONE', #5828, 1000.000000000000000 ) ;
#5689 = CIRCLE ( 'NONE', #10338, 57.99999999999999289 ) ;
#5690 = CARTESIAN_POINT ( 'NONE',  ( -77.08053281221580733, 142.5000000000000000, 41.41064430052882983 ) ) ;
#5691 = VERTEX_POINT ( 'NONE', #4446 ) ;
#5692 = VERTEX_POINT ( 'NONE', #2621 ) ;
#5693 = DIRECTION ( 'NONE',  ( -0.000000000000000000, -1.000000000000000000, -0.000000000000000000 ) ) ;
#5694 = AXIS2_PLACEMENT_3D ( 'NONE', #11596, #10664, #4249 ) ;
#5695 = EDGE_CURVE ( 'NONE', #7428, #3261, #11077, .T. ) ;
#5696 = AXIS2_PLACEMENT_3D ( 'NONE', #3531, #3768, #11851 ) ;
#5697 = VERTEX_POINT ( 'NONE', #1718 ) ;
#5698 = CARTESIAN_POINT ( 'NONE',  ( -85.00000000000000000, 0.000000000000000000, 60.00000000000000000 ) ) ;
#5699 = DIRECTION ( 'NONE',  ( -0.000000000000000000, -1.000000000000000000, -0.000000000000000000 ) ) ;
#5700 = CARTESIAN_POINT ( 'NONE',  ( 15.00000000000000000, 28.00000000000000000, 7.500000000000000000 ) ) ;
#5701 = ORIENTED_EDGE ( 'NONE', *, *, #10231, .T. ) ;
#5702 = ORGANIZATION ( 'NAUO-ORG24', 'UNSPECIFIED', 'UNSPECIFIED' ) ;
#5703 = CIRCLE ( 'NONE', #7247, 87.50000000000000000 ) ;
#5704 = ORIENTED_EDGE ( 'NONE', *, *, #10474, .F. ) ;
#5705 = ORIENTED_EDGE ( 'NONE', *, *, #8677, .T. ) ;
#5706 = CC_DESIGN_PERSON_AND_ORGANIZATION_ASSIGNMENT ( #5122, #5978, ( #525 ) ) ;
#5707 = ORIENTED_EDGE ( 'NONE', *, *, #255, .T. ) ;
#5708 = CARTESIAN_POINT ( 'NONE',  ( 0.000000000000000000, 120.0000000000000000, 0.000000000000000000 ) ) ;
#5709 = PERSON_AND_ORGANIZATION ( #10860, #8800 ) ;
#5710 = ADVANCED_FACE ( 'NONE', ( #6491 ), #11977, .F. ) ;
#5711 = CARTESIAN_POINT ( 'NONE',  ( 0.000000000000000000, 36.00000000000000000, -46.00000000000000000 ) ) ;
#5712 = LINE ( 'NONE', #5825, #7585 ) ;
#5714 = DIRECTION ( 'NONE',  ( -0.000000000000000000, -1.000000000000000000, -0.000000000000000000 ) ) ;
#5713 = AXIS2_PLACEMENT_3D ( 'NONE', #8766, #2045, #5746 ) ;
#5715 = CARTESIAN_POINT ( 'NONE',  ( -120.0000000000000000, 0.000000000000000000, -110.0000000000000000 ) ) ;
#5716 = DIRECTION ( 'NONE',  ( 0.000000000000000000, 0.000000000000000000, -1.000000000000000000 ) ) ;
#5717 = DATE_AND_TIME ( #9300, #11384 ) ;
#5718 = ORIENTED_EDGE ( 'NONE', *, *, #2716, .F. ) ;
#5719 = ORIENTED_EDGE ( 'NONE', *, *, #5914, .T. ) ;
#5720 = CC_DESIGN_PERSON_AND_ORGANIZATION_ASSIGNMENT ( #5941, #7809, ( #8831 ) ) ;
#5721 = ADVANCED_FACE ( 'NONE', ( #747 ), #2680, .F. ) ;
#5722 = LINE ( 'NONE', #11423, #10135 ) ;
#5723 = VECTOR ( 'NONE', #11369, 1000.000000000000000 ) ;
#5724 = CARTESIAN_POINT ( 'NONE',  ( -180.0000000000000000, 0.000000000000000000, 12.00000000000000000 ) ) ;
#5725 = FACE_BOUND ( 'NONE', #9276, .T. ) ;
#5726 = PLANE ( 'NONE',  #2095 ) ;
#5727 = CIRCLE ( 'NONE', #5201, 87.50000000000000000 ) ;
#5728 = CARTESIAN_POINT ( 'NONE',  ( -78.52976026345936589, 0.000000000000000000, -41.52809175103262618 ) ) ;
#5729 = DATE_AND_TIME ( #7418, #2432 ) ;
#5730 = MECHANICAL_CONTEXT ( 'NONE', #3624, 'mechanical' ) ;
#5731 = CARTESIAN_POINT ( 'NONE',  ( -75.75812166592551478, 30.00000000000000000, -31.38004145393736266 ) ) ;
#5732 = ORIENTED_EDGE ( 'NONE', *, *, #9033, .T. ) ;
#5733 = ADVANCED_FACE ( 'NONE', ( #7394 ), #3650, .T. ) ;
#5734 = LOCAL_TIME ( 1, 43, 37.00000000000000000, #159 ) ;
#5735 = EDGE_LOOP ( 'NONE', ( #2603, #4805, #7998, #9888 ) ) ;
#5736 = CARTESIAN_POINT ( 'NONE',  ( -180.0000000000000000, 34.00000000000000000, 12.00000000000000000 ) ) ;
#5737 = VERTEX_POINT ( 'NONE', #3585 ) ;
#5738 = AXIS2_PLACEMENT_3D ( 'NONE', #5597, #8256, #11846 ) ;
#5739 = ORIENTED_EDGE ( 'NONE', *, *, #1817, .F. ) ;
#5740 = DIRECTION ( 'NONE',  ( -0.000000000000000000, -1.000000000000000000, -0.000000000000000000 ) ) ;
#5741 = DIRECTION ( 'NONE',  ( 0.000000000000000000, 1.000000000000000000, 0.000000000000000000 ) ) ;
#5742 = EDGE_CURVE ( 'NONE', #5474, #8543, #8131, .T. ) ;
#5743 = LINE ( 'NONE', #4838, #5758 ) ;
#5744 = ORIENTED_EDGE ( 'NONE', *, *, #4169, .F. ) ;
#5745 = LOCAL_TIME ( 1, 43, 37.00000000000000000, #7196 ) ;
#5746 = DIRECTION ( 'NONE',  ( 5.329070518200750605E-15, 0.000000000000000000, -1.000000000000000000 ) ) ;
#5747 = PERSON_AND_ORGANIZATION ( #10860, #8800 ) ;
#5748 = COORDINATED_UNIVERSAL_TIME_OFFSET ( 8, 0, .AHEAD. ) ;
#5749 = CIRCLE ( 'NONE', #11960, 7.000000000000006217 ) ;
#5750 = ORIENTED_EDGE ( 'NONE', *, *, #8324, .F. ) ;
#5751 = SECURITY_CLASSIFICATION ( '', '', #1321 ) ;
#5752 = CC_DESIGN_SECURITY_CLASSIFICATION ( #3806, ( #10982 ) ) ;
#5753 = DIRECTION ( 'NONE',  ( -0.000000000000000000, -1.000000000000000000, -0.000000000000000000 ) ) ;
#5754 = VERTEX_POINT ( 'NONE', #7343 ) ;
#5755 = VERTEX_POINT ( 'NONE', #11110 ) ;
#5756 = CARTESIAN_POINT ( 'NONE',  ( 85.00000000000000000, 120.0000000000000000, 60.00000000000000000 ) ) ;
#5757 = VERTEX_POINT ( 'NONE', #8192 ) ;
#5758 = VECTOR ( 'NONE', #959, 1000.000000000000000 ) ;
#5759 = DIRECTION ( 'NONE',  ( 0.000000000000000000, 1.000000000000000000, 0.000000000000000000 ) ) ;
#5760 = DIRECTION ( 'NONE',  ( 0.000000000000000000, 1.000000000000000000, 0.000000000000000000 ) ) ;
#5761 = APPROVAL_PERSON_ORGANIZATION ( #9675, #4176, #271 ) ;
#5762 = CARTESIAN_POINT ( 'NONE',  ( 32.52809175103263328, 260.0000000000000000, 78.52976026345938010 ) ) ;
#5763 = VERTEX_POINT ( 'NONE', #7283 ) ;
#5764 = EDGE_CURVE ( 'NONE', #111, #2551, #3117, .T. ) ;
#5765 = VERTEX_POINT ( 'NONE', #7219 ) ;
#5766 = AXIS2_PLACEMENT_3D ( 'NONE', #10522, #2151, #9560 ) ;
#5767 = VECTOR ( 'NONE', #651, 1000.000000000000000 ) ;
#5768 = VERTEX_POINT ( 'NONE', #5356 ) ;
#5769 = ORIENTED_EDGE ( 'NONE', *, *, #9144, .F. ) ;
#5770 = CARTESIAN_POINT ( 'NONE',  ( -135.0000000000000000, 0.000000000000000000, 105.0000000000000000 ) ) ;
#5771 = APPROVAL_PERSON_ORGANIZATION ( #7038, #5284, #5349 ) ;
#5772 = APPLICATION_PROTOCOL_DEFINITION ( 'international standard', 'config_control_design', 1994, #6881 ) ;
#5773 = DIRECTION ( 'NONE',  ( 0.000000000000000000, 0.000000000000000000, 1.000000000000000000 ) ) ;
#5774 = DIRECTION ( 'NONE',  ( -0.000000000000000000, 1.000000000000000000, -0.000000000000000000 ) ) ;
#5775 = CARTESIAN_POINT ( 'NONE',  ( -115.0000000000000000, 12.00000000000000000, 28.00000000000000000 ) ) ;
#5776 = AXIS2_PLACEMENT_3D ( 'NONE', #1911, #996, #7240 ) ;
#5777 = VECTOR ( 'NONE', #7728, 1000.000000000000000 ) ;
#5778 = DIRECTION ( 'NONE',  ( 0.000000000000000000, 0.000000000000000000, -1.000000000000000000 ) ) ;
#5779 = DATE_TIME_ROLE ( 'classification_date' ) ;
#5780 = EDGE_CURVE ( 'NONE', #10657, #1423, #10929, .T. ) ;
#5781 = ORIENTED_EDGE ( 'NONE', *, *, #7532, .T. ) ;
#5782 = ORIENTED_EDGE ( 'NONE', *, *, #9393, .F. ) ;
#5783 = AXIS2_PLACEMENT_3D ( 'NONE', #4212, #1358, #4388 ) ;
#5784 = DIRECTION ( 'NONE',  ( 0.000000000000000000, -0.000000000000000000, -1.000000000000000000 ) ) ;
#5785 = EDGE_CURVE ( 'NONE', #757, #2101, #6322, .T. ) ;
#5786 = CARTESIAN_POINT ( 'NONE',  ( 55.48909769293802441, 0.000000000000000000, -133.9625322141365871 ) ) ;
#5787 = CARTESIAN_POINT ( 'NONE',  ( -70.00000000000000000, 95.00000000000000000, -45.00000000000000000 ) ) ;
#5788 = CARTESIAN_POINT ( 'NONE',  ( -135.0000000000000000, 0.000000000000000000, 105.0000000000000000 ) ) ;
#5789 = FACE_BOUND ( 'NONE', #7328, .T. ) ;
#5790 = DATE_TIME_ROLE ( 'creation_date' ) ;
#5791 = CC_DESIGN_PERSON_AND_ORGANIZATION_ASSIGNMENT ( #644, #6219, ( #4209 ) ) ;
#5792 = APPROVAL_ROLE ( '' ) ;
#5794 = CARTESIAN_POINT ( 'NONE',  ( -75.75812166592551478, 30.00000000000000000, -31.38004145393736266 ) ) ;
#5793 = PRODUCT_RELATED_PRODUCT_CATEGORY ( 'detail', '', ( #421 ) ) ;
#5795 = ORIENTED_EDGE ( 'NONE', *, *, #7643, .T. ) ;
#5796 = AXIS2_PLACEMENT_3D ( 'NONE', #6496, #11981, #5424 ) ;
#5797 = ORIENTED_EDGE ( 'NONE', *, *, #1047, .T. ) ;
#5798 = CC_DESIGN_PERSON_AND_ORGANIZATION_ASSIGNMENT ( #6615, #873, ( #2470 ) ) ;
#5799 = CARTESIAN_POINT ( 'NONE',  ( 120.0000000000000000, 0.000000000000000000, 110.0000000000000000 ) ) ;
#5800 = ORIENTED_EDGE ( 'NONE', *, *, #5453, .F. ) ;
#5801 = CARTESIAN_POINT ( 'NONE',  ( -120.0000000000000000, 260.0000000000000000, 110.0000000000000000 ) ) ;
#5802 = CARTESIAN_POINT ( 'NONE',  ( 27.55320713028646651, 0.000000000000000000, -74.51932634081265405 ) ) ;
#5803 = CARTESIAN_POINT ( 'NONE',  ( 330.0000000000000000, 22.00000000000000000, -75.00000000000000000 ) ) ;
#5804 = CARTESIAN_POINT ( 'NONE',  ( -105.0000000000000000, 12.00000000000000000, -8.000000000000000000 ) ) ;
#5805 = APPROVAL_ROLE ( '' ) ;
#5806 = ITEM_DEFINED_TRANSFORMATION ( 'NONE', 'NONE', #11907,  #10725 ) ;
#5807 = ADVANCED_FACE ( 'NONE', ( #11050 ), #3471, .T. ) ;
#5808 = CARTESIAN_POINT ( 'NONE',  ( -75.75812166592551478, 30.00000000000000000, -24.38004145393736621 ) ) ;
#5809 = ORIENTED_EDGE ( 'NONE', *, *, #9811, .T. ) ;
#5810 = ORIENTED_EDGE ( 'NONE', *, *, #8478, .F. ) ;
#5811 = DIRECTION ( 'NONE',  ( 0.000000000000000000, 0.000000000000000000, 1.000000000000000000 ) ) ;
#5812 = VERTEX_POINT ( 'NONE', #5475 ) ;
#5813 = ADVANCED_FACE ( 'NONE', ( #10199, #8254, #1891, #8316, #9171 ), #925, .T. ) ;
#5814 = CARTESIAN_POINT ( 'NONE',  ( 52.50000000000000000, 0.000000000000000000, 131.0000000000000000 ) ) ;
#5815 = FACE_OUTER_BOUND ( 'NONE', #5189, .T. ) ;
#5816 =( LENGTH_UNIT ( ) NAMED_UNIT ( * ) SI_UNIT ( .MILLI., .METRE. ) );
#5817 = CARTESIAN_POINT ( 'NONE',  ( 0.000000000000000000, 0.000000000000000000, 0.000000000000000000 ) ) ;
#5818 = ORIENTED_EDGE ( 'NONE', *, *, #5302, .F. ) ;
#5819 = ORIENTED_EDGE ( 'NONE', *, *, #9351, .T. ) ;
#5820 = ORIENTED_EDGE ( 'NONE', *, *, #2377, .T. ) ;
#5821 = ORIENTED_EDGE ( 'NONE', *, *, #4095, .T. ) ;
#5822 = DIRECTION ( 'NONE',  ( 0.000000000000000000, 1.000000000000000000, 0.000000000000000000 ) ) ;
#5823 = COORDINATED_UNIVERSAL_TIME_OFFSET ( 8, 0, .AHEAD. ) ;
#5824 = DIRECTION ( 'NONE',  ( 0.000000000000000000, 0.000000000000000000, -1.000000000000000000 ) ) ;
#5825 = CARTESIAN_POINT ( 'NONE',  ( -110.0000000000000000, 28.00000000000000000, 24.00000000000000000 ) ) ;
#5826 = UNCERTAINTY_MEASURE_WITH_UNIT (LENGTH_MEASURE( 1.000000000000000082E-05 ), #6842, 'distance_accuracy_value', 'NONE');
#5827 = EDGE_CURVE ( 'NONE', #6971, #1535, #4630, .T. ) ;
#5828 = DIRECTION ( 'NONE',  ( -0.000000000000000000, -1.000000000000000000, -0.000000000000000000 ) ) ;
#5829 = DIRECTION ( 'NONE',  ( -0.000000000000000000, -1.000000000000000000, -0.000000000000000000 ) ) ;
#5830 = DATE_AND_TIME ( #6790, #8475 ) ;
#5831 = ORIENTED_EDGE ( 'NONE', *, *, #8914, .T. ) ;
#5832 = VECTOR ( 'NONE', #1117, 1000.000000000000000 ) ;
#5833 = ORIENTED_EDGE ( 'NONE', *, *, #7338, .F. ) ;
#5834 = FACE_BOUND ( 'NONE', #3331, .T. ) ;
#5835 = PRODUCT_DEFINITION_SHAPE ( 'NONE', 'NONE',  #10244 ) ;
#5836 = FACE_OUTER_BOUND ( 'NONE', #7422, .T. ) ;
#5837 = CARTESIAN_POINT ( 'NONE',  ( 27.55320713028646651, 0.000000000000000000, 66.51932634081265405 ) ) ;
#5838 = EDGE_CURVE ( 'NONE', #2922, #9143, #682, .T. ) ;
#5839 = DIRECTION ( 'NONE',  ( 1.000000000000000000, -0.000000000000000000, 0.000000000000000000 ) ) ;
#5840 = PLANE ( 'NONE',  #4896 ) ;
#5841 = AXIS2_PLACEMENT_3D ( 'NONE', #6200, #9904, #8930 ) ;
#5842 = DIRECTION ( 'NONE',  ( -0.000000000000000000, -1.000000000000000000, -0.000000000000000000 ) ) ;
#5843 = SHAPE_DEFINITION_REPRESENTATION ( #6911, #2671 ) ;
#5844 = MECHANICAL_CONTEXT ( 'NONE', #460, 'mechanical' ) ;
#5845 = CARTESIAN_POINT ( 'NONE',  ( 0.000000000000000000, 360.0000000000000000, 0.000000000000000000 ) ) ;
#5846 = VERTEX_POINT ( 'NONE', #7697 ) ;
#5847 = VECTOR ( 'NONE', #8921, 1000.000000000000000 ) ;
#5848 = EDGE_LOOP ( 'NONE', ( #1797, #2679 ) ) ;
#5849 = AXIS2_PLACEMENT_3D ( 'NONE', #1366, #8753, #7116 ) ;
#5850 = AXIS2_PLACEMENT_3D ( 'NONE', #4551, #8302, #1639 ) ;
#5851 = DIRECTION ( 'NONE',  ( 0.000000000000000000, 1.000000000000000000, 0.000000000000000000 ) ) ;
#5852 = CC_DESIGN_PERSON_AND_ORGANIZATION_ASSIGNMENT ( #7477, #5668, ( #9665 ) ) ;
#5853 = ORIENTED_EDGE ( 'NONE', *, *, #8399, .F. ) ;
#5854 = CYLINDRICAL_SURFACE ( 'NONE', #7694, 7.000000000000006217 ) ;
#5855 = CIRCLE ( 'NONE', #7208, 8.000000000000010658 ) ;
#5856 = ADVANCED_FACE ( 'NONE', ( #11287 ), #6607, .T. ) ;
#5857 = ORIENTED_EDGE ( 'NONE', *, *, #4919, .F. ) ;
#5858 = LINE ( 'NONE', #11572, #7111 ) ;
#5859 = CARTESIAN_POINT ( 'NONE',  ( 0.000000000000000000, 42.00000000000000000, 0.000000000000000000 ) ) ;
#5860 = VECTOR ( 'NONE', #10856, 1000.000000000000000 ) ;
#5861 = APPROVAL_ROLE ( '' ) ;
#5862 = CALENDAR_DATE ( 2026, 29, 7 ) ;
#5863 = APPROVAL ( #1917, 'UNKNOWN' ) ;
#5864 = APPROVAL_STATUS ( 'not_yet_approved' ) ;
#5865 = VECTOR ( 'NONE', #4330, 1000.000000000000000 ) ;
#5866 = CARTESIAN_POINT ( 'NONE',  ( 55.48909769293802441, 0.000000000000000000, -124.9625322141366013 ) ) ;
#5867 = ORIENTED_EDGE ( 'NONE', *, *, #8523, .F. ) ;
#5868 = AXIS2_PLACEMENT_3D ( 'NONE', #1779, #4579, #1908 ) ;
#5869 = AXIS2_PLACEMENT_3D ( 'NONE', #3205, #1454, #10728 ) ;
#5870 = EDGE_CURVE ( 'NONE', #7891, #3803, #4806, .T. ) ;
#5871 = ORIENTED_EDGE ( 'NONE', *, *, #11972, .F. ) ;
#5872 = PLANE ( 'NONE',  #9335 ) ;
#5873 = EDGE_LOOP ( 'NONE', ( #8085, #14 ) ) ;
#5874 = DIRECTION ( 'NONE',  ( 0.000000000000000000, 1.000000000000000000, 0.000000000000000000 ) ) ;
#5875 = DIRECTION ( 'NONE',  ( -0.000000000000000000, -1.000000000000000000, -0.000000000000000000 ) ) ;
#5876 = EDGE_CURVE ( 'NONE', #5310, #7264, #9326, .T. ) ;
#5877 = CALENDAR_DATE ( 2026, 29, 7 ) ;
#5878 = CARTESIAN_POINT ( 'NONE',  ( 25.22242005078183524, 0.000000000000000000, -83.78591484719802907 ) ) ;
#5879 = ORIENTED_EDGE ( 'NONE', *, *, #690, .T. ) ;
#5880 = AXIS2_PLACEMENT_3D ( 'NONE', #2226, #6831, #2287 ) ;
#5881 = EDGE_CURVE ( 'NONE', #11410, #11362, #4916, .T. ) ;
#5882 = EDGE_CURVE ( 'NONE', #4736, #1311, #9525, .T. ) ;
#5883 = ORIENTED_EDGE ( 'NONE', *, *, #4737, .T. ) ;
#5884 = ORIENTED_EDGE ( 'NONE', *, *, #1256, .T. ) ;
#5885 = ORIENTED_EDGE ( 'NONE', *, *, #3964, .T. ) ;
#5886 = FACE_OUTER_BOUND ( 'NONE', #4727, .T. ) ;
#5887 = DIRECTION ( 'NONE',  ( 0.000000000000000000, -0.000000000000000000, -1.000000000000000000 ) ) ;
#5888 = AXIS2_PLACEMENT_3D ( 'NONE', #9874, #10836, #6224 ) ;
#5889 = CARTESIAN_POINT ( 'NONE',  ( 105.0000000000000000, 220.0000000000000000, 95.00000000000000000 ) ) ;
#5890 = DIRECTION ( 'NONE',  ( 0.000000000000000000, 1.000000000000000000, 0.000000000000000000 ) ) ;
#5891 = LINE ( 'NONE', #4012, #4908 ) ;
#5892 = ADVANCED_FACE ( 'NONE', ( #4743 ), #10313, .F. ) ;
#5893 = CARTESIAN_POINT ( 'NONE',  ( -63.51086798706849379, 220.0000000000000000, 34.96597842945566725 ) ) ;
#5894 = APPROVAL_PERSON_ORGANIZATION ( #11577, #5344, #5861 ) ;
#5895 = VECTOR ( 'NONE', #6678, 1000.000000000000000 ) ;
#5896 = CALENDAR_DATE ( 2026, 29, 7 ) ;
#5897 = VERTEX_POINT ( 'NONE', #2860 ) ;
#5898 = ORIENTED_EDGE ( 'NONE', *, *, #4037, .F. ) ;
#5899 = CARTESIAN_POINT ( 'NONE',  ( 0.000000000000000000, 30.00000000000000000, 0.000000000000000000 ) ) ;
#5900 = DIRECTION ( 'NONE',  ( 0.000000000000000000, 1.000000000000000000, 0.000000000000000000 ) ) ;
#5901 = CC_DESIGN_SECURITY_CLASSIFICATION ( #4747, ( #9981 ) ) ;
#5902 = AXIS2_PLACEMENT_3D ( 'NONE', #7806, #5714, #9354 ) ;
#5903 = CARTESIAN_POINT ( 'NONE',  ( -27.55320713028645940, 220.0000000000000000, -66.51932634081263984 ) ) ;
#5904 = DIRECTION ( 'NONE',  ( -1.000000000000000000, -0.000000000000000000, -0.000000000000000000 ) ) ;
#5905 = ORIENTED_EDGE ( 'NONE', *, *, #4326, .T. ) ;
#5906 = DIRECTION ( 'NONE',  ( 0.000000000000000000, 0.000000000000000000, -1.000000000000000000 ) ) ;
#5907 = LINE ( 'NONE', #11085, #5291 ) ;
#5908 = DIRECTION ( 'NONE',  ( 0.000000000000000000, 0.000000000000000000, 1.000000000000000000 ) ) ;
#5909 = CALENDAR_DATE ( 2026, 29, 7 ) ;
#5910 = APPROVAL_STATUS ( 'not_yet_approved' ) ;
#5911 = DIRECTION ( 'NONE',  ( 0.000000000000000000, 1.000000000000000000, 0.000000000000000000 ) ) ;
#5912 = ORIENTED_EDGE ( 'NONE', *, *, #10184, .T. ) ;
#5913 = VECTOR ( 'NONE', #7592, 1000.000000000000000 ) ;
#5914 = EDGE_CURVE ( 'NONE', #10457, #7800, #8352, .T. ) ;
#5915 = ORIENTED_EDGE ( 'NONE', *, *, #10216, .F. ) ;
#5916 = FACE_OUTER_BOUND ( 'NONE', #4833, .T. ) ;
#5917 = ORIENTED_EDGE ( 'NONE', *, *, #3737, .F. ) ;
#5918 = LINE ( 'NONE', #3062, #6168 ) ;
#5919 = EDGE_CURVE ( 'NONE', #457, #4742, #2160, .T. ) ;
#5920 = CARTESIAN_POINT ( 'NONE',  ( -196.0000000000000000, 20.00000000000000000, 57.99999999999999289 ) ) ;
#5921 = DIRECTION ( 'NONE',  ( -1.000000000000000000, 0.000000000000000000, -0.000000000000000000 ) ) ;
#5922 = CARTESIAN_POINT ( 'NONE',  ( 0.000000000000000000, 42.00000000000000000, 0.000000000000000000 ) ) ;
#5923 = DATE_TIME_ROLE ( 'classification_date' ) ;
#5924 = PERSON_AND_ORGANIZATION ( #10860, #8800 ) ;
#5925 = LOCAL_TIME ( 1, 43, 37.00000000000000000, #10260 ) ;
#5926 = DATE_TIME_ROLE ( 'classification_date' ) ;
#5927 = ADVANCED_FACE ( 'NONE', ( #10373 ), #8430, .T. ) ;
#5928 = AXIS2_PLACEMENT_3D ( 'NONE', #7831, #2502, #6202 ) ;
#5929 = CYLINDRICAL_SURFACE ( 'NONE', #7606, 34.00000000000000000 ) ;
#5930 = ORIENTED_EDGE ( 'NONE', *, *, #3727, .T. ) ;
#5931 = ORIENTED_EDGE ( 'NONE', *, *, #6368, .F. ) ;
#5932 = CARTESIAN_POINT ( 'NONE',  ( -140.0000000000000000, 12.00000000000000000, 42.50000000000000000 ) ) ;
#5933 = APPROVAL_PERSON_ORGANIZATION ( #9211, #534, #9149 ) ;
#5934 = EDGE_CURVE ( 'NONE', #9770, #8301, #308, .T. ) ;
#5935 = ORIENTED_EDGE ( 'NONE', *, *, #7686, .T. ) ;
#5936 = LINE ( 'NONE', #4182, #7099 ) ;
#5937 = DIRECTION ( 'NONE',  ( 0.000000000000000000, 0.000000000000000000, -1.000000000000000000 ) ) ;
#5938 = CARTESIAN_POINT ( 'NONE',  ( 0.000000000000000000, 245.0000000000000000, 0.000000000000000000 ) ) ;
#5939 = DIRECTION ( 'NONE',  ( 0.000000000000000000, 0.000000000000000000, 1.000000000000000000 ) ) ;
#5940 = CIRCLE ( 'NONE', #9041, 7.000000000000020428 ) ;
#5941 = PERSON_AND_ORGANIZATION ( #10860, #8800 ) ;
#5942 = FACE_OUTER_BOUND ( 'NONE', #3087, .T. ) ;
#5943 = CC_DESIGN_PERSON_AND_ORGANIZATION_ASSIGNMENT ( #11153, #2775, ( #4962 ) ) ;
#5944 = CC_DESIGN_SECURITY_CLASSIFICATION ( #9623, ( #12008 ) ) ;
#5945 = EDGE_CURVE ( 'NONE', #7249, #200, #8609, .T. ) ;
#5946 = CC_DESIGN_SECURITY_CLASSIFICATION ( #6134, ( #4601 ) ) ;
#5947 = PRODUCT_DEFINITION_SHAPE ( 'NONE', 'NONE',  #5576 ) ;
#5948 = VERTEX_POINT ( 'NONE', #133 ) ;
#5949 = VERTEX_POINT ( 'NONE', #76 ) ;
#5950 = VERTEX_POINT ( 'NONE', #7519 ) ;
#5951 = PLANE ( 'NONE',  #628 ) ;
#5952 = APPROVAL ( #10858, 'UNKNOWN' ) ;
#5953 = DIRECTION ( 'NONE',  ( 0.000000000000000000, 0.000000000000000000, -1.000000000000000000 ) ) ;
#5954 = ADVANCED_BREP_SHAPE_REPRESENTATION ( '', ( #3916, #10725 ), #1230 ) ;
#5955 = CARTESIAN_POINT ( 'NONE',  ( 117.5000000000000000, 20.00000000000000000, 24.00000000000000000 ) ) ;
#5956 = CARTESIAN_POINT ( 'NONE',  ( 180.0000000000000000, 0.000000000000000000, 155.0000000000000000 ) ) ;
#5957 = PRODUCT_DEFINITION_FORMATION_WITH_SPECIFIED_SOURCE ( 'ä»', '', #9830, .NOT_KNOWN. ) ;
#5958 = UNCERTAINTY_MEASURE_WITH_UNIT (LENGTH_MEASURE( 1.000000000000000082E-05 ), #6372, 'distance_accuracy_value', 'NONE');
#5959 = DIRECTION ( 'NONE',  ( 0.000000000000000000, -0.000000000000000000, -1.000000000000000000 ) ) ;
#5960 = CLOSED_SHELL ( 'NONE', ( #7628, #5807, #11112, #5346, #11753, #6495, #577, #5423, #1143, #1918, #10732, #8224, #11105, #2271, #11531, #4009, #3134, #11607, #3265, #8510, #4847, #3095, #8544, #40 ) ) ;
#5961 = AXIS2_PLACEMENT_3D ( 'NONE', #5326, #11471, #9021 ) ;
#5962 = PERSON_AND_ORGANIZATION_ROLE ( 'classification_officer' ) ;
#5963 = ORIENTED_EDGE ( 'NONE', *, *, #4076, .F. ) ;
#5964 = CC_DESIGN_APPROVAL ( #5284, ( #3825 ) ) ;
#5965 = ORIENTED_EDGE ( 'NONE', *, *, #8014, .F. ) ;
#5966 = DIRECTION ( 'NONE',  ( 0.000000000000000000, 1.000000000000000000, 0.000000000000000000 ) ) ;
#5967 = EDGE_CURVE ( 'NONE', #11665, #3550, #4298, .T. ) ;
#5968 = VERTEX_POINT ( 'NONE', #8549 ) ;
#5969 = CARTESIAN_POINT ( 'NONE',  ( 78.52976026345936589, 260.0000000000000000, -41.52809175103262618 ) ) ;
#5970 = CIRCLE ( 'NONE', #5776, 6.999999999999999112 ) ;
#5971 = CIRCLE ( 'NONE', #3058, 9.000000000000007105 ) ;
#5972 = CARTESIAN_POINT ( 'NONE',  ( 55.48909769293802441, 30.00000000000000000, -133.9625322141365871 ) ) ;
#5973 = CYLINDRICAL_SURFACE ( 'NONE', #5783, 6.999999999999999112 ) ;
#5974 = FACE_BOUND ( 'NONE', #3085, .T. ) ;
#5975 = EDGE_CURVE ( 'NONE', #4831, #7561, #5593, .T. ) ;
#5976 = DIRECTION ( 'NONE',  ( -1.000000000000000000, -0.000000000000000000, -0.000000000000000000 ) ) ;
#5977 = CARTESIAN_POINT ( 'NONE',  ( 75.75812166592551478, 0.000000000000000000, 38.38004145393735200 ) ) ;
#5978 = PERSON_AND_ORGANIZATION_ROLE ( 'design_owner' ) ;
#5979 = DATE_AND_TIME ( #7903, #523 ) ;
#5980 = DIRECTION ( 'NONE',  ( -0.000000000000000000, -1.000000000000000000, -0.000000000000000000 ) ) ;
#5981 = ORIENTED_EDGE ( 'NONE', *, *, #4031, .F. ) ;
#5982 = VECTOR ( 'NONE', #11065, 1000.000000000000000 ) ;
#5983 = ORIENTED_EDGE ( 'NONE', *, *, #820, .F. ) ;
#5984 = LINE ( 'NONE', #4226, #9362 ) ;
#5985 = CARTESIAN_POINT ( 'NONE',  ( -272.5000000000000000, 0.000000000000000000, 0.000000000000000000 ) ) ;
#5986 = DIRECTION ( 'NONE',  ( 0.000000000000000000, 0.000000000000000000, -1.000000000000000000 ) ) ;
#5987 = CIRCLE ( 'NONE', #6556, 38.00000000000000000 ) ;
#5988 = DIRECTION ( 'NONE',  ( 0.000000000000000000, 0.000000000000000000, 1.000000000000000000 ) ) ;
#5989 = DIRECTION ( 'NONE',  ( -0.000000000000000000, -0.000000000000000000, 1.000000000000000000 ) ) ;
#5990 = ADVANCED_FACE ( 'NONE', ( #7635 ), #1100, .T. ) ;
#5991 = PERSON_AND_ORGANIZATION ( #10860, #8800 ) ;
#5992 = DATE_AND_TIME ( #4235, #8065 ) ;
#5993 = PERSON_AND_ORGANIZATION_ROLE ( 'classification_officer' ) ;
#5994 = CARTESIAN_POINT ( 'NONE',  ( 0.000000000000000000, 0.000000000000000000, -60.00000000000000000 ) ) ;
#5995 = CIRCLE ( 'NONE', #10437, 5.500000000000005329 ) ;
#5996 = ORIENTED_EDGE ( 'NONE', *, *, #5780, .T. ) ;
#5997 = ORIENTED_EDGE ( 'NONE', *, *, #2789, .T. ) ;
#5998 = DIRECTION ( 'NONE',  ( 1.000000000000000000, 0.000000000000000000, 0.000000000000000000 ) ) ;
#5999 = VERTEX_POINT ( 'NONE', #2912 ) ;
#6000 = DIRECTION ( 'NONE',  ( -0.000000000000000000, -1.000000000000000000, -0.000000000000000000 ) ) ;
#6001 = CARTESIAN_POINT ( 'NONE',  ( 117.5000000000000000, 20.00000000000000000, 24.00000000000000000 ) ) ;
#6002 = DIRECTION ( 'NONE',  ( -0.000000000000000000, -1.000000000000000000, -0.000000000000000000 ) ) ;
#6003 = EDGE_CURVE ( 'NONE', #11203, #8237, #193, .T. ) ;
#6004 = PERSON_AND_ORGANIZATION_ROLE ( 'design_owner' ) ;
#6005 = DIRECTION ( 'NONE',  ( -1.000000000000000000, 0.000000000000000000, 0.000000000000000000 ) ) ;
#6006 = ORIENTED_EDGE ( 'NONE', *, *, #11408, .F. ) ;
#6007 = VERTEX_POINT ( 'NONE', #6554 ) ;
#6008 = ORIENTED_EDGE ( 'NONE', *, *, #6524, .F. ) ;
#6009 = DIRECTION ( 'NONE',  ( 0.000000000000000000, 0.000000000000000000, -1.000000000000000000 ) ) ;
#6010 = CC_DESIGN_PERSON_AND_ORGANIZATION_ASSIGNMENT ( #5387, #8037, ( #9723 ) ) ;
#6011 = CARTESIAN_POINT ( 'NONE',  ( 70.00000000000000000, 0.000000000000000000, -45.00000000000000000 ) ) ;
#6012 = ADVANCED_FACE ( 'NONE', ( #1948 ), #9346, .F. ) ;
#6013 = FACE_OUTER_BOUND ( 'NONE', #1991, .T. ) ;
#6014 = PLANE ( 'NONE',  #9353 ) ;
#6015 = APPROVAL_DATE_TIME ( #256, #3646 ) ;
#6016 = CC_DESIGN_DATE_AND_TIME_ASSIGNMENT ( #11662, #4440, ( #1892 ) ) ;
#6017 = ORIENTED_EDGE ( 'NONE', *, *, #3727, .F. ) ;
#6018 = ORIENTED_EDGE ( 'NONE', *, *, #7558, .T. ) ;
#6019 = CARTESIAN_POINT ( 'NONE',  ( 7.960204194457797252E-15, 30.00000000000000000, 65.00000000000000000 ) ) ;
#6020 = ORIENTED_EDGE ( 'NONE', *, *, #11803, .F. ) ;
#6021 = DIRECTION ( 'NONE',  ( -0.000000000000000000, -1.000000000000000000, -0.000000000000000000 ) ) ;
#6022 = FACE_OUTER_BOUND ( 'NONE', #9818, .T. ) ;
#6023 = EDGE_CURVE ( 'NONE', #4742, #5013, #2931, .T. ) ;
#6024 = LINE ( 'NONE', #10690, #2289 ) ;
#6025 = CARTESIAN_POINT ( 'NONE',  ( 85.00000000000000000, 120.0000000000000000, 67.00000000000000000 ) ) ;
#6026 = FACE_OUTER_BOUND ( 'NONE', #6415, .T. ) ;
#6027 = FACE_OUTER_BOUND ( 'NONE', #5634, .T. ) ;
#6028 = DATE_AND_TIME ( #2327, #2824 ) ;
#6029 = ADVANCED_FACE ( 'NONE', ( #8861, #8673 ), #4128, .T. ) ;
#6030 = PERSON_AND_ORGANIZATION_ROLE ( 'creator' ) ;
#6031 = CARTESIAN_POINT ( 'NONE',  ( -180.0000000000000000, 34.00000000000000000, 12.00000000000000000 ) ) ;
#6032 = ORIENTED_EDGE ( 'NONE', *, *, #10070, .T. ) ;
#6033 = AXIS2_PLACEMENT_3D ( 'NONE', #9669, #5177, #8931 ) ;
#6034 = ORIENTED_EDGE ( 'NONE', *, *, #11012, .T. ) ;
#6035 = EDGE_CURVE ( 'NONE', #11186, #833, #9715, .T. ) ;
#6036 = LINE ( 'NONE', #10763, #6090 ) ;
#6037 = APPLICATION_CONTEXT ( 'configuration controlled 3d designs of mechanical parts and assemblies' ) ;
#6038 = CYLINDRICAL_SURFACE ( 'NONE', #7326, 180.0000000000000284 ) ;
#6039 = AXIS2_PLACEMENT_3D ( 'NONE', #10992, #2556, #10141 ) ;
#6040 = DIRECTION ( 'NONE',  ( 0.000000000000000000, 0.000000000000000000, 1.000000000000000000 ) ) ;
#6041 = DIRECTION ( 'NONE',  ( 0.000000000000000000, 1.000000000000000000, 0.000000000000000000 ) ) ;
#6042 = DIRECTION ( 'NONE',  ( -0.000000000000000000, -1.000000000000000000, -0.000000000000000000 ) ) ;
#6043 = APPROVAL_DATE_TIME ( #2338, #5344 ) ;
#6044 = APPLICATION_PROTOCOL_DEFINITION ( 'international standard', 'config_control_design', 1994, #613 ) ;
#6045 = CALENDAR_DATE ( 2026, 29, 7 ) ;
#6046 = VECTOR ( 'NONE', #63, 1000.000000000000000 ) ;
#6047 = DIRECTION ( 'NONE',  ( 0.000000000000000000, 0.000000000000000000, 1.000000000000000000 ) ) ;
#6048 = CIRCLE ( 'NONE', #10490, 8.999999999999980460 ) ;
#6049 = EDGE_LOOP ( 'NONE', ( #10612, #9634 ) ) ;
#6050 = VERTEX_POINT ( 'NONE', #8727 ) ;
#6051 = AXIS2_PLACEMENT_3D ( 'NONE', #693, #2329, #5246 ) ;
#6052 = VERTEX_POINT ( 'NONE', #2305 ) ;
#6053 = DIRECTION ( 'NONE',  ( -0.000000000000000000, -1.000000000000000000, -0.000000000000000000 ) ) ;
#6054 = DIRECTION ( 'NONE',  ( 0.000000000000000000, 0.000000000000000000, 1.000000000000000000 ) ) ;
#6055 = CYLINDRICAL_SURFACE ( 'NONE', #5607, 8.999999999999987566 ) ;
#6056 = DIRECTION ( 'NONE',  ( 0.9902680687415703620, -0.1391731009600654378, 0.000000000000000000 ) ) ;
#6057 = PERSON_AND_ORGANIZATION ( #10860, #8800 ) ;
#6058 = DIRECTION ( 'NONE',  ( 0.000000000000000000, 1.000000000000000000, 0.000000000000000000 ) ) ;
#6059 = VECTOR ( 'NONE', #8488, 1000.000000000000000 ) ;
#6060 = CIRCLE ( 'NONE', #9744, 110.0000000000000000 ) ;
#6061 = CIRCLE ( 'NONE', #9539, 8.999999999999980460 ) ;
#6062 = VERTEX_POINT ( 'NONE', #5099 ) ;
#6063 = EDGE_CURVE ( 'NONE', #1604, #2098, #1459, .T. ) ;
#6064 = EDGE_LOOP ( 'NONE', ( #9227, #2936, #2831, #4715 ) ) ;
#6065 = ORIENTED_EDGE ( 'NONE', *, *, #4405, .F. ) ;
#6066 = DIRECTION ( 'NONE',  ( 1.776356839400250465E-15, 0.000000000000000000, -1.000000000000000000 ) ) ;
#6067 = AXIS2_PLACEMENT_3D ( 'NONE', #4214, #8883, #3357 ) ;
#6068 = CARTESIAN_POINT ( 'NONE',  ( -330.0000000000000000, 22.00000000000000000, -38.14118508908709515 ) ) ;
#6069 = CARTESIAN_POINT ( 'NONE',  ( 133.9625322141365871, 30.00000000000000000, 46.48909769293798888 ) ) ;
#6070 = VECTOR ( 'NONE', #5753, 1000.000000000000000 ) ;
#6071 = CIRCLE ( 'NONE', #9550, 6.999999999999999112 ) ;
#6072 = DIRECTION ( 'NONE',  ( 1.000000000000000000, 0.000000000000000000, 0.000000000000000000 ) ) ;
#6073 = DIRECTION ( 'NONE',  ( -0.000000000000000000, -1.000000000000000000, 0.000000000000000000 ) ) ;
#6074 = CONTEXT_DEPENDENT_SHAPE_REPRESENTATION ( #11002, #9626 ) ;
#6075 = ORIENTED_EDGE ( 'NONE', *, *, #6602, .F. ) ;
#6076 = CC_DESIGN_PERSON_AND_ORGANIZATION_ASSIGNMENT ( #9252, #1122, ( #4378 ) ) ;
#6077 = ADVANCED_FACE ( 'NONE', ( #3333 ), #426, .F. ) ;
#6078 = ORIENTED_EDGE ( 'NONE', *, *, #7044, .T. ) ;
#6079 = AXIS2_PLACEMENT_3D ( 'NONE', #8340, #10169, #7311 ) ;
#6080 = CARTESIAN_POINT ( 'NONE',  ( 2.020667218593132784E-14, 0.000000000000000000, 165.0000000000000000 ) ) ;
#6081 = ORIENTED_EDGE ( 'NONE', *, *, #10401, .F. ) ;
#6082 = CARTESIAN_POINT ( 'NONE',  ( 52.50000000000000000, 28.00000000000000000, 131.0000000000000000 ) ) ;
#6083 = CARTESIAN_POINT ( 'NONE',  ( 0.000000000000000000, 305.0000000000000000, -39.00000000000000000 ) ) ;
#6084 = CARTESIAN_POINT ( 'NONE',  ( 330.0000000000000000, 0.000000000000000000, 75.00000000000000000 ) ) ;
#6085 = EDGE_CURVE ( 'NONE', #7187, #2120, #9524, .T. ) ;
#6087 = LINE ( 'NONE', #8747, #1540 ) ;
#6086 = VECTOR ( 'NONE', #6387, 1000.000000000000000 ) ;
#6088 = FACE_OUTER_BOUND ( 'NONE', #6970, .T. ) ;
#6089 = FACE_OUTER_BOUND ( 'NONE', #9383, .T. ) ;
#6090 = VECTOR ( 'NONE', #3483, 1000.000000000000000 ) ;
#6091 = PERSON_AND_ORGANIZATION ( #10860, #8800 ) ;
#6092 = CARTESIAN_POINT ( 'NONE',  ( -135.0000000000000000, 20.00000000000000000, 0.000000000000000000 ) ) ;
#6093 = VERTEX_POINT ( 'NONE', #6127 ) ;
#6094 = APPROVAL ( #4783, 'æœª' ) ;
#6095 = ADVANCED_FACE ( 'NONE', ( #9835, #9771, #3395, #3212, #2242, #1528 ), #2426, .F. ) ;
#6096 = CC_DESIGN_APPROVAL ( #2078, ( #11918 ) ) ;
#6097 = ORIENTED_EDGE ( 'NONE', *, *, #10118, .T. ) ;
#6098 = VECTOR ( 'NONE', #5150, 1000.000000000000000 ) ;
#6099 = DIRECTION ( 'NONE',  ( 0.000000000000000000, 1.000000000000000000, 0.000000000000000000 ) ) ;
#6100 = LINE ( 'NONE', #9863, #6742 ) ;
#6101 = CARTESIAN_POINT ( 'NONE',  ( 0.000000000000000000, 50.00000000000000000, 0.000000000000000000 ) ) ;
#6102 = PLANE ( 'NONE',  #8283 ) ;
#6103 = DIRECTION ( 'NONE',  ( 0.000000000000000000, 0.000000000000000000, 1.000000000000000000 ) ) ;
#6104 = AXIS2_PLACEMENT_3D ( 'NONE', #6452, #11933, #998 ) ;
#6105 = PERSON_AND_ORGANIZATION_ROLE ( 'classification_officer' ) ;
#6106 = ADVANCED_FACE ( 'NONE', ( #4981, #5159 ), #5951, .T. ) ;
#6107 = APPLICATION_PROTOCOL_DEFINITION ( 'international standard', 'config_control_design', 1994, #530 ) ;
#6108 = DATE_AND_TIME ( #6045, #713 ) ;
#6109 = DIRECTION ( 'NONE',  ( -0.000000000000000000, -1.000000000000000000, -0.000000000000000000 ) ) ;
#6110 = ORIENTED_EDGE ( 'NONE', *, *, #2839, .F. ) ;
#6111 = EDGE_CURVE ( 'NONE', #7893, #6928, #7996, .T. ) ;
#6112 = ORIENTED_EDGE ( 'NONE', *, *, #6811, .T. ) ;
#6113 = EDGE_LOOP ( 'NONE', ( #5750, #9262, #5884, #7382 ) ) ;
#6114 = DIRECTION ( 'NONE',  ( 0.000000000000000000, 0.000000000000000000, 1.000000000000000000 ) ) ;
#6115 = CARTESIAN_POINT ( 'NONE',  ( 245.0000000000000000, 0.000000000000000000, 64.00000000000000000 ) ) ;
#6116 = SECURITY_CLASSIFICATION ( '', '', #2862 ) ;
#6117 = CARTESIAN_POINT ( 'NONE',  ( -105.0000000000000000, 220.0000000000000000, -95.00000000000000000 ) ) ;
#6118 = DIRECTION ( 'NONE',  ( 1.000000000000000000, 0.000000000000000000, 0.000000000000000000 ) ) ;
#6119 = EDGE_CURVE ( 'NONE', #3311, #6582, #1340, .T. ) ;
#6120 = PERSON_AND_ORGANIZATION ( #10860, #8800 ) ;
#6121 = CARTESIAN_POINT ( 'NONE',  ( 15.00000000000000000, 28.00000000000000000, 7.500000000000000000 ) ) ;
#6122 = AXIS2_PLACEMENT_3D ( 'NONE', #6557, #10262, #374 ) ;
#6123 = EDGE_LOOP ( 'NONE', ( #2693, #7572, #9005, #3573 ) ) ;
#6124 = APPROVAL_PERSON_ORGANIZATION ( #7323, #905, #5335 ) ;
#6125 = EDGE_LOOP ( 'NONE', ( #8270, #7548, #3266, #3934 ) ) ;
#6126 = ORIENTED_EDGE ( 'NONE', *, *, #1095, .F. ) ;
#6127 = CARTESIAN_POINT ( 'NONE',  ( 59.00000000000000000, 42.00000000000000000, -24.00000000000000000 ) ) ;
#6128 = ORIENTED_EDGE ( 'NONE', *, *, #9712, .F. ) ;
#6129 = CIRCLE ( 'NONE', #710, 7.000000000000020428 ) ;
#6130 = DIRECTION ( 'NONE',  ( -0.000000000000000000, -1.000000000000000000, -0.000000000000000000 ) ) ;
#6131 = CARTESIAN_POINT ( 'NONE',  ( 272.5000000000000000, 38.00000000000000000, 68.99999999999997158 ) ) ;
#6132 =( NAMED_UNIT ( * ) PLANE_ANGLE_UNIT ( ) SI_UNIT ( $, .RADIAN. ) );
#6133 = CC_DESIGN_APPROVAL ( #8379, ( #9623 ) ) ;
#6134 = SECURITY_CLASSIFICATION ( '', '', #6573 ) ;
#6135 = CARTESIAN_POINT ( 'NONE',  ( -78.52976026345936589, 260.0000000000000000, 32.52809175103261907 ) ) ;
#6136 = EDGE_CURVE ( 'NONE', #11245, #663, #2181, .T. ) ;
#6137 = PERSON_AND_ORGANIZATION_ROLE ( 'classification_officer' ) ;
#6138 = ORIENTED_EDGE ( 'NONE', *, *, #1426, .T. ) ;
#6139 = CIRCLE ( 'NONE', #8651, 34.00000000000000000 ) ;
#6140 = ORIENTED_EDGE ( 'NONE', *, *, #8150, .F. ) ;
#6141 = DIRECTION ( 'NONE',  ( -0.000000000000000000, -0.000000000000000000, 1.000000000000000000 ) ) ;
#6142 = LOCAL_TIME ( 1, 43, 37.00000000000000000, #1850 ) ;
#6143 = ORIENTED_EDGE ( 'NONE', *, *, #1393, .T. ) ;
#6144 = DIRECTION ( 'NONE',  ( 0.000000000000000000, 0.000000000000000000, -1.000000000000000000 ) ) ;
#6145 = APPROVAL_PERSON_ORGANIZATION ( #11072, #89, #7539 ) ;
#6146 = PRODUCT_DEFINITION_SHAPE ( 'NONE', 'NONE',  #11994 ) ;
#6147 = PLANE ( 'NONE',  #1857 ) ;
#6148 = CARTESIAN_POINT ( 'NONE',  ( -180.0000000000000000, 28.00000000000000000, 155.0000000000000000 ) ) ;
#6149 = FACE_BOUND ( 'NONE', #4913, .T. ) ;
#6150 = CYLINDRICAL_SURFACE ( 'NONE', #8774, 4.500000000000007105 ) ;
#6151 = CIRCLE ( 'NONE', #922, 130.0000000000000000 ) ;
#6152 = DIRECTION ( 'NONE',  ( -0.000000000000000000, -1.000000000000000000, -0.000000000000000000 ) ) ;
#6153 = EDGE_CURVE ( 'NONE', #9090, #2922, #11606, .T. ) ;
#6154 = MECHANICAL_CONTEXT ( 'NONE', #7269, 'mechanical' ) ;
#6155 = PLANE ( 'NONE',  #54 ) ;
#6156 = APPROVAL_PERSON_ORGANIZATION ( #3419, #2905, #10819 ) ;
#6157 = ORIENTED_EDGE ( 'NONE', *, *, #9327, .T. ) ;
#6158 = AXIS2_PLACEMENT_3D ( 'NONE', #6176, #3213, #5953 ) ;
#6159 = LINE ( 'NONE', #1370, #2408 ) ;
#6160 = CARTESIAN_POINT ( 'NONE',  ( -135.0000000000000000, 28.00000000000000000, 95.99999999999998579 ) ) ;
#6161 = SECURITY_CLASSIFICATION ( '', '', #6769 ) ;
#6162 = DIRECTION ( 'NONE',  ( -0.000000000000000000, -1.000000000000000000, -0.000000000000000000 ) ) ;
#6163 = APPROVAL ( #9747, 'æœª' ) ;
#6164 = CARTESIAN_POINT ( 'NONE',  ( 115.0000000000000000, 0.000000000000000000, 28.00000000000000000 ) ) ;
#6165 = ADVANCED_FACE ( 'NONE', ( #5886 ), #10671, .F. ) ;
#6166 = DIRECTION ( 'NONE',  ( 0.000000000000000000, 0.000000000000000000, 1.000000000000000000 ) ) ;
#6167 = PERSON_AND_ORGANIZATION ( #10860, #8800 ) ;
#6168 = VECTOR ( 'NONE', #5740, 1000.000000000000000 ) ;
#6169 = PERSON_AND_ORGANIZATION ( #10860, #8800 ) ;
#6170 = DATE_AND_TIME ( #470, #8454 ) ;
#6171 = CC_DESIGN_PERSON_AND_ORGANIZATION_ASSIGNMENT ( #8022, #4395, ( #5187 ) ) ;
#6172 = LINE ( 'NONE', #8954, #88 ) ;
#6173 = ORIENTED_EDGE ( 'NONE', *, *, #5302, .T. ) ;
#6174 = VECTOR ( 'NONE', #3843, 1000.000000000000000 ) ;
#6175 = VERTEX_POINT ( 'NONE', #7936 ) ;
#6176 = CARTESIAN_POINT ( 'NONE',  ( -75.00000000000000000, 12.00000000000000000, 12.00000000000000000 ) ) ;
#6177 = ORIENTED_EDGE ( 'NONE', *, *, #7321, .T. ) ;
#6178 = CYLINDRICAL_SURFACE ( 'NONE', #1299, 9.000000000000021316 ) ;
#6179 = LINE ( 'NONE', #9092, #2182 ) ;
#6180 = CARTESIAN_POINT ( 'NONE',  ( 115.0000000000000000, 12.00000000000000000, -28.00000000000000000 ) ) ;
#6181 = APPLICATION_PROTOCOL_DEFINITION ( 'international standard', 'config_control_design', 1994, #10443 ) ;
#6182 = CARTESIAN_POINT ( 'NONE',  ( 34.96597842945568146, 122.5000000000000000, -63.51086798706846537 ) ) ;
#6183 = EDGE_CURVE ( 'NONE', #1409, #3868, #1203, .T. ) ;
#6184 = VECTOR ( 'NONE', #8134, 1000.000000000000000 ) ;
#6185 = ORIENTED_EDGE ( 'NONE', *, *, #4305, .T. ) ;
#6186 = VERTEX_POINT ( 'NONE', #8176 ) ;
#6187 = EDGE_CURVE ( 'NONE', #10654, #7561, #425, .T. ) ;
#6188 = EDGE_LOOP ( 'NONE', ( #300, #8519, #3406, #192 ) ) ;
#6189 = DIRECTION ( 'NONE',  ( -0.000000000000000000, 1.000000000000000000, -0.000000000000000000 ) ) ;
#6190 = ORIENTED_EDGE ( 'NONE', *, *, #273, .T. ) ;
#6191 = LINE ( 'NONE', #7819, #11754 ) ;
#6192 = DIRECTION ( 'NONE',  ( -0.000000000000000000, -1.000000000000000000, -0.000000000000000000 ) ) ;
#6193 = EDGE_CURVE ( 'NONE', #2039, #5763, #4883, .T. ) ;
#6194 = LINE ( 'NONE', #9896, #5860 ) ;
#6195 = SECURITY_CLASSIFICATION_LEVEL ( 'unclassified' ) ;
#6196 = VERTEX_POINT ( 'NONE', #11833 ) ;
#6197 = ORIENTED_EDGE ( 'NONE', *, *, #8150, .T. ) ;
#6198 = CARTESIAN_POINT ( 'NONE',  ( -115.0000000000000000, 12.00000000000000000, 28.00000000000000000 ) ) ;
#6199 = VERTEX_POINT ( 'NONE', #4616 ) ;
#6200 = CARTESIAN_POINT ( 'NONE',  ( 0.000000000000000000, 225.0000000000000000, 0.000000000000000000 ) ) ;
#6201 = ADVANCED_FACE ( 'NONE', ( #10852 ), #5525, .F. ) ;
#6202 = DIRECTION ( 'NONE',  ( 0.000000000000000000, 0.000000000000000000, 1.000000000000000000 ) ) ;
#6203 = CARTESIAN_POINT ( 'NONE',  ( 0.000000000000000000, 42.00000000000000711, 0.000000000000000000 ) ) ;
#6204 = DIRECTION ( 'NONE',  ( 0.000000000000000000, 1.000000000000000000, 0.000000000000000000 ) ) ;
#6205 = CARTESIAN_POINT ( 'NONE',  ( -272.5000000000000000, 38.00000000000000000, -68.99999999999998579 ) ) ;
#6206 = DIRECTION ( 'NONE',  ( -0.000000000000000000, -1.000000000000000000, -0.000000000000000000 ) ) ;
#6207 = APPROVAL_STATUS ( 'not_yet_approved' ) ;
#6208 = CARTESIAN_POINT ( 'NONE',  ( -52.50000000000000000, 0.000000000000000000, 99.00000000000000000 ) ) ;
#6209 = ORIENTED_EDGE ( 'NONE', *, *, #7366, .F. ) ;
#6210 = CARTESIAN_POINT ( 'NONE',  ( -330.0000000000000000, 22.00000000000000000, 75.00000000000000000 ) ) ;
#6211 = EDGE_CURVE ( 'NONE', #4495, #7045, #3125, .T. ) ;
#6212 = DIRECTION ( 'NONE',  ( -0.000000000000000000, -1.000000000000000000, -0.000000000000000000 ) ) ;
#6213 = DIRECTION ( 'NONE',  ( 0.000000000000000000, -1.000000000000000000, 0.000000000000000000 ) ) ;
#6214 = DIRECTION ( 'NONE',  ( -1.000000000000000000, -0.000000000000000000, -0.000000000000000000 ) ) ;
#6215 = DIRECTION ( 'NONE',  ( 0.000000000000000000, 0.000000000000000000, 1.000000000000000000 ) ) ;
#6216 = AXIS2_PLACEMENT_3D ( 'NONE', #2027, #1170, #3165 ) ;
#6217 = DIRECTION ( 'NONE',  ( 0.000000000000000000, 0.000000000000000000, 1.000000000000000000 ) ) ;
#6218 = PERSON_AND_ORGANIZATION_ROLE ( 'design_supplier' ) ;
#6219 = PERSON_AND_ORGANIZATION_ROLE ( 'classification_officer' ) ;
#6220 = APPROVAL_ROLE ( '' ) ;
#6221 = PERSON ( 'NAUO-PER4', 'UNSPECIFIED', 'UNSPECIFIED', ('UNSPECIFIED'), ('UNSPECIFIED'), ('UNSPECIFIED') ) ;
#6222 = APPROVAL ( #8695, 'æœª' ) ;
#6223 = AXIS2_PLACEMENT_3D ( 'NONE', #1473, #5174, #8876 ) ;
#6224 = DIRECTION ( 'NONE',  ( 0.000000000000000000, 0.000000000000000000, 1.000000000000000000 ) ) ;
#6226 = EDGE_CURVE ( 'NONE', #4432, #1564, #8366, .T. ) ;
#6225 = ORIENTED_EDGE ( 'NONE', *, *, #11969, .T. ) ;
#6227 = ORIENTED_EDGE ( 'NONE', *, *, #8246, .T. ) ;
#6228 = DIRECTION ( 'NONE',  ( 0.000000000000000000, 0.000000000000000000, 1.000000000000000000 ) ) ;
#6229 = VERTEX_POINT ( 'NONE', #10912 ) ;
#6230 = CARTESIAN_POINT ( 'NONE',  ( 0.000000000000000000, 220.0000000000000000, 0.000000000000000000 ) ) ;
#6231 = CARTESIAN_POINT ( 'NONE',  ( -25.22242005078192406, 142.5000000000000000, 83.78591484719800064 ) ) ;
#6232 = CC_DESIGN_DATE_AND_TIME_ASSIGNMENT ( #4105, #5926, ( #5164 ) ) ;
#6233 = CARTESIAN_POINT ( 'NONE',  ( -196.0000000000000000, 0.000000000000000000, -43.99999999999997158 ) ) ;
#6234 = DIRECTION ( 'NONE',  ( 1.000000000000000000, 0.000000000000000000, 0.000000000000000000 ) ) ;
#6235 = APPROVAL_STATUS ( 'not_yet_approved' ) ;
#6236 = DIRECTION ( 'NONE',  ( 0.000000000000000000, 0.000000000000000000, 1.000000000000000000 ) ) ;
#6237 = AXIS2_PLACEMENT_3D ( 'NONE', #7754, #3216, #11473 ) ;
#6238 = ORIENTED_EDGE ( 'NONE', *, *, #3627, .F. ) ;
#6239 = PRODUCT_DEFINITION_SHAPE ( 'NONE', 'NONE',  #8756 ) ;
#6240 = ADVANCED_FACE ( 'NONE', ( #789 ), #2491, .F. ) ;
#6241 = ORIENTED_EDGE ( 'NONE', *, *, #3167, .F. ) ;
#6242 = ORIENTED_EDGE ( 'NONE', *, *, #1465, .F. ) ;
#6243 = CIRCLE ( 'NONE', #9343, 165.0000000000000000 ) ;
#6244 = CARTESIAN_POINT ( 'NONE',  ( 70.00000000000000000, 0.000000000000000000, 45.00000000000000000 ) ) ;
#6245 = ORIENTED_EDGE ( 'NONE', *, *, #8325, .F. ) ;
#6246 = EDGE_CURVE ( 'NONE', #7025, #547, #11469, .T. ) ;
#6247 = LINE ( 'NONE', #914, #10197 ) ;
#6248 = DIRECTION ( 'NONE',  ( 0.000000000000000000, 1.000000000000000000, 0.000000000000000000 ) ) ;
#6249 = AXIS2_PLACEMENT_3D ( 'NONE', #9463, #10302, #11275 ) ;
#6250 = LINE ( 'NONE', #10919, #1414 ) ;
#6251 = ORIENTED_EDGE ( 'NONE', *, *, #2004, .T. ) ;
#6252 = AXIS2_PLACEMENT_3D ( 'NONE', #6721, #2000, #10425 ) ;
#6253 = EDGE_CURVE ( 'NONE', #1510, #2240, #11776, .T. ) ;
#6254 = SECURITY_CLASSIFICATION_LEVEL ( 'unclassified' ) ;
#6255 = ORIENTED_EDGE ( 'NONE', *, *, #4755, .F. ) ;
#6256 = AXIS2_PLACEMENT_3D ( 'NONE', #4273, #3295, #11735 ) ;
#6257 = ORIENTED_EDGE ( 'NONE', *, *, #1676, .F. ) ;
#6258 = LINE ( 'NONE', #11913, #1225 ) ;
#6259 = VERTEX_POINT ( 'NONE', #730 ) ;
#6260 = DIRECTION ( 'NONE',  ( 0.000000000000000000, 0.000000000000000000, -1.000000000000000000 ) ) ;
#6261 = VECTOR ( 'NONE', #1590, 1000.000000000000000 ) ;
#6262 = EDGE_CURVE ( 'NONE', #2794, #11841, #3137, .T. ) ;
#6263 = DIRECTION ( 'NONE',  ( 0.000000000000000000, 1.000000000000000000, 0.000000000000000000 ) ) ;
#6264 = LINE ( 'NONE', #9971, #6810 ) ;
#6265 = FACE_BOUND ( 'NONE', #11772, .T. ) ;
#6266 = CYLINDRICAL_SURFACE ( 'NONE', #7794, 57.99999999999999289 ) ;
#6267 = CARTESIAN_POINT ( 'NONE',  ( -41.41064430052897194, 0.000000000000000000, 77.08053281221573627 ) ) ;
#6268 = CIRCLE ( 'NONE', #3158, 5.500000000000005329 ) ;
#6269 = CALENDAR_DATE ( 2026, 29, 7 ) ;
#6270 = DIRECTION ( 'NONE',  ( -0.000000000000000000, -1.000000000000000000, -0.000000000000000000 ) ) ;
#6271 = AXIS2_PLACEMENT_3D ( 'NONE', #7217, #1083, #7161 ) ;
#6272 = ORIENTED_EDGE ( 'NONE', *, *, #9766, .T. ) ;
#6273 = CARTESIAN_POINT ( 'NONE',  ( -135.0000000000000000, 28.00000000000000000, -95.99999999999998579 ) ) ;
#6274 = AXIS2_PLACEMENT_3D ( 'NONE', #9823, #7987, #4119 ) ;
#6275 = CIRCLE ( 'NONE', #7620, 8.999999999999994671 ) ;
#6276 = FACE_OUTER_BOUND ( 'NONE', #1088, .T. ) ;
#6277 = CARTESIAN_POINT ( 'NONE',  ( 110.0000000000000000, 28.00000000000000000, 24.00000000000000000 ) ) ;
#6278 = CIRCLE ( 'NONE', #5888, 6.999999999999999112 ) ;
#6279 = DIRECTION ( 'NONE',  ( 0.000000000000000000, 0.000000000000000000, -1.000000000000000000 ) ) ;
#6280 = LINE ( 'NONE', #2516, #4802 ) ;
#6281 = DIRECTION ( 'NONE',  ( 0.000000000000000000, 0.000000000000000000, 1.000000000000000000 ) ) ;
#6282 = SECURITY_CLASSIFICATION_LEVEL ( 'unclassified' ) ;
#6283 = PERSON_AND_ORGANIZATION ( #10860, #8800 ) ;
#6284 = AXIS2_PLACEMENT_3D ( 'NONE', #4606, #10844, #8296 ) ;
#6285 = EDGE_CURVE ( 'NONE', #1944, #6093, #1577, .T. ) ;
#6286 = DATE_AND_TIME ( #9196, #2648 ) ;
#6287 = VECTOR ( 'NONE', #1629, 1000.000000000000000 ) ;
#6288 = FACE_OUTER_BOUND ( 'NONE', #11080, .T. ) ;
#6289 = ORIENTED_EDGE ( 'NONE', *, *, #10401, .T. ) ;
#6290 = ORIENTED_EDGE ( 'NONE', *, *, #559, .F. ) ;
#6291 = PLANE ( 'NONE',  #6158 ) ;
#6292 = VECTOR ( 'NONE', #2218, 1000.000000000000000 ) ;
#6294 = EDGE_CURVE ( 'NONE', #1148, #8668, #8749, .T. ) ;
#6293 = EDGE_LOOP ( 'NONE', ( #3133, #5098 ) ) ;
#6295 = FACE_OUTER_BOUND ( 'NONE', #10072, .T. ) ;
#6296 = LINE ( 'NONE', #6231, #6830 ) ;
#6297 = CARTESIAN_POINT ( 'NONE',  ( -31.38004145393735911, 30.00000000000000000, 82.75812166592554320 ) ) ;
#6298 = APPROVAL_ROLE ( '' ) ;
#6299 = EDGE_CURVE ( 'NONE', #1586, #6199, #1396, .T. ) ;
#6300 = VERTEX_POINT ( 'NONE', #7266 ) ;
#6301 = CIRCLE ( 'NONE', #3194, 95.00000000000001421 ) ;
#6302 = ADVANCED_FACE ( 'NONE', ( #6416 ), #6306, .F. ) ;
#6303 = EDGE_LOOP ( 'NONE', ( #4714, #4669, #1071, #1873 ) ) ;
#6304 = AXIS2_PLACEMENT_3D ( 'NONE', #5788, #3895, #8626 ) ;
#6305 = ORIENTED_EDGE ( 'NONE', *, *, #301, .F. ) ;
#6306 = CYLINDRICAL_SURFACE ( 'NONE', #7976, 8.000000000000010658 ) ;
#6307 = VERTEX_POINT ( 'NONE', #6367 ) ;
#6308 = DIRECTION ( 'NONE',  ( -0.000000000000000000, -1.000000000000000000, -0.000000000000000000 ) ) ;
#6309 = CARTESIAN_POINT ( 'NONE',  ( -115.0000000000000000, 12.00000000000000000, -28.00000000000000000 ) ) ;
#6310 = CC_DESIGN_PERSON_AND_ORGANIZATION_ASSIGNMENT ( #6057, #10665, ( #5350 ) ) ;
#6311 = ADVANCED_FACE ( 'NONE', ( #1753 ), #5458, .F. ) ;
#6312 = DIRECTION ( 'NONE',  ( 0.000000000000000000, 1.000000000000000000, 0.000000000000000000 ) ) ;
#6313 = VERTEX_POINT ( 'NONE', #11957 ) ;
#6314 = APPROVAL_DATE_TIME ( #11839, #5952 ) ;
#6315 = APPROVAL_PERSON_ORGANIZATION ( #9642, #2523, #10789 ) ;
#6316 = EDGE_LOOP ( 'NONE', ( #11421, #5797, #4719, #2391 ) ) ;
#6317 = CC_DESIGN_PERSON_AND_ORGANIZATION_ASSIGNMENT ( #10509, #4088, ( #7871 ) ) ;
#6318 = ORIENTED_EDGE ( 'NONE', *, *, #589, .T. ) ;
#6319 = CARTESIAN_POINT ( 'NONE',  ( -31.38004145393735911, 30.00000000000000000, 75.75812166592551478 ) ) ;
#6320 = AXIS2_PLACEMENT_3D ( 'NONE', #6011, #668, #9706 ) ;
#6321 = ORIENTED_EDGE ( 'NONE', *, *, #6811, .F. ) ;
#6322 = LINE ( 'NONE', #6430, #44 ) ;
#6323 = CARTESIAN_POINT ( 'NONE',  ( 180.0000000000000000, 34.00000000000000000, 12.00000000000000000 ) ) ;
#6324 = CARTESIAN_POINT ( 'NONE',  ( -70.00000000000000000, 95.00000000000000000, 50.50000000000000000 ) ) ;
#6325 = CC_DESIGN_SECURITY_CLASSIFICATION ( #5350, ( #8831 ) ) ;
#6326 = DIRECTION ( 'NONE',  ( 0.000000000000000000, -1.000000000000000000, 0.000000000000000000 ) ) ;
#6327 = CARTESIAN_POINT ( 'NONE',  ( -31.38004145393735911, 30.00000000000000000, -75.75812166592551478 ) ) ;
#6328 = CARTESIAN_POINT ( 'NONE',  ( 15.00000000000000000, 28.00000000000000000, -7.500000000000000000 ) ) ;
#6329 = COORDINATED_UNIVERSAL_TIME_OFFSET ( 8, 0, .AHEAD. ) ;
#6330 = DIRECTION ( 'NONE',  ( 0.000000000000000000, 0.000000000000000000, -1.000000000000000000 ) ) ;
#6331 = ORIENTED_EDGE ( 'NONE', *, *, #10909, .T. ) ;
#6332 = ADVANCED_FACE ( 'NONE', ( #3632 ), #7329, .F. ) ;
#6333 = LOCAL_TIME ( 1, 43, 37.00000000000000000, #4414 ) ;
#6334 = CC_DESIGN_APPROVAL ( #9053, ( #4601 ) ) ;
#6335 = ORIENTED_EDGE ( 'NONE', *, *, #8621, .T. ) ;
#6336 = CARTESIAN_POINT ( 'NONE',  ( 110.0000000000000000, 28.00000000000000000, -24.00000000000000000 ) ) ;
#6337 = ADVANCED_FACE ( 'NONE', ( #8595 ), #2901, .F. ) ;
#6338 = DIRECTION ( 'NONE',  ( -0.000000000000000000, 1.000000000000000000, -0.000000000000000000 ) ) ;
#6339 = DIRECTION ( 'NONE',  ( -0.000000000000000000, -1.000000000000000000, -0.000000000000000000 ) ) ;
#6340 = FACE_OUTER_BOUND ( 'NONE', #9286, .T. ) ;
#6341 = APPLICATION_CONTEXT ( 'configuration controlled 3d designs of mechanical parts and assemblies' ) ;
#6342 = DIRECTION ( 'NONE',  ( -0.000000000000000000, -0.000000000000000000, 1.000000000000000000 ) ) ;
#6343 = CC_DESIGN_APPROVAL ( #4545, ( #2234 ) ) ;
#6344 = CARTESIAN_POINT ( 'NONE',  ( 272.5000000000000000, 22.00000000000000000, 68.99999999999997158 ) ) ;
#6345 = COORDINATED_UNIVERSAL_TIME_OFFSET ( 8, 0, .AHEAD. ) ;
#6346 = DATE_TIME_ROLE ( 'creation_date' ) ;
#6347 = COORDINATED_UNIVERSAL_TIME_OFFSET ( 8, 0, .AHEAD. ) ;
#6348 = ORIENTED_EDGE ( 'NONE', *, *, #2765, .F. ) ;
#6349 = CC_DESIGN_SECURITY_CLASSIFICATION ( #156, ( #12000 ) ) ;
#6350 = CARTESIAN_POINT ( 'NONE',  ( 0.000000000000000000, 260.0000000000000000, 0.000000000000000000 ) ) ;
#6351 = VERTEX_POINT ( 'NONE', #2114 ) ;
#6352 = ORIENTED_EDGE ( 'NONE', *, *, #10752, .T. ) ;
#6353 = DIRECTION ( 'NONE',  ( -0.000000000000000000, -1.000000000000000000, -0.000000000000000000 ) ) ;
#6354 = EDGE_CURVE ( 'NONE', #4679, #8141, #10249, .T. ) ;
#6355 = VERTEX_POINT ( 'NONE', #6594 ) ;
#6356 = VECTOR ( 'NONE', #944, 1000.000000000000000 ) ;
#6357 = VECTOR ( 'NONE', #895, 1000.000000000000000 ) ;
#6358 = FACE_OUTER_BOUND ( 'NONE', #1469, .T. ) ;
#6359 = CARTESIAN_POINT ( 'NONE',  ( -75.75812166592551478, 30.00000000000000000, -38.38004145393736621 ) ) ;
#6360 = CARTESIAN_POINT ( 'NONE',  ( -165.0000000000000000, 0.000000000000000000, -29.00000000000000000 ) ) ;
#6361 = CALENDAR_DATE ( 2026, 29, 7 ) ;
#6362 = VERTEX_POINT ( 'NONE', #10299 ) ;
#6363 = ADVANCED_FACE ( 'NONE', ( #1198 ), #6480, .T. ) ;
#6364 = AXIS2_PLACEMENT_3D ( 'NONE', #5787, #11307, #9485 ) ;
#6365 = ORIENTED_EDGE ( 'NONE', *, *, #3504, .F. ) ;
#6366 = ORIENTED_EDGE ( 'NONE', *, *, #420, .F. ) ;
#6367 = CARTESIAN_POINT ( 'NONE',  ( -117.5000000000000000, 0.000000000000000000, -11.00000000000000000 ) ) ;
#6368 = EDGE_CURVE ( 'NONE', #117, #1150, #1973, .T. ) ;
#6369 = ORIENTED_EDGE ( 'NONE', *, *, #8914, .F. ) ;
#6370 = LINE ( 'NONE', #10128, #3418 ) ;
#6371 = DIRECTION ( 'NONE',  ( 0.000000000000000000, 1.000000000000000000, 0.000000000000000000 ) ) ;
#6372 =( LENGTH_UNIT ( ) NAMED_UNIT ( * ) SI_UNIT ( .MILLI., .METRE. ) );
#6373 = CARTESIAN_POINT ( 'NONE',  ( 0.000000000000000000, 42.00000000000000000, 0.000000000000000000 ) ) ;
#6374 = CALENDAR_DATE ( 2026, 29, 7 ) ;
#6375 = ORIENTED_EDGE ( 'NONE', *, *, #1172, .T. ) ;
#6376 = PERSON ( 'NAUO-PER18', 'UNSPECIFIED', 'UNSPECIFIED', ('UNSPECIFIED'), ('UNSPECIFIED'), ('UNSPECIFIED') ) ;
#6377 = EDGE_LOOP ( 'NONE', ( #5340, #4255, #9228, #2254 ) ) ;
#6378 = DIRECTION ( 'NONE',  ( -0.000000000000000000, -1.000000000000000000, -0.000000000000000000 ) ) ;
#6379 = PRODUCT_DEFINITION ( 'æœ', '', #11918, #10205 ) ;
#6380 = VERTEX_POINT ( 'NONE', #10186 ) ;
#6381 = CARTESIAN_POINT ( 'NONE',  ( -196.0000000000000000, 20.00000000000000000, 0.000000000000000000 ) ) ;
#6382 = ADVANCED_FACE ( 'NONE', ( #1875, #4792, #9397, #2053, #9510, #4668, #1994, #7381, #3747, #7443 ), #10360, .F. ) ;
#6383 = DIRECTION ( 'NONE',  ( 0.000000000000000000, 1.000000000000000000, 0.000000000000000000 ) ) ;
#6384 = CYLINDRICAL_SURFACE ( 'NONE', #1777, 4.500000000000003553 ) ;
#6385 = DIRECTION ( 'NONE',  ( -0.000000000000000000, -1.000000000000000000, -0.000000000000000000 ) ) ;
#6386 = FACE_OUTER_BOUND ( 'NONE', #10808, .T. ) ;
#6387 = DIRECTION ( 'NONE',  ( -0.000000000000000000, -1.000000000000000000, -0.000000000000000000 ) ) ;
#6388 = COORDINATED_UNIVERSAL_TIME_OFFSET ( 8, 0, .AHEAD. ) ;
#6389 = CARTESIAN_POINT ( 'NONE',  ( 101.0000000000000000, 42.00000000000000000, -24.00000000000000000 ) ) ;
#6390 = ORIENTED_EDGE ( 'NONE', *, *, #9712, .T. ) ;
#6391 = ORIENTED_EDGE ( 'NONE', *, *, #9195, .F. ) ;
#6392 = EDGE_CURVE ( 'NONE', #9847, #4928, #11676, .T. ) ;
#6393 = CARTESIAN_POINT ( 'NONE',  ( -70.00000000000000000, 95.00000000000000000, -50.50000000000000000 ) ) ;
#6394 = DIRECTION ( 'NONE',  ( -1.000000000000000000, 0.000000000000000000, 0.000000000000000000 ) ) ;
#6395 = PLANE ( 'NONE',  #6549 ) ;
#6396 = CARTESIAN_POINT ( 'NONE',  ( 75.75812166592551478, 30.00000000000000000, 24.38004145393735200 ) ) ;
#6397 = EDGE_CURVE ( 'NONE', #9635, #2423, #8534, .T. ) ;
#6398 = CARTESIAN_POINT ( 'NONE',  ( 5.388445916248353619E-15, 225.0000000000000000, 44.00000000000000000 ) ) ;
#6399 = DATE_AND_TIME ( #1616, #5327 ) ;
#6400 = APPLICATION_PROTOCOL_DEFINITION ( 'international standard', 'config_control_design', 1994, #6037 ) ;
#6401 = CONTEXT_DEPENDENT_SHAPE_REPRESENTATION ( #3706, #9037 ) ;
#6402 = EDGE_CURVE ( 'NONE', #7682, #7944, #8558, .T. ) ;
#6403 = VERTEX_POINT ( 'NONE', #5582 ) ;
#6404 = CARTESIAN_POINT ( 'NONE',  ( -330.0000000000000000, 0.000000000000000000, 38.14118508908709515 ) ) ;
#6405 = ORIENTED_EDGE ( 'NONE', *, *, #3284, .T. ) ;
#6406 = ORIENTED_EDGE ( 'NONE', *, *, #8888, .F. ) ;
#6407 = LINE ( 'NONE', #9318, #7886 ) ;
#6408 = EDGE_LOOP ( 'NONE', ( #5606, #10422, #8607, #10626 ) ) ;
#6409 = FACE_OUTER_BOUND ( 'NONE', #8912, .T. ) ;
#6410 = DIRECTION ( 'NONE',  ( 0.000000000000000000, 0.000000000000000000, 1.000000000000000000 ) ) ;
#6411 = FACE_OUTER_BOUND ( 'NONE', #358, .T. ) ;
#6412 = PERSON_AND_ORGANIZATION ( #10860, #8800 ) ;
#6413 = VERTEX_POINT ( 'NONE', #11334 ) ;
#6414 = EDGE_LOOP ( 'NONE', ( #4995, #1446, #3197, #9494 ) ) ;
#6415 = EDGE_LOOP ( 'NONE', ( #2899, #454 ) ) ;
#6416 = FACE_OUTER_BOUND ( 'NONE', #1566, .T. ) ;
#6417 = VERTEX_POINT ( 'NONE', #1086 ) ;
#6418 = PLANE ( 'NONE',  #9812 ) ;
#6419 = FACE_OUTER_BOUND ( 'NONE', #4258, .T. ) ;
#6420 = AXIS2_PLACEMENT_3D ( 'NONE', #3523, #7163, #11790 ) ;
#6421 = FACE_BOUND ( 'NONE', #9701, .T. ) ;
#6422 = CIRCLE ( 'NONE', #4881, 87.50000000000000000 ) ;
#6423 = VERTEX_POINT ( 'NONE', #2782 ) ;
#6424 = EDGE_CURVE ( 'NONE', #10298, #2132, #8355, .T. ) ;
#6425 = CIRCLE ( 'NONE', #9341, 95.00000000000001421 ) ;
#6426 = ORIENTED_EDGE ( 'NONE', *, *, #4740, .F. ) ;
#6427 = AXIS2_PLACEMENT_3D ( 'NONE', #10551, #7751, #7028 ) ;
#6428 = EDGE_LOOP ( 'NONE', ( #968, #306, #10470, #6958 ) ) ;
#6429 = ORIENTED_EDGE ( 'NONE', *, *, #4259, .T. ) ;
#6430 = CARTESIAN_POINT ( 'NONE',  ( -180.0000000000000000, 28.00000000000000000, 155.0000000000000000 ) ) ;
#6431 = CIRCLE ( 'NONE', #2568, 52.50000000000000000 ) ;
#6432 = EDGE_CURVE ( 'NONE', #2252, #7251, #8953, .T. ) ;
#6433 = CARTESIAN_POINT ( 'NONE',  ( -34.96597842945568857, 122.5000000000000000, 63.51086798706846537 ) ) ;
#6434 = FACE_BOUND ( 'NONE', #2971, .T. ) ;
#6435 = UNCERTAINTY_MEASURE_WITH_UNIT (LENGTH_MEASURE( 1.000000000000000082E-05 ), #5816, 'distance_accuracy_value', 'NONE');
#6436 = AXIS2_PLACEMENT_3D ( 'NONE', #6923, #1464, #5959 ) ;
#6437 = DIRECTION ( 'NONE',  ( 0.000000000000000000, -0.000000000000000000, -1.000000000000000000 ) ) ;
#6438 = DIRECTION ( 'NONE',  ( -1.000000000000000000, -0.000000000000000000, -0.000000000000000000 ) ) ;
#6439 = FACE_OUTER_BOUND ( 'NONE', #7738, .T. ) ;
#6440 = ITEM_DEFINED_TRANSFORMATION ( 'NONE', 'NONE', #4738,  #10725 ) ;
#6441 = LINE ( 'NONE', #6389, #7202 ) ;
#6442 = AXIS2_PLACEMENT_3D ( 'NONE', #9487, #1174, #4658 ) ;
#6443 = EDGE_CURVE ( 'NONE', #6653, #5754, #10421, .T. ) ;
#6444 = ORIENTED_EDGE ( 'NONE', *, *, #9176, .F. ) ;
#6445 = AXIS2_PLACEMENT_3D ( 'NONE', #941, #8328, #10877 ) ;
#6446 = AXIS2_PLACEMENT_3D ( 'NONE', #5670, #9254, #722 ) ;
#6447 = CARTESIAN_POINT ( 'NONE',  ( -140.0000000000000000, 0.000000000000000000, -42.50000000000000000 ) ) ;
#6448 = EDGE_CURVE ( 'NONE', #2094, #5641, #11158, .T. ) ;
#6449 = DIRECTION ( 'NONE',  ( -0.000000000000000000, -1.000000000000000000, -0.000000000000000000 ) ) ;
#6450 = CARTESIAN_POINT ( 'NONE',  ( -196.0000000000000000, 0.000000000000000000, 0.000000000000000000 ) ) ;
#6451 = CARTESIAN_POINT ( 'NONE',  ( -180.0000000000000000, 34.00000000000000000, 12.00000000000000000 ) ) ;
#6452 = CARTESIAN_POINT ( 'NONE',  ( -78.52976026345936589, 260.0000000000000000, -32.52809175103263328 ) ) ;
#6453 = VECTOR ( 'NONE', #863, 1000.000000000000000 ) ;
#6454 = AXIS2_PLACEMENT_3D ( 'NONE', #9612, #11497, #1303 ) ;
#6455 = PERSON_AND_ORGANIZATION ( #10860, #8800 ) ;
#6456 = CC_DESIGN_PERSON_AND_ORGANIZATION_ASSIGNMENT ( #11529, #6004, ( #11576 ) ) ;
#6457 = APPROVAL_STATUS ( 'not_yet_approved' ) ;
#6459 = ADVANCED_FACE ( 'NONE', ( #4728, #8418, #3809, #9573, #9074, #7860, #10472, #6276, #7801 ), #1670, .T. ) ;
#6458 = CARTESIAN_POINT ( 'NONE',  ( 32.52809175103263328, 0.000000000000000000, -87.52976026345938010 ) ) ;
#6460 = ORIENTED_EDGE ( 'NONE', *, *, #11453, .F. ) ;
#6461 = DIRECTION ( 'NONE',  ( 0.000000000000000000, 0.000000000000000000, 1.000000000000000000 ) ) ;
#6462 = ORIENTED_EDGE ( 'NONE', *, *, #2546, .T. ) ;
#6463 = AXIS2_PLACEMENT_3D ( 'NONE', #774, #8157, #11874 ) ;
#6464 = ORIENTED_EDGE ( 'NONE', *, *, #11870, .T. ) ;
#6465 = CARTESIAN_POINT ( 'NONE',  ( -78.00000000000000000, 28.00000000000000000, -7.499999999999999112 ) ) ;
#6466 = ORIENTED_EDGE ( 'NONE', *, *, #1204, .F. ) ;
#6467 = EDGE_CURVE ( 'NONE', #8668, #11520, #2552, .T. ) ;
#6468 = CARTESIAN_POINT ( 'NONE',  ( -135.0000000000000000, 31.00000000000000000, -11.00000000000000000 ) ) ;
#6469 = DIRECTION ( 'NONE',  ( 0.000000000000000000, 0.000000000000000000, 1.000000000000000000 ) ) ;
#6470 = DESIGN_CONTEXT ( 'detailed design', #9137, 'design' ) ;
#6471 = PLANE ( 'NONE',  #10741 ) ;
#6472 =( LENGTH_UNIT ( ) NAMED_UNIT ( * ) SI_UNIT ( .MILLI., .METRE. ) );
#6473 = SHAPE_DEFINITION_REPRESENTATION ( #5947, #1433 ) ;
#6474 = ORIENTED_EDGE ( 'NONE', *, *, #907, .T. ) ;
#6475 = ADVANCED_FACE ( 'NONE', ( #476 ), #11588, .F. ) ;
#6476 = CC_DESIGN_APPROVAL ( #2298, ( #10517 ) ) ;
#6477 = ORIENTED_EDGE ( 'NONE', *, *, #11951, .F. ) ;
#6478 = CIRCLE ( 'NONE', #1252, 72.50000000000000000 ) ;
#6479 = ORIENTED_EDGE ( 'NONE', *, *, #8137, .F. ) ;
#6480 = CYLINDRICAL_SURFACE ( 'NONE', #7772, 68.99999999999997158 ) ;
#6481 = ORIENTED_EDGE ( 'NONE', *, *, #3623, .T. ) ;
#6482 = ADVANCED_FACE ( 'NONE', ( #2166 ), #5872, .T. ) ;
#6483 = DIRECTION ( 'NONE',  ( 0.000000000000000000, 0.000000000000000000, -1.000000000000000000 ) ) ;
#6484 = DIRECTION ( 'NONE',  ( 0.000000000000000000, 0.000000000000000000, 1.000000000000000000 ) ) ;
#6485 = FACE_BOUND ( 'NONE', #6897, .T. ) ;
#6486 = ORIENTED_EDGE ( 'NONE', *, *, #7070, .T. ) ;
#6487 = VECTOR ( 'NONE', #5440, 1000.000000000000000 ) ;
#6488 = EDGE_LOOP ( 'NONE', ( #3347, #7948, #2180, #275 ) ) ;
#6489 = VERTEX_POINT ( 'NONE', #3264 ) ;
#6490 = EDGE_LOOP ( 'NONE', ( #2720, #6548, #11773, #2715 ) ) ;
#6491 = FACE_OUTER_BOUND ( 'NONE', #1328, .T. ) ;
#6492 = PERSON_AND_ORGANIZATION_ROLE ( 'classification_officer' ) ;
#6493 = DIRECTION ( 'NONE',  ( 0.000000000000000000, 0.000000000000000000, -1.000000000000000000 ) ) ;
#6494 = CARTESIAN_POINT ( 'NONE',  ( 115.0000000000000000, 12.00000000000000000, -32.50000000000000711 ) ) ;
#6495 = ADVANCED_FACE ( 'NONE', ( #10658 ), #9985, .F. ) ;
#6496 = CARTESIAN_POINT ( 'NONE',  ( 196.0000000000000000, 34.00000000000000000, 0.000000000000000000 ) ) ;
#6497 = DIRECTION ( 'NONE',  ( 0.000000000000000000, 0.000000000000000000, 1.000000000000000000 ) ) ;
#6498 = LOCAL_TIME ( 1, 43, 37.00000000000000000, #11132 ) ;
#6499 = CYLINDRICAL_SURFACE ( 'NONE', #5118, 43.99999999999997158 ) ;
#6500 = DATE_TIME_ROLE ( 'classification_date' ) ;
#6501 = DIRECTION ( 'NONE',  ( -1.000000000000000000, -0.000000000000000000, -0.000000000000000000 ) ) ;
#6502 = EDGE_LOOP ( 'NONE', ( #4435, #6352, #10312, #2950 ) ) ;
#6503 = VECTOR ( 'NONE', #1216, 1000.000000000000000 ) ;
#6504 = EDGE_LOOP ( 'NONE', ( #6209, #7162 ) ) ;
#6505 = CYLINDRICAL_SURFACE ( 'NONE', #1219, 9.000000000000007105 ) ;
#6506 = APPROVAL_PERSON_ORGANIZATION ( #8413, #1425, #116 ) ;
#6507 = CARTESIAN_POINT ( 'NONE',  ( 0.000000000000000000, 50.00000000000000000, -65.00000000000000000 ) ) ;
#6508 = DIRECTION ( 'NONE',  ( -0.000000000000000000, -1.000000000000000000, -0.000000000000000000 ) ) ;
#6509 = ADVANCED_FACE ( 'NONE', ( #8656 ), #356, .F. ) ;
#6510 = CARTESIAN_POINT ( 'NONE',  ( -272.5000000000000000, 38.00000000000000000, 0.000000000000000000 ) ) ;
#6511 = AXIS2_PLACEMENT_3D ( 'NONE', #5, #1878, #4619 ) ;
#6512 = CARTESIAN_POINT ( 'NONE',  ( -66.51932634081263984, 0.000000000000000000, -35.55320713028645940 ) ) ;
#6513 = APPROVAL_STATUS ( 'not_yet_approved' ) ;
#6514 = APPROVAL_STATUS ( 'not_yet_approved' ) ;
#6515 = ORGANIZATION ( 'NAUO-ORG13', 'UNSPECIFIED', 'UNSPECIFIED' ) ;
#6516 = CARTESIAN_POINT ( 'NONE',  ( 272.5000000000000000, 38.00000000000000000, 0.000000000000000000 ) ) ;
#6517 = APPROVAL_PERSON_ORGANIZATION ( #4706, #9053, #8397 ) ;
#6518 = ORIENTED_EDGE ( 'NONE', *, *, #11717, .T. ) ;
#6519 = CIRCLE ( 'NONE', #2657, 87.50000000000000000 ) ;
#6520 = CARTESIAN_POINT ( 'NONE',  ( -140.0000000000000000, 0.000000000000000000, 42.50000000000000000 ) ) ;
#6521 = ORIENTED_EDGE ( 'NONE', *, *, #1115, .F. ) ;
#6522 = ADVANCED_BREP_SHAPE_REPRESENTATION ( '', ( #4023, #10725 ), #4340 ) ;
#6523 = CC_DESIGN_DATE_AND_TIME_ASSIGNMENT ( #10340, #10225, ( #3806 ) ) ;
#6524 = EDGE_CURVE ( 'NONE', #7085, #5897, #11276, .T. ) ;
#6525 = VERTEX_POINT ( 'NONE', #4403 ) ;
#6526 = LINE ( 'NONE', #2767, #3820 ) ;
#6527 = CC_DESIGN_APPROVAL ( #3279, ( #9632 ) ) ;
#6528 = ORIENTED_EDGE ( 'NONE', *, *, #6954, .F. ) ;
#6529 = LINE ( 'NONE', #5625, #7299 ) ;
#6530 = CARTESIAN_POINT ( 'NONE',  ( 0.000000000000000000, 50.00000000000000000, 0.000000000000000000 ) ) ;
#6531 = PLANE ( 'NONE',  #9389 ) ;
#6532 = PERSON_AND_ORGANIZATION ( #10860, #8800 ) ;
#6533 = CIRCLE ( 'NONE', #2273, 52.49999999999997868 ) ;
#6534 = VECTOR ( 'NONE', #2474, 1000.000000000000000 ) ;
#6535 = MECHANICAL_CONTEXT ( 'NONE', #7567, 'mechanical' ) ;
#6536 = CC_DESIGN_DATE_AND_TIME_ASSIGNMENT ( #1421, #4219, ( #2742 ) ) ;
#6537 = LOCAL_TIME ( 1, 43, 37.00000000000000000, #1284 ) ;
#6538 = ORIENTED_EDGE ( 'NONE', *, *, #6985, .T. ) ;
#6539 = AXIS2_PLACEMENT_3D ( 'NONE', #8764, #9801, #1611 ) ;
#6540 = AXIS2_PLACEMENT_3D ( 'NONE', #11322, #11383, #1246 ) ;
#6541 = EDGE_LOOP ( 'NONE', ( #3520, #7982, #5879, #4485 ) ) ;
#6542 = CARTESIAN_POINT ( 'NONE',  ( 0.000000000000000000, 260.0000000000000000, -52.50000000000000000 ) ) ;
#6543 = VERTEX_POINT ( 'NONE', #7740 ) ;
#6544 = CYLINDRICAL_SURFACE ( 'NONE', #8449, 5.500000000000005329 ) ;
#6545 = PLANE ( 'NONE',  #10121 ) ;
#6546 = EDGE_CURVE ( 'NONE', #904, #6698, #9929, .T. ) ;
#6547 = FACE_OUTER_BOUND ( 'NONE', #9556, .T. ) ;
#6548 = ORIENTED_EDGE ( 'NONE', *, *, #1041, .T. ) ;
#6549 = AXIS2_PLACEMENT_3D ( 'NONE', #11014, #4518, #7301 ) ;
#6550 = EDGE_CURVE ( 'NONE', #2907, #4355, #10890, .T. ) ;
#6551 = EDGE_LOOP ( 'NONE', ( #10420, #7173 ) ) ;
#6552 = ORIENTED_EDGE ( 'NONE', *, *, #726, .T. ) ;
#6553 = VERTEX_POINT ( 'NONE', #6836 ) ;
#6554 = CARTESIAN_POINT ( 'NONE',  ( 180.0000000000000000, 22.00000000000000000, -12.00000000000000000 ) ) ;
#6555 = APPROVAL_ROLE ( '' ) ;
#6556 = AXIS2_PLACEMENT_3D ( 'NONE', #3233, #10634, #10751 ) ;
#6557 = CARTESIAN_POINT ( 'NONE',  ( -196.0000000000000000, 34.00000000000000000, 0.000000000000000000 ) ) ;
#6558 = CARTESIAN_POINT ( 'NONE',  ( 75.75812166592551478, 30.00000000000000000, -31.38004145393736266 ) ) ;
#6559 = DESIGN_CONTEXT ( 'detailed design', #3781, 'design' ) ;
#6560 = FACE_OUTER_BOUND ( 'NONE', #712, .T. ) ;
#6561 = DIRECTION ( 'NONE',  ( 0.000000000000000000, 0.000000000000000000, 1.000000000000000000 ) ) ;
#6562 = CYLINDRICAL_SURFACE ( 'NONE', #4925, 30.00000000000000000 ) ;
#6563 = EDGE_LOOP ( 'NONE', ( #10009, #5337 ) ) ;
#6564 = AXIS2_PLACEMENT_3D ( 'NONE', #81, #1451, #6964 ) ;
#6565 = EDGE_CURVE ( 'NONE', #4039, #10367, #6243, .T. ) ;
#6566 = ORIENTED_EDGE ( 'NONE', *, *, #5523, .T. ) ;
#6567 = PLANE ( 'NONE',  #10906 ) ;
#6568 = DIRECTION ( 'NONE',  ( 0.000000000000000000, 0.000000000000000000, 1.000000000000000000 ) ) ;
#6569 = CARTESIAN_POINT ( 'NONE',  ( 0.000000000000000000, 225.0000000000000000, -25.00000000000000000 ) ) ;
#6570 = DIRECTION ( 'NONE',  ( -0.000000000000000000, -1.000000000000000000, -0.000000000000000000 ) ) ;
#6571 = CARTESIAN_POINT ( 'NONE',  ( 0.000000000000000000, 48.00000000000000000, 0.000000000000000000 ) ) ;
#6572 = DATE_AND_TIME ( #1176, #9605 ) ;
#6573 = SECURITY_CLASSIFICATION_LEVEL ( 'unclassified' ) ;
#6574 = LINE ( 'NONE', #8455, #7992 ) ;
#6575 = ORIENTED_EDGE ( 'NONE', *, *, #7338, .T. ) ;
#6576 = EDGE_CURVE ( 'NONE', #9456, #3901, #2291, .T. ) ;
#6577 = ORIENTED_EDGE ( 'NONE', *, *, #5630, .F. ) ;
#6578 = CARTESIAN_POINT ( 'NONE',  ( 0.000000000000000000, 180.0000000000000000, 0.000000000000000000 ) ) ;
#6579 = EDGE_LOOP ( 'NONE', ( #3077, #5405 ) ) ;
#6580 = EDGE_LOOP ( 'NONE', ( #6110, #8938, #11718, #6078 ) ) ;
#6581 = CARTESIAN_POINT ( 'NONE',  ( -120.0000000000000000, 0.000000000000000000, 90.00000000000000000 ) ) ;
#6582 = VERTEX_POINT ( 'NONE', #5084 ) ;
#6583 = CARTESIAN_POINT ( 'NONE',  ( -180.0000000000000000, 0.000000000000000000, -12.00000000000000000 ) ) ;
#6584 = DESIGN_CONTEXT ( 'detailed design', #4804, 'design' ) ;
#6585 = FACE_OUTER_BOUND ( 'NONE', #8780, .T. ) ;
#6586 =( NAMED_UNIT ( * ) PLANE_ANGLE_UNIT ( ) SI_UNIT ( $, .RADIAN. ) );
#6587 = CALENDAR_DATE ( 2026, 29, 7 ) ;
#6588 = COORDINATED_UNIVERSAL_TIME_OFFSET ( 8, 0, .AHEAD. ) ;
#6589 = APPROVAL ( #8396, 'æœª' ) ;
#6590 = EDGE_CURVE ( 'NONE', #3511, #10532, #1017, .T. ) ;
#6591 = CARTESIAN_POINT ( 'NONE',  ( 0.000000000000000000, 42.00000000000000711, 0.000000000000000000 ) ) ;
#6592 = ORIENTED_EDGE ( 'NONE', *, *, #3109, .T. ) ;
#6593 = ORIENTED_EDGE ( 'NONE', *, *, #5027, .F. ) ;
#6594 = CARTESIAN_POINT ( 'NONE',  ( 245.0000000000000000, 20.00000000000000000, 31.03224129836581469 ) ) ;
#6595 = EDGE_LOOP ( 'NONE', ( #6140, #489, #3096, #7859 ) ) ;
#6596 = DIRECTION ( 'NONE',  ( 0.000000000000000000, 0.000000000000000000, 1.000000000000000000 ) ) ;
#6597 = PLANE ( 'NONE',  #9160 ) ;
#6598 = VECTOR ( 'NONE', #1732, 1000.000000000000000 ) ;
#6599 = DIRECTION ( 'NONE',  ( 0.000000000000000000, 1.000000000000000000, 0.000000000000000000 ) ) ;
#6600 = ORIENTED_EDGE ( 'NONE', *, *, #743, .T. ) ;
#6601 = PRODUCT_RELATED_PRODUCT_CATEGORY ( 'detail', '', ( #6798 ) ) ;
#6602 = EDGE_CURVE ( 'NONE', #6738, #4602, #2563, .T. ) ;
#6603 = EDGE_LOOP ( 'NONE', ( #1697, #4397, #7826, #3685 ) ) ;
#6604 = EDGE_LOOP ( 'NONE', ( #4204, #4034, #5038, #8704 ) ) ;
#6605 = ORIENTED_EDGE ( 'NONE', *, *, #9975, .F. ) ;
#6606 = AXIS2_PLACEMENT_3D ( 'NONE', #5770, #6670, #11348 ) ;
#6607 = PLANE ( 'NONE',  #11856 ) ;
#6608 = PERSON_AND_ORGANIZATION ( #10860, #8800 ) ;
#6609 = DIRECTION ( 'NONE',  ( -1.000000000000000000, 0.000000000000000000, 0.000000000000000000 ) ) ;
#6610 = DIRECTION ( 'NONE',  ( 0.000000000000000000, 0.000000000000000000, -1.000000000000000000 ) ) ;
#6611 = CARTESIAN_POINT ( 'NONE',  ( 83.78591484719798643, 142.5000000000000000, -25.22242005078197025 ) ) ;
#6612 = EDGE_CURVE ( 'NONE', #4946, #9143, #9692, .T. ) ;
#6613 = CARTESIAN_POINT ( 'NONE',  ( 55.48909769293802441, 30.00000000000000000, 142.9625322141366155 ) ) ;
#6614 = CYLINDRICAL_SURFACE ( 'NONE', #1824, 6.999999999999999112 ) ;
#6615 = PERSON_AND_ORGANIZATION ( #6221, #6720 ) ;
#6616 = VECTOR ( 'NONE', #3013, 1000.000000000000000 ) ;
#6617 = VERTEX_POINT ( 'NONE', #5313 ) ;
#6618 = VECTOR ( 'NONE', #3462, 1000.000000000000000 ) ;
#6619 = EDGE_LOOP ( 'NONE', ( #2174, #5285, #5590, #7371 ) ) ;
#6620 = EDGE_CURVE ( 'NONE', #9166, #1813, #2535, .T. ) ;
#6621 = FACE_OUTER_BOUND ( 'NONE', #1096, .T. ) ;
#6622 = VECTOR ( 'NONE', #4089, 1000.000000000000000 ) ;
#6623 = DIRECTION ( 'NONE',  ( -0.000000000000000000, -1.000000000000000000, -0.000000000000000000 ) ) ;
#6624 = CARTESIAN_POINT ( 'NONE',  ( 0.000000000000000000, 22.00000000000000000, 12.00000000000000000 ) ) ;
#6625 = DIRECTION ( 'NONE',  ( 0.000000000000000000, 0.000000000000000000, -1.000000000000000000 ) ) ;
#6626 = FACE_OUTER_BOUND ( 'NONE', #1523, .T. ) ;
#6627 = PERSON_AND_ORGANIZATION ( #10860, #8800 ) ;
#6628 = COORDINATED_UNIVERSAL_TIME_OFFSET ( 8, 0, .AHEAD. ) ;
#6629 = CYLINDRICAL_SURFACE ( 'NONE', #1424, 52.49999999999997868 ) ;
#6630 = ORIENTED_EDGE ( 'NONE', *, *, #10542, .F. ) ;
#6631 = AXIS2_PLACEMENT_3D ( 'NONE', #8143, #10943, #3714 ) ;
#6632 = AXIS2_PLACEMENT_3D ( 'NONE', #5762, #11278, #126 ) ;
#6633 = DATE_TIME_ROLE ( 'classification_date' ) ;
#6634 = ORIENTED_EDGE ( 'NONE', *, *, #10409, .T. ) ;
#6635 = CARTESIAN_POINT ( 'NONE',  ( 272.5000000000000000, 0.000000000000000000, 0.000000000000000000 ) ) ;
#6636 = AXIS2_PLACEMENT_3D ( 'NONE', #9908, #2325, #10816 ) ;
#6637 = VERTEX_POINT ( 'NONE', #5548 ) ;
#6638 = ORIENTED_EDGE ( 'NONE', *, *, #4407, .F. ) ;
#6639 = LINE ( 'NONE', #5801, #9458 ) ;
#6640 = CIRCLE ( 'NONE', #7230, 95.00000000000001421 ) ;
#6641 = AXIS2_PLACEMENT_3D ( 'NONE', #11710, #3390, #9886 ) ;
#6642 = FACE_OUTER_BOUND ( 'NONE', #11256, .T. ) ;
#6643 = DIRECTION ( 'NONE',  ( -0.000000000000000000, -1.000000000000000000, -0.000000000000000000 ) ) ;
#6644 = DIRECTION ( 'NONE',  ( 0.000000000000000000, 1.000000000000000000, 0.000000000000000000 ) ) ;
#6645 = EDGE_CURVE ( 'NONE', #9796, #7442, #6786, .T. ) ;
#6646 = MECHANICAL_CONTEXT ( 'NONE', #2930, 'mechanical' ) ;
#6647 = COORDINATED_UNIVERSAL_TIME_OFFSET ( 8, 0, .AHEAD. ) ;
#6648 = COORDINATED_UNIVERSAL_TIME_OFFSET ( 8, 0, .AHEAD. ) ;
#6649 = APPLICATION_CONTEXT ( 'configuration controlled 3d designs of mechanical parts and assemblies' ) ;
#6650 = VECTOR ( 'NONE', #10230, 1000.000000000000000 ) ;
#6651 = VERTEX_POINT ( 'NONE', #1781 ) ;
#6652 = DIRECTION ( 'NONE',  ( 0.000000000000000000, 0.000000000000000000, 1.000000000000000000 ) ) ;
#6653 = VERTEX_POINT ( 'NONE', #5662 ) ;
#6654 = ORIENTED_EDGE ( 'NONE', *, *, #5094, .T. ) ;
#6655 = DIRECTION ( 'NONE',  ( 0.000000000000000000, 0.000000000000000000, -1.000000000000000000 ) ) ;
#6656 = AXIS2_PLACEMENT_3D ( 'NONE', #1956, #2075, #5778 ) ;
#6657 = ORIENTED_EDGE ( 'NONE', *, *, #5589, .F. ) ;
#6658 = DIRECTION ( 'NONE',  ( 0.000000000000000000, -0.000000000000000000, -1.000000000000000000 ) ) ;
#6659 = CYLINDRICAL_SURFACE ( 'NONE', #8955, 9.000000000000007105 ) ;
#6660 = EDGE_CURVE ( 'NONE', #2761, #10721, #217, .T. ) ;
#6661 = AXIS2_PLACEMENT_3D ( 'NONE', #590, #532, #6047 ) ;
#6662 = DIRECTION ( 'NONE',  ( 1.000000000000000000, 0.000000000000000000, 0.000000000000000000 ) ) ;
#6663 = ORIENTED_EDGE ( 'NONE', *, *, #3183, .T. ) ;
#6664 = APPROVAL_PERSON_ORGANIZATION ( #9324, #2078, #8829 ) ;
#6665 = EDGE_CURVE ( 'NONE', #4041, #409, #1379, .T. ) ;
#6666 = AXIS2_PLACEMENT_3D ( 'NONE', #11459, #1387, #3202 ) ;
#6667 = VERTEX_POINT ( 'NONE', #10272 ) ;
#6668 = ORIENTED_EDGE ( 'NONE', *, *, #3399, .F. ) ;
#6669 = ORIENTED_EDGE ( 'NONE', *, *, #11816, .T. ) ;
#6670 = DIRECTION ( 'NONE',  ( 0.000000000000000000, 1.000000000000000000, 0.000000000000000000 ) ) ;
#6671 = PERSON_AND_ORGANIZATION ( #10860, #8800 ) ;
#6672 = PRODUCT_RELATED_PRODUCT_CATEGORY ( 'detail', '', ( #8855 ) ) ;
#6673 = CARTESIAN_POINT ( 'NONE',  ( 0.000000000000000000, 28.00000000000000000, -95.00000000000001421 ) ) ;
#6674 = EDGE_CURVE ( 'NONE', #2101, #3837, #3663, .T. ) ;
#6675 = CARTESIAN_POINT ( 'NONE',  ( 0.000000000000000000, 360.0000000000000000, 0.000000000000000000 ) ) ;
#6676 = CIRCLE ( 'NONE', #8613, 9.000000000000007105 ) ;
#6677 = DIRECTION ( 'NONE',  ( -0.000000000000000000, -1.000000000000000000, -0.000000000000000000 ) ) ;
#6678 = DIRECTION ( 'NONE',  ( 0.000000000000000000, 0.000000000000000000, -1.000000000000000000 ) ) ;
#6679 = CALENDAR_DATE ( 2026, 29, 7 ) ;
#6680 = CC_DESIGN_DATE_AND_TIME_ASSIGNMENT ( #10091, #6500, ( #531 ) ) ;
#6681 = ORIENTED_EDGE ( 'NONE', *, *, #5827, .F. ) ;
#6682 = ORIENTED_EDGE ( 'NONE', *, *, #11903, .F. ) ;
#6683 = DIRECTION ( 'NONE',  ( -0.000000000000000000, -1.000000000000000000, -0.000000000000000000 ) ) ;
#6684 = CYLINDRICAL_SURFACE ( 'NONE', #10477, 8.000000000000007105 ) ;
#6685 = CARTESIAN_POINT ( 'NONE',  ( 0.000000000000000000, 50.00000000000000000, -65.00000000000000000 ) ) ;
#6686 = CARTESIAN_POINT ( 'NONE',  ( -70.00000000000000000, 95.00000000000000000, -50.50000000000000000 ) ) ;
#6687 = CARTESIAN_POINT ( 'NONE',  ( -245.0000000000000000, 20.00000000000000000, -64.00000000000000000 ) ) ;
#6688 = COORDINATED_UNIVERSAL_TIME_OFFSET ( 8, 0, .AHEAD. ) ;
#6689 = ADVANCED_FACE ( 'NONE', ( #10944 ), #2696, .F. ) ;
#6690 = PERSON_AND_ORGANIZATION ( #10860, #8800 ) ;
#6691 = CARTESIAN_POINT ( 'NONE',  ( 70.00000000000000000, 0.000000000000000000, -50.50000000000000000 ) ) ;
#6692 = ORIENTED_EDGE ( 'NONE', *, *, #2154, .T. ) ;
#6693 = CC_DESIGN_APPROVAL ( #4534, ( #6116 ) ) ;
#6694 = VERTEX_POINT ( 'NONE', #2813 ) ;
#6695 = EDGE_CURVE ( 'NONE', #4602, #6738, #10102, .T. ) ;
#6696 = DIRECTION ( 'NONE',  ( 0.000000000000000000, 0.000000000000000000, 1.000000000000000000 ) ) ;
#6697 = AXIS2_PLACEMENT_3D ( 'NONE', #8729, #556, #7879 ) ;
#6698 = VERTEX_POINT ( 'NONE', #11064 ) ;
#6699 = DIRECTION ( 'NONE',  ( 0.000000000000000000, 1.000000000000000000, 0.000000000000000000 ) ) ;
#6700 = CYLINDRICAL_SURFACE ( 'NONE', #3819, 9.000000000000007105 ) ;
#6701 = CARTESIAN_POINT ( 'NONE',  ( -70.00000000000000000, 95.00000000000000000, 45.00000000000000000 ) ) ;
#6702 = LOCAL_TIME ( 1, 43, 37.00000000000000000, #4955 ) ;
#6703 = APPROVAL_PERSON_ORGANIZATION ( #10293, #7557, #5805 ) ;
#6704 = CARTESIAN_POINT ( 'NONE',  ( -75.00000000000000000, 0.000000000000000000, 12.00000000000000000 ) ) ;
#6705 = CARTESIAN_POINT ( 'NONE',  ( 1068.500283685594695, 645.6047378353264321, 10.00000000000000000 ) ) ;
#6706 = APPROVAL_ROLE ( '' ) ;
#6707 = CALENDAR_DATE ( 2026, 29, 7 ) ;
#6708 = VECTOR ( 'NONE', #359, 1000.000000000000000 ) ;
#6709 = CC_DESIGN_APPROVAL ( #677, ( #8852 ) ) ;
#6710 = CC_DESIGN_SECURITY_CLASSIFICATION ( #8853, ( #7871 ) ) ;
#6711 = CARTESIAN_POINT ( 'NONE',  ( 4.163799117101000559E-15, 185.0000000000000000, 34.00000000000000000 ) ) ;
#6712 = ADVANCED_FACE ( 'NONE', ( #9247 ), #4644, .F. ) ;
#6713 = EDGE_LOOP ( 'NONE', ( #1522, #591, #11108, #7151, #11834, #7993, #9244, #9083 ) ) ;
#6714 = ORIENTED_EDGE ( 'NONE', *, *, #3992, .T. ) ;
#6715 = DIRECTION ( 'NONE',  ( 0.000000000000000000, 1.000000000000000000, 0.000000000000000000 ) ) ;
#6716 = ORIENTED_EDGE ( 'NONE', *, *, #4561, .F. ) ;
#6717 = AXIS2_PLACEMENT_3D ( 'NONE', #413, #1329, #9695 ) ;
#6718 = FACE_OUTER_BOUND ( 'NONE', #7315, .T. ) ;
#6719 = PLANE ( 'NONE',  #4888 ) ;
#6720 = ORGANIZATION ( 'NAUO-ORG4', 'UNSPECIFIED', 'UNSPECIFIED' ) ;
#6721 = CARTESIAN_POINT ( 'NONE',  ( 0.000000000000000000, 42.00000000000000000, 0.000000000000000000 ) ) ;
#6722 = EDGE_LOOP ( 'NONE', ( #1024, #9330, #10289, #3124 ) ) ;
#6723 = EDGE_LOOP ( 'NONE', ( #2144, #5707 ) ) ;
#6724 = AXIS2_PLACEMENT_3D ( 'NONE', #6101, #6162, #7912 ) ;
#6725 = AXIS2_PLACEMENT_3D ( 'NONE', #6821, #1432, #11632 ) ;
#6726 = ADVANCED_FACE ( 'NONE', ( #2748 ), #8330, .F. ) ;
#6727 = ORIENTED_EDGE ( 'NONE', *, *, #10241, .T. ) ;
#6728 = ORIENTED_EDGE ( 'NONE', *, *, #9478, .F. ) ;
#6729 = CARTESIAN_POINT ( 'NONE',  ( 330.0000000000000000, 22.00000000000000000, 75.00000000000000000 ) ) ;
#6730 = SECURITY_CLASSIFICATION ( '', '', #8126 ) ;
#6731 = DATE_AND_TIME ( #1040, #9026 ) ;
#6732 = CARTESIAN_POINT ( 'NONE',  ( 0.000000000000000000, 260.0000000000000000, 0.000000000000000000 ) ) ;
#6733 = DIRECTION ( 'NONE',  ( -0.000000000000000000, -1.000000000000000000, -0.000000000000000000 ) ) ;
#6734 = DIRECTION ( 'NONE',  ( 0.000000000000000000, 1.000000000000000000, 0.000000000000000000 ) ) ;
#6735 = AXIS2_PLACEMENT_3D ( 'NONE', #834, #8406, #3615 ) ;
#6736 = DIRECTION ( 'NONE',  ( -0.000000000000000000, -1.000000000000000000, -0.000000000000000000 ) ) ;
#6737 = COORDINATED_UNIVERSAL_TIME_OFFSET ( 8, 0, .AHEAD. ) ;
#6738 = VERTEX_POINT ( 'NONE', #1963 ) ;
#6739 = CC_DESIGN_PERSON_AND_ORGANIZATION_ASSIGNMENT ( #99, #10276, ( #4468 ) ) ;
#6740 = EDGE_CURVE ( 'NONE', #7660, #28, #9187, .T. ) ;
#6741 = ORIENTED_EDGE ( 'NONE', *, *, #7920, .T. ) ;
#6742 = VECTOR ( 'NONE', #2574, 1000.000000000000000 ) ;
#6743 = LINE ( 'NONE', #4758, #7408 ) ;
#6744 = DIRECTION ( 'NONE',  ( -0.000000000000000000, -1.000000000000000000, -0.000000000000000000 ) ) ;
#6745 = CARTESIAN_POINT ( 'NONE',  ( -140.0000000000000000, 12.00000000000000000, -42.50000000000000000 ) ) ;
#6746 = CC_DESIGN_DATE_AND_TIME_ASSIGNMENT ( #7975, #3377, ( #2256 ) ) ;
#6747 = DIRECTION ( 'NONE',  ( -0.000000000000000000, 1.000000000000000000, -0.000000000000000000 ) ) ;
#6748 = CARTESIAN_POINT ( 'NONE',  ( 135.0000000000000000, 0.000000000000000000, 95.99999999999998579 ) ) ;
#6749 = CARTESIAN_POINT ( 'NONE',  ( 27.55320713028646651, 220.0000000000000000, -66.51932634081263984 ) ) ;
#6750 = DATE_TIME_ROLE ( 'classification_date' ) ;
#6751 = APPLICATION_PROTOCOL_DEFINITION ( 'international standard', 'config_control_design', 1994, #1082 ) ;
#6752 = CARTESIAN_POINT ( 'NONE',  ( -133.9625322141365871, 30.00000000000000000, -46.48909769293803151 ) ) ;
#6753 = ORIENTED_EDGE ( 'NONE', *, *, #11207, .F. ) ;
#6754 = VECTOR ( 'NONE', #1544, 1000.000000000000000 ) ;
#6755 = AXIS2_PLACEMENT_3D ( 'NONE', #9726, #8997, #687 ) ;
#6756 = EDGE_CURVE ( 'NONE', #3891, #5266, #11929, .T. ) ;
#6757 = EDGE_LOOP ( 'NONE', ( #5146, #7627 ) ) ;
#6758 = DIRECTION ( 'NONE',  ( 0.000000000000000000, 1.000000000000000000, 0.000000000000000000 ) ) ;
#6759 = EDGE_CURVE ( 'NONE', #9702, #2112, #942, .T. ) ;
#6760 = EDGE_CURVE ( 'NONE', #2240, #1890, #6994, .T. ) ;
#6761 = ORIENTED_EDGE ( 'NONE', *, *, #10087, .T. ) ;
#6762 = CARTESIAN_POINT ( 'NONE',  ( 83.78591484719797222, 0.000000000000000000, -25.22242005078197735 ) ) ;
#6763 = CARTESIAN_POINT ( 'NONE',  ( 0.000000000000000000, 185.0000000000000000, 0.000000000000000000 ) ) ;
#6764 = DIRECTION ( 'NONE',  ( 0.000000000000000000, 1.000000000000000000, 0.000000000000000000 ) ) ;
#6765 = DIRECTION ( 'NONE',  ( -0.000000000000000000, -1.000000000000000000, -0.000000000000000000 ) ) ;
#6766 = DATE_AND_TIME ( #10242, #1447 ) ;
#6767 = ADVANCED_FACE ( 'NONE', ( #5610 ), #9306, .T. ) ;
#6768 = APPROVAL_ROLE ( '' ) ;
#6769 = SECURITY_CLASSIFICATION_LEVEL ( 'unclassified' ) ;
#6770 = DIRECTION ( 'NONE',  ( 0.000000000000000000, 1.000000000000000000, 0.000000000000000000 ) ) ;
#6771 = EDGE_LOOP ( 'NONE', ( #7709, #8158, #10248, #3880 ) ) ;
#6772 = ORIENTED_EDGE ( 'NONE', *, *, #9336, .F. ) ;
#6773 = DIRECTION ( 'NONE',  ( 0.000000000000000000, 0.000000000000000000, 1.000000000000000000 ) ) ;
#6774 = ORIENTED_EDGE ( 'NONE', *, *, #7924, .T. ) ;
#6775 = CARTESIAN_POINT ( 'NONE',  ( -140.0000000000000000, 12.00000000000000000, 42.50000000000000000 ) ) ;
#6776 = DIRECTION ( 'NONE',  ( 0.000000000000000000, 0.000000000000000000, -1.000000000000000000 ) ) ;
#6777 = CYLINDRICAL_SURFACE ( 'NONE', #6252, 59.00000000000000711 ) ;
#6778 = EDGE_LOOP ( 'NONE', ( #10631, #1034, #4665, #7487 ) ) ;
#6779 = ORIENTED_EDGE ( 'NONE', *, *, #10981, .F. ) ;
#6780 = ORIENTED_EDGE ( 'NONE', *, *, #7969, .F. ) ;
#6781 = VERTEX_POINT ( 'NONE', #8389 ) ;
#6782 = DIRECTION ( 'NONE',  ( 0.000000000000000000, 0.000000000000000000, -1.000000000000000000 ) ) ;
#6783 = CARTESIAN_POINT ( 'NONE',  ( -78.00000000000000000, 28.00000000000000000, -7.499999999999999112 ) ) ;
#6784 = CARTESIAN_POINT ( 'NONE',  ( 0.000000000000000000, 220.0000000000000000, 0.000000000000000000 ) ) ;
#6785 = DIRECTION ( 'NONE',  ( -0.000000000000000000, -1.000000000000000000, -0.000000000000000000 ) ) ;
#6786 = CIRCLE ( 'NONE', #9903, 95.00000000000001421 ) ;
#6787 = DIRECTION ( 'NONE',  ( 0.000000000000000000, 0.000000000000000000, 1.000000000000000000 ) ) ;
#6788 = CARTESIAN_POINT ( 'NONE',  ( 63.51086798706846537, 0.000000000000000000, 34.96597842945568857 ) ) ;
#6789 = EDGE_CURVE ( 'NONE', #4756, #3631, #3540, .T. ) ;
#6790 = CALENDAR_DATE ( 2026, 29, 7 ) ;
#6791 = EDGE_LOOP ( 'NONE', ( #11821, #11035 ) ) ;
#6792 = AXIS2_PLACEMENT_3D ( 'NONE', #1828, #5534, #9230 ) ;
#6793 = EDGE_CURVE ( 'NONE', #5691, #7159, #815, .T. ) ;
#6794 = ORIENTED_EDGE ( 'NONE', *, *, #8770, .T. ) ;
#6795 = FACE_OUTER_BOUND ( 'NONE', #11869, .T. ) ;
#6796 = EDGE_CURVE ( 'NONE', #2178, #1382, #3598, .T. ) ;
#6797 = DIRECTION ( 'NONE',  ( 0.000000000000000000, -0.000000000000000000, 1.000000000000000000 ) ) ;
#6798 = PRODUCT ( 'MKH-014_gripper_cylinder', 'MKH-014_gripper_cylinder', '', ( #770 ) ) ;
#6799 = CYLINDRICAL_SURFACE ( 'NONE', #4091, 7.500000000000000000 ) ;
#6800 = LINE ( 'NONE', #11425, #11792 ) ;
#6801 = CARTESIAN_POINT ( 'NONE',  ( -165.0000000000000000, 22.00000000000000000, 29.00000000000000000 ) ) ;
#6802 = DIRECTION ( 'NONE',  ( 0.000000000000000000, 1.000000000000000000, 0.000000000000000000 ) ) ;
#6803 = AXIS2_PLACEMENT_3D ( 'NONE', #11668, #8012, #3290 ) ;
#6804 = DIRECTION ( 'NONE',  ( 0.000000000000000000, 0.000000000000000000, -1.000000000000000000 ) ) ;
#6805 = EDGE_CURVE ( 'NONE', #2210, #896, #5261, .T. ) ;
#6806 = PERSON_AND_ORGANIZATION ( #10860, #8800 ) ;
#6807 = SHAPE_DEFINITION_REPRESENTATION ( #4101, #1113 ) ;
#6808 = CARTESIAN_POINT ( 'NONE',  ( 3.673940397442059178E-15, 285.0000000000000000, 30.00000000000000000 ) ) ;
#6809 = EDGE_LOOP ( 'NONE', ( #4599, #8427, #10514, #259 ) ) ;
#6810 = VECTOR ( 'NONE', #1896, 1000.000000000000000 ) ;
#6811 = EDGE_CURVE ( 'NONE', #7518, #5279, #11248, .T. ) ;
#6812 = ORIENTED_EDGE ( 'NONE', *, *, #11926, .F. ) ;
#6813 = AXIS2_PLACEMENT_3D ( 'NONE', #4396, #9001, #4457 ) ;
#6814 = AXIS2_PLACEMENT_3D ( 'NONE', #10126, #1815, #9890 ) ;
#6815 = CARTESIAN_POINT ( 'NONE',  ( 0.000000000000000000, 0.000000000000000000, 0.000000000000000000 ) ) ;
#6816 = EDGE_LOOP ( 'NONE', ( #8986, #5415, #5533, #3673 ) ) ;
#6817 = DIRECTION ( 'NONE',  ( -0.000000000000000000, -1.000000000000000000, -0.000000000000000000 ) ) ;
#6818 = AXIS2_PLACEMENT_3D ( 'NONE', #7565, #66, #8421 ) ;
#6819 = DIRECTION ( 'NONE',  ( 0.000000000000000000, 0.000000000000000000, 1.000000000000000000 ) ) ;
#6820 = CC_DESIGN_PERSON_AND_ORGANIZATION_ASSIGNMENT ( #7929, #4969, ( #5165 ) ) ;
#6821 = CARTESIAN_POINT ( 'NONE',  ( 0.000000000000000000, 330.0000000000000000, 0.000000000000000000 ) ) ;
#6822 = ADVANCED_FACE ( 'NONE', ( #3047 ), #6799, .F. ) ;
#6823 = DIRECTION ( 'NONE',  ( -1.000000000000000000, -0.000000000000000000, -0.000000000000000000 ) ) ;
#6824 = CIRCLE ( 'NONE', #11683, 7.000000000000006217 ) ;
#6825 = APPROVAL_STATUS ( 'not_yet_approved' ) ;
#6826 = APPROVAL_STATUS ( 'not_yet_approved' ) ;
#6827 = DATE_AND_TIME ( #7007, #7479 ) ;
#6828 = VERTEX_POINT ( 'NONE', #4821 ) ;
#6829 = CC_DESIGN_DATE_AND_TIME_ASSIGNMENT ( #7401, #2020, ( #9632 ) ) ;
#6830 = VECTOR ( 'NONE', #5513, 1000.000000000000000 ) ;
#6831 = DIRECTION ( 'NONE',  ( 0.000000000000000000, 1.000000000000000000, 0.000000000000000000 ) ) ;
#6832 = ORIENTED_EDGE ( 'NONE', *, *, #11745, .T. ) ;
#6833 = AXIS2_PLACEMENT_3D ( 'NONE', #10153, #1731, #10048 ) ;
#6834 = AXIS2_PLACEMENT_3D ( 'NONE', #1001, #8967, #11073 ) ;
#6835 = ORIENTED_EDGE ( 'NONE', *, *, #7346, .T. ) ;
#6836 = CARTESIAN_POINT ( 'NONE',  ( -20.18428497440903158, 0.000000000000000000, -69.63364589099039392 ) ) ;
#6837 = ORIENTED_EDGE ( 'NONE', *, *, #10322, .T. ) ;
#6838 = LINE ( 'NONE', #9024, #3428 ) ;
#6839 = DIRECTION ( 'NONE',  ( 0.000000000000000000, 1.000000000000000000, 0.000000000000000000 ) ) ;
#6840 = CARTESIAN_POINT ( 'NONE',  ( -42.00000000000000000, 28.00000000000000000, 7.500000000000000000 ) ) ;
#6841 = AXIS2_PLACEMENT_3D ( 'NONE', #3590, #2804, #6497 ) ;
#6842 =( LENGTH_UNIT ( ) NAMED_UNIT ( * ) SI_UNIT ( .MILLI., .METRE. ) );
#6843 = APPROVAL_ROLE ( '' ) ;
#6844 = DIRECTION ( 'NONE',  ( 0.000000000000000000, 1.000000000000000000, 0.000000000000000000 ) ) ;
#6845 = AXIS2_PLACEMENT_3D ( 'NONE', #11331, #6770, #11451 ) ;
#6846 = EDGE_CURVE ( 'NONE', #3694, #2098, #8508, .T. ) ;
#6847 = ORIENTED_EDGE ( 'NONE', *, *, #1645, .F. ) ;
#6848 = VERTEX_POINT ( 'NONE', #7767 ) ;
#6849 = EDGE_CURVE ( 'NONE', #8141, #423, #11424, .T. ) ;
#6850 = ORIENTED_EDGE ( 'NONE', *, *, #5870, .T. ) ;
#6851 = CARTESIAN_POINT ( 'NONE',  ( 0.000000000000000000, 260.0000000000000000, 0.000000000000000000 ) ) ;
#6852 = CARTESIAN_POINT ( 'NONE',  ( 95.00000000000000000, 95.00000000000000000, -65.00000000000000000 ) ) ;
#6853 = AXIS2_PLACEMENT_3D ( 'NONE', #6635, #9495, #10344 ) ;
#6854 = CARTESIAN_POINT ( 'NONE',  ( -52.50000000000000000, 28.00000000000000000, 131.0000000000000000 ) ) ;
#6855 = CARTESIAN_POINT ( 'NONE',  ( -133.9625322141365871, 30.00000000000000000, -64.48909769293800309 ) ) ;
#6856 = CARTESIAN_POINT ( 'NONE',  ( -52.50000000000000000, 0.000000000000000000, 99.00000000000000000 ) ) ;
#6857 = CARTESIAN_POINT ( 'NONE',  ( 41.41064430052887246, 142.5000000000000000, -77.08053281221579311 ) ) ;
#6858 = AXIS2_PLACEMENT_3D ( 'NONE', #482, #10541, #2235 ) ;
#6859 = DATE_TIME_ROLE ( 'classification_date' ) ;
#6860 = ORIENTED_EDGE ( 'NONE', *, *, #10818, .F. ) ;
#6861 = ORIENTED_EDGE ( 'NONE', *, *, #2420, .F. ) ;
#6862 = FACE_BOUND ( 'NONE', #11008, .T. ) ;
#6863 = ORIENTED_EDGE ( 'NONE', *, *, #10878, .T. ) ;
#6864 = CARTESIAN_POINT ( 'NONE',  ( 0.000000000000000000, 410.0000000000000000, -95.00000000000001421 ) ) ;
#6865 = LOCAL_TIME ( 1, 43, 37.00000000000000000, #6345 ) ;
#6866 = EDGE_CURVE ( 'NONE', #11882, #588, #8151, .T. ) ;
#6867 = CIRCLE ( 'NONE', #1649, 9.000000000000035527 ) ;
#6868 = LINE ( 'NONE', #11488, #610 ) ;
#6869 = DIRECTION ( 'NONE',  ( 0.000000000000000000, 1.000000000000000000, 0.000000000000000000 ) ) ;
#6870 = FACE_BOUND ( 'NONE', #919, .T. ) ;
#6871 = PLANE ( 'NONE',  #10325 ) ;
#6872 = CARTESIAN_POINT ( 'NONE',  ( 196.0000000000000000, 20.00000000000000000, -57.99999999999999289 ) ) ;
#6873 = APPROVAL_DATE_TIME ( #10508, #11265 ) ;
#6874 = DATE_AND_TIME ( #1177, #11584 ) ;
#6875 = CYLINDRICAL_SURFACE ( 'NONE', #2393, 180.0000000000000284 ) ;
#6876 = ORIENTED_EDGE ( 'NONE', *, *, #6866, .T. ) ;
#6877 = AXIS2_PLACEMENT_3D ( 'NONE', #6749, #11429, #6804 ) ;
#6878 = VERTEX_POINT ( 'NONE', #4933 ) ;
#6879 = FACE_OUTER_BOUND ( 'NONE', #4790, .T. ) ;
#6880 = EDGE_CURVE ( 'NONE', #9702, #5036, #1959, .T. ) ;
#6881 = APPLICATION_CONTEXT ( 'configuration controlled 3d designs of mechanical parts and assemblies' ) ;
#6882 = DIRECTION ( 'NONE',  ( 0.000000000000000000, 1.000000000000000000, 0.000000000000000000 ) ) ;
#6883 = EDGE_LOOP ( 'NONE', ( #6081, #4369, #9651, #2278 ) ) ;
#6884 = DIRECTION ( 'NONE',  ( -0.000000000000000000, -0.000000000000000000, 1.000000000000000000 ) ) ;
#6885 = CARTESIAN_POINT ( 'NONE',  ( -66.51932634081263984, 220.0000000000000000, -27.55320713028646296 ) ) ;
#6886 = APPROVAL_ROLE ( '' ) ;
#6887 = CALENDAR_DATE ( 2026, 29, 7 ) ;
#6888 = CC_DESIGN_APPROVAL ( #6589, ( #10567 ) ) ;
#6889 = APPROVAL_STATUS ( 'not_yet_approved' ) ;
#6890 = EDGE_LOOP ( 'NONE', ( #3926, #5782 ) ) ;
#6891 = PRODUCT_DEFINITION_SHAPE ( 'NONE', 'NONE',  #12007 ) ;
#6892 = CC_DESIGN_PERSON_AND_ORGANIZATION_ASSIGNMENT ( #10277, #2820, ( #6134 ) ) ;
#6893 = VECTOR ( 'NONE', #10487, 1000.000000000000000 ) ;
#6894 = EDGE_CURVE ( 'NONE', #3631, #3075, #9365, .T. ) ;
#6895 = CARTESIAN_POINT ( 'NONE',  ( 0.000000000000000000, 330.0000000000000000, 0.000000000000000000 ) ) ;
#6896 = ORIENTED_EDGE ( 'NONE', *, *, #3031, .T. ) ;
#6897 = EDGE_LOOP ( 'NONE', ( #7101, #10733 ) ) ;
#6898 = DIRECTION ( 'NONE',  ( 0.000000000000000000, 0.000000000000000000, 1.000000000000000000 ) ) ;
#6899 = CC_DESIGN_APPROVAL ( #2896, ( #5546 ) ) ;
#6900 = ORIENTED_EDGE ( 'NONE', *, *, #11179, .F. ) ;
#6901 = DIRECTION ( 'NONE',  ( 0.000000000000000000, 0.000000000000000000, 1.000000000000000000 ) ) ;
#6902 = CARTESIAN_POINT ( 'NONE',  ( 69.63364589099039392, 220.0000000000000000, -20.18428497440906355 ) ) ;
#6903 = APPROVAL ( #9748, 'UNKNOWN' ) ;
#6904 = CARTESIAN_POINT ( 'NONE',  ( 1.592040838891559135E-14, 41.99999999999997868, 130.0000000000000000 ) ) ;
#6905 = DIRECTION ( 'NONE',  ( 1.000000000000000000, 0.000000000000000000, 0.000000000000000000 ) ) ;
#6906 = AXIS2_PLACEMENT_3D ( 'NONE', #9892, #2246, #5162 ) ;
#6907 = DATE_AND_TIME ( #8721, #11554 ) ;
#6908 = DIRECTION ( 'NONE',  ( -0.000000000000000000, -0.000000000000000000, 1.000000000000000000 ) ) ;
#6909 = ORGANIZATION ( 'NAUO-ORG16', 'UNSPECIFIED', 'UNSPECIFIED' ) ;
#6910 = APPROVAL_PERSON_ORGANIZATION ( #9082, #9568, #4469 ) ;
#6911 = PRODUCT_DEFINITION_SHAPE ( 'NONE', 'NONE',  #3552 ) ;
#6912 = VERTEX_POINT ( 'NONE', #8623 ) ;
#6913 = EDGE_CURVE ( 'NONE', #127, #7621, #2198, .T. ) ;
#6914 = ORIENTED_EDGE ( 'NONE', *, *, #8028, .F. ) ;
#6915 = VERTEX_POINT ( 'NONE', #10501 ) ;
#6916 = CARTESIAN_POINT ( 'NONE',  ( 52.50000000000000000, 28.00000000000000000, 99.00000000000000000 ) ) ;
#6917 = DIRECTION ( 'NONE',  ( 0.000000000000000000, -1.000000000000000000, 0.000000000000000000 ) ) ;
#6918 = ADVANCED_FACE ( 'NONE', ( #387 ), #6684, .F. ) ;
#6919 = LINE ( 'NONE', #7032, #3610 ) ;
#6920 = CARTESIAN_POINT ( 'NONE',  ( -133.9625322141365871, 30.00000000000000000, 55.48909769293800309 ) ) ;
#6921 = LOCAL_TIME ( 1, 43, 37.00000000000000000, #8503 ) ;
#6922 = SHAPE_REPRESENTATION ( 'MKH-300_gripper_module', ( #8216, #6284, #4738, #3177, #8411, #11326 ), #1240 ) ;
#6923 = CARTESIAN_POINT ( 'NONE',  ( 0.000000000000000000, 28.00000000000000000, 0.000000000000000000 ) ) ;
#6924 = EDGE_CURVE ( 'NONE', #4710, #1311, #4288, .T. ) ;
#6925 = AXIS2_PLACEMENT_3D ( 'NONE', #2216, #10463, #6819 ) ;
#6926 = CIRCLE ( 'NONE', #9450, 87.50000000000000000 ) ;
#6927 = PERSON_AND_ORGANIZATION_ROLE ( 'classification_officer' ) ;
#6928 = VERTEX_POINT ( 'NONE', #3842 ) ;
#6929 = CC_DESIGN_SECURITY_CLASSIFICATION ( #1892, ( #12004 ) ) ;
#6930 = ORIENTED_EDGE ( 'NONE', *, *, #8500, .T. ) ;
#6931 = FACE_BOUND ( 'NONE', #6757, .T. ) ;
#6932 = ORIENTED_EDGE ( 'NONE', *, *, #4222, .T. ) ;
#6933 = CARTESIAN_POINT ( 'NONE',  ( 196.0000000000000000, 20.00000000000000000, 57.99999999999999289 ) ) ;
#6934 = VECTOR ( 'NONE', #10946, 1000.000000000000000 ) ;
#6935 = CIRCLE ( 'NONE', #2283, 8.999999999999980460 ) ;
#6936 = FACE_BOUND ( 'NONE', #6113, .T. ) ;
#6937 = CARTESIAN_POINT ( 'NONE',  ( 85.00000000000000000, 0.000000000000000000, -60.00000000000000000 ) ) ;
#6938 = FACE_OUTER_BOUND ( 'NONE', #8491, .T. ) ;
#6939 = PLANE ( 'NONE',  #11493 ) ;
#6940 = LINE ( 'NONE', #10756, #2792 ) ;
#6941 = PERSON_AND_ORGANIZATION_ROLE ( 'design_supplier' ) ;
#6942 = DATE_AND_TIME ( #3968, #4985 ) ;
#6943 = DIRECTION ( 'NONE',  ( 0.000000000000000000, 1.000000000000000000, 0.000000000000000000 ) ) ;
#6944 = EDGE_LOOP ( 'NONE', ( #2730, #9402, #1511, #4578 ) ) ;
#6945 = AXIS2_PLACEMENT_3D ( 'NONE', #6937, #6987, #11553 ) ;
#6946 = ORIENTED_EDGE ( 'NONE', *, *, #9121, .T. ) ;
#6947 = LINE ( 'NONE', #7963, #3924 ) ;
#6948 = FACE_BOUND ( 'NONE', #8833, .T. ) ;
#6949 = DIRECTION ( 'NONE',  ( 0.000000000000000000, 0.000000000000000000, 1.000000000000000000 ) ) ;
#6950 = CARTESIAN_POINT ( 'NONE',  ( 8.878689293818309285E-15, 245.0000000000000000, 72.50000000000000000 ) ) ;
#6951 = DIRECTION ( 'NONE',  ( 0.000000000000000000, 1.000000000000000000, 0.000000000000000000 ) ) ;
#6952 = COORDINATED_UNIVERSAL_TIME_OFFSET ( 8, 0, .AHEAD. ) ;
#6953 = APPROVAL_ROLE ( '' ) ;
#6954 = EDGE_CURVE ( 'NONE', #10616, #1976, #6868, .T. ) ;
#6955 = CONTEXT_DEPENDENT_SHAPE_REPRESENTATION ( #3086, #3211 ) ;
#6956 = ADVANCED_BREP_SHAPE_REPRESENTATION ( '', ( #3821, #10725 ), #3563 ) ;
#6957 = FACE_OUTER_BOUND ( 'NONE', #924, .T. ) ;
#6958 = ORIENTED_EDGE ( 'NONE', *, *, #9795, .T. ) ;
#6959 = ORIENTED_EDGE ( 'NONE', *, *, #4193, .T. ) ;
#6960 = DIRECTION ( 'NONE',  ( 0.000000000000000000, -0.000000000000000000, -1.000000000000000000 ) ) ;
#6961 = ORIENTED_EDGE ( 'NONE', *, *, #7232, .T. ) ;
#6962 = DIRECTION ( 'NONE',  ( 0.000000000000000000, 0.000000000000000000, -1.000000000000000000 ) ) ;
#6963 = DIRECTION ( 'NONE',  ( -0.000000000000000000, -1.000000000000000000, -0.000000000000000000 ) ) ;
#6964 = DIRECTION ( 'NONE',  ( 0.000000000000000000, 0.000000000000000000, 1.000000000000000000 ) ) ;
#6965 = CARTESIAN_POINT ( 'NONE',  ( 0.000000000000000000, 0.000000000000000000, 0.000000000000000000 ) ) ;
#6966 = PERSON_AND_ORGANIZATION_ROLE ( 'creator' ) ;
#6967 = CC_DESIGN_PERSON_AND_ORGANIZATION_ASSIGNMENT ( #10639, #7902, ( #11946 ) ) ;
#6968 = CARTESIAN_POINT ( 'NONE',  ( -70.00000000000000000, 0.000000000000000000, 39.49999999999999289 ) ) ;
#6969 = EDGE_CURVE ( 'NONE', #8840, #457, #8939, .T. ) ;
#6970 = EDGE_LOOP ( 'NONE', ( #9032, #10229, #8531, #10059 ) ) ;
#6971 = VERTEX_POINT ( 'NONE', #152 ) ;
#6972 = ORIENTED_EDGE ( 'NONE', *, *, #8739, .T. ) ;
#6973 = DIRECTION ( 'NONE',  ( -1.000000000000000000, 0.000000000000000000, 0.000000000000000000 ) ) ;
#6974 = DIRECTION ( 'NONE',  ( 0.000000000000000000, 1.000000000000000000, 0.000000000000000000 ) ) ;
#6975 = DIRECTION ( 'NONE',  ( 0.000000000000000000, 0.000000000000000000, -1.000000000000000000 ) ) ;
#6976 = PRODUCT_RELATED_PRODUCT_CATEGORY ( 'detail', '', ( #11576 ) ) ;
#6977 = EDGE_CURVE ( 'NONE', #10657, #10699, #10447, .T. ) ;
#6978 = CARTESIAN_POINT ( 'NONE',  ( 0.000000000000000000, 285.0000000000000000, 0.000000000000000000 ) ) ;
#6979 = DATE_AND_TIME ( #10742, #7500 ) ;
#6980 = ORIENTED_EDGE ( 'NONE', *, *, #8373, .F. ) ;
#6981 = VERTEX_POINT ( 'NONE', #2084 ) ;
#6982 = DIRECTION ( 'NONE',  ( 0.000000000000000000, -1.000000000000000000, 0.000000000000000000 ) ) ;
#6983 = ORIENTED_EDGE ( 'NONE', *, *, #9854, .T. ) ;
#6984 = LINE ( 'NONE', #4146, #2579 ) ;
#6985 = EDGE_CURVE ( 'NONE', #4355, #2907, #11069, .T. ) ;
#6986 = DIRECTION ( 'NONE',  ( 0.000000000000000000, 0.000000000000000000, 1.000000000000000000 ) ) ;
#6987 = DIRECTION ( 'NONE',  ( 0.000000000000000000, 1.000000000000000000, 0.000000000000000000 ) ) ;
#6988 = CYLINDRICAL_SURFACE ( 'NONE', #3071, 72.50000000000000000 ) ;
#6989 = DIRECTION ( 'NONE',  ( 0.000000000000000000, -0.000000000000000000, 1.000000000000000000 ) ) ;
#6990 = PLANE ( 'NONE',  #3168 ) ;
#6991 = COORDINATED_UNIVERSAL_TIME_OFFSET ( 8, 0, .AHEAD. ) ;
#6992 = DIRECTION ( 'NONE',  ( 0.000000000000000000, 1.000000000000000000, 0.000000000000000000 ) ) ;
#6993 = ORIENTED_EDGE ( 'NONE', *, *, #5126, .F. ) ;
#6994 = CIRCLE ( 'NONE', #3890, 68.99999999999997158 ) ;
#6995 = EDGE_CURVE ( 'NONE', #7856, #6582, #8564, .T. ) ;
#6996 = EDGE_LOOP ( 'NONE', ( #1002, #9937, #1942, #10232 ) ) ;
#6997 = LINE ( 'NONE', #11628, #4134 ) ;
#6998 = DIRECTION ( 'NONE',  ( 0.000000000000000000, 0.000000000000000000, -1.000000000000000000 ) ) ;
#6999 = CARTESIAN_POINT ( 'NONE',  ( -105.0000000000000000, 220.0000000000000000, -95.00000000000000000 ) ) ;
#7000 = CARTESIAN_POINT ( 'NONE',  ( -63.51086798706847958, 122.5000000000000000, 34.96597842945566015 ) ) ;
#7001 = CARTESIAN_POINT ( 'NONE',  ( -55.48909769293801020, 0.000000000000000000, -133.9625322141365871 ) ) ;
#7002 = AXIS2_PLACEMENT_3D ( 'NONE', #7940, #9655, #10738 ) ;
#7003 = PRODUCT ( 'MKH-006_upper_arm_link', 'MKH-006_upper_arm_link', '', ( #7917 ) ) ;
#7004 = COORDINATED_UNIVERSAL_TIME_OFFSET ( 8, 0, .AHEAD. ) ;
#7005 = PERSON_AND_ORGANIZATION_ROLE ( 'creator' ) ;
#7006 = CIRCLE ( 'NONE', #6051, 8.000000000000021316 ) ;
#7007 = CALENDAR_DATE ( 2026, 29, 7 ) ;
#7008 = AXIS2_PLACEMENT_3D ( 'NONE', #1701, #2539, #2663 ) ;
#7009 = FACE_BOUND ( 'NONE', #5329, .T. ) ;
#7010 = VECTOR ( 'NONE', #11644, 1000.000000000000000 ) ;
#7011 = VERTEX_POINT ( 'NONE', #2135 ) ;
#7012 = ORIENTED_EDGE ( 'NONE', *, *, #9741, .T. ) ;
#7013 = ADVANCED_FACE ( 'NONE', ( #5836 ), #7897, .F. ) ;
#7014 = VECTOR ( 'NONE', #9047, 1000.000000000000000 ) ;
#7015 = VERTEX_POINT ( 'NONE', #4270 ) ;
#7016 = DIRECTION ( 'NONE',  ( -0.000000000000000000, -0.000000000000000000, 1.000000000000000000 ) ) ;
#7017 = CYLINDRICAL_SURFACE ( 'NONE', #11289, 9.000000000000021316 ) ;
#7018 = DIRECTION ( 'NONE',  ( -0.000000000000000000, 1.000000000000000000, -0.000000000000000000 ) ) ;
#7019 = PERSON_AND_ORGANIZATION ( #10860, #8800 ) ;
#7020 = DIRECTION ( 'NONE',  ( 0.000000000000000000, 0.000000000000000000, -1.000000000000000000 ) ) ;
#7021 = CIRCLE ( 'NONE', #7990, 8.999999999999980460 ) ;
#7022 = AXIS2_PLACEMENT_3D ( 'NONE', #8822, #5132, #4339 ) ;
#7023 = AXIS2_PLACEMENT_3D ( 'NONE', #7746, #4251, #2237 ) ;
#7024 = ORIENTED_EDGE ( 'NONE', *, *, #7436, .F. ) ;
#7025 = VERTEX_POINT ( 'NONE', #7164 ) ;
#7026 = ORIENTED_EDGE ( 'NONE', *, *, #10055, .F. ) ;
#7027 = ORIENTED_EDGE ( 'NONE', *, *, #7214, .T. ) ;
#7028 = DIRECTION ( 'NONE',  ( 0.000000000000000000, 0.000000000000000000, 1.000000000000000000 ) ) ;
#7029 =( GEOMETRIC_REPRESENTATION_CONTEXT ( 3 ) GLOBAL_UNCERTAINTY_ASSIGNED_CONTEXT ( ( #2309 ) ) GLOBAL_UNIT_ASSIGNED_CONTEXT ( ( #431, #11610, #9710 ) ) REPRESENTATION_CONTEXT ( 'NONE', 'WORKASPACE' ) );
#7030 = EDGE_CURVE ( 'NONE', #4929, #1622, #3697, .T. ) ;
#7031 = ORIENTED_EDGE ( 'NONE', *, *, #10011, .T. ) ;
#7032 = CARTESIAN_POINT ( 'NONE',  ( -75.00000000000000000, 12.00000000000000000, 12.00000000000000000 ) ) ;
#7033 = CARTESIAN_POINT ( 'NONE',  ( -75.00000000000000000, 12.00000000000000000, -12.00000000000000000 ) ) ;
#7034 = AXIS2_PLACEMENT_3D ( 'NONE', #238, #6005, #9826 ) ;
#7035 =( LENGTH_UNIT ( ) NAMED_UNIT ( * ) SI_UNIT ( .MILLI., .METRE. ) );
#7036 = CARTESIAN_POINT ( 'NONE',  ( 135.0000000000000000, 28.00000000000000000, 95.99999999999998579 ) ) ;
#7037 = EDGE_CURVE ( 'NONE', #1813, #9166, #2343, .T. ) ;
#7038 = PERSON_AND_ORGANIZATION ( #11449, #8872 ) ;
#7039 = ORIENTED_EDGE ( 'NONE', *, *, #7333, .T. ) ;
#7040 = ORIENTED_EDGE ( 'NONE', *, *, #7325, .T. ) ;
#7041 = AXIS2_PLACEMENT_3D ( 'NONE', #4289, #7921, #7977 ) ;
#7042 = FACE_OUTER_BOUND ( 'NONE', #2590, .T. ) ;
#7043 = CC_DESIGN_PERSON_AND_ORGANIZATION_ASSIGNMENT ( #8086, #4764, ( #4601 ) ) ;
#7044 = EDGE_CURVE ( 'NONE', #2414, #5342, #3411, .T. ) ;
#7045 = VERTEX_POINT ( 'NONE', #6083 ) ;
#7046 = LINE ( 'NONE', #8743, #4515 ) ;
#7047 = DIRECTION ( 'NONE',  ( 0.000000000000000000, 1.000000000000000000, 0.000000000000000000 ) ) ;
#7048 = CARTESIAN_POINT ( 'NONE',  ( 0.000000000000000000, 360.0000000000000000, -130.0000000000000000 ) ) ;
#7049 = EDGE_LOOP ( 'NONE', ( #8011, #7513, #3263, #813 ) ) ;
#7051 = DIRECTION ( 'NONE',  ( 0.000000000000000000, 1.000000000000000000, 0.000000000000000000 ) ) ;
#7050 = VECTOR ( 'NONE', #9237, 1000.000000000000000 ) ;
#7052 = DIRECTION ( 'NONE',  ( 0.000000000000000000, 1.000000000000000000, 0.000000000000000000 ) ) ;
#7053 = CC_DESIGN_PERSON_AND_ORGANIZATION_ASSIGNMENT ( #1547, #8885, ( #10593 ) ) ;
#7054 = DIRECTION ( 'NONE',  ( 1.000000000000000000, -0.000000000000000000, 0.000000000000000000 ) ) ;
#7055 = APPROVAL_ROLE ( '' ) ;
#7056 = DIRECTION ( 'NONE',  ( 0.000000000000000000, 0.000000000000000000, -1.000000000000000000 ) ) ;
#7057 = ORIENTED_EDGE ( 'NONE', *, *, #10011, .F. ) ;
#7058 = ORIENTED_EDGE ( 'NONE', *, *, #10267, .T. ) ;
#7059 = AXIS2_PLACEMENT_3D ( 'NONE', #4659, #10291, #1982 ) ;
#7060 = DIRECTION ( 'NONE',  ( 0.000000000000000000, 0.000000000000000000, 1.000000000000000000 ) ) ;
#7061 = DIRECTION ( 'NONE',  ( 0.000000000000000000, 0.000000000000000000, -1.000000000000000000 ) ) ;
#7062 = FACE_OUTER_BOUND ( 'NONE', #3028, .T. ) ;
#7063 = EDGE_CURVE ( 'NONE', #8776, #8717, #8731, .T. ) ;
#7064 = DIRECTION ( 'NONE',  ( 0.000000000000000000, 1.000000000000000000, 0.000000000000000000 ) ) ;
#7065 = LINE ( 'NONE', #1555, #9205 ) ;
#7066 = VECTOR ( 'NONE', #11070, 1000.000000000000000 ) ;
#7067 = DATE_AND_TIME ( #3254, #2412 ) ;
#7068 = PERSON_AND_ORGANIZATION ( #10860, #8800 ) ;
#7069 = ORIENTED_EDGE ( 'NONE', *, *, #6111, .T. ) ;
#7070 = EDGE_CURVE ( 'NONE', #6617, #10853, #11619, .T. ) ;
#7071 = LINE ( 'NONE', #10776, #7615 ) ;
#7072 = ORIENTED_EDGE ( 'NONE', *, *, #685, .F. ) ;
#7073 = EDGE_LOOP ( 'NONE', ( #1182, #9344, #958, #4656 ) ) ;
#7074 = EDGE_LOOP ( 'NONE', ( #10777, #8326, #8915, #11713 ) ) ;
#7075 = LINE ( 'NONE', #4294, #5182 ) ;
#7076 = CARTESIAN_POINT ( 'NONE',  ( -34.96597842945568857, 122.5000000000000000, -63.51086798706847958 ) ) ;
#7077 = LOCAL_TIME ( 1, 43, 37.00000000000000000, #3967 ) ;
#7078 = LINE ( 'NONE', #5269, #6287 ) ;
#7079 = APPROVAL_STATUS ( 'not_yet_approved' ) ;
#7080 = FACE_OUTER_BOUND ( 'NONE', #6604, .T. ) ;
#7081 = AXIS2_PLACEMENT_3D ( 'NONE', #3762, #749, #10085 ) ;
#7082 = EDGE_CURVE ( 'NONE', #2540, #5659, #9708, .T. ) ;
#7083 = APPROVAL_PERSON_ORGANIZATION ( #9698, #4313, #1389 ) ;
#7084 = ORIENTED_EDGE ( 'NONE', *, *, #4161, .T. ) ;
#7085 = VERTEX_POINT ( 'NONE', #8013 ) ;
#7086 = CARTESIAN_POINT ( 'NONE',  ( 70.00000000000000000, 95.00000000000000000, -45.00000000000000000 ) ) ;
#7087 = EDGE_LOOP ( 'NONE', ( #717, #8918, #3396, #8594 ) ) ;
#7088 = VECTOR ( 'NONE', #1755, 1000.000000000000000 ) ;
#7089 = CARTESIAN_POINT ( 'NONE',  ( -34.96597842945568857, 220.0000000000000000, 63.51086798706846537 ) ) ;
#7090 = CARTESIAN_POINT ( 'NONE',  ( -165.0000000000000000, 22.00000000000000000, -29.00000000000000000 ) ) ;
#7091 = EDGE_CURVE ( 'NONE', #896, #2210, #10288, .T. ) ;
#7092 =( NAMED_UNIT ( * ) PLANE_ANGLE_UNIT ( ) SI_UNIT ( $, .RADIAN. ) );
#7093 = ITEM_DEFINED_TRANSFORMATION ( 'NONE', 'NONE', #8589,  #10725 ) ;
#7094 = CC_DESIGN_APPROVAL ( #3637, ( #11574 ) ) ;
#7095 = DIRECTION ( 'NONE',  ( 0.000000000000000000, -0.000000000000000000, 1.000000000000000000 ) ) ;
#7096 = CONTEXT_DEPENDENT_SHAPE_REPRESENTATION ( #11629, #2342 ) ;
#7097 = ADVANCED_FACE ( 'NONE', ( #3291 ), #501, .T. ) ;
#7098 = VERTEX_POINT ( 'NONE', #11732 ) ;
#7099 = VECTOR ( 'NONE', #8906, 1000.000000000000000 ) ;
#7100 = ADVANCED_BREP_SHAPE_REPRESENTATION ( '', ( #11797, #10725 ), #7029 ) ;
#7101 = ORIENTED_EDGE ( 'NONE', *, *, #5404, .T. ) ;
#7102 = DIRECTION ( 'NONE',  ( 0.000000000000000000, 0.000000000000000000, 1.000000000000000000 ) ) ;
#7103 = ORIENTED_EDGE ( 'NONE', *, *, #2032, .T. ) ;
#7104 = DIRECTION ( 'NONE',  ( 0.000000000000000000, 0.000000000000000000, -1.000000000000000000 ) ) ;
#7105 = APPROVAL_PERSON_ORGANIZATION ( #8265, #96, #9357 ) ;
#7106 = PRODUCT_DEFINITION_SHAPE ( 'NONE', 'NONE',  #6379 ) ;
#7107 = LINE ( 'NONE', #1542, #1482 ) ;
#7108 = DIRECTION ( 'NONE',  ( -1.000000000000000000, 0.000000000000000000, 0.000000000000000000 ) ) ;
#7109 = CARTESIAN_POINT ( 'NONE',  ( 0.000000000000000000, 245.0000000000000000, 0.000000000000000000 ) ) ;
#7110 = DIRECTION ( 'NONE',  ( 0.000000000000000000, 0.000000000000000000, -1.000000000000000000 ) ) ;
#7111 = VECTOR ( 'NONE', #5198, 1000.000000000000000 ) ;
#7112 = CARTESIAN_POINT ( 'NONE',  ( 0.000000000000000000, 225.0000000000000000, 0.000000000000000000 ) ) ;
#7113 = APPLICATION_CONTEXT ( 'configuration controlled 3d designs of mechanical parts and assemblies' ) ;
#7114 = PERSON_AND_ORGANIZATION ( #10860, #8800 ) ;
#7116 = DIRECTION ( 'NONE',  ( 0.000000000000000000, 0.000000000000000000, 1.000000000000000000 ) ) ;
#7115 = CC_DESIGN_PERSON_AND_ORGANIZATION_ASSIGNMENT ( #9746, #526, ( #4924 ) ) ;
#7117 = ORIENTED_EDGE ( 'NONE', *, *, #4415, .T. ) ;
#7118 = LOCAL_TIME ( 1, 43, 37.00000000000000000, #6737 ) ;
#7119 = EDGE_CURVE ( 'NONE', #4846, #2847, #443, .T. ) ;
#7120 = EDGE_LOOP ( 'NONE', ( #4963, #10668 ) ) ;
#7121 = CLOSED_SHELL ( 'NONE', ( #2331, #671, #11147, #6918, #7493, #3771, #11126, #1999, #7906, #1592, #10438, #8174, #2197, #6302, #5359, #6459, #7476, #1270, #8713, #10294, #7209, #10696, #3979, #11136 ) ) ;
#7122 = AXIS2_PLACEMENT_3D ( 'NONE', #7844, #1371, #7176 ) ;
#7123 = CARTESIAN_POINT ( 'NONE',  ( 117.5000000000000000, 20.00000000000000000, -11.00000000000000355 ) ) ;
#7124 = LINE ( 'NONE', #518, #3839 ) ;
#7125 = CYLINDRICAL_SURFACE ( 'NONE', #6724, 65.00000000000000000 ) ;
#7126 = CARTESIAN_POINT ( 'NONE',  ( -135.0000000000000000, 0.000000000000000000, -95.99999999999998579 ) ) ;
#7127 = DIRECTION ( 'NONE',  ( -0.000000000000000000, -0.000000000000000000, 1.000000000000000000 ) ) ;
#7128 = CALENDAR_DATE ( 2026, 29, 7 ) ;
#7129 = CIRCLE ( 'NONE', #8299, 8.000000000000007105 ) ;
#7130 = APPROVAL_ROLE ( '' ) ;
#7131 = ADVANCED_FACE ( 'NONE', ( #2382 ), #6147, .T. ) ;
#7132 = DATE_TIME_ROLE ( 'classification_date' ) ;
#7133 = ADVANCED_FACE ( 'NONE', ( #1593 ), #8744, .F. ) ;
#7134 = FACE_OUTER_BOUND ( 'NONE', #7172, .T. ) ;
#7135 = ORIENTED_EDGE ( 'NONE', *, *, #8125, .F. ) ;
#7136 = VECTOR ( 'NONE', #4568, 1000.000000000000000 ) ;
#7137 = ORIENTED_EDGE ( 'NONE', *, *, #2321, .F. ) ;
#7138 = LINE ( 'NONE', #9590, #9246 ) ;
#7139 = ORIENTED_EDGE ( 'NONE', *, *, #1151, .T. ) ;
#7140 = EDGE_CURVE ( 'NONE', #1535, #10984, #7107, .T. ) ;
#7141 = CARTESIAN_POINT ( 'NONE',  ( -85.00000000000000000, 120.0000000000000000, -60.00000000000000000 ) ) ;
#7142 = LINE ( 'NONE', #7257, #10507 ) ;
#7143 = CARTESIAN_POINT ( 'NONE',  ( -245.0000000000000000, 20.00000000000000000, 64.00000000000000000 ) ) ;
#7144 = CARTESIAN_POINT ( 'NONE',  ( 1013.500283685594695, 729.6047378353264321, 0.000000000000000000 ) ) ;
#7145 = APPROVAL_ROLE ( '' ) ;
#7146 = LINE ( 'NONE', #10164, #7799 ) ;
#7147 = CIRCLE ( 'NONE', #6755, 7.500000000000000000 ) ;
#7148 = ORIENTED_EDGE ( 'NONE', *, *, #8779, .F. ) ;
#7149 = EDGE_CURVE ( 'NONE', #1158, #7816, #4383, .T. ) ;
#7150 = ORIENTED_EDGE ( 'NONE', *, *, #8846, .F. ) ;
#7151 = ORIENTED_EDGE ( 'NONE', *, *, #4520, .T. ) ;
#7152 = DIRECTION ( 'NONE',  ( 0.000000000000000000, 1.000000000000000000, 0.000000000000000000 ) ) ;
#7153 = ORIENTED_EDGE ( 'NONE', *, *, #1817, .T. ) ;
#7154 = DIRECTION ( 'NONE',  ( 0.000000000000000000, 0.000000000000000000, -1.000000000000000000 ) ) ;
#7155 = DIRECTION ( 'NONE',  ( -1.000000000000000000, -0.000000000000000000, -0.000000000000000000 ) ) ;
#7156 =( LENGTH_UNIT ( ) NAMED_UNIT ( * ) SI_UNIT ( .MILLI., .METRE. ) );
#7157 = DIRECTION ( 'NONE',  ( -1.000000000000000000, -0.000000000000000000, -0.000000000000000000 ) ) ;
#7158 = CONTEXT_DEPENDENT_SHAPE_REPRESENTATION ( #7888, #11448 ) ;
#7159 = VERTEX_POINT ( 'NONE', #5299 ) ;
#7160 = ORIENTED_EDGE ( 'NONE', *, *, #10246, .F. ) ;
#7161 = DIRECTION ( 'NONE',  ( 0.000000000000000000, 0.000000000000000000, 1.000000000000000000 ) ) ;
#7162 = ORIENTED_EDGE ( 'NONE', *, *, #2965, .F. ) ;
#7163 = DIRECTION ( 'NONE',  ( -0.000000000000000000, -1.000000000000000000, -0.000000000000000000 ) ) ;
#7164 = CARTESIAN_POINT ( 'NONE',  ( 27.55320713028646651, 220.0000000000000000, -74.51932634081265405 ) ) ;
#7165 = LINE ( 'NONE', #11847, #7387 ) ;
#7166 = EDGE_CURVE ( 'NONE', #7905, #8854, #11351, .T. ) ;
#7167 = DIRECTION ( 'NONE',  ( 0.000000000000000000, 1.000000000000000000, 0.000000000000000000 ) ) ;
#7168 = PLANE ( 'NONE',  #9545 ) ;
#7169 = DIRECTION ( 'NONE',  ( 0.000000000000000000, 0.000000000000000000, -1.000000000000000000 ) ) ;
#7170 = DATE_AND_TIME ( #3361, #723 ) ;
#7171 = FACE_BOUND ( 'NONE', #10953, .T. ) ;
#7172 = EDGE_LOOP ( 'NONE', ( #354, #3446, #8873, #1884 ) ) ;
#7173 = ORIENTED_EDGE ( 'NONE', *, *, #9895, .T. ) ;
#7174 = DIRECTION ( 'NONE',  ( 1.000000000000000000, 0.000000000000000000, 0.000000000000000000 ) ) ;
#7175 = DIRECTION ( 'NONE',  ( -0.000000000000000000, -1.000000000000000000, -0.000000000000000000 ) ) ;
#7176 = DIRECTION ( 'NONE',  ( 0.000000000000000000, 0.000000000000000000, 1.000000000000000000 ) ) ;
#7177 = EDGE_CURVE ( 'NONE', #8284, #6781, #11552, .T. ) ;
#7178 = FACE_OUTER_BOUND ( 'NONE', #5507, .T. ) ;
#7179 = CARTESIAN_POINT ( 'NONE',  ( 70.00000000000000000, 95.00000000000000000, -50.50000000000000000 ) ) ;
#7180 = DIRECTION ( 'NONE',  ( 0.000000000000000000, 0.000000000000000000, 1.000000000000000000 ) ) ;
#7181 = PERSON_AND_ORGANIZATION ( #10860, #8800 ) ;
#7182 = SECURITY_CLASSIFICATION_LEVEL ( 'unclassified' ) ;
#7183 = ADVANCED_FACE ( 'NONE', ( #6936, #2322, #6022, #8374, #1895 ), #7345, .T. ) ;
#7184 = PRODUCT_DEFINITION_SHAPE ( 'NONE', 'NONE',  #12012 ) ;
#7185 = AXIS2_PLACEMENT_3D ( 'NONE', #7949, #11730, #7104 ) ;
#7186 = DIRECTION ( 'NONE',  ( 0.000000000000000000, 0.000000000000000000, 1.000000000000000000 ) ) ;
#7187 = VERTEX_POINT ( 'NONE', #9231 ) ;
#7188 = APPROVAL ( #8167, 'æœª' ) ;
#7189 = EDGE_CURVE ( 'NONE', #3554, #7516, #3587, .T. ) ;
#7190 = EDGE_LOOP ( 'NONE', ( #8353, #3823 ) ) ;
#7191 = CARTESIAN_POINT ( 'NONE',  ( 0.000000000000000000, 41.99999999999997868, 0.000000000000000000 ) ) ;
#7192 = ORIENTED_EDGE ( 'NONE', *, *, #601, .T. ) ;
#7193 = CARTESIAN_POINT ( 'NONE',  ( 59.00000000000000000, 0.000000000000000000, -7.500000000000000000 ) ) ;
#7194 = DIRECTION ( 'NONE',  ( -0.000000000000000000, -1.000000000000000000, -0.000000000000000000 ) ) ;
#7195 = DIRECTION ( 'NONE',  ( 0.000000000000000000, 0.000000000000000000, -1.000000000000000000 ) ) ;
#7196 = COORDINATED_UNIVERSAL_TIME_OFFSET ( 8, 0, .AHEAD. ) ;
#7197 = AXIS2_PLACEMENT_3D ( 'NONE', #11470, #7878, #5224 ) ;
#7198 = CC_DESIGN_DATE_AND_TIME_ASSIGNMENT ( #2508, #8083, ( #1882 ) ) ;
#7199 = VECTOR ( 'NONE', #5102, 1000.000000000000000 ) ;
#7200 = ORIENTED_EDGE ( 'NONE', *, *, #7232, .F. ) ;
#7201 = ORIENTED_EDGE ( 'NONE', *, *, #8246, .F. ) ;
#7202 = VECTOR ( 'NONE', #4574, 1000.000000000000000 ) ;
#7203 = ORIENTED_EDGE ( 'NONE', *, *, #8646, .F. ) ;
#7204 = DIRECTION ( 'NONE',  ( 0.000000000000000000, 0.000000000000000000, -1.000000000000000000 ) ) ;
#7205 = EDGE_LOOP ( 'NONE', ( #10357, #5565, #9454, #191 ) ) ;
#7206 = CARTESIAN_POINT ( 'NONE',  ( -135.0000000000000000, 28.00000000000000000, -114.0000000000000000 ) ) ;
#7207 = DIRECTION ( 'NONE',  ( 0.000000000000000000, 1.000000000000000000, 0.000000000000000000 ) ) ;
#7208 = AXIS2_PLACEMENT_3D ( 'NONE', #3635, #6371, #10076 ) ;
#7209 = ADVANCED_FACE ( 'NONE', ( #9970 ), #9058, .T. ) ;
#7210 = EDGE_CURVE ( 'NONE', #9700, #5757, #5421, .T. ) ;
#7211 = FACE_BOUND ( 'NONE', #5076, .T. ) ;
#7212 = ORIENTED_EDGE ( 'NONE', *, *, #6211, .F. ) ;
#7213 = DATE_AND_TIME ( #741, #345 ) ;
#7214 = EDGE_CURVE ( 'NONE', #3595, #2178, #5161, .T. ) ;
#7215 = ORIENTED_EDGE ( 'NONE', *, *, #43, .F. ) ;
#7216 = ORIENTED_EDGE ( 'NONE', *, *, #3873, .F. ) ;
#7217 = CARTESIAN_POINT ( 'NONE',  ( 0.000000000000000000, 36.00000000000000711, 0.000000000000000000 ) ) ;
#7218 = VERTEX_POINT ( 'NONE', #4567 ) ;
#7219 = CARTESIAN_POINT ( 'NONE',  ( 4.653657836759941941E-15, 0.000000000000000000, 38.00000000000000000 ) ) ;
#7220 = AXIS2_PLACEMENT_3D ( 'NONE', #1227, #2196, #9422 ) ;
#7221 = VECTOR ( 'NONE', #1571, 1000.000000000000000 ) ;
#7222 = DIRECTION ( 'NONE',  ( 0.000000000000000000, 0.000000000000000000, 1.000000000000000000 ) ) ;
#7223 = DIRECTION ( 'NONE',  ( -0.000000000000000000, -1.000000000000000000, -0.000000000000000000 ) ) ;
#7224 = FACE_OUTER_BOUND ( 'NONE', #8547, .T. ) ;
#7225 = CARTESIAN_POINT ( 'NONE',  ( 165.0000000000000000, 22.00000000000000000, 12.00000000000000000 ) ) ;
#7226 = DIRECTION ( 'NONE',  ( 0.000000000000000000, 0.000000000000000000, 1.000000000000000000 ) ) ;
#7227 = CIRCLE ( 'NONE', #5108, 5.500000000000005329 ) ;
#7228 = FACE_OUTER_BOUND ( 'NONE', #7340, .T. ) ;
#7229 = EDGE_LOOP ( 'NONE', ( #6832, #9915 ) ) ;
#7230 = AXIS2_PLACEMENT_3D ( 'NONE', #9901, #8990, #10296 ) ;
#7231 = SHAPE_REPRESENTATION ( 'MKH-100_base_module', ( #7813, #2595, #84, #7235, #9376, #8589, #11316 ), #1438 ) ;
#7232 = EDGE_CURVE ( 'NONE', #1972, #7098, #8243, .T. ) ;
#7233 = ORIENTED_EDGE ( 'NONE', *, *, #6760, .T. ) ;
#7234 = CARTESIAN_POINT ( 'NONE',  ( 52.50000000000000000, 28.00000000000000000, 131.0000000000000000 ) ) ;
#7235 = AXIS2_PLACEMENT_3D ( 'NONE', #2723, #2611, #3638 ) ;
#7236 = VECTOR ( 'NONE', #8321, 1000.000000000000000 ) ;
#7237 = DIRECTION ( 'NONE',  ( 0.000000000000000000, 0.000000000000000000, 1.000000000000000000 ) ) ;
#7238 = CARTESIAN_POINT ( 'NONE',  ( 0.000000000000000000, 0.000000000000000000, 0.000000000000000000 ) ) ;
#7239 = VECTOR ( 'NONE', #5506, 1000.000000000000000 ) ;
#7240 = DIRECTION ( 'NONE',  ( 0.000000000000000000, 0.000000000000000000, 1.000000000000000000 ) ) ;
#7241 = LINE ( 'NONE', #8096, #5390 ) ;
#7242 = DIRECTION ( 'NONE',  ( -0.000000000000000000, -1.000000000000000000, -0.000000000000000000 ) ) ;
#7243 = EDGE_CURVE ( 'NONE', #8905, #3797, #8441, .T. ) ;
#7244 = APPROVAL_DATE_TIME ( #8278, #517 ) ;
#7245 = COORDINATED_UNIVERSAL_TIME_OFFSET ( 8, 0, .AHEAD. ) ;
#7246 = SECURITY_CLASSIFICATION_LEVEL ( 'unclassified' ) ;
#7247 = AXIS2_PLACEMENT_3D ( 'NONE', #53, #2713, #10240 ) ;
#7248 = EDGE_CURVE ( 'NONE', #10195, #2630, #2733, .T. ) ;
#7249 = VERTEX_POINT ( 'NONE', #8194 ) ;
#7250 = CARTESIAN_POINT ( 'NONE',  ( 105.0000000000000000, 0.000000000000000000, 95.00000000000000000 ) ) ;
#7251 = VERTEX_POINT ( 'NONE', #3700 ) ;
#7252 = ORIENTED_EDGE ( 'NONE', *, *, #5051, .T. ) ;
#7253 = CARTESIAN_POINT ( 'NONE',  ( -180.0000000000000000, 22.00000000000000000, 12.00000000000000000 ) ) ;
#7254 = AXIS2_PLACEMENT_3D ( 'NONE', #1061, #2753, #11016 ) ;
#7255 = VERTEX_POINT ( 'NONE', #7284 ) ;
#7256 = LINE ( 'NONE', #9881, #913 ) ;
#7257 = CARTESIAN_POINT ( 'NONE',  ( 27.55320713028646651, 220.0000000000000000, -74.51932634081265405 ) ) ;
#7258 = DIRECTION ( 'NONE',  ( 0.000000000000000000, 0.000000000000000000, -1.000000000000000000 ) ) ;
#7259 = PERSON_AND_ORGANIZATION ( #10860, #8800 ) ;
#7260 = EDGE_CURVE ( 'NONE', #6362, #2664, #9294, .T. ) ;
#7261 = CC_DESIGN_DATE_AND_TIME_ASSIGNMENT ( #1000, #10163, ( #10827 ) ) ;
#7262 = EDGE_CURVE ( 'NONE', #7644, #3908, #10994, .T. ) ;
#7263 = EDGE_LOOP ( 'NONE', ( #552, #8736, #6006, #9140 ) ) ;
#7264 = VERTEX_POINT ( 'NONE', #10144 ) ;
#7265 = ORIENTED_EDGE ( 'NONE', *, *, #11660, .T. ) ;
#7266 = CARTESIAN_POINT ( 'NONE',  ( 41.41064430052887246, 260.0000000000000000, 77.08053281221576469 ) ) ;
#7267 = CC_DESIGN_PERSON_AND_ORGANIZATION_ASSIGNMENT ( #1558, #2520, ( #11964 ) ) ;
#7268 = ORIENTED_EDGE ( 'NONE', *, *, #3867, .T. ) ;
#7269 = APPLICATION_CONTEXT ( 'configuration controlled 3d designs of mechanical parts and assemblies' ) ;
#7270 = DIRECTION ( 'NONE',  ( -0.000000000000000000, -1.000000000000000000, -0.000000000000000000 ) ) ;
#7271 = DIRECTION ( 'NONE',  ( 0.000000000000000000, 0.000000000000000000, 1.000000000000000000 ) ) ;
#7272 = CARTESIAN_POINT ( 'NONE',  ( 0.000000000000000000, 0.000000000000000000, 0.000000000000000000 ) ) ;
#7273 = CARTESIAN_POINT ( 'NONE',  ( -180.0000000000000000, 22.00000000000000000, -12.00000000000000000 ) ) ;
#7274 = CONTEXT_DEPENDENT_SHAPE_REPRESENTATION ( #3551, #10670 ) ;
#7275 = EDGE_CURVE ( 'NONE', #8754, #11321, #9803, .T. ) ;
#7276 = CC_DESIGN_APPROVAL ( #1773, ( #2239 ) ) ;
#7277 = ORIENTED_EDGE ( 'NONE', *, *, #5142, .F. ) ;
#7278 = EDGE_LOOP ( 'NONE', ( #11205, #4626, #7215, #340 ) ) ;
#7279 = DIRECTION ( 'NONE',  ( 0.000000000000000000, 0.000000000000000000, 1.000000000000000000 ) ) ;
#7280 = EDGE_CURVE ( 'NONE', #2132, #4268, #11979, .T. ) ;
#7281 = AXIS2_PLACEMENT_3D ( 'NONE', #5286, #6974, #3215 ) ;
#7282 = ORIENTED_EDGE ( 'NONE', *, *, #8393, .F. ) ;
#7283 = CARTESIAN_POINT ( 'NONE',  ( -75.75812166592551478, 0.000000000000000000, 38.38004145393735200 ) ) ;
#7284 = CARTESIAN_POINT ( 'NONE',  ( -78.00000000000000000, 0.000000000000000000, 7.499999999999999112 ) ) ;
#7285 = CC_DESIGN_APPROVAL ( #5504, ( #1871 ) ) ;
#7286 = FACE_OUTER_BOUND ( 'NONE', #5097, .T. ) ;
#7287 = CC_DESIGN_APPROVAL ( #7557, ( #10970 ) ) ;
#7288 = DIRECTION ( 'NONE',  ( 0.000000000000000000, 0.000000000000000000, -1.000000000000000000 ) ) ;
#7289 = EDGE_CURVE ( 'NONE', #11740, #10699, #10931, .T. ) ;
#7290 = FACE_OUTER_BOUND ( 'NONE', #6123, .T. ) ;
#7291 = CARTESIAN_POINT ( 'NONE',  ( 0.000000000000000000, 47.99999999999998579, -52.50000000000000000 ) ) ;
#7292 = CIRCLE ( 'NONE', #5367, 9.000000000000007105 ) ;
#7293 = DATE_TIME_ROLE ( 'creation_date' ) ;
#7294 = CARTESIAN_POINT ( 'NONE',  ( 1.163414459189985485E-14, 42.00000000000000000, 95.00000000000001421 ) ) ;
#7295 = CC_DESIGN_SECURITY_CLASSIFICATION ( #522, ( #12017 ) ) ;
#7296 = CC_DESIGN_APPROVAL ( #9358, ( #7871 ) ) ;
#7297 = VERTEX_POINT ( 'NONE', #6323 ) ;
#7298 = LINE ( 'NONE', #7234, #3734 ) ;
#7299 = VECTOR ( 'NONE', #9321, 1000.000000000000000 ) ;
#7300 = DIRECTION ( 'NONE',  ( 0.000000000000000000, 0.000000000000000000, 1.000000000000000000 ) ) ;
#7301 = DIRECTION ( 'NONE',  ( 0.000000000000000000, -0.000000000000000000, 1.000000000000000000 ) ) ;
#7302 = DIRECTION ( 'NONE',  ( 0.000000000000000000, 1.000000000000000000, 0.000000000000000000 ) ) ;
#7303 = LOCAL_TIME ( 1, 43, 37.00000000000000000, #1049 ) ;
#7304 = CARTESIAN_POINT ( 'NONE',  ( 25.22242005078183169, 0.000000000000000000, 83.78591484719802907 ) ) ;
#7305 = APPROVAL_DATE_TIME ( #3603, #1037 ) ;
#7306 = PERSON_AND_ORGANIZATION_ROLE ( 'design_supplier' ) ;
#7307 = CALENDAR_DATE ( 2026, 29, 7 ) ;
#7308 = VECTOR ( 'NONE', #8226, 1000.000000000000000 ) ;
#7309 = ORIENTED_EDGE ( 'NONE', *, *, #1831, .F. ) ;
#7310 = ORGANIZATION ( 'NAUO-ORG7', 'UNSPECIFIED', 'UNSPECIFIED' ) ;
#7311 = DIRECTION ( 'NONE',  ( 0.000000000000000000, 0.000000000000000000, -1.000000000000000000 ) ) ;
#7312 = ORIENTED_EDGE ( 'NONE', *, *, #2909, .T. ) ;
#7313 = VERTEX_POINT ( 'NONE', #10032 ) ;
#7314 = LINE ( 'NONE', #11081, #9062 ) ;
#7315 = EDGE_LOOP ( 'NONE', ( #6682, #218, #7330, #6850 ) ) ;
#7316 = AXIS2_PLACEMENT_3D ( 'NONE', #97, #7302, #11066 ) ;
#7317 = AXIS2_PLACEMENT_3D ( 'NONE', #4404, #9918, #4228 ) ;
#7318 = DIRECTION ( 'NONE',  ( 0.000000000000000000, 0.000000000000000000, -1.000000000000000000 ) ) ;
#7319 = DIRECTION ( 'NONE',  ( -0.000000000000000000, -1.000000000000000000, -0.000000000000000000 ) ) ;
#7320 = CARTESIAN_POINT ( 'NONE',  ( 8.450062914116734689E-15, 0.000000000000000000, 68.99999999999998579 ) ) ;
#7321 = EDGE_CURVE ( 'NONE', #6423, #6489, #10191, .T. ) ;
#7322 = SHAPE_REPRESENTATION_RELATIONSHIP ( 'NONE' , 'NONE' ,  #2671, #9126 ) ;
#7323 = PERSON_AND_ORGANIZATION ( #10860, #8800 ) ;
#7324 = ORIENTED_EDGE ( 'NONE', *, *, #5094, .F. ) ;
#7325 = EDGE_CURVE ( 'NONE', #10669, #11652, #1768, .T. ) ;
#7326 = AXIS2_PLACEMENT_3D ( 'NONE', #9800, #11570, #7061 ) ;
#7327 = ORIENTED_EDGE ( 'NONE', *, *, #6299, .T. ) ;
#7328 = EDGE_LOOP ( 'NONE', ( #7200, #9381 ) ) ;
#7329 = PLANE ( 'NONE',  #9919 ) ;
#7330 = ORIENTED_EDGE ( 'NONE', *, *, #8993, .T. ) ;
#7331 = LINE ( 'NONE', #5343, #1681 ) ;
#7332 = DIRECTION ( 'NONE',  ( 0.000000000000000000, 1.000000000000000000, 0.000000000000000000 ) ) ;
#7333 = EDGE_CURVE ( 'NONE', #11831, #1245, #9174, .T. ) ;
#7334 = PLANE ( 'NONE',  #9745 ) ;
#7335 = ORIENTED_EDGE ( 'NONE', *, *, #6796, .T. ) ;
#7336 = DATE_TIME_ROLE ( 'classification_date' ) ;
#7337 = EDGE_CURVE ( 'NONE', #650, #6007, #11052, .T. ) ;
#7338 = EDGE_CURVE ( 'NONE', #4677, #4373, #1278, .T. ) ;
#7339 = ORIENTED_EDGE ( 'NONE', *, *, #6432, .T. ) ;
#7340 = EDGE_LOOP ( 'NONE', ( #9880, #8913, #5617, #9316, #8007, #4490, #5769, #3904, #614, #11943, #3810, #9394 ) ) ;
#7341 = DIRECTION ( 'NONE',  ( 0.000000000000000000, 1.000000000000000000, 0.000000000000000000 ) ) ;
#7342 = EDGE_LOOP ( 'NONE', ( #244, #4844, #8417, #7840 ) ) ;
#7343 = CARTESIAN_POINT ( 'NONE',  ( 135.0000000000000000, 20.00000000000000000, 11.00000000000000000 ) ) ;
#7344 = CC_DESIGN_DATE_AND_TIME_ASSIGNMENT ( #9504, #56, ( #3273 ) ) ;
#7345 = PLANE ( 'NONE',  #703 ) ;
#7346 = EDGE_CURVE ( 'NONE', #5532, #8657, #4069, .T. ) ;
#7347 = CARTESIAN_POINT ( 'NONE',  ( 0.000000000000000000, 0.000000000000000000, 0.000000000000000000 ) ) ;
#7348 = FACE_BOUND ( 'NONE', #727, .T. ) ;
#7349 = LINE ( 'NONE', #9236, #10130 ) ;
#7350 = DIRECTION ( 'NONE',  ( -0.000000000000000000, -1.000000000000000000, -0.000000000000000000 ) ) ;
#7351 = CALENDAR_DATE ( 2026, 29, 7 ) ;
#7352 = CARTESIAN_POINT ( 'NONE',  ( 15.00000000000000000, 28.00000000000000000, 7.500000000000000000 ) ) ;
#7353 = ORIENTED_EDGE ( 'NONE', *, *, #618, .T. ) ;
#7354 = EDGE_CURVE ( 'NONE', #6653, #2345, #9410, .T. ) ;
#7355 = CARTESIAN_POINT ( 'NONE',  ( 15.00000000000000000, 0.000000000000000000, -7.500000000000000000 ) ) ;
#7356 = DIRECTION ( 'NONE',  ( 0.000000000000000000, 0.000000000000000000, 1.000000000000000000 ) ) ;
#7357 = CARTESIAN_POINT ( 'NONE',  ( 75.00000000000000000, 12.00000000000000000, 8.000000000000000000 ) ) ;
#7358 = CARTESIAN_POINT ( 'NONE',  ( 0.000000000000000000, 42.00000000000000000, 0.000000000000000000 ) ) ;
#7359 = CARTESIAN_POINT ( 'NONE',  ( 0.000000000000000000, 225.0000000000000000, 0.000000000000000000 ) ) ;
#7360 = CALENDAR_DATE ( 2026, 29, 7 ) ;
#7361 = ADVANCED_FACE ( 'NONE', ( #4007 ), #3827, .T. ) ;
#7362 = APPROVAL_STATUS ( 'not_yet_approved' ) ;
#7363 = CARTESIAN_POINT ( 'NONE',  ( -78.00000000000000000, 0.000000000000000000, 0.000000000000000000 ) ) ;
#7364 = PERSON_AND_ORGANIZATION ( #8538, #5564 ) ;
#7365 = ORIENTED_EDGE ( 'NONE', *, *, #6187, .F. ) ;
#7366 = EDGE_CURVE ( 'NONE', #8189, #8699, #5543, .T. ) ;
#7367 = CARTESIAN_POINT ( 'NONE',  ( 0.000000000000000000, 0.000000000000000000, -115.0000000000000000 ) ) ;
#7368 = ORIENTED_EDGE ( 'NONE', *, *, #8576, .F. ) ;
#7369 = ORIENTED_EDGE ( 'NONE', *, *, #6246, .T. ) ;
#7370 = DIRECTION ( 'NONE',  ( 0.000000000000000000, 1.000000000000000000, 0.000000000000000000 ) ) ;
#7371 = ORIENTED_EDGE ( 'NONE', *, *, #9501, .T. ) ;
#7372 = CARTESIAN_POINT ( 'NONE',  ( 165.0000000000000000, 22.00000000000000000, 29.00000000000000000 ) ) ;
#7373 = CARTESIAN_POINT ( 'NONE',  ( 31.38004145393736266, 30.00000000000000000, -75.75812166592551478 ) ) ;
#7374 = DIRECTION ( 'NONE',  ( 0.000000000000000000, 1.000000000000000000, 0.000000000000000000 ) ) ;
#7375 =( LENGTH_UNIT ( ) NAMED_UNIT ( * ) SI_UNIT ( .MILLI., .METRE. ) );
#7376 = APPROVAL_DATE_TIME ( #4482, #534 ) ;
#7377 = VECTOR ( 'NONE', #7648, 1000.000000000000000 ) ;
#7378 = ADVANCED_FACE ( 'NONE', ( #11175 ), #9473, .F. ) ;
#7379 = ORIENTED_EDGE ( 'NONE', *, *, #6443, .F. ) ;
#7380 = ORIENTED_EDGE ( 'NONE', *, *, #7536, .F. ) ;
#7381 = FACE_BOUND ( 'NONE', #8927, .T. ) ;
#7382 = ORIENTED_EDGE ( 'NONE', *, *, #9272, .T. ) ;
#7383 = DIRECTION ( 'NONE',  ( 0.000000000000000000, 1.000000000000000000, 0.000000000000000000 ) ) ;
#7384 = CARTESIAN_POINT ( 'NONE',  ( -115.0000000000000000, 12.00000000000000000, 28.00000000000000000 ) ) ;
#7385 = VECTOR ( 'NONE', #4501, 1000.000000000000000 ) ;
#7386 = DIRECTION ( 'NONE',  ( 0.000000000000000000, 1.000000000000000000, 0.000000000000000000 ) ) ;
#7387 = VECTOR ( 'NONE', #7223, 1000.000000000000000 ) ;
#7388 = EDGE_LOOP ( 'NONE', ( #8559, #11586 ) ) ;
#7389 = VECTOR ( 'NONE', #5236, 1000.000000000000000 ) ;
#7390 = ORIENTED_EDGE ( 'NONE', *, *, #794, .F. ) ;
#7391 = EDGE_CURVE ( 'NONE', #5950, #10851, #1277, .T. ) ;
#7392 = ORIENTED_EDGE ( 'NONE', *, *, #9720, .T. ) ;
#7393 = ORIENTED_EDGE ( 'NONE', *, *, #8662, .F. ) ;
#7394 = FACE_OUTER_BOUND ( 'NONE', #11524, .T. ) ;
#7395 = CARTESIAN_POINT ( 'NONE',  ( -25.22242005078194538, 142.5000000000000000, -83.78591484719798643 ) ) ;
#7396 = DIRECTION ( 'NONE',  ( 0.000000000000000000, -1.000000000000000000, 0.000000000000000000 ) ) ;
#7397 = CIRCLE ( 'NONE', #8960, 9.000000000000007105 ) ;
#7398 = LINE ( 'NONE', #10088, #9678 ) ;
#7399 = CARTESIAN_POINT ( 'NONE',  ( 245.0000000000000000, 20.00000000000000000, -64.00000000000000000 ) ) ;
#7400 = PLANE ( 'NONE',  #1440 ) ;
#7401 = DATE_AND_TIME ( #7351, #9057 ) ;
#7402 = CARTESIAN_POINT ( 'NONE',  ( 0.000000000000000000, 42.00000000000000000, 0.000000000000000000 ) ) ;
#7403 = AXIS2_PLACEMENT_3D ( 'NONE', #10901, #8963, #2529 ) ;
#7404 = CC_DESIGN_PERSON_AND_ORGANIZATION_ASSIGNMENT ( #8215, #2702, ( #10982 ) ) ;
#7405 = EDGE_LOOP ( 'NONE', ( #8671, #6331, #320, #4640 ) ) ;
#7406 = EDGE_CURVE ( 'NONE', #3736, #200, #11747, .T. ) ;
#7407 = VERTEX_POINT ( 'NONE', #1950 ) ;
#7408 = VECTOR ( 'NONE', #6683, 1000.000000000000000 ) ;
#7409 = VECTOR ( 'NONE', #7989, 1000.000000000000000 ) ;
#7410 = CARTESIAN_POINT ( 'NONE',  ( -70.00000000000000000, 95.00000000000000000, 39.49999999999999289 ) ) ;
#7411 = DIRECTION ( 'NONE',  ( 1.000000000000000000, 0.000000000000000000, 0.000000000000000000 ) ) ;
#7412 = DIRECTION ( 'NONE',  ( 0.000000000000000000, 1.000000000000000000, 0.000000000000000000 ) ) ;
#7413 = CC_DESIGN_DATE_AND_TIME_ASSIGNMENT ( #2190, #4990, ( #156 ) ) ;
#7414 = CIRCLE ( 'NONE', #8786, 6.999999999999999112 ) ;
#7415 = LINE ( 'NONE', #5380, #6934 ) ;
#7416 = DIRECTION ( 'NONE',  ( 0.000000000000000000, 0.000000000000000000, -1.000000000000000000 ) ) ;
#7417 = CIRCLE ( 'NONE', #5499, 36.00000000000000000 ) ;
#7418 = CALENDAR_DATE ( 2026, 29, 7 ) ;
#7419 = APPLICATION_PROTOCOL_DEFINITION ( 'international standard', 'config_control_design', 1994, #4 ) ;
#7420 = CARTESIAN_POINT ( 'NONE',  ( -135.0000000000000000, 31.00000000000000000, 11.00000000000000000 ) ) ;
#7421 = CALENDAR_DATE ( 2026, 29, 7 ) ;
#7422 = EDGE_LOOP ( 'NONE', ( #3056, #3225, #8807, #10473 ) ) ;
#7423 = VECTOR ( 'NONE', #1419, 1000.000000000000000 ) ;
#7424 = DIRECTION ( 'NONE',  ( -0.000000000000000000, -1.000000000000000000, -0.000000000000000000 ) ) ;
#7425 = ORIENTED_EDGE ( 'NONE', *, *, #4527, .F. ) ;
#7426 = AXIS2_PLACEMENT_3D ( 'NONE', #8775, #6109, #3313 ) ;
#7427 = EDGE_CURVE ( 'NONE', #6698, #10958, #8676, .T. ) ;
#7428 = VERTEX_POINT ( 'NONE', #11352 ) ;
#7429 = CARTESIAN_POINT ( 'NONE',  ( -135.0000000000000000, 28.00000000000000000, -105.0000000000000000 ) ) ;
#7430 = EDGE_LOOP ( 'NONE', ( #9831, #786 ) ) ;
#7431 = CARTESIAN_POINT ( 'NONE',  ( -95.00000000000000000, 95.00000000000000000, -65.00000000000000000 ) ) ;
#7432 = DIRECTION ( 'NONE',  ( 0.000000000000000000, -0.000000000000000000, -1.000000000000000000 ) ) ;
#7433 = DIRECTION ( 'NONE',  ( 0.000000000000000000, 0.000000000000000000, 1.000000000000000000 ) ) ;
#7434 = AXIS2_PLACEMENT_3D ( 'NONE', #10208, #11058, #3705 ) ;
#7435 = DIRECTION ( 'NONE',  ( 0.000000000000000000, -1.000000000000000000, 6.123233995736766036E-17 ) ) ;
#7436 = EDGE_CURVE ( 'NONE', #5096, #2024, #11413, .T. ) ;
#7437 = PERSON_AND_ORGANIZATION ( #10860, #8800 ) ;
#7438 = ORIENTED_EDGE ( 'NONE', *, *, #7803, .T. ) ;
#7439 = LOCAL_TIME ( 1, 43, 37.00000000000000000, #6952 ) ;
#7440 = ORIENTED_EDGE ( 'NONE', *, *, #734, .T. ) ;
#7441 = AXIS2_PLACEMENT_3D ( 'NONE', #7143, #4427, #2594 ) ;
#7442 = VERTEX_POINT ( 'NONE', #6673 ) ;
#7443 = FACE_OUTER_BOUND ( 'NONE', #714, .T. ) ;
#7444 = EDGE_LOOP ( 'NONE', ( #2319, #3207 ) ) ;
#7445 = FACE_BOUND ( 'NONE', #6563, .T. ) ;
#7446 = DIRECTION ( 'NONE',  ( 0.000000000000000000, 0.000000000000000000, -1.000000000000000000 ) ) ;
#7447 = DIRECTION ( 'NONE',  ( 0.000000000000000000, 1.000000000000000000, 0.000000000000000000 ) ) ;
#7448 = EDGE_CURVE ( 'NONE', #553, #1127, #249, .T. ) ;
#7449 = VERTEX_POINT ( 'NONE', #3946 ) ;
#7450 = AXIS2_PLACEMENT_3D ( 'NONE', #1675, #9804, #8277 ) ;
#7451 = CIRCLE ( 'NONE', #294, 9.000000000000007105 ) ;
#7452 = ORIENTED_EDGE ( 'NONE', *, *, #37, .T. ) ;
#7453 = ORIENTED_EDGE ( 'NONE', *, *, #7337, .F. ) ;
#7454 = ORIENTED_EDGE ( 'NONE', *, *, #4628, .F. ) ;
#7455 = CARTESIAN_POINT ( 'NONE',  ( 55.48909769293802441, 0.000000000000000000, 133.9625322141365871 ) ) ;
#7456 = APPROVAL_ROLE ( '' ) ;
#7457 = DIRECTION ( 'NONE',  ( 0.000000000000000000, 0.000000000000000000, 1.000000000000000000 ) ) ;
#7458 = PLANE ( 'NONE',  #9529 ) ;
#7459 = CARTESIAN_POINT ( 'NONE',  ( -196.0000000000000000, 34.00000000000000000, 0.000000000000000000 ) ) ;
#7460 = PLANE ( 'NONE',  #11504 ) ;
#7461 = LOCAL_TIME ( 1, 43, 37.00000000000000000, #1913 ) ;
#7462 = CARTESIAN_POINT ( 'NONE',  ( -75.00000000000000000, 12.00000000000000000, -12.00000000000000000 ) ) ;
#7463 = ADVANCED_FACE ( 'NONE', ( #2125 ), #3090, .T. ) ;
#7464 = CALENDAR_DATE ( 2026, 29, 7 ) ;
#7465 = DIRECTION ( 'NONE',  ( -0.000000000000000000, -1.000000000000000000, -0.000000000000000000 ) ) ;
#7466 = EDGE_LOOP ( 'NONE', ( #6444, #9583, #2644, #10969 ) ) ;
#7467 = ORIENTED_EDGE ( 'NONE', *, *, #3500, .T. ) ;
#7468 = DIRECTION ( 'NONE',  ( 0.000000000000000000, 1.000000000000000000, 0.000000000000000000 ) ) ;
#7469 = CC_DESIGN_APPROVAL ( #3043, ( #11751 ) ) ;
#7470 = DIRECTION ( 'NONE',  ( -0.000000000000000000, -1.000000000000000000, -0.000000000000000000 ) ) ;
#7471 = DIRECTION ( 'NONE',  ( 0.000000000000000000, 0.000000000000000000, 1.000000000000000000 ) ) ;
#7472 = CARTESIAN_POINT ( 'NONE',  ( -120.0000000000000000, 120.0000000000000000, -90.00000000000000000 ) ) ;
#7473 = EDGE_CURVE ( 'NONE', #2537, #7516, #2828, .T. ) ;
#7474 = CC_DESIGN_PERSON_AND_ORGANIZATION_ASSIGNMENT ( #4704, #11198, ( #9665 ) ) ;
#7475 = DIRECTION ( 'NONE',  ( -0.000000000000000000, -1.000000000000000000, -0.000000000000000000 ) ) ;
#7476 = ADVANCED_FACE ( 'NONE', ( #4920 ), #10435, .F. ) ;
#7477 = PERSON_AND_ORGANIZATION ( #10860, #8800 ) ;
#7478 = PERSON_AND_ORGANIZATION ( #10860, #8800 ) ;
#7479 = LOCAL_TIME ( 1, 43, 37.00000000000000000, #3310 ) ;
#7480 = PLANE ( 'NONE',  #6446 ) ;
#7481 = ORIENTED_EDGE ( 'NONE', *, *, #2569, .F. ) ;
#7482 = APPROVAL_PERSON_ORGANIZATION ( #1557, #8148, #9016 ) ;
#7483 = EDGE_LOOP ( 'NONE', ( #8535, #6034 ) ) ;
#7484 = AXIS2_PLACEMENT_3D ( 'NONE', #2415, #3135, #6962 ) ;
#7485 = CARTESIAN_POINT ( 'NONE',  ( 25.22242005078193472, 142.5000000000000000, 83.78591484719800064 ) ) ;
#7486 = VERTEX_POINT ( 'NONE', #2915 ) ;
#7487 = ORIENTED_EDGE ( 'NONE', *, *, #2806, .T. ) ;
#7488 = DIRECTION ( 'NONE',  ( 0.000000000000000000, 0.000000000000000000, 1.000000000000000000 ) ) ;
#7489 = APPROVAL_PERSON_ORGANIZATION ( #574, #10100, #11678 ) ;
#7490 = ORIENTED_EDGE ( 'NONE', *, *, #1145, .T. ) ;
#7491 = PRODUCT_DEFINITION ( 'æœ', '', #11345, #3282 ) ;
#7492 = LINE ( 'NONE', #5683, #5376 ) ;
#7493 = ADVANCED_FACE ( 'NONE', ( #1102 ), #8611, .F. ) ;
#7494 = CARTESIAN_POINT ( 'NONE',  ( -165.0000000000000000, 22.00000000000000000, 12.00000000000000000 ) ) ;
#7495 = VECTOR ( 'NONE', #8031, 1000.000000000000000 ) ;
#7496 = AXIS2_PLACEMENT_3D ( 'NONE', #5017, #3305, #9561 ) ;
#7497 = APPROVAL_STATUS ( 'not_yet_approved' ) ;
#7498 = EDGE_CURVE ( 'NONE', #3901, #5096, #3883, .T. ) ;
#7499 =( REPRESENTATION_RELATIONSHIP ('NONE','NONE', #7231, #5153 ) REPRESENTATION_RELATIONSHIP_WITH_TRANSFORMATION ( #7093 )SHAPE_REPRESENTATION_RELATIONSHIP( ) );
#7500 = LOCAL_TIME ( 1, 43, 37.00000000000000000, #9897 ) ;
#7501 = ORIENTED_EDGE ( 'NONE', *, *, #11670, .F. ) ;
#7502 = EDGE_LOOP ( 'NONE', ( #10062, #5394 ) ) ;
#7503 = EDGE_CURVE ( 'NONE', #547, #10793, #7637, .T. ) ;
#7504 = VECTOR ( 'NONE', #4701, 1000.000000000000000 ) ;
#7505 = CIRCLE ( 'NONE', #2674, 8.000000000000007105 ) ;
#7506 = ORIENTED_EDGE ( 'NONE', *, *, #5229, .T. ) ;
#7507 = CARTESIAN_POINT ( 'NONE',  ( -330.0000000000000000, 38.00000000000000000, 38.14118508908709515 ) ) ;
#7508 = EDGE_LOOP ( 'NONE', ( #6528, #9616, #107, #211 ) ) ;
#7509 = CARTESIAN_POINT ( 'NONE',  ( 59.00000000000000000, 28.00000000000000355, -24.00000000000000000 ) ) ;
#7510 = CARTESIAN_POINT ( 'NONE',  ( 95.00000000000000000, 95.00000000000000000, 65.00000000000000000 ) ) ;
#7511 =( LENGTH_UNIT ( ) NAMED_UNIT ( * ) SI_UNIT ( .MILLI., .METRE. ) );
#7512 = LINE ( 'NONE', #3995, #5672 ) ;
#7513 = ORIENTED_EDGE ( 'NONE', *, *, #3294, .T. ) ;
#7514 = EDGE_CURVE ( 'NONE', #3649, #6050, #10005, .T. ) ;
#7515 = CIRCLE ( 'NONE', #11406, 8.000000000000021316 ) ;
#7516 = VERTEX_POINT ( 'NONE', #7089 ) ;
#7517 = ORIENTED_EDGE ( 'NONE', *, *, #11685, .F. ) ;
#7518 = VERTEX_POINT ( 'NONE', #7939 ) ;
#7519 = CARTESIAN_POINT ( 'NONE',  ( -77.08053281221582154, 260.0000000000000000, 41.41064430052883694 ) ) ;
#7520 = DATE_AND_TIME ( #4860, #2633 ) ;
#7521 = AXIS2_PLACEMENT_3D ( 'NONE', #2685, #2623, #9059 ) ;
#7522 = DIRECTION ( 'NONE',  ( 0.000000000000000000, 0.000000000000000000, 1.000000000000000000 ) ) ;
#7523 = DIRECTION ( 'NONE',  ( 0.000000000000000000, -0.000000000000000000, 1.000000000000000000 ) ) ;
#7524 = CARTESIAN_POINT ( 'NONE',  ( -83.78591484719800064, 260.0000000000000000, -25.22242005078197380 ) ) ;
#7525 = DIRECTION ( 'NONE',  ( 0.000000000000000000, 1.000000000000000000, 0.000000000000000000 ) ) ;
#7526 = CARTESIAN_POINT ( 'NONE',  ( 55.48909769293802441, 30.00000000000000000, 133.9625322141365871 ) ) ;
#7527 = CALENDAR_DATE ( 2026, 29, 7 ) ;
#7528 = VERTEX_POINT ( 'NONE', #8797 ) ;
#7529 = AXIS2_PLACEMENT_3D ( 'NONE', #7459, #9697, #1265 ) ;
#7530 = EDGE_LOOP ( 'NONE', ( #3442, #849, #6835, #11043 ) ) ;
#7531 = CARTESIAN_POINT ( 'NONE',  ( 0.000000000000000000, 220.0000000000000000, 0.000000000000000000 ) ) ;
#7532 = EDGE_CURVE ( 'NONE', #5264, #7634, #1530, .T. ) ;
#7533 = CARTESIAN_POINT ( 'NONE',  ( 78.52976026345936589, 260.0000000000000000, -32.52809175103263328 ) ) ;
#7534 = LINE ( 'NONE', #11249, #8099 ) ;
#7535 = CARTESIAN_POINT ( 'NONE',  ( 78.52976026345936589, 260.0000000000000000, -32.52809175103263328 ) ) ;
#7536 = EDGE_CURVE ( 'NONE', #648, #5235, #9419, .T. ) ;
#7537 = FACE_OUTER_BOUND ( 'NONE', #832, .T. ) ;
#7538 = APPROVAL_ROLE ( '' ) ;
#7539 = APPROVAL_ROLE ( '' ) ;
#7540 = DIRECTION ( 'NONE',  ( 1.000000000000000000, 0.000000000000000000, 0.000000000000000000 ) ) ;
#7541 = VERTEX_POINT ( 'NONE', #11540 ) ;
#7542 = CALENDAR_DATE ( 2026, 29, 7 ) ;
#7543 = EDGE_CURVE ( 'NONE', #355, #2664, #11949, .T. ) ;
#7544 = EDGE_LOOP ( 'NONE', ( #5052, #5064, #9496, #9396 ) ) ;
#7545 = CARTESIAN_POINT ( 'NONE',  ( 4.653657836759941941E-15, 30.00000000000000000, 38.00000000000000000 ) ) ;
#7547 = ADVANCED_FACE ( 'NONE', ( #7999 ), #9774, .F. ) ;
#7546 = ORIENTED_EDGE ( 'NONE', *, *, #10193, .T. ) ;
#7548 = ORIENTED_EDGE ( 'NONE', *, *, #2735, .F. ) ;
#7549 = DIRECTION ( 'NONE',  ( -0.000000000000000000, -1.000000000000000000, -0.000000000000000000 ) ) ;
#7550 = DIRECTION ( 'NONE',  ( -0.000000000000000000, -1.000000000000000000, -0.000000000000000000 ) ) ;
#7551 = FACE_OUTER_BOUND ( 'NONE', #8428, .T. ) ;
#7552 = CARTESIAN_POINT ( 'NONE',  ( -70.00000000000000000, 95.00000000000000000, 39.49999999999999289 ) ) ;
#7553 = EDGE_CURVE ( 'NONE', #409, #4041, #6129, .T. ) ;
#7554 = DIRECTION ( 'NONE',  ( 1.000000000000000000, 0.000000000000000000, 0.000000000000000000 ) ) ;
#7555 = DATE_AND_TIME ( #176, #5361 ) ;
#7556 = DATE_TIME_ROLE ( 'classification_date' ) ;
#7557 = APPROVAL ( #1930, 'æœª' ) ;
#7558 = EDGE_CURVE ( 'NONE', #3908, #1604, #6919, .T. ) ;
#7559 = CARTESIAN_POINT ( 'NONE',  ( 0.000000000000000000, 36.00000000000000000, 0.000000000000000000 ) ) ;
#7560 = ORIENTED_EDGE ( 'NONE', *, *, #11824, .F. ) ;
#7561 = VERTEX_POINT ( 'NONE', #11719 ) ;
#7562 = CARTESIAN_POINT ( 'NONE',  ( -330.0000000000000000, 22.00000000000000000, 75.00000000000000000 ) ) ;
#7563 = ORIENTED_EDGE ( 'NONE', *, *, #10267, .F. ) ;
#7564 = DIRECTION ( 'NONE',  ( -0.000000000000000000, -1.000000000000000000, -0.000000000000000000 ) ) ;
#7565 = CARTESIAN_POINT ( 'NONE',  ( -133.9625322141365871, 0.000000000000000000, 55.48909769293800309 ) ) ;
#7566 = PRODUCT_DEFINITION ( 'æœ', '', #5187, #6584 ) ;
#7567 = APPLICATION_CONTEXT ( 'configuration controlled 3d designs of mechanical parts and assemblies' ) ;
#7568 = VECTOR ( 'NONE', #11306, 1000.000000000000000 ) ;
#7569 = DIRECTION ( 'NONE',  ( 0.000000000000000000, 1.000000000000000000, 0.000000000000000000 ) ) ;
#7570 = ORIENTED_EDGE ( 'NONE', *, *, #6299, .F. ) ;
#7571 = EDGE_LOOP ( 'NONE', ( #4114, #1427, #10481, #4306 ) ) ;
#7572 = ORIENTED_EDGE ( 'NONE', *, *, #10829, .F. ) ;
#7573 = EDGE_LOOP ( 'NONE', ( #7103, #10717 ) ) ;
#7574 = CARTESIAN_POINT ( 'NONE',  ( -52.50000000000000000, 28.00000000000000000, 99.00000000000000000 ) ) ;
#7575 = COORDINATED_UNIVERSAL_TIME_OFFSET ( 8, 0, .AHEAD. ) ;
#7576 = ADVANCED_FACE ( 'NONE', ( #10737 ), #3150, .T. ) ;
#7577 = CARTESIAN_POINT ( 'NONE',  ( 140.0000000000000000, 12.00000000000000000, 42.50000000000000000 ) ) ;
#7578 = DIRECTION ( 'NONE',  ( -1.000000000000000000, 0.000000000000000000, -0.000000000000000000 ) ) ;
#7579 = CYLINDRICAL_SURFACE ( 'NONE', #646, 25.00000000000000000 ) ;
#7580 = DIRECTION ( 'NONE',  ( 0.000000000000000000, 1.000000000000000000, 0.000000000000000000 ) ) ;
#7581 = EDGE_CURVE ( 'NONE', #8419, #6196, #6191, .T. ) ;
#7582 = APPROVAL_ROLE ( '' ) ;
#7583 = AXIS2_PLACEMENT_3D ( 'NONE', #4113, #3076, #6773 ) ;
#7584 = ORIENTED_EDGE ( 'NONE', *, *, #10802, .F. ) ;
#7585 = VECTOR ( 'NONE', #3763, 1000.000000000000000 ) ;
#7586 = ORIENTED_EDGE ( 'NONE', *, *, #6612, .T. ) ;
#7587 = CARTESIAN_POINT ( 'NONE',  ( -31.38004145393735911, 0.000000000000000000, -75.75812166592551478 ) ) ;
#7588 = AXIS2_PLACEMENT_3D ( 'NONE', #2869, #87, #1837 ) ;
#7589 = DIRECTION ( 'NONE',  ( -0.000000000000000000, -1.000000000000000000, -0.000000000000000000 ) ) ;
#7590 = FACE_OUTER_BOUND ( 'NONE', #10956, .T. ) ;
#7591 = DIRECTION ( 'NONE',  ( 0.000000000000000000, -1.000000000000000000, 0.000000000000000000 ) ) ;
#7592 = DIRECTION ( 'NONE',  ( -0.000000000000000000, -1.000000000000000000, -0.000000000000000000 ) ) ;
#7593 = CIRCLE ( 'NONE', #831, 9.000000000000007105 ) ;
#7594 = PERSON_AND_ORGANIZATION_ROLE ( 'classification_officer' ) ;
#7595 = APPROVAL_DATE_TIME ( #1848, #9053 ) ;
#7596 = CARTESIAN_POINT ( 'NONE',  ( -117.5000000000000000, 20.00000000000000000, -11.00000000000000355 ) ) ;
#7597 = VERTEX_POINT ( 'NONE', #2306 ) ;
#7598 = EDGE_CURVE ( 'NONE', #11667, #10083, #9838, .T. ) ;
#7599 = VECTOR ( 'NONE', #458, 1000.000000000000000 ) ;
#7600 = VECTOR ( 'NONE', #2919, 1000.000000000000000 ) ;
#7601 = EDGE_LOOP ( 'NONE', ( #11587, #10198, #7282, #6930 ) ) ;
#7602 = DIRECTION ( 'NONE',  ( 0.000000000000000000, 0.000000000000000000, -1.000000000000000000 ) ) ;
#7603 = VECTOR ( 'NONE', #10784, 1000.000000000000000 ) ;
#7604 = ORIENTED_EDGE ( 'NONE', *, *, #4314, .F. ) ;
#7605 = FACE_OUTER_BOUND ( 'NONE', #1971, .T. ) ;
#7606 = AXIS2_PLACEMENT_3D ( 'NONE', #289, #4845, #3983 ) ;
#7607 = CIRCLE ( 'NONE', #11104, 6.999999999999999112 ) ;
#7608 = LINE ( 'NONE', #8584, #8470 ) ;
#7609 = LINE ( 'NONE', #6583, #11371 ) ;
#7610 = FACE_OUTER_BOUND ( 'NONE', #8365, .T. ) ;
#7611 = COORDINATED_UNIVERSAL_TIME_OFFSET ( 8, 0, .AHEAD. ) ;
#7612 =( GEOMETRIC_REPRESENTATION_CONTEXT ( 3 ) GLOBAL_UNCERTAINTY_ASSIGNED_CONTEXT ( ( #11054 ) ) GLOBAL_UNIT_ASSIGNED_CONTEXT ( ( #9776, #6132, #11781 ) ) REPRESENTATION_CONTEXT ( 'NONE', 'WORKASPACE' ) );
#7613 = ADVANCED_FACE ( 'NONE', ( #2493 ), #10672, .F. ) ;
#7614 = CALENDAR_DATE ( 2026, 29, 7 ) ;
#7615 = VECTOR ( 'NONE', #3494, 1000.000000000000000 ) ;
#7616 = CARTESIAN_POINT ( 'NONE',  ( -31.38004145393735911, 30.00000000000000000, 82.75812166592554320 ) ) ;
#7617 = EDGE_LOOP ( 'NONE', ( #2955, #10972 ) ) ;
#7618 = ORIENTED_EDGE ( 'NONE', *, *, #4737, .F. ) ;
#7619 = DIRECTION ( 'NONE',  ( 1.000000000000000000, -0.000000000000000000, 0.000000000000000000 ) ) ;
#7620 = AXIS2_PLACEMENT_3D ( 'NONE', #4637, #5365, #7226 ) ;
#7621 = VERTEX_POINT ( 'NONE', #6068 ) ;
#7622 = DIRECTION ( 'NONE',  ( 0.000000000000000000, 0.000000000000000000, 1.000000000000000000 ) ) ;
#7623 = DIRECTION ( 'NONE',  ( -0.000000000000000000, -1.000000000000000000, -0.000000000000000000 ) ) ;
#7624 = AXIS2_PLACEMENT_3D ( 'NONE', #515, #7060, #9007 ) ;
#7625 = ADVANCED_FACE ( 'NONE', ( #4260 ), #8920, .F. ) ;
#7626 = DIRECTION ( 'NONE',  ( 0.000000000000000000, 1.000000000000000000, 0.000000000000000000 ) ) ;
#7627 = ORIENTED_EDGE ( 'NONE', *, *, #4441, .T. ) ;
#7628 = ADVANCED_FACE ( 'NONE', ( #8863 ), #608, .T. ) ;
#7629 = APPROVAL_PERSON_ORGANIZATION ( #5991, #10095, #7972 ) ;
#7630 = AXIS2_PLACEMENT_3D ( 'NONE', #1077, #9209, #9268 ) ;
#7631 = VERTEX_POINT ( 'NONE', #8977 ) ;
#7632 = CC_DESIGN_DATE_AND_TIME_ASSIGNMENT ( #9779, #7336, ( #6730 ) ) ;
#7633 = ORIENTED_EDGE ( 'NONE', *, *, #3217, .F. ) ;
#7634 = VERTEX_POINT ( 'NONE', #5955 ) ;
#7635 = FACE_OUTER_BOUND ( 'NONE', #1822, .T. ) ;
#7636 = DATE_AND_TIME ( #1161, #3208 ) ;
#7637 = LINE ( 'NONE', #11472, #2058 ) ;
#7638 = DIRECTION ( 'NONE',  ( -0.000000000000000000, 1.000000000000000000, -0.000000000000000000 ) ) ;
#7639 = AXIS2_PLACEMENT_3D ( 'NONE', #5859, #3067, #2280 ) ;
#7640 = DIRECTION ( 'NONE',  ( -0.000000000000000000, -0.000000000000000000, 1.000000000000000000 ) ) ;
#7641 = EDGE_CURVE ( 'NONE', #7660, #6912, #9654, .T. ) ;
#7642 = FACE_OUTER_BOUND ( 'NONE', #3875, .T. ) ;
#7643 = EDGE_CURVE ( 'NONE', #6553, #5592, #321, .T. ) ;
#7644 = VERTEX_POINT ( 'NONE', #2609 ) ;
#7645 = EDGE_LOOP ( 'NONE', ( #6772, #1074, #9834, #10667 ) ) ;
#7646 = DIRECTION ( 'NONE',  ( 0.000000000000000000, 1.000000000000000000, 0.000000000000000000 ) ) ;
#7647 = EDGE_CURVE ( 'NONE', #779, #9406, #3802, .T. ) ;
#7648 = DIRECTION ( 'NONE',  ( 0.000000000000000000, 0.000000000000000000, -1.000000000000000000 ) ) ;
#7649 = DIRECTION ( 'NONE',  ( 0.000000000000000000, 0.000000000000000000, 1.000000000000000000 ) ) ;
#7650 = APPROVAL_PERSON_ORGANIZATION ( #77, #8825, #7456 ) ;
#7651 = DIRECTION ( 'NONE',  ( -0.000000000000000000, -1.000000000000000000, -0.000000000000000000 ) ) ;
#7652 = DIRECTION ( 'NONE',  ( 0.000000000000000000, 0.000000000000000000, 1.000000000000000000 ) ) ;
#7653 = DIRECTION ( 'NONE',  ( 0.000000000000000000, 1.000000000000000000, 0.000000000000000000 ) ) ;
#7654 = CALENDAR_DATE ( 2026, 29, 7 ) ;
#7655 = VECTOR ( 'NONE', #4632, 1000.000000000000000 ) ;
#7656 = PERSON_AND_ORGANIZATION ( #10860, #8800 ) ;
#7657 = PLANE ( 'NONE',  #6454 ) ;
#7658 = EDGE_LOOP ( 'NONE', ( #11157, #9332 ) ) ;
#7659 = LOCAL_TIME ( 1, 43, 37.00000000000000000, #586 ) ;
#7660 = VERTEX_POINT ( 'NONE', #10916 ) ;
#7661 = FACE_OUTER_BOUND ( 'NONE', #4320, .T. ) ;
#7662 = VECTOR ( 'NONE', #8304, 1000.000000000000000 ) ;
#7663 = ORIENTED_EDGE ( 'NONE', *, *, #9072, .T. ) ;
#7664 = LINE ( 'NONE', #4040, #5777 ) ;
#7665 = LINE ( 'NONE', #9498, #5190 ) ;
#7666 = CARTESIAN_POINT ( 'NONE',  ( 105.0000000000000000, 220.0000000000000000, 95.00000000000000000 ) ) ;
#7667 = CC_DESIGN_APPROVAL ( #2607, ( #5164 ) ) ;
#7668 = LOCAL_TIME ( 1, 43, 37.00000000000000000, #10396 ) ;
#7669 = DIRECTION ( 'NONE',  ( 0.000000000000000000, 0.000000000000000000, -1.000000000000000000 ) ) ;
#7670 = PRODUCT_DEFINITION_SHAPE ( 'NONE', 'NONE',  #10453 ) ;
#7671 = DIRECTION ( 'NONE',  ( 0.000000000000000000, 0.000000000000000000, 1.000000000000000000 ) ) ;
#7672 = DATE_AND_TIME ( #2158, #7659 ) ;
#7673 = SECURITY_CLASSIFICATION_LEVEL ( 'unclassified' ) ;
#7674 = VECTOR ( 'NONE', #9445, 1000.000000000000000 ) ;
#7675 = LOCAL_TIME ( 1, 43, 37.00000000000000000, #2643 ) ;
#7676 = CARTESIAN_POINT ( 'NONE',  ( 75.00000000000000000, 12.00000000000000000, -8.000000000000000000 ) ) ;
#7677 = DIRECTION ( 'NONE',  ( 0.000000000000000000, 1.000000000000000000, 0.000000000000000000 ) ) ;
#7678 = ORIENTED_EDGE ( 'NONE', *, *, #6368, .T. ) ;
#7679 = ORIENTED_EDGE ( 'NONE', *, *, #11267, .F. ) ;
#7680 = DIRECTION ( 'NONE',  ( 0.000000000000000000, 0.000000000000000000, 1.000000000000000000 ) ) ;
#7681 = ADVANCED_FACE ( 'NONE', ( #2784 ), #10854, .T. ) ;
#7682 = VERTEX_POINT ( 'NONE', #732 ) ;
#7683 = VECTOR ( 'NONE', #3119, 1000.000000000000000 ) ;
#7684 = PLANE ( 'NONE',  #4785 ) ;
#7685 = FACE_OUTER_BOUND ( 'NONE', #8204, .T. ) ;
#7686 = EDGE_CURVE ( 'NONE', #2902, #8804, #6370, .T. ) ;
#7687 = LOCAL_TIME ( 1, 43, 37.00000000000000000, #8438 ) ;
#7688 = DIRECTION ( 'NONE',  ( 0.000000000000000000, 1.000000000000000000, 0.000000000000000000 ) ) ;
#7689 = EDGE_LOOP ( 'NONE', ( #5883, #3929 ) ) ;
#7690 = EDGE_CURVE ( 'NONE', #7925, #7644, #3512, .T. ) ;
#7691 = EDGE_CURVE ( 'NONE', #10941, #10367, #7331, .T. ) ;
#7692 = ORIENTED_EDGE ( 'NONE', *, *, #10625, .T. ) ;
#7693 = CLOSED_SHELL ( 'NONE', ( #174, #9591, #8281, #2487, #6165, #9737, #9405, #4635, #10442, #2250, #5618, #3244, #9860, #9297, #248, #9243, #2743 ) ) ;
#7694 = AXIS2_PLACEMENT_3D ( 'NONE', #2149, #11440, #8465 ) ;
#7695 = VERTEX_POINT ( 'NONE', #11039 ) ;
#7696 = VERTEX_POINT ( 'NONE', #5527 ) ;
#7697 = CARTESIAN_POINT ( 'NONE',  ( 6.429395695523603956E-15, 260.0000000000000000, 52.50000000000000000 ) ) ;
#7698 = LOCAL_TIME ( 1, 43, 37.00000000000000000, #433 ) ;
#7699 = APPROVAL_ROLE ( '' ) ;
#7700 = EDGE_CURVE ( 'NONE', #1536, #2024, #6247, .T. ) ;
#7701 = CARTESIAN_POINT ( 'NONE',  ( 140.0000000000000000, 12.00000000000000000, -42.50000000000000000 ) ) ;
#7702 = FACE_OUTER_BOUND ( 'NONE', #3923, .T. ) ;
#7703 = LINE ( 'NONE', #4986, #4529 ) ;
#7704 = VECTOR ( 'NONE', #1008, 1000.000000000000000 ) ;
#7705 = DIRECTION ( 'NONE',  ( -0.000000000000000000, -1.000000000000000000, -0.000000000000000000 ) ) ;
#7706 = EDGE_CURVE ( 'NONE', #6525, #3808, #2645, .T. ) ;
#7707 = APPROVAL_DATE_TIME ( #4138, #9952 ) ;
#7708 = EDGE_LOOP ( 'NONE', ( #322, #9377, #1457, #3040 ) ) ;
#7709 = ORIENTED_EDGE ( 'NONE', *, *, #11420, .T. ) ;
#7710 = PRODUCT_RELATED_PRODUCT_CATEGORY ( 'detail', '', ( #7872 ) ) ;
#7711 = AXIS2_PLACEMENT_3D ( 'NONE', #4699, #1910, #8145 ) ;
#7712 = EDGE_CURVE ( 'NONE', #2178, #3595, #8848, .T. ) ;
#7713 = FACE_OUTER_BOUND ( 'NONE', #7995, .T. ) ;
#7714 = CARTESIAN_POINT ( 'NONE',  ( 75.00000000000000000, 12.00000000000000000, 12.00000000000000000 ) ) ;
#7715 = CYLINDRICAL_SURFACE ( 'NONE', #6364, 5.500000000000005329 ) ;
#7716 = CYLINDRICAL_SURFACE ( 'NONE', #9403, 6.999999999999999112 ) ;
#7717 = CARTESIAN_POINT ( 'NONE',  ( -245.0000000000000000, 20.00000000000000000, -64.00000000000000000 ) ) ;
#7718 = FACE_OUTER_BOUND ( 'NONE', #8128, .T. ) ;
#7719 = MECHANICAL_CONTEXT ( 'NONE', #11068, 'mechanical' ) ;
#7720 = PERSON_AND_ORGANIZATION_ROLE ( 'creator' ) ;
#7721 = DIRECTION ( 'NONE',  ( -0.000000000000000000, -1.000000000000000000, -0.000000000000000000 ) ) ;
#7722 = ORIENTED_EDGE ( 'NONE', *, *, #280, .T. ) ;
#7723 = VECTOR ( 'NONE', #8377, 1000.000000000000000 ) ;
#7724 = EDGE_CURVE ( 'NONE', #648, #10185, #5584, .T. ) ;
#7725 = ORIENTED_EDGE ( 'NONE', *, *, #1126, .T. ) ;
#7726 = DIRECTION ( 'NONE',  ( -0.000000000000000000, -0.000000000000000000, 1.000000000000000000 ) ) ;
#7727 = ORIENTED_EDGE ( 'NONE', *, *, #8164, .F. ) ;
#7728 = DIRECTION ( 'NONE',  ( -0.000000000000000000, -0.000000000000000000, 1.000000000000000000 ) ) ;
#7729 = DIRECTION ( 'NONE',  ( 0.000000000000000000, 0.000000000000000000, -1.000000000000000000 ) ) ;
#7730 = EDGE_CURVE ( 'NONE', #6062, #1381, #2721, .T. ) ;
#7731 = DIRECTION ( 'NONE',  ( 0.000000000000000000, 1.000000000000000000, 0.000000000000000000 ) ) ;
#7732 = CARTESIAN_POINT ( 'NONE',  ( 140.0000000000000000, 0.000000000000000000, 42.50000000000000000 ) ) ;
#7733 = SECURITY_CLASSIFICATION_LEVEL ( 'unclassified' ) ;
#7734 = PERSON_AND_ORGANIZATION ( #10860, #8800 ) ;
#7735 = PERSON_AND_ORGANIZATION ( #1460, #5556 ) ;
#7736 = EDGE_CURVE ( 'NONE', #8237, #11098, #9042, .T. ) ;
#7737 = DIRECTION ( 'NONE',  ( -0.000000000000000000, -1.000000000000000000, -0.000000000000000000 ) ) ;
#7738 = EDGE_LOOP ( 'NONE', ( #11433, #4385, #10782, #11109 ) ) ;
#7739 = ORIENTED_EDGE ( 'NONE', *, *, #1983, .F. ) ;
#7740 = CARTESIAN_POINT ( 'NONE',  ( 272.5000000000000000, 38.00000000000000000, -52.49999999999997868 ) ) ;
#7741 = ORIENTED_EDGE ( 'NONE', *, *, #7063, .F. ) ;
#7742 = CARTESIAN_POINT ( 'NONE',  ( -165.0000000000000000, 0.000000000000000000, 29.00000000000000000 ) ) ;
#7743 = FACE_OUTER_BOUND ( 'NONE', #11005, .T. ) ;
#7744 = FACE_OUTER_BOUND ( 'NONE', #6377, .T. ) ;
#7745 = PERSON_AND_ORGANIZATION_ROLE ( 'creator' ) ;
#7746 = CARTESIAN_POINT ( 'NONE',  ( -120.0000000000000000, 260.0000000000000000, 110.0000000000000000 ) ) ;
#7747 = EDGE_CURVE ( 'NONE', #3550, #11665, #11361, .T. ) ;
#7748 = ORIENTED_EDGE ( 'NONE', *, *, #9661, .F. ) ;
#7749 = ORIENTED_EDGE ( 'NONE', *, *, #9435, .T. ) ;
#7750 = ORIENTED_EDGE ( 'NONE', *, *, #4855, .T. ) ;
#7751 = DIRECTION ( 'NONE',  ( 0.000000000000000000, 1.000000000000000000, 0.000000000000000000 ) ) ;
#7752 = CARTESIAN_POINT ( 'NONE',  ( 0.000000000000000000, 34.00000000000000000, 0.000000000000000000 ) ) ;
#7753 = CARTESIAN_POINT ( 'NONE',  ( 135.0000000000000000, 28.00000000000000000, -105.0000000000000000 ) ) ;
#7754 = CARTESIAN_POINT ( 'NONE',  ( -135.0000000000000000, 31.00000000000000000, 11.00000000000000000 ) ) ;
#7755 = VECTOR ( 'NONE', #6212, 1000.000000000000000 ) ;
#7756 = LINE ( 'NONE', #1106, #4723 ) ;
#7757 = FACE_OUTER_BOUND ( 'NONE', #1179, .T. ) ;
#7758 = APPROVAL_ROLE ( '' ) ;
#7759 = ADVANCED_FACE ( 'NONE', ( #3574 ), #6418, .F. ) ;
#7760 = EDGE_LOOP ( 'NONE', ( #4308, #5996, #5997, #5905 ) ) ;
#7761 = AXIS2_PLACEMENT_3D ( 'NONE', #5648, #10485, #10432 ) ;
#7762 = ORIENTED_EDGE ( 'NONE', *, *, #7248, .F. ) ;
#7763 = CARTESIAN_POINT ( 'NONE',  ( -66.51932634081263984, 220.0000000000000000, -27.55320713028646296 ) ) ;
#7764 = ORIENTED_EDGE ( 'NONE', *, *, #6590, .T. ) ;
#7765 = DIRECTION ( 'NONE',  ( 0.000000000000000000, 0.000000000000000000, 1.000000000000000000 ) ) ;
#7766 = PRODUCT ( 'MKH-300_gripper_module', 'MKH-300_gripper_module', '', ( #11512 ) ) ;
#7767 = CARTESIAN_POINT ( 'NONE',  ( 75.00000000000000000, 0.000000000000000000, -7.999999999999996447 ) ) ;
#7768 = LINE ( 'NONE', #6745, #1532 ) ;
#7769 = ORIENTED_EDGE ( 'NONE', *, *, #8702, .F. ) ;
#7770 = DIRECTION ( 'NONE',  ( 1.000000000000000000, 0.000000000000000000, 0.000000000000000000 ) ) ;
#7771 = CARTESIAN_POINT ( 'NONE',  ( 2.204364238465235033E-15, 180.0000000000000000, 18.00000000000000000 ) ) ;
#7772 = AXIS2_PLACEMENT_3D ( 'NONE', #1149, #119, #182 ) ;
#7773 = FACE_OUTER_BOUND ( 'NONE', #2704, .T. ) ;
#7774 = DATE_AND_TIME ( #5909, #7077 ) ;
#7775 = CC_DESIGN_DATE_AND_TIME_ASSIGNMENT ( #7672, #7850, ( #7931 ) ) ;
#7776 = APPROVAL_DATE_TIME ( #10640, #1132 ) ;
#7778 = EDGE_CURVE ( 'NONE', #3759, #8156, #1286, .T. ) ;
#7777 = CARTESIAN_POINT ( 'NONE',  ( -120.0000000000000000, 260.0000000000000000, 110.0000000000000000 ) ) ;
#7779 = ORIENTED_EDGE ( 'NONE', *, *, #3367, .F. ) ;
#7780 = AXIS2_PLACEMENT_3D ( 'NONE', #7820, #8061, #7271 ) ;
#7781 = ORIENTED_EDGE ( 'NONE', *, *, #5603, .F. ) ;
#7782 = AXIS2_PLACEMENT_3D ( 'NONE', #3532, #9066, #1548 ) ;
#7783 = AXIS2_PLACEMENT_3D ( 'NONE', #11808, #3484, #9636 ) ;
#7784 = APPROVAL ( #676, 'UNKNOWN' ) ;
#7785 = PLANE ( 'NONE',  #9765 ) ;
#7786 = LINE ( 'NONE', #5314, #10804 ) ;
#7787 = ORIENTED_EDGE ( 'NONE', *, *, #5484, .T. ) ;
#7788 = CARTESIAN_POINT ( 'NONE',  ( -330.0000000000000000, 0.000000000000000000, 75.00000000000000000 ) ) ;
#7789 = CARTESIAN_POINT ( 'NONE',  ( 120.0000000000000000, 0.000000000000000000, 110.0000000000000000 ) ) ;
#7790 = VECTOR ( 'NONE', #9337, 1000.000000000000000 ) ;
#7791 = COORDINATED_UNIVERSAL_TIME_OFFSET ( 8, 0, .AHEAD. ) ;
#7792 = DATE_AND_TIME ( #9806, #10389 ) ;
#7793 = APPROVAL_ROLE ( '' ) ;
#7794 = AXIS2_PLACEMENT_3D ( 'NONE', #7954, #11622, #7110 ) ;
#7795 = ADVANCED_FACE ( 'NONE', ( #1641 ), #8121, .F. ) ;
#7796 = DIRECTION ( 'NONE',  ( 0.000000000000000000, 1.000000000000000000, 0.000000000000000000 ) ) ;
#7797 = VERTEX_POINT ( 'NONE', #10014 ) ;
#7798 = VECTOR ( 'NONE', #9123, 1000.000000000000000 ) ;
#7799 = VECTOR ( 'NONE', #1849, 1000.000000000000000 ) ;
#7800 = VERTEX_POINT ( 'NONE', #1705 ) ;
#7801 = FACE_BOUND ( 'NONE', #1322, .T. ) ;
#7802 = VERTEX_POINT ( 'NONE', #5409 ) ;
#7803 = EDGE_CURVE ( 'NONE', #8403, #5456, #9101, .T. ) ;
#7804 = DIRECTION ( 'NONE',  ( 0.000000000000000000, 1.000000000000000000, 0.000000000000000000 ) ) ;
#7805 = LINE ( 'NONE', #4965, #3722 ) ;
#7806 = CARTESIAN_POINT ( 'NONE',  ( 0.000000000000000000, 270.0000000000000000, 0.000000000000000000 ) ) ;
#7807 = CIRCLE ( 'NONE', #6841, 8.999999999999987566 ) ;
#7808 = PERSON ( 'NAUO-PER2', 'UNSPECIFIED', 'UNSPECIFIED', ('UNSPECIFIED'), ('UNSPECIFIED'), ('UNSPECIFIED') ) ;
#7809 = PERSON_AND_ORGANIZATION_ROLE ( 'creator' ) ;
#7810 = LINE ( 'NONE', #418, #9754 ) ;
#7811 = CIRCLE ( 'NONE', #9558, 6.999999999999999112 ) ;
#7812 = EDGE_LOOP ( 'NONE', ( #7137, #7057 ) ) ;
#7813 = AXIS2_PLACEMENT_3D ( 'NONE', #1880, #9958, #5586 ) ;
#7814 = VERTEX_POINT ( 'NONE', #2056 ) ;
#7815 = AXIS2_PLACEMENT_3D ( 'NONE', #986, #1725, #4572 ) ;
#7816 = VERTEX_POINT ( 'NONE', #2958 ) ;
#7817 = DIRECTION ( 'NONE',  ( -0.000000000000000000, -1.000000000000000000, -0.000000000000000000 ) ) ;
#7818 = DIRECTION ( 'NONE',  ( 0.000000000000000000, 0.000000000000000000, 1.000000000000000000 ) ) ;
#7819 = CARTESIAN_POINT ( 'NONE',  ( -135.0000000000000000, 31.00000000000000000, 11.00000000000000000 ) ) ;
#7820 = CARTESIAN_POINT ( 'NONE',  ( 75.75812166592551478, 0.000000000000000000, 31.38004145393735200 ) ) ;
#7821 = CARTESIAN_POINT ( 'NONE',  ( -110.0000000000000000, 28.00000000000000000, -24.00000000000000000 ) ) ;
#7822 = AXIS2_PLACEMENT_3D ( 'NONE', #9221, #1029, #10292 ) ;
#7823 = CIRCLE ( 'NONE', #10934, 18.00000000000000000 ) ;
#7824 = CALENDAR_DATE ( 2026, 29, 7 ) ;
#7825 = ORIENTED_EDGE ( 'NONE', *, *, #6620, .T. ) ;
#7826 = ORIENTED_EDGE ( 'NONE', *, *, #3876, .F. ) ;
#7827 = CYLINDRICAL_SURFACE ( 'NONE', #10142, 8.999999999999980460 ) ;
#7828 = EDGE_LOOP ( 'NONE', ( #5086, #302, #3984, #10006 ) ) ;
#7829 = FACE_OUTER_BOUND ( 'NONE', #6303, .T. ) ;
#7830 = AXIS2_PLACEMENT_3D ( 'NONE', #6571, #5666, #10053 ) ;
#7831 = CARTESIAN_POINT ( 'NONE',  ( -85.00000000000000000, 0.000000000000000000, -60.00000000000000000 ) ) ;
#7832 = DIRECTION ( 'NONE',  ( 1.000000000000000000, -0.000000000000000000, 0.000000000000000000 ) ) ;
#7833 = ADVANCED_FACE ( 'NONE', ( #2903 ), #6544, .F. ) ;
#7834 = CARTESIAN_POINT ( 'NONE',  ( 272.5000000000000000, 38.00000000000000000, 0.000000000000000000 ) ) ;
#7835 = CARTESIAN_POINT ( 'NONE',  ( -120.0000000000000000, 260.0000000000000000, -110.0000000000000000 ) ) ;
#7836 = CARTESIAN_POINT ( 'NONE',  ( -75.00000000000000000, 0.000000000000000000, 12.00000000000000000 ) ) ;
#7837 = COORDINATED_UNIVERSAL_TIME_OFFSET ( 8, 0, .AHEAD. ) ;
#7838 = DATE_AND_TIME ( #9253, #1105 ) ;
#7839 = CARTESIAN_POINT ( 'NONE',  ( 272.5000000000000000, 38.00000000000000000, 0.000000000000000000 ) ) ;
#7840 = ORIENTED_EDGE ( 'NONE', *, *, #10045, .F. ) ;
#7841 = VERTEX_POINT ( 'NONE', #1996 ) ;
#7842 = DIRECTION ( 'NONE',  ( 0.000000000000000000, 0.000000000000000000, 1.000000000000000000 ) ) ;
#7843 = CC_DESIGN_PERSON_AND_ORGANIZATION_ASSIGNMENT ( #946, #8514, ( #4378 ) ) ;
#7844 = CARTESIAN_POINT ( 'NONE',  ( 0.000000000000000000, 0.000000000000000000, 0.000000000000000000 ) ) ;
#7845 = EDGE_CURVE ( 'NONE', #10721, #2761, #10775, .T. ) ;
#7846 = DIRECTION ( 'NONE',  ( -0.000000000000000000, -1.000000000000000000, -0.000000000000000000 ) ) ;
#7847 = DIRECTION ( 'NONE',  ( 0.000000000000000000, 1.000000000000000000, 0.000000000000000000 ) ) ;
#7848 = DIRECTION ( 'NONE',  ( 0.000000000000000000, 1.000000000000000000, 0.000000000000000000 ) ) ;
#7849 = CALENDAR_DATE ( 2026, 29, 7 ) ;
#7850 = DATE_TIME_ROLE ( 'creation_date' ) ;
#7851 = ADVANCED_FACE ( 'NONE', ( #10423 ), #3813, .F. ) ;
#7852 = CC_DESIGN_APPROVAL ( #8900, ( #4378 ) ) ;
#7853 = ITEM_DEFINED_TRANSFORMATION ( 'NONE', 'NONE', #8206,  #10725 ) ;
#7854 = ORIENTED_EDGE ( 'NONE', *, *, #10520, .T. ) ;
#7855 = CARTESIAN_POINT ( 'NONE',  ( 0.000000000000000000, 95.00000000000000000, 0.000000000000000000 ) ) ;
#7856 = VERTEX_POINT ( 'NONE', #5814 ) ;
#7857 = CC_DESIGN_DATE_AND_TIME_ASSIGNMENT ( #643, #8214, ( #10517 ) ) ;
#7858 = EDGE_CURVE ( 'NONE', #5013, #8905, #9618, .T. ) ;
#7859 = ORIENTED_EDGE ( 'NONE', *, *, #593, .T. ) ;
#7860 = FACE_BOUND ( 'NONE', #7875, .T. ) ;
#7861 = CC_DESIGN_APPROVAL ( #2523, ( #5350 ) ) ;
#7862 = ORIENTED_EDGE ( 'NONE', *, *, #11564, .T. ) ;
#7863 = FACE_OUTER_BOUND ( 'NONE', #8902, .T. ) ;
#7864 = CARTESIAN_POINT ( 'NONE',  ( 32.52809175103263328, 260.0000000000000000, 78.52976026345938010 ) ) ;
#7865 = CYLINDRICAL_SURFACE ( 'NONE', #7529, 57.99999999999999289 ) ;
#7866 = CARTESIAN_POINT ( 'NONE',  ( 0.000000000000000000, 520.0000000000000000, -332.0000000000000000 ) ) ;
#7867 = AXIS2_PLACEMENT_3D ( 'NONE', #11400, #5759, #4905 ) ;
#7868 = CALENDAR_DATE ( 2026, 29, 7 ) ;
#7869 = CARTESIAN_POINT ( 'NONE',  ( -41.41064430052897194, 0.000000000000000000, -77.08053281221573627 ) ) ;
#7870 = APPROVAL_PERSON_ORGANIZATION ( #8711, #8746, #1439 ) ;
#7871 = PRODUCT_DEFINITION_FORMATION_WITH_SPECIFIED_SOURCE ( 'ä»', '', #2156, .NOT_KNOWN. ) ;
#7872 = PRODUCT ( 'MKH-008_forearm_link', 'MKH-008_forearm_link', '', ( #5402 ) ) ;
#7873 = EDGE_CURVE ( 'NONE', #8672, #11362, #3019, .T. ) ;
#7874 = ORIENTED_EDGE ( 'NONE', *, *, #3044, .T. ) ;
#7875 = EDGE_LOOP ( 'NONE', ( #6847, #10212, #11823 ) ) ;
#7876 = VECTOR ( 'NONE', #10539, 1000.000000000000000 ) ;
#7877 = ORIENTED_EDGE ( 'NONE', *, *, #10332, .T. ) ;
#7878 = DIRECTION ( 'NONE',  ( 0.000000000000000000, -1.000000000000000000, 0.000000000000000000 ) ) ;
#7879 = DIRECTION ( 'NONE',  ( 0.000000000000000000, 0.000000000000000000, 1.000000000000000000 ) ) ;
#7880 = DIRECTION ( 'NONE',  ( 0.000000000000000000, 0.000000000000000000, 1.000000000000000000 ) ) ;
#7881 = CC_DESIGN_APPROVAL ( #10835, ( #2470 ) ) ;
#7882 = DESIGN_CONTEXT ( 'detailed design', #1853, 'design' ) ;
#7883 = ADVANCED_FACE ( 'NONE', ( #9462, #1152, #2116, #10251, #8420, #7445, #1089 ), #8487, .T. ) ;
#7884 = PLANE ( 'NONE',  #3925 ) ;
#7885 = AXIS2_PLACEMENT_3D ( 'NONE', #6763, #4777, #4948 ) ;
#7886 = VECTOR ( 'NONE', #9263, 1000.000000000000000 ) ;
#7887 = APPROVAL_DATE_TIME ( #9961, #7784 ) ;
#7888 =( REPRESENTATION_RELATIONSHIP ('NONE','NONE', #4449, #11422 ) REPRESENTATION_RELATIONSHIP_WITH_TRANSFORMATION ( #1585 )SHAPE_REPRESENTATION_RELATIONSHIP( ) );
#7889 = ORIENTED_EDGE ( 'NONE', *, *, #3687, .F. ) ;
#7890 = SECURITY_CLASSIFICATION ( '', '', #9660 ) ;
#7891 = VERTEX_POINT ( 'NONE', #11162 ) ;
#7892 = CARTESIAN_POINT ( 'NONE',  ( -55.48909769293801020, 30.00000000000000000, 133.9625322141365871 ) ) ;
#7893 = VERTEX_POINT ( 'NONE', #7509 ) ;
#7894 = FACE_OUTER_BOUND ( 'NONE', #667, .T. ) ;
#7895 = VECTOR ( 'NONE', #3719, 1000.000000000000000 ) ;
#7896 = AXIS2_PLACEMENT_3D ( 'NONE', #5985, #2942, #3975 ) ;
#7897 = PLANE ( 'NONE',  #6033 ) ;
#7898 = DIRECTION ( 'NONE',  ( 0.000000000000000000, 0.000000000000000000, 1.000000000000000000 ) ) ;
#7899 = DIRECTION ( 'NONE',  ( 0.000000000000000000, 0.000000000000000000, -1.000000000000000000 ) ) ;
#7900 = DIRECTION ( 'NONE',  ( 0.000000000000000000, -0.000000000000000000, -1.000000000000000000 ) ) ;
#7901 = CARTESIAN_POINT ( 'NONE',  ( -120.0000000000000000, 120.0000000000000000, 90.00000000000000000 ) ) ;
#7902 = PERSON_AND_ORGANIZATION_ROLE ( 'creator' ) ;
#7903 = CALENDAR_DATE ( 2026, 29, 7 ) ;
#7904 = FACE_OUTER_BOUND ( 'NONE', #1562, .T. ) ;
#7905 = VERTEX_POINT ( 'NONE', #1201 ) ;
#7906 = ADVANCED_FACE ( 'NONE', ( #2849 ), #8536, .F. ) ;
#7907 = ORIENTED_EDGE ( 'NONE', *, *, #2806, .F. ) ;
#7908 = MANIFOLD_SOLID_BREP ( '02_Reinforcement_Boss', #4224 ) ;
#7909 = CARTESIAN_POINT ( 'NONE',  ( 272.5000000000000000, 38.00000000000000000, 52.49999999999997868 ) ) ;
#7910 = CARTESIAN_POINT ( 'NONE',  ( 245.0000000000000000, 34.00000000000000000, -31.03224129836581469 ) ) ;
#7911 = EDGE_CURVE ( 'NONE', #419, #7313, #5940, .T. ) ;
#7912 = DIRECTION ( 'NONE',  ( 0.000000000000000000, 0.000000000000000000, -1.000000000000000000 ) ) ;
#7913 = DIRECTION ( 'NONE',  ( -0.000000000000000000, -1.000000000000000000, -0.000000000000000000 ) ) ;
#7914 = AXIS2_PLACEMENT_3D ( 'NONE', #7834, #625, #8017 ) ;
#7915 = DIRECTION ( 'NONE',  ( 0.000000000000000000, -1.000000000000000000, 0.000000000000000000 ) ) ;
#7916 = APPROVAL_DATE_TIME ( #7067, #10095 ) ;
#7917 = MECHANICAL_CONTEXT ( 'NONE', #530, 'mechanical' ) ;
#7918 = SECURITY_CLASSIFICATION_LEVEL ( 'unclassified' ) ;
#7919 = ORIENTED_EDGE ( 'NONE', *, *, #1369, .T. ) ;
#7920 = EDGE_CURVE ( 'NONE', #5641, #7856, #5635, .T. ) ;
#7921 = DIRECTION ( 'NONE',  ( -0.000000000000000000, -1.000000000000000000, -0.000000000000000000 ) ) ;
#7922 = ORIENTED_EDGE ( 'NONE', *, *, #2369, .F. ) ;
#7923 = ORIENTED_EDGE ( 'NONE', *, *, #2107, .T. ) ;
#7924 = EDGE_CURVE ( 'NONE', #2601, #7486, #7292, .T. ) ;
#7925 = VERTEX_POINT ( 'NONE', #65 ) ;
#7926 = DIRECTION ( 'NONE',  ( 0.000000000000000000, 0.000000000000000000, -1.000000000000000000 ) ) ;
#7927 = DIRECTION ( 'NONE',  ( -0.000000000000000000, -1.000000000000000000, -0.000000000000000000 ) ) ;
#7928 = FACE_OUTER_BOUND ( 'NONE', #9461, .T. ) ;
#7929 = PERSON_AND_ORGANIZATION ( #10860, #8800 ) ;
#7930 = CARTESIAN_POINT ( 'NONE',  ( 196.0000000000000000, 34.00000000000000000, 0.000000000000000000 ) ) ;
#7931 = PRODUCT_DEFINITION ( 'æœ', '', #9225, #11086 ) ;
#7932 = EDGE_CURVE ( 'NONE', #4244, #10270, #10363, .T. ) ;
#7933 = ORIENTED_EDGE ( 'NONE', *, *, #1541, .F. ) ;
#7934 = EDGE_LOOP ( 'NONE', ( #6600, #8772 ) ) ;
#7935 = ORIENTED_EDGE ( 'NONE', *, *, #6602, .T. ) ;
#7936 = CARTESIAN_POINT ( 'NONE',  ( 0.000000000000000000, 185.0000000000000000, -34.00000000000000000 ) ) ;
#7937 = CC_DESIGN_DATE_AND_TIME_ASSIGNMENT ( #11059, #3888, ( #2470 ) ) ;
#7938 = EDGE_LOOP ( 'NONE', ( #8312, #2378, #10534, #2041 ) ) ;
#7939 = CARTESIAN_POINT ( 'NONE',  ( -133.9625322141365871, 30.00000000000000000, 46.48909769293801730 ) ) ;
#7940 = CARTESIAN_POINT ( 'NONE',  ( 110.0000000000000000, 28.00000000000000000, 24.00000000000000000 ) ) ;
#7941 = LINE ( 'NONE', #7821, #8376 ) ;
#7942 = ITEM_DEFINED_TRANSFORMATION ( 'NONE', 'NONE', #11514,  #10725 ) ;
#7943 = EDGE_CURVE ( 'NONE', #10140, #9157, #10013, .T. ) ;
#7944 = VERTEX_POINT ( 'NONE', #3078 ) ;
#7945 = ORIENTED_EDGE ( 'NONE', *, *, #8103, .T. ) ;
#7946 = FACE_BOUND ( 'NONE', #2676, .T. ) ;
#7947 = ADVANCED_FACE ( 'NONE', ( #6718 ), #7684, .T. ) ;
#7948 = ORIENTED_EDGE ( 'NONE', *, *, #6402, .T. ) ;
#7949 = CARTESIAN_POINT ( 'NONE',  ( 55.48909769293802441, 30.00000000000000000, -133.9625322141365871 ) ) ;
#7950 = CARTESIAN_POINT ( 'NONE',  ( 0.000000000000000000, 0.000000000000000000, 0.000000000000000000 ) ) ;
#7951 = LINE ( 'NONE', #7048, #8687 ) ;
#7952 = DIRECTION ( 'NONE',  ( -0.000000000000000000, 1.000000000000000000, -0.000000000000000000 ) ) ;
#7953 = EDGE_CURVE ( 'NONE', #11563, #419, #11592, .T. ) ;
#7954 = CARTESIAN_POINT ( 'NONE',  ( -196.0000000000000000, 34.00000000000000000, 0.000000000000000000 ) ) ;
#7955 = CARTESIAN_POINT ( 'NONE',  ( 0.000000000000000000, 185.0000000000000000, -34.00000000000000000 ) ) ;
#7956 = PERSON_AND_ORGANIZATION ( #10860, #8800 ) ;
#7957 = LINE ( 'NONE', #575, #11088 ) ;
#7958 = ORIENTED_EDGE ( 'NONE', *, *, #9794, .T. ) ;
#7959 = VECTOR ( 'NONE', #3893, 1000.000000000000000 ) ;
#7960 = EDGE_CURVE ( 'NONE', #6848, #6403, #540, .T. ) ;
#7961 = EDGE_LOOP ( 'NONE', ( #7922, #3557 ) ) ;
#7962 = MANIFOLD_SOLID_BREP ( '03_Output_Shaft', #5960 ) ;
#7963 = CARTESIAN_POINT ( 'NONE',  ( -120.0000000000000000, 120.0000000000000000, 90.00000000000000000 ) ) ;
#7964 = DIRECTION ( 'NONE',  ( -0.000000000000000000, -1.000000000000000000, -0.000000000000000000 ) ) ;
#7965 = AXIS2_PLACEMENT_3D ( 'NONE', #6729, #8370, #245 ) ;
#7966 = DIRECTION ( 'NONE',  ( 0.000000000000000000, 1.000000000000000000, 0.000000000000000000 ) ) ;
#7967 = PLANE ( 'NONE',  #4614 ) ;
#7968 = CARTESIAN_POINT ( 'NONE',  ( 32.52809175103263328, 0.000000000000000000, -78.52976026345936589 ) ) ;
#7969 = EDGE_CURVE ( 'NONE', #240, #1638, #5749, .T. ) ;
#7970 = AXIS2_PLACEMENT_3D ( 'NONE', #1163, #6785, #80 ) ;
#7971 = PRODUCT_DEFINITION_SHAPE ( 'NONE', 'NONE',  #2234 ) ;
#7972 = APPROVAL_ROLE ( '' ) ;
#7973 = COORDINATED_UNIVERSAL_TIME_OFFSET ( 8, 0, .AHEAD. ) ;
#7974 = CIRCLE ( 'NONE', #624, 7.000000000000006217 ) ;
#7975 = DATE_AND_TIME ( #10985, #906 ) ;
#7976 = AXIS2_PLACEMENT_3D ( 'NONE', #10010, #5407, #10974 ) ;
#7977 = DIRECTION ( 'NONE',  ( 0.000000000000000000, 0.000000000000000000, -1.000000000000000000 ) ) ;
#7978 = VECTOR ( 'NONE', #7623, 1000.000000000000000 ) ;
#7979 = ORIENTED_EDGE ( 'NONE', *, *, #2600, .F. ) ;
#7980 = ORIENTED_EDGE ( 'NONE', *, *, #10520, .F. ) ;
#7981 = CIRCLE ( 'NONE', #2759, 43.99999999999997158 ) ;
#7982 = ORIENTED_EDGE ( 'NONE', *, *, #5126, .T. ) ;
#7983 = CARTESIAN_POINT ( 'NONE',  ( -55.48909769293801020, 0.000000000000000000, 133.9625322141365871 ) ) ;
#7984 = CARTESIAN_POINT ( 'NONE',  ( 66.51932634081263984, 220.0000000000000000, -27.55320713028646296 ) ) ;
#7985 = PLANE ( 'NONE',  #7441 ) ;
#7986 = EDGE_CURVE ( 'NONE', #409, #3261, #595, .T. ) ;
#7987 = DIRECTION ( 'NONE',  ( 0.000000000000000000, -1.000000000000000000, 6.123233995736766036E-17 ) ) ;
#7988 = DATE_TIME_ROLE ( 'classification_date' ) ;
#7989 = DIRECTION ( 'NONE',  ( 0.000000000000000000, 0.000000000000000000, -1.000000000000000000 ) ) ;
#7990 = AXIS2_PLACEMENT_3D ( 'NONE', #8628, #10505, #7652 ) ;
#7991 = CIRCLE ( 'NONE', #6445, 72.50000000000000000 ) ;
#7992 = VECTOR ( 'NONE', #3849, 1000.000000000000000 ) ;
#7993 = ORIENTED_EDGE ( 'NONE', *, *, #8164, .T. ) ;
#7994 = ORIENTED_EDGE ( 'NONE', *, *, #2400, .T. ) ;
#7995 = EDGE_LOOP ( 'NONE', ( #11682, #11614, #6663, #5935 ) ) ;
#7996 = LINE ( 'NONE', #8795, #4692 ) ;
#7997 = AXIS2_PLACEMENT_3D ( 'NONE', #10491, #2017, #4811 ) ;
#7998 = ORIENTED_EDGE ( 'NONE', *, *, #8971, .T. ) ;
#7999 = FACE_OUTER_BOUND ( 'NONE', #6996, .T. ) ;
#8000 = CC_DESIGN_DATE_AND_TIME_ASSIGNMENT ( #6028, #6750, ( #2239 ) ) ;
#8001 = LINE ( 'NONE', #4198, #1400 ) ;
#8002 = EDGE_CURVE ( 'NONE', #11955, #1713, #8264, .T. ) ;
#8003 = VECTOR ( 'NONE', #2898, 1000.000000000000000 ) ;
#8004 = FACE_OUTER_BOUND ( 'NONE', #11333, .T. ) ;
#8005 = COORDINATED_UNIVERSAL_TIME_OFFSET ( 8, 0, .AHEAD. ) ;
#8006 = CC_DESIGN_DATE_AND_TIME_ASSIGNMENT ( #6170, #11579, ( #5751 ) ) ;
#8007 = ORIENTED_EDGE ( 'NONE', *, *, #4685, .F. ) ;
#8008 = EDGE_LOOP ( 'NONE', ( #1778, #7741 ) ) ;
#8009 = CIRCLE ( 'NONE', #1235, 7.000000000000006217 ) ;
#8010 = DIRECTION ( 'NONE',  ( 0.000000000000000000, 0.000000000000000000, 1.000000000000000000 ) ) ;
#8011 = ORIENTED_EDGE ( 'NONE', *, *, #319, .T. ) ;
#8012 = DIRECTION ( 'NONE',  ( 0.000000000000000000, 0.000000000000000000, -1.000000000000000000 ) ) ;
#8013 = CARTESIAN_POINT ( 'NONE',  ( 1.347111479062088523E-14, 30.00000000000000000, 110.0000000000000000 ) ) ;
#8014 = EDGE_CURVE ( 'NONE', #7541, #5277, #3237, .T. ) ;
#8015 = CARTESIAN_POINT ( 'NONE',  ( -135.0000000000000000, 0.000000000000000000, -105.0000000000000000 ) ) ;
#8016 =( GEOMETRIC_REPRESENTATION_CONTEXT ( 3 ) GLOBAL_UNCERTAINTY_ASSIGNED_CONTEXT ( ( #3885 ) ) GLOBAL_UNIT_ASSIGNED_CONTEXT ( ( #6472, #1867, #8111 ) ) REPRESENTATION_CONTEXT ( 'NONE', 'WORKASPACE' ) );
#8017 = DIRECTION ( 'NONE',  ( 0.000000000000000000, 0.000000000000000000, 1.000000000000000000 ) ) ;
#8018 = CARTESIAN_POINT ( 'NONE',  ( -34.96597842945568146, 220.0000000000000000, -63.51086798706846537 ) ) ;
#8019 = DIRECTION ( 'NONE',  ( 0.000000000000000000, 0.000000000000000000, 1.000000000000000000 ) ) ;
#8020 = ADVANCED_FACE ( 'NONE', ( #9820 ), #3385, .F. ) ;
#8021 = EDGE_CURVE ( 'NONE', #4420, #4846, #8718, .T. ) ;
#8022 = PERSON_AND_ORGANIZATION ( #10860, #8800 ) ;
#8023 = CARTESIAN_POINT ( 'NONE',  ( 31.38004145393736266, 0.000000000000000000, 75.75812166592551478 ) ) ;
#8024 = ORIENTED_EDGE ( 'NONE', *, *, #380, .T. ) ;
#8025 = SECURITY_CLASSIFICATION ( '', '', #11634 ) ;
#8026 = ORIENTED_EDGE ( 'NONE', *, *, #4815, .F. ) ;
#8027 = CIRCLE ( 'NONE', #2802, 60.00000000000000000 ) ;
#8028 = EDGE_CURVE ( 'NONE', #3851, #1575, #2293, .T. ) ;
#8029 = LINE ( 'NONE', #7123, #7599 ) ;
#8030 = FACE_BOUND ( 'NONE', #6504, .T. ) ;
#8031 = DIRECTION ( 'NONE',  ( 0.000000000000000000, 0.000000000000000000, -1.000000000000000000 ) ) ;
#8032 = CARTESIAN_POINT ( 'NONE',  ( 101.0000000000000000, 42.00000000000000000, 24.00000000000000000 ) ) ;
#8033 = DIRECTION ( 'NONE',  ( 0.000000000000000000, 1.000000000000000000, 0.000000000000000000 ) ) ;
#8034 = AXIS2_PLACEMENT_3D ( 'NONE', #9079, #11633, #7180 ) ;
#8035 = DATE_TIME_ROLE ( 'classification_date' ) ;
#8036 = EDGE_CURVE ( 'NONE', #8619, #2900, #3317, .T. ) ;
#8037 = PERSON_AND_ORGANIZATION_ROLE ( 'design_owner' ) ;
#8038 = CONTEXT_DEPENDENT_SHAPE_REPRESENTATION ( #2705, #4195 ) ;
#8039 = DIRECTION ( 'NONE',  ( 0.000000000000000000, 1.000000000000000000, 0.000000000000000000 ) ) ;
#8040 = ORIENTED_EDGE ( 'NONE', *, *, #5051, .F. ) ;
#8041 = ORIENTED_EDGE ( 'NONE', *, *, #5876, .T. ) ;
#8042 = DIRECTION ( 'NONE',  ( 0.000000000000000000, 1.000000000000000000, 0.000000000000000000 ) ) ;
#8043 = ORIENTED_EDGE ( 'NONE', *, *, #9340, .T. ) ;
#8044 = MANIFOLD_SOLID_BREP ( '03_Shaft_Step_D65', #3629 ) ;
#8045 = CYLINDRICAL_SURFACE ( 'NONE', #4595, 7.000000000000006217 ) ;
#8046 = CARTESIAN_POINT ( 'NONE',  ( -70.00000000000000000, 95.00000000000000000, 45.00000000000000000 ) ) ;
#8047 = CC_DESIGN_APPROVAL ( #6222, ( #11946 ) ) ;
#8048 = DIRECTION ( 'NONE',  ( -0.000000000000000000, -1.000000000000000000, -0.000000000000000000 ) ) ;
#8049 =( NAMED_UNIT ( * ) SI_UNIT ( $, .STERADIAN. ) SOLID_ANGLE_UNIT ( ) );
#8050 = APPLICATION_PROTOCOL_DEFINITION ( 'international standard', 'config_control_design', 1994, #74 ) ;
#8051 = CARTESIAN_POINT ( 'NONE',  ( 272.5000000000000000, 22.00000000000000000, 0.000000000000000000 ) ) ;
#8052 = ORIENTED_EDGE ( 'NONE', *, *, #9755, .T. ) ;
#8053 = SECURITY_CLASSIFICATION ( '', '', #11646 ) ;
#8054 = ADVANCED_FACE ( 'NONE', ( #11643 ), #2479, .F. ) ;
#8055 = EDGE_LOOP ( 'NONE', ( #9493, #9303, #2122, #8517 ) ) ;
#8056 = ORIENTED_EDGE ( 'NONE', *, *, #10184, .F. ) ;
#8057 = DIRECTION ( 'NONE',  ( 0.000000000000000000, 0.000000000000000000, -1.000000000000000000 ) ) ;
#8058 = ORIENTED_EDGE ( 'NONE', *, *, #7686, .F. ) ;
#8059 = AXIS2_PLACEMENT_3D ( 'NONE', #11225, #5874, #6596 ) ;
#8060 = DIRECTION ( 'NONE',  ( 0.000000000000000000, 1.000000000000000000, 0.000000000000000000 ) ) ;
#8061 = DIRECTION ( 'NONE',  ( 0.000000000000000000, 1.000000000000000000, 0.000000000000000000 ) ) ;
#8062 = ADVANCED_FACE ( 'NONE', ( #1385 ), #5212, .F. ) ;
#8063 = EDGE_CURVE ( 'NONE', #7814, #3868, #5936, .T. ) ;
#8064 = LOCAL_TIME ( 1, 43, 37.00000000000000000, #11695 ) ;
#8065 = LOCAL_TIME ( 1, 43, 37.00000000000000000, #2284 ) ;
#8066 = DIRECTION ( 'NONE',  ( 0.000000000000000000, 0.000000000000000000, 1.000000000000000000 ) ) ;
#8067 = PERSON_AND_ORGANIZATION_ROLE ( 'classification_officer' ) ;
#8068 = EDGE_LOOP ( 'NONE', ( #8073, #790 ) ) ;
#8069 = AXIS2_PLACEMENT_3D ( 'NONE', #1926, #2944, #1187 ) ;
#8070 = EDGE_CURVE ( 'NONE', #2063, #2940, #7075, .T. ) ;
#8071 = ORIENTED_EDGE ( 'NONE', *, *, #6063, .F. ) ;
#8072 = DIRECTION ( 'NONE',  ( 0.000000000000000000, 1.000000000000000000, 0.000000000000000000 ) ) ;
#8073 = ORIENTED_EDGE ( 'NONE', *, *, #4672, .T. ) ;
#8074 = CARTESIAN_POINT ( 'NONE',  ( -180.0000000000000000, 22.00000000000000000, 0.000000000000000000 ) ) ;
#8075 = APPROVAL_PERSON_ORGANIZATION ( #2207, #4545, #11496 ) ;
#8076 = CARTESIAN_POINT ( 'NONE',  ( 110.0000000000000000, 0.000000000000000000, 24.00000000000000000 ) ) ;
#8077 = LINE ( 'NONE', #3292, #5010 ) ;
#8078 = ADVANCED_FACE ( 'NONE', ( #7863 ), #10660, .F. ) ;
#8079 = DIRECTION ( 'NONE',  ( 0.000000000000000000, 1.000000000000000000, 0.000000000000000000 ) ) ;
#8080 = DIRECTION ( 'NONE',  ( -0.000000000000000000, -1.000000000000000000, -0.000000000000000000 ) ) ;
#8081 = CIRCLE ( 'NONE', #5961, 72.50000000000000000 ) ;
#8082 = DIRECTION ( 'NONE',  ( 0.000000000000000000, 1.000000000000000000, 0.000000000000000000 ) ) ;
#8083 = DATE_TIME_ROLE ( 'classification_date' ) ;
#8084 = DIRECTION ( 'NONE',  ( 0.000000000000000000, 0.000000000000000000, 1.000000000000000000 ) ) ;
#8085 = ORIENTED_EDGE ( 'NONE', *, *, #9448, .T. ) ;
#8086 = PERSON_AND_ORGANIZATION ( #10860, #8800 ) ;
#8087 = CC_DESIGN_PERSON_AND_ORGANIZATION_ASSIGNMENT ( #3801, #2894, ( #4962 ) ) ;
#8088 = EDGE_CURVE ( 'NONE', #6175, #4367, #6139, .T. ) ;
#8089 = ORIENTED_EDGE ( 'NONE', *, *, #2962, .F. ) ;
#8090 = AXIS2_PLACEMENT_3D ( 'NONE', #10101, #8146, #5494 ) ;
#8091 = DIRECTION ( 'NONE',  ( 0.000000000000000000, 0.000000000000000000, -1.000000000000000000 ) ) ;
#8092 = CARTESIAN_POINT ( 'NONE',  ( 0.000000000000000000, 0.000000000000000000, 0.000000000000000000 ) ) ;
#8093 = DIRECTION ( 'NONE',  ( 0.000000000000000000, 0.000000000000000000, -1.000000000000000000 ) ) ;
#8094 = PRODUCT_RELATED_PRODUCT_CATEGORY ( 'detail', '', ( #9519 ) ) ;
#8095 = CARTESIAN_POINT ( 'NONE',  ( 117.5000000000000000, 20.00000000000000000, 24.00000000000000000 ) ) ;
#8096 = CARTESIAN_POINT ( 'NONE',  ( 135.0000000000000000, 28.00000000000000000, 95.99999999999998579 ) ) ;
#8097 = CARTESIAN_POINT ( 'NONE',  ( -180.0000000000000000, 0.000000000000000000, 155.0000000000000000 ) ) ;
#8098 = SHAPE_DEFINITION_REPRESENTATION ( #10587, #6922 ) ;
#8099 = VECTOR ( 'NONE', #3894, 1000.000000000000000 ) ;
#8100 = APPLICATION_PROTOCOL_DEFINITION ( 'international standard', 'config_control_design', 1994, #10285 ) ;
#8101 = CARTESIAN_POINT ( 'NONE',  ( 0.000000000000000000, 0.000000000000000000, 0.000000000000000000 ) ) ;
#8102 = EDGE_LOOP ( 'NONE', ( #9647, #5898, #5487, #10720 ) ) ;
#8103 = EDGE_CURVE ( 'NONE', #2121, #5559, #11183, .T. ) ;
#8104 = VECTOR ( 'NONE', #3355, 1000.000000000000000 ) ;
#8105 = VERTEX_POINT ( 'NONE', #9577 ) ;
#8106 = CARTESIAN_POINT ( 'NONE',  ( 95.00000000000000000, 95.00000000000000000, 65.00000000000000000 ) ) ;
#8107 = ORIENTED_EDGE ( 'NONE', *, *, #5229, .F. ) ;
#8108 = LINE ( 'NONE', #1803, #9833 ) ;
#8109 = CYLINDRICAL_SURFACE ( 'NONE', #11101, 6.999999999999999112 ) ;
#8110 = CARTESIAN_POINT ( 'NONE',  ( -25.22242005078194182, 260.0000000000000000, -83.78591484719798643 ) ) ;
#8111 =( NAMED_UNIT ( * ) SI_UNIT ( $, .STERADIAN. ) SOLID_ANGLE_UNIT ( ) );
#8112 = EDGE_CURVE ( 'NONE', #10328, #8726, #4964, .T. ) ;
#8113 = CALENDAR_DATE ( 2026, 29, 7 ) ;
#8114 = PERSON ( 'NAUO-PER23', 'UNSPECIFIED', 'UNSPECIFIED', ('UNSPECIFIED'), ('UNSPECIFIED'), ('UNSPECIFIED') ) ;
#8115 = VECTOR ( 'NONE', #361, 1000.000000000000000 ) ;
#8116 = ORIENTED_EDGE ( 'NONE', *, *, #7953, .T. ) ;
#8117 = EDGE_LOOP ( 'NONE', ( #2292, #1904, #10429, #3955 ) ) ;
#8118 = CARTESIAN_POINT ( 'NONE',  ( 272.5000000000000000, 38.00000000000000000, -68.99999999999997158 ) ) ;
#8119 = ORIENTED_EDGE ( 'NONE', *, *, #11434, .F. ) ;
#8120 =( REPRESENTATION_RELATIONSHIP ('NONE','NONE', #5684, #6922 ) REPRESENTATION_RELATIONSHIP_WITH_TRANSFORMATION ( #936 )SHAPE_REPRESENTATION_RELATIONSHIP( ) );
#8121 = PLANE ( 'NONE',  #1098 ) ;
#8122 = FACE_OUTER_BOUND ( 'NONE', #2359, .T. ) ;
#8123 = DIRECTION ( 'NONE',  ( 1.000000000000000000, 0.000000000000000000, 0.000000000000000000 ) ) ;
#8124 = CARTESIAN_POINT ( 'NONE',  ( 110.0000000000000000, 0.000000000000000000, -24.00000000000000000 ) ) ;
#8125 = EDGE_CURVE ( 'NONE', #6380, #6199, #6838, .T. ) ;
#8126 = SECURITY_CLASSIFICATION_LEVEL ( 'unclassified' ) ;
#8127 = ORIENTED_EDGE ( 'NONE', *, *, #1665, .T. ) ;
#8128 = EDGE_LOOP ( 'NONE', ( #9213, #6464, #11246, #6481 ) ) ;
#8129 = DIRECTION ( 'NONE',  ( -0.000000000000000000, -1.000000000000000000, -0.000000000000000000 ) ) ;
#8130 = ORIENTED_EDGE ( 'NONE', *, *, #72, .F. ) ;
#8131 = LINE ( 'NONE', #4566, #7385 ) ;
#8132 = CARTESIAN_POINT ( 'NONE',  ( 32.52809175103263328, 260.0000000000000000, -78.52976026345936589 ) ) ;
#8133 = CARTESIAN_POINT ( 'NONE',  ( 0.000000000000000000, 285.0000000000000000, 0.000000000000000000 ) ) ;
#8134 = DIRECTION ( 'NONE',  ( -0.000000000000000000, -1.000000000000000000, -0.000000000000000000 ) ) ;
#8135 = DIRECTION ( 'NONE',  ( -0.000000000000000000, -1.000000000000000000, -0.000000000000000000 ) ) ;
#8136 = CARTESIAN_POINT ( 'NONE',  ( -78.00000000000000000, 28.00000000000000000, 7.499999999999999112 ) ) ;
#8137 = EDGE_CURVE ( 'NONE', #737, #5470, #718, .T. ) ;
#8138 = CALENDAR_DATE ( 2026, 29, 7 ) ;
#8139 = CARTESIAN_POINT ( 'NONE',  ( 0.000000000000000000, 22.00000000000000000, 0.000000000000000000 ) ) ;
#8140 = ORIENTED_EDGE ( 'NONE', *, *, #7858, .T. ) ;
#8141 = VERTEX_POINT ( 'NONE', #11825 ) ;
#8142 = MANIFOLD_SOLID_BREP ( '03_Shaft_Step_D50', #10803 ) ;
#8143 = CARTESIAN_POINT ( 'NONE',  ( -75.75812166592551478, 30.00000000000000000, 31.38004145393735200 ) ) ;
#8144 = DIRECTION ( 'NONE',  ( 0.000000000000000000, 0.000000000000000000, -1.000000000000000000 ) ) ;
#8145 = DIRECTION ( 'NONE',  ( 0.000000000000000000, 0.000000000000000000, 1.000000000000000000 ) ) ;
#8146 = DIRECTION ( 'NONE',  ( -0.000000000000000000, 1.000000000000000000, -0.000000000000000000 ) ) ;
#8147 = ADVANCED_FACE ( 'NONE', ( #9938, #9091, #6295, #9145, #8293, #10900 ), #11763, .T. ) ;
#8148 = APPROVAL ( #5320, 'æœª' ) ;
#8149 = CARTESIAN_POINT ( 'NONE',  ( 180.0000000000000000, 28.00000000000000000, 155.0000000000000000 ) ) ;
#8150 = EDGE_CURVE ( 'NONE', #8171, #4077, #3499, .T. ) ;
#8151 = CIRCLE ( 'NONE', #6216, 8.000000000000010658 ) ;
#8152 = DIRECTION ( 'NONE',  ( 1.000000000000000000, 0.000000000000000000, 0.000000000000000000 ) ) ;
#8153 = DATE_AND_TIME ( #2464, #9584 ) ;
#8154 = APPROVAL_STATUS ( 'not_yet_approved' ) ;
#8155 = SHAPE_REPRESENTATION ( 'MKH-014_gripper_cylinder', ( #10725 ), #2602 ) ;
#8156 = VERTEX_POINT ( 'NONE', #11084 ) ;
#8157 = DIRECTION ( 'NONE',  ( 0.000000000000000000, 1.000000000000000000, 0.000000000000000000 ) ) ;
#8158 = ORIENTED_EDGE ( 'NONE', *, *, #3985, .T. ) ;
#8159 = ORIENTED_EDGE ( 'NONE', *, *, #8614, .T. ) ;
#8160 = DIRECTION ( 'NONE',  ( 1.000000000000000000, -0.000000000000000000, 0.000000000000000000 ) ) ;
#8161 = ORIENTED_EDGE ( 'NONE', *, *, #6226, .T. ) ;
#8162 = MANIFOLD_SOLID_BREP ( '02_Reinforcement_Boss', #932 ) ;
#8163 = CARTESIAN_POINT ( 'NONE',  ( -32.52809175103262618, 260.0000000000000000, 78.52976026345938010 ) ) ;
#8164 = EDGE_CURVE ( 'NONE', #9182, #909, #8108, .T. ) ;
#8165 = DIRECTION ( 'NONE',  ( 0.000000000000000000, -0.000000000000000000, 1.000000000000000000 ) ) ;
#8166 = FACE_OUTER_BOUND ( 'NONE', #9756, .T. ) ;
#8167 = APPROVAL_STATUS ( 'not_yet_approved' ) ;
#8168 = VECTOR ( 'NONE', #5633, 1000.000000000000000 ) ;
#8169 = EDGE_CURVE ( 'NONE', #3554, #1127, #10209, .T. ) ;
#8170 = VECTOR ( 'NONE', #750, 1000.000000000000000 ) ;
#8171 = VERTEX_POINT ( 'NONE', #7193 ) ;
#8172 = EDGE_LOOP ( 'NONE', ( #1529, #8354, #6605, #2567 ) ) ;
#8173 = AXIS2_PLACEMENT_3D ( 'NONE', #4276, #631, #10873 ) ;
#8174 = ADVANCED_FACE ( 'NONE', ( #4361 ), #3227, .F. ) ;
#8175 = ORIENTED_EDGE ( 'NONE', *, *, #7, .F. ) ;
#8176 = CARTESIAN_POINT ( 'NONE',  ( -75.75812166592551478, 30.00000000000000000, 24.38004145393735200 ) ) ;
#8177 = EDGE_LOOP ( 'NONE', ( #7663, #3426 ) ) ;
#8178 = CARTESIAN_POINT ( 'NONE',  ( -95.00000000000000000, 95.00000000000000000, -65.00000000000000000 ) ) ;
#8179 = LINE ( 'NONE', #1642, #632 ) ;
#8180 = AXIS2_PLACEMENT_3D ( 'NONE', #6309, #5410, #6484 ) ;
#8181 =( NAMED_UNIT ( * ) PLANE_ANGLE_UNIT ( ) SI_UNIT ( $, .RADIAN. ) );
#8182 = FACE_OUTER_BOUND ( 'NONE', #3732, .T. ) ;
#8183 = ORIENTED_EDGE ( 'NONE', *, *, #8169, .T. ) ;
#8184 = CIRCLE ( 'NONE', #8767, 7.999999999999996447 ) ;
#8185 = AXIS2_PLACEMENT_3D ( 'NONE', #2189, #11417, #5654 ) ;
#8186 = DATE_AND_TIME ( #6707, #8839 ) ;
#8187 = VERTEX_POINT ( 'NONE', #10065 ) ;
#8188 = AXIS2_PLACEMENT_3D ( 'NONE', #11428, #2203, #5626 ) ;
#8189 = VERTEX_POINT ( 'NONE', #9999 ) ;
#8190 = DIRECTION ( 'NONE',  ( 0.000000000000000000, 0.000000000000000000, 1.000000000000000000 ) ) ;
#8191 = ORIENTED_EDGE ( 'NONE', *, *, #3274, .F. ) ;
#8192 = CARTESIAN_POINT ( 'NONE',  ( 59.00000000000000000, 28.00000000000000355, 24.00000000000000000 ) ) ;
#8193 = VECTOR ( 'NONE', #9374, 1000.000000000000000 ) ;
#8194 = CARTESIAN_POINT ( 'NONE',  ( 83.78591484719800064, 260.0000000000000000, 25.22242005078194182 ) ) ;
#8195 = DIRECTION ( 'NONE',  ( 0.000000000000000000, 0.000000000000000000, -1.000000000000000000 ) ) ;
#8196 = CARTESIAN_POINT ( 'NONE',  ( 55.48909769293802441, 30.00000000000000000, -142.9625322141365871 ) ) ;
#8197 = CARTESIAN_POINT ( 'NONE',  ( 55.48909769293802441, 0.000000000000000000, 142.9625322141366155 ) ) ;
#8198 = CARTESIAN_POINT ( 'NONE',  ( 77.08053281221580733, 142.5000000000000000, -41.41064430052886536 ) ) ;
#8199 = AXIS2_PLACEMENT_3D ( 'NONE', #5363, #2626, #9061 ) ;
#8200 = APPROVAL_STATUS ( 'not_yet_approved' ) ;
#8201 = CARTESIAN_POINT ( 'NONE',  ( -105.0000000000000000, 12.00000000000000000, 0.000000000000000000 ) ) ;
#8202 = ORIENTED_EDGE ( 'NONE', *, *, #8506, .T. ) ;
#8203 = AXIS2_PLACEMENT_3D ( 'NONE', #1974, #3973, #7602 ) ;
#8204 = EDGE_LOOP ( 'NONE', ( #1979, #1135, #7546, #1700 ) ) ;
#8205 = LINE ( 'NONE', #4643, #4324 ) ;
#8206 = AXIS2_PLACEMENT_3D ( 'NONE', #362, #3270, #6056 ) ;
#8207 = EDGE_CURVE ( 'NONE', #588, #10989, #10403, .T. ) ;
#8208 = AXIS2_PLACEMENT_3D ( 'NONE', #8513, #5004, #268 ) ;
#8209 = DIRECTION ( 'NONE',  ( -0.000000000000000000, -1.000000000000000000, -0.000000000000000000 ) ) ;
#8210 = LINE ( 'NONE', #995, #4242 ) ;
#8211 = CARTESIAN_POINT ( 'NONE',  ( -69.63364589099039392, 0.000000000000000000, 20.18428497440902802 ) ) ;
#8212 = CARTESIAN_POINT ( 'NONE',  ( -133.9625322141365871, 30.00000000000000000, 64.48909769293797467 ) ) ;
#8213 = CARTESIAN_POINT ( 'NONE',  ( 0.000000000000000000, 305.0000000000000000, 0.000000000000000000 ) ) ;
#8214 = DATE_TIME_ROLE ( 'creation_date' ) ;
#8215 = PERSON_AND_ORGANIZATION ( #10860, #8800 ) ;
#8216 = AXIS2_PLACEMENT_3D ( 'NONE', #5517, #1806, #4428 ) ;
#8217 = PERSON_AND_ORGANIZATION ( #9555, #4206 ) ;
#8218 = CIRCLE ( 'NONE', #9778, 25.00000000000000000 ) ;
#8219 = ORIENTED_EDGE ( 'NONE', *, *, #6392, .F. ) ;
#8220 = EDGE_CURVE ( 'NONE', #5371, #1239, #3678, .T. ) ;
#8221 = CC_DESIGN_PERSON_AND_ORGANIZATION_ASSIGNMENT ( #6806, #508, ( #3552 ) ) ;
#8222 = DIRECTION ( 'NONE',  ( 0.000000000000000000, 1.000000000000000000, 0.000000000000000000 ) ) ;
#8224 = ADVANCED_FACE ( 'NONE', ( #6409 ), #6178, .F. ) ;
#8223 = ORIENTED_EDGE ( 'NONE', *, *, #9323, .T. ) ;
#8225 = ORIENTED_EDGE ( 'NONE', *, *, #6023, .F. ) ;
#8226 = DIRECTION ( 'NONE',  ( -0.000000000000000000, -0.000000000000000000, 1.000000000000000000 ) ) ;
#8227 = VECTOR ( 'NONE', #35, 1000.000000000000000 ) ;
#8228 = EDGE_LOOP ( 'NONE', ( #10482, #5144, #5831, #5157 ) ) ;
#8229 = DIRECTION ( 'NONE',  ( -0.000000000000000000, -0.000000000000000000, 1.000000000000000000 ) ) ;
#8230 = CARTESIAN_POINT ( 'NONE',  ( 115.0000000000000000, 0.000000000000000000, 23.49999999999999645 ) ) ;
#8231 = DIRECTION ( 'NONE',  ( 1.000000000000000000, 0.000000000000000000, 0.000000000000000000 ) ) ;
#8232 = APPROVAL_STATUS ( 'not_yet_approved' ) ;
#8233 = ORIENTED_EDGE ( 'NONE', *, *, #1776, .T. ) ;
#8234 = CC_DESIGN_PERSON_AND_ORGANIZATION_ASSIGNMENT ( #5454, #4544, ( #8855 ) ) ;
#8235 = EDGE_CURVE ( 'NONE', #8726, #10699, #7256, .T. ) ;
#8236 = ORIENTED_EDGE ( 'NONE', *, *, #4454, .T. ) ;
#8237 = VERTEX_POINT ( 'NONE', #10961 ) ;
#8238 = DIRECTION ( 'NONE',  ( 0.000000000000000000, 0.000000000000000000, -1.000000000000000000 ) ) ;
#8239 = EDGE_LOOP ( 'NONE', ( #1, #11466 ) ) ;
#8240 = CARTESIAN_POINT ( 'NONE',  ( -133.9625322141365871, 0.000000000000000000, -55.48909769293801730 ) ) ;
#8241 = CARTESIAN_POINT ( 'NONE',  ( -272.5000000000000000, 0.000000000000000000, 0.000000000000000000 ) ) ;
#8242 = CARTESIAN_POINT ( 'NONE',  ( 0.000000000000000000, 520.0000000000000000, 84.00000000000000000 ) ) ;
#8243 = CIRCLE ( 'NONE', #5738, 52.49999999999997868 ) ;
#8244 = LINE ( 'NONE', #736, #3143 ) ;
#8245 = ORIENTED_EDGE ( 'NONE', *, *, #11027, .T. ) ;
#8246 = EDGE_CURVE ( 'NONE', #3797, #1381, #6519, .T. ) ;
#8247 = PERSON_AND_ORGANIZATION_ROLE ( 'classification_officer' ) ;
#8248 = CIRCLE ( 'NONE', #4631, 43.99999999999997158 ) ;
#8249 = ORIENTED_EDGE ( 'NONE', *, *, #3713, .T. ) ;
#8250 = ORIENTED_EDGE ( 'NONE', *, *, #656, .F. ) ;
#8251 = CARTESIAN_POINT ( 'NONE',  ( 70.00000000000000000, 95.00000000000000000, 50.50000000000000000 ) ) ;
#8252 = AXIS2_PLACEMENT_3D ( 'NONE', #4448, #928, #2559 ) ;
#8253 = ORIENTED_EDGE ( 'NONE', *, *, #4341, .T. ) ;
#8254 = FACE_BOUND ( 'NONE', #10538, .T. ) ;
#8255 = ADVANCED_FACE ( 'NONE', ( #6358 ), #3618, .F. ) ;
#8256 = DIRECTION ( 'NONE',  ( 0.000000000000000000, 1.000000000000000000, 0.000000000000000000 ) ) ;
#8257 = LOCAL_TIME ( 1, 43, 37.00000000000000000, #6648 ) ;
#8258 = CYLINDRICAL_SURFACE ( 'NONE', #10822, 9.000000000000007105 ) ;
#8259 = CC_DESIGN_APPROVAL ( #1425, ( #4962 ) ) ;
#8260 = DIRECTION ( 'NONE',  ( 0.000000000000000000, 0.000000000000000000, -1.000000000000000000 ) ) ;
#8261 = DIRECTION ( 'NONE',  ( 0.000000000000000000, 0.000000000000000000, 1.000000000000000000 ) ) ;
#8262 = LINE ( 'NONE', #11986, #7050 ) ;
#8263 = EDGE_CURVE ( 'NONE', #11336, #8726, #2711, .T. ) ;
#8264 = CIRCLE ( 'NONE', #6717, 87.50000000000000000 ) ;
#8265 = PERSON_AND_ORGANIZATION ( #9865, #4798 ) ;
#8266 = DIRECTION ( 'NONE',  ( -1.000000000000000000, -0.000000000000000000, -0.000000000000000000 ) ) ;
#8267 = ADVANCED_BREP_SHAPE_REPRESENTATION ( '', ( #11985, #10725 ), #2191 ) ;
#8268 = CC_DESIGN_APPROVAL ( #4617, ( #11964 ) ) ;
#8269 = CC_DESIGN_APPROVAL ( #450, ( #9225 ) ) ;
#8270 = ORIENTED_EDGE ( 'NONE', *, *, #4611, .T. ) ;
#8271 = CARTESIAN_POINT ( 'NONE',  ( -75.00000000000000000, 0.000000000000000000, -12.00000000000000000 ) ) ;
#8272 = AXIS2_PLACEMENT_3D ( 'NONE', #7983, #7804, #1263 ) ;
#8273 = CARTESIAN_POINT ( 'NONE',  ( -196.0000000000000000, 34.00000000000000000, 0.000000000000000000 ) ) ;
#8274 = CARTESIAN_POINT ( 'NONE',  ( -120.0000000000000000, 0.000000000000000000, 110.0000000000000000 ) ) ;
#8275 = DIRECTION ( 'NONE',  ( 0.000000000000000000, 0.000000000000000000, 1.000000000000000000 ) ) ;
#8276 = LOCAL_TIME ( 1, 43, 37.00000000000000000, #2807 ) ;
#8277 = DIRECTION ( 'NONE',  ( 0.000000000000000000, 0.000000000000000000, -1.000000000000000000 ) ) ;
#8278 = DATE_AND_TIME ( #9925, #674 ) ;
#8279 = PERSON_AND_ORGANIZATION ( #10860, #8800 ) ;
#8280 = CARTESIAN_POINT ( 'NONE',  ( 52.50000000000000000, 28.00000000000000000, 99.00000000000000000 ) ) ;
#8281 = ADVANCED_FACE ( 'NONE', ( #8962 ), #8045, .F. ) ;
#8282 = APPROVAL_STATUS ( 'not_yet_approved' ) ;
#8283 = AXIS2_PLACEMENT_3D ( 'NONE', #5072, #8765, #5921 ) ;
#8284 = VERTEX_POINT ( 'NONE', #2105 ) ;
#8285 = APPLICATION_CONTEXT ( 'configuration controlled 3d designs of mechanical parts and assemblies' ) ;
#8286 = LOCAL_TIME ( 1, 43, 37.00000000000000000, #9105 ) ;
#8287 = CARTESIAN_POINT ( 'NONE',  ( -330.0000000000000000, 0.000000000000000000, 75.00000000000000000 ) ) ;
#8288 = ORIENTED_EDGE ( 'NONE', *, *, #7558, .F. ) ;
#8289 = ORIENTED_EDGE ( 'NONE', *, *, #3217, .T. ) ;
#8290 = CARTESIAN_POINT ( 'NONE',  ( 133.9625322141365871, 30.00000000000000000, 64.48909769293800309 ) ) ;
#8291 = ORIENTED_EDGE ( 'NONE', *, *, #7333, .F. ) ;
#8292 = VECTOR ( 'NONE', #4887, 1000.000000000000000 ) ;
#8293 = FACE_BOUND ( 'NONE', #4653, .T. ) ;
#8294 = LINE ( 'NONE', #839, #3730 ) ;
#8295 = DIRECTION ( 'NONE',  ( -1.000000000000000000, 0.000000000000000000, 0.000000000000000000 ) ) ;
#8296 = DIRECTION ( 'NONE',  ( 6.123233995736766036E-17, -1.000000000000000000, 0.000000000000000000 ) ) ;
#8297 = COORDINATED_UNIVERSAL_TIME_OFFSET ( 8, 0, .AHEAD. ) ;
#8298 = EDGE_CURVE ( 'NONE', #7597, #7696, #9437, .T. ) ;
#8299 = AXIS2_PLACEMENT_3D ( 'NONE', #264, #3962, #7649 ) ;
#8300 = ORIENTED_EDGE ( 'NONE', *, *, #9914, .T. ) ;
#8301 = VERTEX_POINT ( 'NONE', #4890 ) ;
#8302 = DIRECTION ( 'NONE',  ( 0.000000000000000000, 1.000000000000000000, 0.000000000000000000 ) ) ;
#8303 = EDGE_LOOP ( 'NONE', ( #1242, #8219 ) ) ;
#8304 = DIRECTION ( 'NONE',  ( -0.000000000000000000, -1.000000000000000000, -0.000000000000000000 ) ) ;
#8305 = DIRECTION ( 'NONE',  ( 0.000000000000000000, 0.000000000000000000, 1.000000000000000000 ) ) ;
#8306 = PRODUCT_DEFINITION ( 'æœ', '', #10982, #5514 ) ;
#8307 =( NAMED_UNIT ( * ) PLANE_ANGLE_UNIT ( ) SI_UNIT ( $, .RADIAN. ) );
#8308 = EDGE_CURVE ( 'NONE', #8315, #127, #3912, .T. ) ;
#8309 = CARTESIAN_POINT ( 'NONE',  ( 55.48909769293802441, 0.000000000000000000, -142.9625322141365871 ) ) ;
#8310 = AXIS2_PLACEMENT_3D ( 'NONE', #10035, #6326, #6437 ) ;
#8311 = ORIENTED_EDGE ( 'NONE', *, *, #10771, .T. ) ;
#8312 = ORIENTED_EDGE ( 'NONE', *, *, #4520, .F. ) ;
#8313 = PRODUCT_RELATED_PRODUCT_CATEGORY ( 'detail', '', ( #9830 ) ) ;
#8314 = ORIENTED_EDGE ( 'NONE', *, *, #9372, .T. ) ;
#8315 = VERTEX_POINT ( 'NONE', #5803 ) ;
#8316 = FACE_BOUND ( 'NONE', #7934, .T. ) ;
#8317 = DIRECTION ( 'NONE',  ( -0.000000000000000000, -1.000000000000000000, -0.000000000000000000 ) ) ;
#8318 = LINE ( 'NONE', #11917, #2301 ) ;
#8319 = CARTESIAN_POINT ( 'NONE',  ( 330.0000000000000000, 22.00000000000000000, -38.14118508908706673 ) ) ;
#8320 = CARTESIAN_POINT ( 'NONE',  ( -105.0000000000000000, 0.000000000000000000, -95.00000000000000000 ) ) ;
#8321 = DIRECTION ( 'NONE',  ( 0.000000000000000000, 1.000000000000000000, 0.000000000000000000 ) ) ;
#8322 = CALENDAR_DATE ( 2026, 29, 7 ) ;
#8323 = DIRECTION ( 'NONE',  ( 0.000000000000000000, 0.000000000000000000, 1.000000000000000000 ) ) ;
#8324 = EDGE_CURVE ( 'NONE', #11273, #1743, #7609, .T. ) ;
#8325 = EDGE_CURVE ( 'NONE', #8189, #1258, #3003, .T. ) ;
#8326 = ORIENTED_EDGE ( 'NONE', *, *, #4154, .T. ) ;
#8327 = EDGE_LOOP ( 'NONE', ( #11762, #8127, #9096, #861 ) ) ;
#8328 = DIRECTION ( 'NONE',  ( -0.000000000000000000, 1.000000000000000000, -0.000000000000000000 ) ) ;
#8329 = EDGE_CURVE ( 'NONE', #663, #2411, #1012, .T. ) ;
#8330 = CYLINDRICAL_SURFACE ( 'NONE', #4674, 8.999999999999987566 ) ;
#8331 = CYLINDRICAL_SURFACE ( 'NONE', #8492, 7.499999999999999112 ) ;
#8332 = CARTESIAN_POINT ( 'NONE',  ( -69.63364589099037971, 220.0000000000000000, 20.18428497440907776 ) ) ;
#8333 = DIRECTION ( 'NONE',  ( -0.000000000000000000, -1.000000000000000000, -0.000000000000000000 ) ) ;
#8334 = PERSON_AND_ORGANIZATION ( #10860, #8800 ) ;
#8335 = DATE_TIME_ROLE ( 'classification_date' ) ;
#8336 = DIRECTION ( 'NONE',  ( 0.000000000000000000, 1.000000000000000000, -0.000000000000000000 ) ) ;
#8337 = EDGE_LOOP ( 'NONE', ( #2616, #5325, #11970, #9329 ) ) ;
#8338 = APPROVAL_DATE_TIME ( #274, #5863 ) ;
#8339 = VERTEX_POINT ( 'NONE', #51 ) ;
#8340 = CARTESIAN_POINT ( 'NONE',  ( -272.5000000000000000, 22.00000000000000000, 0.000000000000000000 ) ) ;
#8341 = ORIENTED_EDGE ( 'NONE', *, *, #8324, .T. ) ;
#8342 = VERTEX_POINT ( 'NONE', #8525 ) ;
#8343 = CARTESIAN_POINT ( 'NONE',  ( 85.00000000000000000, 120.0000000000000000, 53.00000000000000000 ) ) ;
#8344 = AXIS2_PLACEMENT_3D ( 'NONE', #9009, #31, #7237 ) ;
#8345 = EDGE_CURVE ( 'NONE', #11520, #2940, #10591, .T. ) ;
#8346 = ORIENTED_EDGE ( 'NONE', *, *, #2833, .T. ) ;
#8347 = CYLINDRICAL_SURFACE ( 'NONE', #10987, 5.500000000000005329 ) ;
#8348 = DIRECTION ( 'NONE',  ( 0.000000000000000000, 0.000000000000000000, 1.000000000000000000 ) ) ;
#8349 = CARTESIAN_POINT ( 'NONE',  ( -85.00000000000000000, 120.0000000000000000, -60.00000000000000000 ) ) ;
#8350 = COORDINATED_UNIVERSAL_TIME_OFFSET ( 8, 0, .AHEAD. ) ;
#8351 = DATE_TIME_ROLE ( 'classification_date' ) ;
#8352 = CIRCLE ( 'NONE', #11462, 57.50000000000000000 ) ;
#8353 = ORIENTED_EDGE ( 'NONE', *, *, #1584, .F. ) ;
#8354 = ORIENTED_EDGE ( 'NONE', *, *, #4666, .T. ) ;
#8355 = LINE ( 'NONE', #4903, #6616 ) ;
#8356 = ADVANCED_FACE ( 'NONE', ( #2771 ), #8347, .F. ) ;
#8357 = ORIENTED_EDGE ( 'NONE', *, *, #2619, .F. ) ;
#8358 = DIRECTION ( 'NONE',  ( -0.000000000000000000, -1.000000000000000000, -0.000000000000000000 ) ) ;
#8359 = DIRECTION ( 'NONE',  ( -0.000000000000000000, -1.000000000000000000, -0.000000000000000000 ) ) ;
#8360 = VECTOR ( 'NONE', #4371, 1000.000000000000000 ) ;
#8361 = DIRECTION ( 'NONE',  ( 0.000000000000000000, 0.000000000000000000, -1.000000000000000000 ) ) ;
#8362 = VECTOR ( 'NONE', #1769, 1000.000000000000000 ) ;
#8363 = VERTEX_POINT ( 'NONE', #219 ) ;
#8364 = AXIS2_PLACEMENT_3D ( 'NONE', #11004, #498, #8010 ) ;
#8365 = EDGE_LOOP ( 'NONE', ( #365, #11045 ) ) ;
#8366 = CIRCLE ( 'NONE', #5850, 60.00000000000000000 ) ;
#8367 = VERTEX_POINT ( 'NONE', #8468 ) ;
#8368 = CC_DESIGN_DATE_AND_TIME_ASSIGNMENT ( #5614, #9371, ( #8756 ) ) ;
#8369 = ORIENTED_EDGE ( 'NONE', *, *, #8827, .F. ) ;
#8370 = DIRECTION ( 'NONE',  ( -1.000000000000000000, 0.000000000000000000, 0.000000000000000000 ) ) ;
#8372 = CIRCLE ( 'NONE', #10706, 9.000000000000007105 ) ;
#8371 = DATE_TIME_ROLE ( 'creation_date' ) ;
#8373 = EDGE_CURVE ( 'NONE', #7251, #11231, #5743, .T. ) ;
#8374 = FACE_BOUND ( 'NONE', #11857, .T. ) ;
#8375 = CARTESIAN_POINT ( 'NONE',  ( 117.5000000000000000, 0.000000000000000000, 24.00000000000000000 ) ) ;
#8376 = VECTOR ( 'NONE', #8733, 1000.000000000000000 ) ;
#8377 = DIRECTION ( 'NONE',  ( 0.000000000000000000, 1.000000000000000000, 0.000000000000000000 ) ) ;
#8378 = CARTESIAN_POINT ( 'NONE',  ( 31.38004145393736266, 30.00000000000000000, -82.75812166592552899 ) ) ;
#8379 = APPROVAL ( #1144, 'UNKNOWN' ) ;
#8380 = DIRECTION ( 'NONE',  ( 0.000000000000000000, 0.000000000000000000, 1.000000000000000000 ) ) ;
#8381 = CALENDAR_DATE ( 2026, 29, 7 ) ;
#8382 = CYLINDRICAL_SURFACE ( 'NONE', #4307, 30.00000000000000000 ) ;
#8383 = CIRCLE ( 'NONE', #842, 8.000000000000000000 ) ;
#8384 = ORIENTED_EDGE ( 'NONE', *, *, #1716, .F. ) ;
#8385 = ORIENTED_EDGE ( 'NONE', *, *, #11007, .F. ) ;
#8386 = VECTOR ( 'NONE', #8336, 1000.000000000000000 ) ;
#8387 = ADVANCED_FACE ( 'NONE', ( #10410 ), #9266, .F. ) ;
#8388 = DIRECTION ( 'NONE',  ( -0.000000000000000000, -1.000000000000000000, -0.000000000000000000 ) ) ;
#8389 = CARTESIAN_POINT ( 'NONE',  ( 117.5000000000000000, 20.00000000000000000, -11.00000000000000355 ) ) ;
#8390 = DIRECTION ( 'NONE',  ( 0.000000000000000000, 1.000000000000000000, 0.000000000000000000 ) ) ;
#8391 = CIRCLE ( 'NONE', #3359, 7.000000000000006217 ) ;
#8392 = LINE ( 'NONE', #7472, #11601 ) ;
#8393 = EDGE_CURVE ( 'NONE', #8804, #3941, #3859, .T. ) ;
#8394 = CARTESIAN_POINT ( 'NONE',  ( -180.0000000000000000, 28.00000000000000000, -155.0000000000000000 ) ) ;
#8395 = VECTOR ( 'NONE', #1323, 1000.000000000000000 ) ;
#8396 = APPROVAL_STATUS ( 'not_yet_approved' ) ;
#8397 = APPROVAL_ROLE ( '' ) ;
#8398 = FACE_OUTER_BOUND ( 'NONE', #3609, .T. ) ;
#8399 = EDGE_CURVE ( 'NONE', #7893, #6878, #3738, .T. ) ;
#8400 =( GEOMETRIC_REPRESENTATION_CONTEXT ( 3 ) GLOBAL_UNCERTAINTY_ASSIGNED_CONTEXT ( ( #1218 ) ) GLOBAL_UNIT_ASSIGNED_CONTEXT ( ( #9464, #11402, #8663 ) ) REPRESENTATION_CONTEXT ( 'NONE', 'WORKASPACE' ) );
#8401 = ORIENTED_EDGE ( 'NONE', *, *, #8235, .T. ) ;
#8402 = CARTESIAN_POINT ( 'NONE',  ( 0.000000000000000000, 36.00000000000000000, -46.00000000000000000 ) ) ;
#8403 = VERTEX_POINT ( 'NONE', #7431 ) ;
#8404 = AXIS2_PLACEMENT_3D ( 'NONE', #9438, #4945, #8518 ) ;
#8405 = VERTEX_POINT ( 'NONE', #6468 ) ;
#8406 = DIRECTION ( 'NONE',  ( 0.000000000000000000, 1.000000000000000000, 0.000000000000000000 ) ) ;
#8407 = ORIENTED_EDGE ( 'NONE', *, *, #3015, .T. ) ;
#8408 = ADVANCED_FACE ( 'NONE', ( #11148 ), #8585, .T. ) ;
#8409 = DIRECTION ( 'NONE',  ( 0.000000000000000000, 0.000000000000000000, -1.000000000000000000 ) ) ;
#8410 = LINE ( 'NONE', #175, #869 ) ;
#8411 = AXIS2_PLACEMENT_3D ( 'NONE', #9941, #1631, #9028 ) ;
#8412 = DIRECTION ( 'NONE',  ( 1.000000000000000000, 0.000000000000000000, 0.000000000000000000 ) ) ;
#8413 = PERSON_AND_ORGANIZATION ( #10860, #8800 ) ;
#8414 = CC_DESIGN_APPROVAL ( #1037, ( #8756 ) ) ;
#8415 = ORIENTED_EDGE ( 'NONE', *, *, #8968, .T. ) ;
#8416 = AXIS2_PLACEMENT_3D ( 'NONE', #7001, #2402, #9922 ) ;
#8417 = ORIENTED_EDGE ( 'NONE', *, *, #3948, .T. ) ;
#8418 = FACE_BOUND ( 'NONE', #7483, .T. ) ;
#8419 = VERTEX_POINT ( 'NONE', #2832 ) ;
#8420 = FACE_OUTER_BOUND ( 'NONE', #11914, .T. ) ;
#8421 = DIRECTION ( 'NONE',  ( 0.000000000000000000, 0.000000000000000000, 1.000000000000000000 ) ) ;
#8422 = CARTESIAN_POINT ( 'NONE',  ( 77.08053281221580733, 0.000000000000000000, -41.41064430052885825 ) ) ;
#8423 = ORIENTED_EDGE ( 'NONE', *, *, #11950, .T. ) ;
#8424 = VECTOR ( 'NONE', #332, 1000.000000000000000 ) ;
#8425 = EDGE_CURVE ( 'NONE', #2024, #5266, #6529, .T. ) ;
#8426 = EDGE_LOOP ( 'NONE', ( #8561, #5145, #9677, #11653 ) ) ;
#8427 = ORIENTED_EDGE ( 'NONE', *, *, #8532, .T. ) ;
#8428 = EDGE_LOOP ( 'NONE', ( #1958, #10599, #9680, #1223 ) ) ;
#8429 = EDGE_CURVE ( 'NONE', #1703, #2121, #7492, .T. ) ;
#8430 = CYLINDRICAL_SURFACE ( 'NONE', #7761, 110.0000000000000000 ) ;
#8431 = APPLICATION_PROTOCOL_DEFINITION ( 'international standard', 'config_control_design', 1994, #3781 ) ;
#8432 = DIRECTION ( 'NONE',  ( -0.000000000000000000, 1.000000000000000000, -0.000000000000000000 ) ) ;
#8433 = PLANE ( 'NONE',  #10686 ) ;
#8434 = LINE ( 'NONE', #1045, #1346 ) ;
#8435 = DIRECTION ( 'NONE',  ( -0.000000000000000000, -1.000000000000000000, -0.000000000000000000 ) ) ;
#8436 = APPROVAL_PERSON_ORGANIZATION ( #10374, #4075, #4917 ) ;
#8437 = DIRECTION ( 'NONE',  ( -0.000000000000000000, -1.000000000000000000, -0.000000000000000000 ) ) ;
#8438 = COORDINATED_UNIVERSAL_TIME_OFFSET ( 8, 0, .AHEAD. ) ;
#8439 = ADVANCED_FACE ( 'NONE', ( #7551 ), #10290, .F. ) ;
#8440 = VERTEX_POINT ( 'NONE', #3252 ) ;
#8441 = CIRCLE ( 'NONE', #11165, 9.000000000000007105 ) ;
#8442 = ORIENTED_EDGE ( 'NONE', *, *, #5209, .F. ) ;
#8443 = CARTESIAN_POINT ( 'NONE',  ( 196.0000000000000000, 34.00000000000000000, 0.000000000000000000 ) ) ;
#8444 = CC_DESIGN_APPROVAL ( #4313, ( #10385 ) ) ;
#8445 = EDGE_CURVE ( 'NONE', #5583, #4074, #1693, .T. ) ;
#8446 = DIRECTION ( 'NONE',  ( -0.000000000000000000, -1.000000000000000000, -0.000000000000000000 ) ) ;
#8447 = FACE_BOUND ( 'NONE', #7502, .T. ) ;
#8448 = DIRECTION ( 'NONE',  ( 1.000000000000000000, -0.000000000000000000, 0.000000000000000000 ) ) ;
#8449 = AXIS2_PLACEMENT_3D ( 'NONE', #122, #7564, #235 ) ;
#8450 = CARTESIAN_POINT ( 'NONE',  ( 196.0000000000000000, 34.00000000000000000, 0.000000000000000000 ) ) ;
#8451 = APPROVAL_ROLE ( '' ) ;
#8452 = CC_DESIGN_PERSON_AND_ORGANIZATION_ASSIGNMENT ( #4682, #8550, ( #10610 ) ) ;
#8453 = APPLICATION_PROTOCOL_DEFINITION ( 'international standard', 'config_control_design', 1994, #3624 ) ;
#8454 = LOCAL_TIME ( 1, 43, 37.00000000000000000, #11515 ) ;
#8456 = EDGE_CURVE ( 'NONE', #10958, #11314, #3621, .T. ) ;
#8455 = CARTESIAN_POINT ( 'NONE',  ( 196.0000000000000000, 20.00000000000000000, 43.99999999999997158 ) ) ;
#8457 = CC_DESIGN_APPROVAL ( #600, ( #2742 ) ) ;
#8458 = ITEM_DEFINED_TRANSFORMATION ( 'NONE', 'NONE', #11316,  #10725 ) ;
#8459 = ORIENTED_EDGE ( 'NONE', *, *, #7536, .T. ) ;
#8460 = VECTOR ( 'NONE', #9500, 1000.000000000000000 ) ;
#8461 = APPROVAL ( #11184, 'UNKNOWN' ) ;
#8462 = FACE_OUTER_BOUND ( 'NONE', #10762, .T. ) ;
#8463 = VERTEX_POINT ( 'NONE', #464 ) ;
#8464 = ORIENTED_EDGE ( 'NONE', *, *, #4407, .T. ) ;
#8465 = DIRECTION ( 'NONE',  ( 0.000000000000000000, 0.000000000000000000, -1.000000000000000000 ) ) ;
#8466 = LOCAL_TIME ( 1, 43, 37.00000000000000000, #9611 ) ;
#8467 = LINE ( 'NONE', #2103, #9255 ) ;
#8468 = CARTESIAN_POINT ( 'NONE',  ( 133.9625322141365871, 30.00000000000000000, 64.48909769293800309 ) ) ;
#8469 = PLANE ( 'NONE',  #7059 ) ;
#8470 = VECTOR ( 'NONE', #279, 1000.000000000000000 ) ;
#8471 = AXIS2_PLACEMENT_3D ( 'NONE', #4476, #1341, #427 ) ;
#8472 = COORDINATED_UNIVERSAL_TIME_OFFSET ( 8, 0, .AHEAD. ) ;
#8473 = EDGE_CURVE ( 'NONE', #9182, #2885, #9684, .T. ) ;
#8474 = APPROVAL_DATE_TIME ( #9165, #5504 ) ;
#8475 = LOCAL_TIME ( 1, 43, 37.00000000000000000, #4866 ) ;
#8476 = EDGE_CURVE ( 'NONE', #8187, #4547, #582, .T. ) ;
#8477 = ORIENTED_EDGE ( 'NONE', *, *, #7690, .T. ) ;
#8478 = EDGE_CURVE ( 'NONE', #974, #436, #6926, .T. ) ;
#8479 = CARTESIAN_POINT ( 'NONE',  ( 180.0000000000000000, 28.00000000000000000, -155.0000000000000000 ) ) ;
#8480 = ORIENTED_EDGE ( 'NONE', *, *, #158, .T. ) ;
#8481 = CIRCLE ( 'NONE', #8090, 87.50000000000000000 ) ;
#8482 = VECTOR ( 'NONE', #9442, 1000.000000000000000 ) ;
#8483 = EDGE_LOOP ( 'NONE', ( #5588, #1549 ) ) ;
#8484 = DIRECTION ( 'NONE',  ( 0.000000000000000000, 0.000000000000000000, 1.000000000000000000 ) ) ;
#8485 = ORIENTED_EDGE ( 'NONE', *, *, #7177, .F. ) ;
#8486 = EDGE_CURVE ( 'NONE', #2005, #11605, #8658, .T. ) ;
#8487 = PLANE ( 'NONE',  #11171 ) ;
#8488 = DIRECTION ( 'NONE',  ( -0.000000000000000000, -1.000000000000000000, -0.000000000000000000 ) ) ;
#8489 =( NAMED_UNIT ( * ) PLANE_ANGLE_UNIT ( ) SI_UNIT ( $, .RADIAN. ) );
#8490 = DIRECTION ( 'NONE',  ( 0.000000000000000000, 0.000000000000000000, 1.000000000000000000 ) ) ;
#8491 = EDGE_LOOP ( 'NONE', ( #10026, #42, #7327, #7135, #10915, #2717, #665, #11156, #3097, #3758, #8505, #5981, #1099, #9361, #5083, #7633, #3822, #2007, #11286, #5351 ) ) ;
#8492 = AXIS2_PLACEMENT_3D ( 'NONE', #5493, #4463, #3664 ) ;
#8493 = ORIENTED_EDGE ( 'NONE', *, *, #2948, .F. ) ;
#8494 = ORIENTED_EDGE ( 'NONE', *, *, #11824, .T. ) ;
#8495 = ORIENTED_EDGE ( 'NONE', *, *, #993, .T. ) ;
#8496 = CARTESIAN_POINT ( 'NONE',  ( 0.000000000000000000, 36.00000000000000000, 0.000000000000000000 ) ) ;
#8497 = DATE_AND_TIME ( #9409, #10001 ) ;
#8498 = DIRECTION ( 'NONE',  ( -0.000000000000000000, -1.000000000000000000, -0.000000000000000000 ) ) ;
#8499 = CARTESIAN_POINT ( 'NONE',  ( -85.00000000000000000, 120.0000000000000000, -53.00000000000000000 ) ) ;
#8500 = EDGE_CURVE ( 'NONE', #8804, #10925, #4282, .T. ) ;
#8501 = DIRECTION ( 'NONE',  ( 0.000000000000000000, 0.000000000000000000, 1.000000000000000000 ) ) ;
#8502 = LINE ( 'NONE', #4814, #5895 ) ;
#8503 = COORDINATED_UNIVERSAL_TIME_OFFSET ( 8, 0, .AHEAD. ) ;
#8504 = ORIENTED_EDGE ( 'NONE', *, *, #7598, .F. ) ;
#8505 = ORIENTED_EDGE ( 'NONE', *, *, #8207, .T. ) ;
#8506 = EDGE_CURVE ( 'NONE', #3774, #11699, #11442, .T. ) ;
#8507 = CARTESIAN_POINT ( 'NONE',  ( -66.51932634081263984, 0.000000000000000000, -27.55320713028646296 ) ) ;
#8508 = LINE ( 'NONE', #7714, #2731 ) ;
#8509 = DIRECTION ( 'NONE',  ( 0.000000000000000000, 1.000000000000000000, 0.000000000000000000 ) ) ;
#8510 = ADVANCED_FACE ( 'NONE', ( #8707 ), #6102, .F. ) ;
#8511 = DIRECTION ( 'NONE',  ( -0.000000000000000000, -1.000000000000000000, -0.000000000000000000 ) ) ;
#8512 =( REPRESENTATION_RELATIONSHIP ('NONE','NONE', #4449, #11422 ) REPRESENTATION_RELATIONSHIP_WITH_TRANSFORMATION ( #3644 )SHAPE_REPRESENTATION_RELATIONSHIP( ) );
#8513 = CARTESIAN_POINT ( 'NONE',  ( 0.000000000000000000, 30.00000000000000000, 0.000000000000000000 ) ) ;
#8514 = PERSON_AND_ORGANIZATION_ROLE ( 'design_supplier' ) ;
#8515 = PERSON_AND_ORGANIZATION ( #10860, #8800 ) ;
#8516 = LINE ( 'NONE', #2995, #4912 ) ;
#8517 = ORIENTED_EDGE ( 'NONE', *, *, #10387, .T. ) ;
#8518 = DIRECTION ( 'NONE',  ( 0.000000000000000000, 0.000000000000000000, -1.000000000000000000 ) ) ;
#8519 = ORIENTED_EDGE ( 'NONE', *, *, #11437, .F. ) ;
#8520 = EDGE_CURVE ( 'NONE', #10560, #1586, #10464, .T. ) ;
#8521 = ORIENTED_EDGE ( 'NONE', *, *, #9085, .T. ) ;
#8522 = LINE ( 'NONE', #3001, #8482 ) ;
#8523 = EDGE_CURVE ( 'NONE', #7634, #11098, #8826, .T. ) ;
#8524 = ORIENTED_EDGE ( 'NONE', *, *, #9658, .T. ) ;
#8525 = CARTESIAN_POINT ( 'NONE',  ( 180.0000000000000000, 34.00000000000000000, -12.00000000000000000 ) ) ;
#8526 = CARTESIAN_POINT ( 'NONE',  ( 272.5000000000000000, 38.00000000000000000, 0.000000000000000000 ) ) ;
#8527 = CARTESIAN_POINT ( 'NONE',  ( 0.000000000000000000, 0.000000000000000000, 0.000000000000000000 ) ) ;
#8528 = DATE_TIME_ROLE ( 'classification_date' ) ;
#8529 = CONTEXT_DEPENDENT_SHAPE_REPRESENTATION ( #2541, #6891 ) ;
#8530 = FACE_OUTER_BOUND ( 'NONE', #4575, .T. ) ;
#8531 = ORIENTED_EDGE ( 'NONE', *, *, #7248, .T. ) ;
#8532 = EDGE_CURVE ( 'NONE', #4536, #4039, #5858, .T. ) ;
#8533 = ORIENTED_EDGE ( 'NONE', *, *, #8971, .F. ) ;
#8534 = LINE ( 'NONE', #6542, #2361 ) ;
#8535 = ORIENTED_EDGE ( 'NONE', *, *, #8903, .F. ) ;
#8536 = CYLINDRICAL_SURFACE ( 'NONE', #2253, 8.000000000000007105 ) ;
#8537 = CARTESIAN_POINT ( 'NONE',  ( -41.41064430052887246, 142.5000000000000000, -77.08053281221579311 ) ) ;
#8538 = PERSON ( 'NAUO-PER21', 'UNSPECIFIED', 'UNSPECIFIED', ('UNSPECIFIED'), ('UNSPECIFIED'), ('UNSPECIFIED') ) ;
#8539 =( NAMED_UNIT ( * ) SI_UNIT ( $, .STERADIAN. ) SOLID_ANGLE_UNIT ( ) );
#8540 = ADVANCED_FACE ( 'NONE', ( #8895 ), #2336, .T. ) ;
#8541 = AXIS2_PLACEMENT_3D ( 'NONE', #204, #9424, #2260 ) ;
#8542 = PLANE ( 'NONE',  #7034 ) ;
#8543 = VERTEX_POINT ( 'NONE', #9622 ) ;
#8544 = ADVANCED_FACE ( 'NONE', ( #1315 ), #4231, .T. ) ;
#8545 = ORIENTED_EDGE ( 'NONE', *, *, #2510, .F. ) ;
#8546 = ORIENTED_EDGE ( 'NONE', *, *, #7986, .F. ) ;
#8547 = EDGE_LOOP ( 'NONE', ( #2341, #130, #9733, #9849 ) ) ;
#8548 = AXIS2_PLACEMENT_3D ( 'NONE', #10735, #4067, #605 ) ;
#8549 = CARTESIAN_POINT ( 'NONE',  ( -105.0000000000000000, 20.00000000000000000, -8.000000000000000000 ) ) ;
#8550 = PERSON_AND_ORGANIZATION_ROLE ( 'creator' ) ;
#8551 = CARTESIAN_POINT ( 'NONE',  ( 70.00000000000000000, 95.00000000000000000, 45.00000000000000000 ) ) ;
#8552 = CARTESIAN_POINT ( 'NONE',  ( -66.51932634081263984, 220.0000000000000000, 27.55320713028645585 ) ) ;
#8553 = VECTOR ( 'NONE', #5227, 1000.000000000000000 ) ;
#8554 = CARTESIAN_POINT ( 'NONE',  ( 0.000000000000000000, 225.0000000000000000, 0.000000000000000000 ) ) ;
#8555 = DIRECTION ( 'NONE',  ( 0.000000000000000000, 0.000000000000000000, 1.000000000000000000 ) ) ;
#8556 = AXIS2_PLACEMENT_3D ( 'NONE', #5307, #10820, #7056 ) ;
#8557 = CONTEXT_DEPENDENT_SHAPE_REPRESENTATION ( #4186, #4976 ) ;
#8558 = CIRCLE ( 'NONE', #11861, 9.000000000000007105 ) ;
#8559 = ORIENTED_EDGE ( 'NONE', *, *, #8456, .T. ) ;
#8560 = AXIS2_PLACEMENT_3D ( 'NONE', #3268, #6963, #10661 ) ;
#8561 = ORIENTED_EDGE ( 'NONE', *, *, #10361, .F. ) ;
#8562 = CARTESIAN_POINT ( 'NONE',  ( 115.0000000000000000, 0.000000000000000000, -28.00000000000000000 ) ) ;
#8563 = VECTOR ( 'NONE', #10440, 1000.000000000000000 ) ;
#8564 = LINE ( 'NONE', #3961, #7377 ) ;
#8565 = PLANE ( 'NONE',  #2682 ) ;
#8566 = DIRECTION ( 'NONE',  ( 0.000000000000000000, 0.000000000000000000, 1.000000000000000000 ) ) ;
#8567 = FACE_OUTER_BOUND ( 'NONE', #4202, .T. ) ;
#8568 = CARTESIAN_POINT ( 'NONE',  ( 133.9625322141365871, 0.000000000000000000, 55.48909769293800309 ) ) ;
#8569 = AXIS2_PLACEMENT_3D ( 'NONE', #8692, #11149, #3965 ) ;
#8570 = CALENDAR_DATE ( 2026, 29, 7 ) ;
#8571 = PERSON_AND_ORGANIZATION ( #10860, #8800 ) ;
#8572 = DIRECTION ( 'NONE',  ( 0.000000000000000000, 0.000000000000000000, 1.000000000000000000 ) ) ;
#8573 = EDGE_LOOP ( 'NONE', ( #3314, #5078, #4256, #2317, #5034, #9889, #11663, #11638, #3382, #8857, #5037, #2435, #10899, #10861, #7570, #1636, #787, #9520, #8973, #4594, #5963, #5917 ) ) ;
#8574 = AXIS2_PLACEMENT_3D ( 'NONE', #11247, #3045, #8688 ) ;
#8575 = AXIS2_PLACEMENT_3D ( 'NONE', #5336, #4365, #6236 ) ;
#8576 = EDGE_CURVE ( 'NONE', #10185, #8685, #1513, .T. ) ;
#8577 = EDGE_LOOP ( 'NONE', ( #7923, #1006 ) ) ;
#8578 = CARTESIAN_POINT ( 'NONE',  ( 0.000000000000000000, 245.0000000000000000, -72.50000000000000000 ) ) ;
#8579 = VECTOR ( 'NONE', #11850, 1000.000000000000000 ) ;
#8580 = ORIENTED_EDGE ( 'NONE', *, *, #3320, .F. ) ;
#8581 = DIRECTION ( 'NONE',  ( 0.000000000000000000, 0.000000000000000000, -1.000000000000000000 ) ) ;
#8582 = VECTOR ( 'NONE', #1193, 1000.000000000000000 ) ;
#8583 = CIRCLE ( 'NONE', #11701, 68.99999999999997158 ) ;
#8584 = CARTESIAN_POINT ( 'NONE',  ( -272.5000000000000000, 22.00000000000000000, -52.49999999999997868 ) ) ;
#8585 = PLANE ( 'NONE',  #1877 ) ;
#8586 = LINE ( 'NONE', #8708, #4932 ) ;
#8587 = COORDINATED_UNIVERSAL_TIME_OFFSET ( 8, 0, .AHEAD. ) ;
#8588 = DATE_AND_TIME ( #1080, #4580 ) ;
#8589 = AXIS2_PLACEMENT_3D ( 'NONE', #8242, #735, #11963 ) ;
#8590 = EDGE_CURVE ( 'NONE', #2537, #5370, #11386, .T. ) ;
#8591 = VECTOR ( 'NONE', #830, 1000.000000000000000 ) ;
#8592 = DIRECTION ( 'NONE',  ( 0.000000000000000000, 0.000000000000000000, 1.000000000000000000 ) ) ;
#8593 = EDGE_LOOP ( 'NONE', ( #10529, #3026 ) ) ;
#8594 = ORIENTED_EDGE ( 'NONE', *, *, #9811, .F. ) ;
#8595 = FACE_OUTER_BOUND ( 'NONE', #11911, .T. ) ;
#8596 = ADVANCED_FACE ( 'NONE', ( #9802, #1495 ), #3066, .T. ) ;
#8597 = CIRCLE ( 'NONE', #8208, 115.0000000000000000 ) ;
#8598 = VERTEX_POINT ( 'NONE', #7788 ) ;
#8599 = DIRECTION ( 'NONE',  ( 0.000000000000000000, 0.000000000000000000, 1.000000000000000000 ) ) ;
#8600 = CYLINDRICAL_SURFACE ( 'NONE', #10893, 9.000000000000007105 ) ;
#8601 = DIRECTION ( 'NONE',  ( -0.000000000000000000, -1.000000000000000000, 0.000000000000000000 ) ) ;
#8602 = EDGE_LOOP ( 'NONE', ( #9097, #5011, #10810, #7945 ) ) ;
#8603 = APPROVAL ( #10354, 'æœª' ) ;
#8604 = EDGE_CURVE ( 'NONE', #5467, #370, #5316, .T. ) ;
#8605 = AXIS2_PLACEMENT_3D ( 'NONE', #8349, #840, #2773 ) ;
#8606 = ORIENTED_EDGE ( 'NONE', *, *, #848, .F. ) ;
#8607 = ORIENTED_EDGE ( 'NONE', *, *, #5785, .F. ) ;
#8608 = EDGE_LOOP ( 'NONE', ( #8407, #9407, #6812, #2883 ) ) ;
#8609 = LINE ( 'NONE', #9471, #812 ) ;
#8610 = DATE_TIME_ROLE ( 'creation_date' ) ;
#8611 = CYLINDRICAL_SURFACE ( 'NONE', #2245, 8.000000000000007105 ) ;
#8612 = DIRECTION ( 'NONE',  ( 0.000000000000000000, 0.000000000000000000, 1.000000000000000000 ) ) ;
#8613 = AXIS2_PLACEMENT_3D ( 'NONE', #7968, #10884, #6217 ) ;
#8614 = EDGE_CURVE ( 'NONE', #6667, #4432, #6280, .T. ) ;
#8615 = CARTESIAN_POINT ( 'NONE',  ( -41.41064430052887246, 260.0000000000000000, -77.08053281221579311 ) ) ;
#8616 = CARTESIAN_POINT ( 'NONE',  ( -245.0000000000000000, 34.00000000000000000, -31.03224129836581469 ) ) ;
#8617 = AXIS2_PLACEMENT_3D ( 'NONE', #10274, #6747, #10449 ) ;
#8618 = COORDINATED_UNIVERSAL_TIME_OFFSET ( 8, 0, .AHEAD. ) ;
#8619 = VERTEX_POINT ( 'NONE', #11689 ) ;
#8620 = ORIENTED_EDGE ( 'NONE', *, *, #9554, .T. ) ;
#8621 = EDGE_CURVE ( 'NONE', #9108, #1944, #10883, .T. ) ;
#8622 = DIRECTION ( 'NONE',  ( -0.000000000000000000, -1.000000000000000000, -0.000000000000000000 ) ) ;
#8623 = CARTESIAN_POINT ( 'NONE',  ( 120.0000000000000000, 120.0000000000000000, -90.00000000000000000 ) ) ;
#8624 = DIRECTION ( 'NONE',  ( 0.000000000000000000, 1.000000000000000000, 0.000000000000000000 ) ) ;
#8625 = LOCAL_TIME ( 1, 43, 37.00000000000000000, #11430 ) ;
#8626 = DIRECTION ( 'NONE',  ( 0.000000000000000000, 0.000000000000000000, 1.000000000000000000 ) ) ;
#8627 = EDGE_CURVE ( 'NONE', #127, #8619, #819, .T. ) ;
#8628 = CARTESIAN_POINT ( 'NONE',  ( -133.9625322141365871, 30.00000000000000000, 55.48909769293800309 ) ) ;
#8629 = CARTESIAN_POINT ( 'NONE',  ( 0.000000000000000000, 30.00000000000000000, -65.00000000000000000 ) ) ;
#8630 = PERSON_AND_ORGANIZATION_ROLE ( 'classification_officer' ) ;
#8631 = VECTOR ( 'NONE', #981, 1000.000000000000000 ) ;
#8632 = DATE_AND_TIME ( #5006, #3616 ) ;
#8633 = DIRECTION ( 'NONE',  ( -0.000000000000000000, -1.000000000000000000, -0.000000000000000000 ) ) ;
#8634 = ORIENTED_EDGE ( 'NONE', *, *, #7747, .T. ) ;
#8635 = APPROVAL_PERSON_ORGANIZATION ( #1016, #8603, #6706 ) ;
#8636 = ORIENTED_EDGE ( 'NONE', *, *, #7503, .T. ) ;
#8637 = CARTESIAN_POINT ( 'NONE',  ( 115.0000000000000000, 0.000000000000000000, 28.00000000000000000 ) ) ;
#8638 = AXIS2_PLACEMENT_3D ( 'NONE', #4311, #3397, #1580 ) ;
#8639 = ORIENTED_EDGE ( 'NONE', *, *, #6789, .T. ) ;
#8640 = CARTESIAN_POINT ( 'NONE',  ( -95.00000000000000000, 95.00000000000000000, 65.00000000000000000 ) ) ;
#8641 = CARTESIAN_POINT ( 'NONE',  ( 0.000000000000000000, 48.00000000000000000, 0.000000000000000000 ) ) ;
#8642 = DIRECTION ( 'NONE',  ( 0.000000000000000000, 0.000000000000000000, 1.000000000000000000 ) ) ;
#8643 = CC_DESIGN_SECURITY_CLASSIFICATION ( #3605, ( #12010 ) ) ;
#8644 = LOCAL_TIME ( 1, 43, 37.00000000000000000, #7245 ) ;
#8645 = FACE_OUTER_BOUND ( 'NONE', #7508, .T. ) ;
#8646 = EDGE_CURVE ( 'NONE', #5352, #5382, #10412, .T. ) ;
#8647 = PRODUCT_DEFINITION_SHAPE ( 'NONE', 'NONE',  #4468 ) ;
#8648 = PERSON_AND_ORGANIZATION ( #10860, #8800 ) ;
#8649 = PERSON_AND_ORGANIZATION ( #10860, #8800 ) ;
#8650 = CALENDAR_DATE ( 2026, 29, 7 ) ;
#8651 = AXIS2_PLACEMENT_3D ( 'NONE', #2232, #9758, #5148 ) ;
#8652 = LOCAL_TIME ( 1, 43, 37.00000000000000000, #1600 ) ;
#8653 = LINE ( 'NONE', #9455, #6070 ) ;
#8654 = VERTEX_POINT ( 'NONE', #702 ) ;
#8655 = ORIENTED_EDGE ( 'NONE', *, *, #2504, .F. ) ;
#8656 = FACE_OUTER_BOUND ( 'NONE', #8842, .T. ) ;
#8657 = VERTEX_POINT ( 'NONE', #8945 ) ;
#8658 = CIRCLE ( 'NONE', #5191, 8.999999999999994671 ) ;
#8659 = CARTESIAN_POINT ( 'NONE',  ( -330.0000000000000000, 0.000000000000000000, 75.00000000000000000 ) ) ;
#8660 = CARTESIAN_POINT ( 'NONE',  ( -105.0000000000000000, 20.00000000000000000, 8.000000000000000000 ) ) ;
#8661 = CARTESIAN_POINT ( 'NONE',  ( -75.75812166592551478, 30.00000000000000000, 38.38004145393735200 ) ) ;
#8662 = EDGE_CURVE ( 'NONE', #1754, #11231, #3247, .T. ) ;
#8663 =( NAMED_UNIT ( * ) SI_UNIT ( $, .STERADIAN. ) SOLID_ANGLE_UNIT ( ) );
#8664 = APPROVAL_STATUS ( 'not_yet_approved' ) ;
#8665 = PERSON_AND_ORGANIZATION_ROLE ( 'design_owner' ) ;
#8666 = DIRECTION ( 'NONE',  ( 0.000000000000000000, 0.000000000000000000, 1.000000000000000000 ) ) ;
#8667 = ORIENTED_EDGE ( 'NONE', *, *, #8827, .T. ) ;
#8668 = VERTEX_POINT ( 'NONE', #3431 ) ;
#8669 = CIRCLE ( 'NONE', #6925, 30.00000000000000000 ) ;
#8670 = CIRCLE ( 'NONE', #10047, 9.000000000000007105 ) ;
#8671 = ORIENTED_EDGE ( 'NONE', *, *, #11972, .T. ) ;
#8672 = VERTEX_POINT ( 'NONE', #4408 ) ;
#8673 = FACE_BOUND ( 'NONE', #7190, .T. ) ;
#8674 = FACE_OUTER_BOUND ( 'NONE', #6580, .T. ) ;
#8675 = CC_DESIGN_DATE_AND_TIME_ASSIGNMENT ( #10833, #1617, ( #10453 ) ) ;
#8676 = LINE ( 'NONE', #5650, #9223 ) ;
#8677 = EDGE_CURVE ( 'NONE', #2794, #11321, #7241, .T. ) ;
#8678 = DIRECTION ( 'NONE',  ( 0.000000000000000000, 1.000000000000000000, 0.000000000000000000 ) ) ;
#8679 = LINE ( 'NONE', #253, #9953 ) ;
#8680 = AXIS2_PLACEMENT_3D ( 'NONE', #11733, #5117, #5055 ) ;
#8681 = DIRECTION ( 'NONE',  ( 0.000000000000000000, 1.000000000000000000, 0.000000000000000000 ) ) ;
#8682 = ITEM_DEFINED_TRANSFORMATION ( 'NONE', 'NONE', #8411,  #10725 ) ;
#8683 = APPROVAL ( #9858, 'æœª' ) ;
#8684 = ORIENTED_EDGE ( 'NONE', *, *, #7730, .T. ) ;
#8685 = VERTEX_POINT ( 'NONE', #7126 ) ;
#8686 = CARTESIAN_POINT ( 'NONE',  ( 69.63364589099039392, 122.5000000000000000, -20.18428497440906355 ) ) ;
#8687 = VECTOR ( 'NONE', #11672, 1000.000000000000000 ) ;
#8688 = DIRECTION ( 'NONE',  ( 0.000000000000000000, 0.000000000000000000, 1.000000000000000000 ) ) ;
#8689 = DIRECTION ( 'NONE',  ( 0.000000000000000000, 1.000000000000000000, 0.000000000000000000 ) ) ;
#8690 = LINE ( 'NONE', #1118, #10812 ) ;
#8691 = LINE ( 'NONE', #4084, #5723 ) ;
#8692 = CARTESIAN_POINT ( 'NONE',  ( 0.000000000000000000, 285.0000000000000000, 0.000000000000000000 ) ) ;
#8693 = FACE_OUTER_BOUND ( 'NONE', #6428, .T. ) ;
#8694 = PERSON ( 'NAUO-PER13', 'UNSPECIFIED', 'UNSPECIFIED', ('UNSPECIFIED'), ('UNSPECIFIED'), ('UNSPECIFIED') ) ;
#8695 = APPROVAL_STATUS ( 'not_yet_approved' ) ;
#8696 = EDGE_CURVE ( 'NONE', #3759, #4770, #3488, .T. ) ;
#8697 = PERSON_AND_ORGANIZATION ( #10860, #8800 ) ;
#8698 = DIRECTION ( 'NONE',  ( 0.000000000000000000, 1.000000000000000000, 0.000000000000000000 ) ) ;
#8699 = VERTEX_POINT ( 'NONE', #11811 ) ;
#8700 = AXIS2_PLACEMENT_3D ( 'NONE', #9974, #1897, #7288 ) ;
#8701 = VERTEX_POINT ( 'NONE', #8212 ) ;
#8702 = EDGE_CURVE ( 'NONE', #5295, #4373, #9843, .T. ) ;
#8703 = DIRECTION ( 'NONE',  ( 0.000000000000000000, 0.000000000000000000, -1.000000000000000000 ) ) ;
#8704 = ORIENTED_EDGE ( 'NONE', *, *, #4815, .T. ) ;
#8705 = CYLINDRICAL_SURFACE ( 'NONE', #4624, 57.50000000000000000 ) ;
#8706 = CYLINDRICAL_SURFACE ( 'NONE', #10227, 68.99999999999998579 ) ;
#8707 = FACE_OUTER_BOUND ( 'NONE', #11259, .T. ) ;
#8708 = CARTESIAN_POINT ( 'NONE',  ( -245.0000000000000000, 0.000000000000000000, -64.00000000000000000 ) ) ;
#8709 = PERSON_AND_ORGANIZATION_ROLE ( 'classification_officer' ) ;
#8710 = APPLICATION_PROTOCOL_DEFINITION ( 'international standard', 'config_control_design', 1994, #11852 ) ;
#8711 = PERSON_AND_ORGANIZATION ( #5644, #10584 ) ;
#8712 = DIRECTION ( 'NONE',  ( 0.000000000000000000, 0.000000000000000000, 1.000000000000000000 ) ) ;
#8713 = ADVANCED_FACE ( 'NONE', ( #639 ), #9078, .F. ) ;
#8714 = ORIENTED_EDGE ( 'NONE', *, *, #3607, .T. ) ;
#8715 = ORIENTED_EDGE ( 'NONE', *, *, #4625, .T. ) ;
#8716 = DIRECTION ( 'NONE',  ( 0.000000000000000000, 1.000000000000000000, 0.000000000000000000 ) ) ;
#8717 = VERTEX_POINT ( 'NONE', #7179 ) ;
#8718 = LINE ( 'NONE', #10602, #7876 ) ;
#8719 = DIRECTION ( 'NONE',  ( -1.000000000000000000, -0.000000000000000000, -0.000000000000000000 ) ) ;
#8720 = LINE ( 'NONE', #1953, #9006 ) ;
#8721 = CALENDAR_DATE ( 2026, 29, 7 ) ;
#8722 = CARTESIAN_POINT ( 'NONE',  ( 0.000000000000000000, 36.00000000000000711, 0.000000000000000000 ) ) ;
#8723 = ORIENTED_EDGE ( 'NONE', *, *, #820, .T. ) ;
#8724 = EDGE_CURVE ( 'NONE', #3837, #1472, #4465, .T. ) ;
#8725 = ORIENTED_EDGE ( 'NONE', *, *, #8137, .T. ) ;
#8726 = VERTEX_POINT ( 'NONE', #4522 ) ;
#8727 = CARTESIAN_POINT ( 'NONE',  ( 70.00000000000000000, 0.000000000000000000, -39.49999999999999289 ) ) ;
#8728 = CARTESIAN_POINT ( 'NONE',  ( 105.0000000000000000, 220.0000000000000000, 95.00000000000000000 ) ) ;
#8729 = CARTESIAN_POINT ( 'NONE',  ( 0.000000000000000000, 0.000000000000000000, 0.000000000000000000 ) ) ;
#8730 = CARTESIAN_POINT ( 'NONE',  ( -66.51932634081263984, 220.0000000000000000, -35.55320713028645940 ) ) ;
#8731 = CIRCLE ( 'NONE', #2923, 5.500000000000005329 ) ;
#8732 = UNCERTAINTY_MEASURE_WITH_UNIT (LENGTH_MEASURE( 1.000000000000000082E-05 ), #7375, 'distance_accuracy_value', 'NONE');
#8733 = DIRECTION ( 'NONE',  ( -1.000000000000000000, -0.000000000000000000, -0.000000000000000000 ) ) ;
#8734 = COORDINATED_UNIVERSAL_TIME_OFFSET ( 8, 0, .AHEAD. ) ;
#8735 =( REPRESENTATION_RELATIONSHIP ('NONE','NONE', #6922, #2671 ) REPRESENTATION_RELATIONSHIP_WITH_TRANSFORMATION ( #145 )SHAPE_REPRESENTATION_RELATIONSHIP( ) );
#8736 = ORIENTED_EDGE ( 'NONE', *, *, #9720, .F. ) ;
#8737 = CC_DESIGN_PERSON_AND_ORGANIZATION_ASSIGNMENT ( #4233, #10712, ( #4924 ) ) ;
#8738 = VECTOR ( 'NONE', #10685, 1000.000000000000000 ) ;
#8739 = EDGE_CURVE ( 'NONE', #7891, #2094, #3373, .T. ) ;
#8740 = ORIENTED_EDGE ( 'NONE', *, *, #2510, .T. ) ;
#8741 = CARTESIAN_POINT ( 'NONE',  ( 245.0000000000000000, 20.00000000000000000, 64.00000000000000000 ) ) ;
#8742 = EDGE_LOOP ( 'NONE', ( #369, #9875 ) ) ;
#8743 = CARTESIAN_POINT ( 'NONE',  ( -75.00000000000000000, 12.00000000000000000, 8.000000000000000000 ) ) ;
#8744 = PLANE ( 'NONE',  #8836 ) ;
#8745 = CARTESIAN_POINT ( 'NONE',  ( 330.0000000000000000, 22.00000000000000000, 75.00000000000000000 ) ) ;
#8746 = APPROVAL ( #6889, 'UNKNOWN' ) ;
#8747 = CARTESIAN_POINT ( 'NONE',  ( 31.38004145393736266, 30.00000000000000000, 82.75812166592554320 ) ) ;
#8748 = DIRECTION ( 'NONE',  ( 0.000000000000000000, 0.000000000000000000, -1.000000000000000000 ) ) ;
#8749 = CIRCLE ( 'NONE', #10303, 8.000000000000007105 ) ;
#8750 = CYLINDRICAL_SURFACE ( 'NONE', #10155, 32.50000000000000000 ) ;
#8751 = CALENDAR_DATE ( 2026, 29, 7 ) ;
#8752 = APPROVAL_STATUS ( 'not_yet_approved' ) ;
#8753 = DIRECTION ( 'NONE',  ( 0.000000000000000000, 1.000000000000000000, 0.000000000000000000 ) ) ;
#8754 = VERTEX_POINT ( 'NONE', #5439 ) ;
#8755 = CIRCLE ( 'NONE', #7780, 6.999999999999999112 ) ;
#8756 = PRODUCT_DEFINITION ( 'æœ', '', #9665, #5599 ) ;
#8757 = ADVANCED_FACE ( 'NONE', ( #5252, #11932 ), #7967, .T. ) ;
#8758 = ORIENTED_EDGE ( 'NONE', *, *, #4992, .T. ) ;
#8759 = AXIS2_PLACEMENT_3D ( 'NONE', #10758, #6270, #9911 ) ;
#8760 = DIRECTION ( 'NONE',  ( 0.000000000000000000, 0.000000000000000000, 1.000000000000000000 ) ) ;
#8761 = EDGE_CURVE ( 'NONE', #370, #1535, #7138, .T. ) ;
#8762 = DIRECTION ( 'NONE',  ( -0.000000000000000000, -1.000000000000000000, -0.000000000000000000 ) ) ;
#8763 = CIRCLE ( 'NONE', #2949, 18.00000000000000000 ) ;
#8764 = CARTESIAN_POINT ( 'NONE',  ( -245.0000000000000000, 20.00000000000000000, -64.00000000000000000 ) ) ;
#8765 = DIRECTION ( 'NONE',  ( 0.000000000000000000, 0.000000000000000000, -1.000000000000000000 ) ) ;
#8766 = CARTESIAN_POINT ( 'NONE',  ( 0.000000000000000000, 220.0000000000000000, 0.000000000000000000 ) ) ;
#8767 = AXIS2_PLACEMENT_3D ( 'NONE', #8507, #202, #262 ) ;
#8768 = VECTOR ( 'NONE', #4136, 1000.000000000000000 ) ;
#8769 = APPLICATION_PROTOCOL_DEFINITION ( 'international standard', 'config_control_design', 1994, #1232 ) ;
#8770 = EDGE_CURVE ( 'NONE', #3245, #10083, #1887, .T. ) ;
#8771 = APPLICATION_PROTOCOL_DEFINITION ( 'international standard', 'config_control_design', 1994, #1154 ) ;
#8772 = ORIENTED_EDGE ( 'NONE', *, *, #6187, .T. ) ;
#8773 = ORIENTED_EDGE ( 'NONE', *, *, #7289, .F. ) ;
#8774 = AXIS2_PLACEMENT_3D ( 'NONE', #9856, #1545, #2506 ) ;
#8775 = CARTESIAN_POINT ( 'NONE',  ( -133.9625322141365871, 30.00000000000000000, 55.48909769293800309 ) ) ;
#8776 = VERTEX_POINT ( 'NONE', #1625 ) ;
#8777 = VECTOR ( 'NONE', #5900, 1000.000000000000000 ) ;
#8778 = CIRCLE ( 'NONE', #11692, 32.50000000000000000 ) ;
#8779 = EDGE_CURVE ( 'NONE', #4498, #5324, #2183, .T. ) ;
#8780 = EDGE_LOOP ( 'NONE', ( #5857, #7769 ) ) ;
#8781 = DIRECTION ( 'NONE',  ( 0.000000000000000000, -0.000000000000000000, 1.000000000000000000 ) ) ;
#8782 = ORIENTED_EDGE ( 'NONE', *, *, #4676, .F. ) ;
#8783 = DIRECTION ( 'NONE',  ( 1.000000000000000000, -0.000000000000000000, 0.000000000000000000 ) ) ;
#8784 = DIRECTION ( 'NONE',  ( 0.000000000000000000, 0.000000000000000000, 1.000000000000000000 ) ) ;
#8785 = DIRECTION ( 'NONE',  ( 0.000000000000000000, 0.000000000000000000, 1.000000000000000000 ) ) ;
#8786 = AXIS2_PLACEMENT_3D ( 'NONE', #3092, #1165, #9355 ) ;
#8787 =( NAMED_UNIT ( * ) PLANE_ANGLE_UNIT ( ) SI_UNIT ( $, .RADIAN. ) );
#8788 = CALENDAR_DATE ( 2026, 29, 7 ) ;
#8789 = DIRECTION ( 'NONE',  ( 0.000000000000000000, 1.000000000000000000, 0.000000000000000000 ) ) ;
#8790 = CIRCLE ( 'NONE', #3556, 9.000000000000007105 ) ;
#8791 = ORIENTED_EDGE ( 'NONE', *, *, #6985, .F. ) ;
#8792 = ORIENTED_EDGE ( 'NONE', *, *, #2032, .F. ) ;
#8793 = AXIS2_PLACEMENT_3D ( 'NONE', #1107, #10380, #10323 ) ;
#8794 = ORIENTED_EDGE ( 'NONE', *, *, #3219, .F. ) ;
#8795 = CARTESIAN_POINT ( 'NONE',  ( -110.0000000000000000, 28.00000000000000000, -24.00000000000000000 ) ) ;
#8796 = AXIS2_PLACEMENT_3D ( 'NONE', #6578, #2884, #6461 ) ;
#8797 = CARTESIAN_POINT ( 'NONE',  ( 0.000000000000000000, 220.0000000000000000, -72.50000000000000000 ) ) ;
#8798 = CARTESIAN_POINT ( 'NONE',  ( 6.429395695523603956E-15, 47.99999999999998579, 52.50000000000000000 ) ) ;
#8799 = PLANE ( 'NONE',  #5480 ) ;
#8800 = ORGANIZATION ( 'æœª', 'æœª', '' ) ;
#8801 = ADVANCED_FACE ( 'NONE', ( #9089 ), #6291, .T. ) ;
#8802 = AXIS2_PLACEMENT_3D ( 'NONE', #5214, #8048, #7258 ) ;
#8803 = PERSON_AND_ORGANIZATION ( #9282, #7310 ) ;
#8804 = VERTEX_POINT ( 'NONE', #8728 ) ;
#8805 = ORIENTED_EDGE ( 'NONE', *, *, #7289, .T. ) ;
#8806 = DIRECTION ( 'NONE',  ( -0.000000000000000000, -1.000000000000000000, -0.000000000000000000 ) ) ;
#8807 = ORIENTED_EDGE ( 'NONE', *, *, #2451, .F. ) ;
#8808 = DIRECTION ( 'NONE',  ( 0.000000000000000000, 1.000000000000000000, 0.000000000000000000 ) ) ;
#8809 = CIRCLE ( 'NONE', #2997, 72.50000000000000000 ) ;
#8810 = DIRECTION ( 'NONE',  ( 0.000000000000000000, 0.000000000000000000, 1.000000000000000000 ) ) ;
#8811 = DIRECTION ( 'NONE',  ( 0.000000000000000000, 0.000000000000000000, 1.000000000000000000 ) ) ;
#8812 = FACE_BOUND ( 'NONE', #603, .T. ) ;
#8813 = PLANE ( 'NONE',  #4319 ) ;
#8814 = FACE_OUTER_BOUND ( 'NONE', #4612, .T. ) ;
#8815 = EDGE_CURVE ( 'NONE', #3582, #4244, #1699, .T. ) ;
#8816 = APPROVAL_STATUS ( 'not_yet_approved' ) ;
#8817 = SECURITY_CLASSIFICATION_LEVEL ( 'unclassified' ) ;
#8818 = PLANE ( 'NONE',  #2946 ) ;
#8819 = EDGE_LOOP ( 'NONE', ( #744, #9814, #8058, #797 ) ) ;
#8820 = ADVANCED_FACE ( 'NONE', ( #3089 ), #9653, .F. ) ;
#8821 = VERTEX_POINT ( 'NONE', #3149 ) ;
#8822 = CARTESIAN_POINT ( 'NONE',  ( 0.000000000000000000, 245.0000000000000000, 0.000000000000000000 ) ) ;
#8823 = FACE_OUTER_BOUND ( 'NONE', #11838, .T. ) ;
#8824 = CARTESIAN_POINT ( 'NONE',  ( 83.78591484719802907, 0.000000000000000000, 25.22242005078182103 ) ) ;
#8825 = APPROVAL ( #3761, 'æœª' ) ;
#8826 = LINE ( 'NONE', #2401, #7683 ) ;
#8827 = EDGE_CURVE ( 'NONE', #5324, #11379, #4068, .T. ) ;
#8828 = DIRECTION ( 'NONE',  ( 0.000000000000000000, 1.000000000000000000, 0.000000000000000000 ) ) ;
#8829 = APPROVAL_ROLE ( '' ) ;
#8830 = CALENDAR_DATE ( 2026, 29, 7 ) ;
#8831 = PRODUCT_DEFINITION_FORMATION_WITH_SPECIFIED_SOURCE ( 'ä»', '', #1293, .NOT_KNOWN. ) ;
#8832 = DATE_TIME_ROLE ( 'classification_date' ) ;
#8833 = EDGE_LOOP ( 'NONE', ( #8300, #11463 ) ) ;
#8834 = PRODUCT_DEFINITION_SHAPE ( 'NONE', 'NONE',  #12008 ) ;
#8835 = CC_DESIGN_PERSON_AND_ORGANIZATION_ASSIGNMENT ( #3707, #4816, ( #4610 ) ) ;
#8836 = AXIS2_PLACEMENT_3D ( 'NONE', #1474, #7047, #9852 ) ;
#8837 = CYLINDRICAL_SURFACE ( 'NONE', #7041, 115.0000000000000000 ) ;
#8838 = ORIENTED_EDGE ( 'NONE', *, *, #2050, .T. ) ;
#8839 = LOCAL_TIME ( 1, 43, 37.00000000000000000, #4560 ) ;
#8840 = VERTEX_POINT ( 'NONE', #9997 ) ;
#8841 = LOCAL_TIME ( 1, 43, 37.00000000000000000, #4047 ) ;
#8842 = EDGE_LOOP ( 'NONE', ( #4960, #8521, #4959, #11211 ) ) ;
#8843 = CARTESIAN_POINT ( 'NONE',  ( 196.0000000000000000, 20.00000000000000000, 0.000000000000000000 ) ) ;
#8844 = CARTESIAN_POINT ( 'NONE',  ( 0.000000000000000000, 42.00000000000000000, 0.000000000000000000 ) ) ;
#8845 = DIRECTION ( 'NONE',  ( -1.000000000000000000, -0.000000000000000000, -0.000000000000000000 ) ) ;
#8846 = EDGE_CURVE ( 'NONE', #800, #989, #6151, .T. ) ;
#8847 = DIRECTION ( 'NONE',  ( 0.000000000000000000, -1.000000000000000000, 6.123233995736766036E-17 ) ) ;
#8848 = CIRCLE ( 'NONE', #6511, 7.500000000000000000 ) ;
#8849 = DATE_AND_TIME ( #1266, #708 ) ;
#8850 = LINE ( 'NONE', #6121, #7221 ) ;
#8851 = ADVANCED_FACE ( 'NONE', ( #2243 ), #10897, .F. ) ;
#8852 = SECURITY_CLASSIFICATION ( '', '', #7246 ) ;
#8853 = SECURITY_CLASSIFICATION ( '', '', #4879 ) ;
#8854 = VERTEX_POINT ( 'NONE', #1686 ) ;
#8855 = PRODUCT ( 'MKH-007_j3_output_shaft', 'MKH-007_j3_output_shaft', '', ( #1750 ) ) ;
#8856 = ORIENTED_EDGE ( 'NONE', *, *, #7911, .F. ) ;
#8857 = ORIENTED_EDGE ( 'NONE', *, *, #5661, .F. ) ;
#8858 = EDGE_CURVE ( 'NONE', #8717, #3649, #5265, .T. ) ;
#8859 = AXIS2_PLACEMENT_3D ( 'NONE', #1076, #11262, #2044 ) ;
#8860 = ORIENTED_EDGE ( 'NONE', *, *, #2656, .F. ) ;
#8861 = FACE_OUTER_BOUND ( 'NONE', #3522, .T. ) ;
#8862 = ORIENTED_EDGE ( 'NONE', *, *, #5656, .T. ) ;
#8863 = FACE_OUTER_BOUND ( 'NONE', #1796, .T. ) ;
#8864 = CARTESIAN_POINT ( 'NONE',  ( 133.9625322141365871, 30.00000000000000000, -55.48909769293801730 ) ) ;
#8865 = CC_DESIGN_SECURITY_CLASSIFICATION ( #1882, ( #5957 ) ) ;
#8866 = DIRECTION ( 'NONE',  ( 0.000000000000000000, 0.000000000000000000, -1.000000000000000000 ) ) ;
#8867 = CARTESIAN_POINT ( 'NONE',  ( 0.000000000000000000, 360.0000000000000000, 0.000000000000000000 ) ) ;
#8868 = VECTOR ( 'NONE', #9920, 1000.000000000000000 ) ;
#8869 = AXIS2_PLACEMENT_3D ( 'NONE', #9988, #9921, #767 ) ;
#8870 = COORDINATED_UNIVERSAL_TIME_OFFSET ( 8, 0, .AHEAD. ) ;
#8871 = ORIENTED_EDGE ( 'NONE', *, *, #2321, .T. ) ;
#8872 = ORGANIZATION ( 'NAUO-ORG9', 'UNSPECIFIED', 'UNSPECIFIED' ) ;
#8873 = ORIENTED_EDGE ( 'NONE', *, *, #8696, .T. ) ;
#8874 = DIRECTION ( 'NONE',  ( -0.000000000000000000, -1.000000000000000000, -0.000000000000000000 ) ) ;
#8875 = ORIENTED_EDGE ( 'NONE', *, *, #884, .F. ) ;
#8876 = DIRECTION ( 'NONE',  ( 0.000000000000000000, 0.000000000000000000, 1.000000000000000000 ) ) ;
#8877 = EDGE_CURVE ( 'NONE', #5691, #7802, #1116, .T. ) ;
#8878 = VECTOR ( 'NONE', #7770, 1000.000000000000000 ) ;
#8879 = CIRCLE ( 'NONE', #7122, 38.00000000000000000 ) ;
#8880 = DIRECTION ( 'NONE',  ( 0.000000000000000000, 1.000000000000000000, 0.000000000000000000 ) ) ;
#8881 = DIRECTION ( 'NONE',  ( 0.000000000000000000, 1.000000000000000000, 0.000000000000000000 ) ) ;
#8882 = PLANE ( 'NONE',  #4621 ) ;
#8883 = DIRECTION ( 'NONE',  ( 0.000000000000000000, 1.000000000000000000, 0.000000000000000000 ) ) ;
#8884 = LINE ( 'NONE', #2326, #3378 ) ;
#8885 = PERSON_AND_ORGANIZATION_ROLE ( 'classification_officer' ) ;
#8886 = DIRECTION ( 'NONE',  ( 0.000000000000000000, -1.000000000000000000, 0.000000000000000000 ) ) ;
#8887 = ORIENTED_EDGE ( 'NONE', *, *, #6977, .T. ) ;
#8888 = EDGE_CURVE ( 'NONE', #11362, #8672, #4014, .T. ) ;
#8889 = VECTOR ( 'NONE', #11620, 1000.000000000000000 ) ;
#8890 = VERTEX_POINT ( 'NONE', #3445 ) ;
#8891 = DIRECTION ( 'NONE',  ( -1.000000000000000000, -0.000000000000000000, -0.000000000000000000 ) ) ;
#8892 = EDGE_CURVE ( 'NONE', #3470, #3363, #11822, .T. ) ;
#8893 = CARTESIAN_POINT ( 'NONE',  ( 133.9625322141365871, 0.000000000000000000, -64.48909769293803151 ) ) ;
#8894 = CARTESIAN_POINT ( 'NONE',  ( 0.000000000000000000, 145.0000000000000000, 0.000000000000000000 ) ) ;
#8895 = FACE_OUTER_BOUND ( 'NONE', #3468, .T. ) ;
#8896 = VECTOR ( 'NONE', #505, 1000.000000000000000 ) ;
#8897 = DIRECTION ( 'NONE',  ( 0.000000000000000000, 0.000000000000000000, 1.000000000000000000 ) ) ;
#8898 = DATE_TIME_ROLE ( 'classification_date' ) ;
#8899 = APPROVAL_ROLE ( '' ) ;
#8900 = APPROVAL ( #6513, 'æœª' ) ;
#8901 = CARTESIAN_POINT ( 'NONE',  ( 95.00000000000000000, 95.00000000000000000, 65.00000000000000000 ) ) ;
#8903 = EDGE_CURVE ( 'NONE', #368, #5370, #8081, .T. ) ;
#8902 = EDGE_LOOP ( 'NONE', ( #5443, #798, #10170, #6245 ) ) ;
#8904 = ORIENTED_EDGE ( 'NONE', *, *, #287, .F. ) ;
#8905 = VERTEX_POINT ( 'NONE', #1276 ) ;
#8906 = DIRECTION ( 'NONE',  ( -0.000000000000000000, -1.000000000000000000, -0.000000000000000000 ) ) ;
#8907 = CARTESIAN_POINT ( 'NONE',  ( 0.000000000000000000, 47.99999999999998579, 0.000000000000000000 ) ) ;
#8908 = CC_DESIGN_PERSON_AND_ORGANIZATION_ASSIGNMENT ( #8217, #772, ( #11573 ) ) ;
#8909 = CARTESIAN_POINT ( 'NONE',  ( -180.0000000000000000, 0.000000000000000000, -155.0000000000000000 ) ) ;
#8910 = CALENDAR_DATE ( 2026, 29, 7 ) ;
#8911 = CARTESIAN_POINT ( 'NONE',  ( -117.5000000000000000, 0.000000000000000000, 24.00000000000000000 ) ) ;
#8912 = EDGE_LOOP ( 'NONE', ( #5130, #4445, #5505, #4538 ) ) ;
#8913 = ORIENTED_EDGE ( 'NONE', *, *, #5630, .T. ) ;
#8914 = EDGE_CURVE ( 'NONE', #9088, #10012, #5395, .T. ) ;
#8915 = ORIENTED_EDGE ( 'NONE', *, *, #9304, .F. ) ;
#8916 = ORIENTED_EDGE ( 'NONE', *, *, #11510, .F. ) ;
#8917 = CARTESIAN_POINT ( 'NONE',  ( 0.000000000000000000, 48.00000000000000000, 0.000000000000000000 ) ) ;
#8918 = ORIENTED_EDGE ( 'NONE', *, *, #9658, .F. ) ;
#8919 = ADVANCED_FACE ( 'NONE', ( #8674 ), #10552, .T. ) ;
#8920 = PLANE ( 'NONE',  #6906 ) ;
#8921 = DIRECTION ( 'NONE',  ( -1.000000000000000000, -0.000000000000000000, -0.000000000000000000 ) ) ;
#8922 =( NAMED_UNIT ( * ) SI_UNIT ( $, .STERADIAN. ) SOLID_ANGLE_UNIT ( ) );
#8923 = FACE_OUTER_BOUND ( 'NONE', #6778, .T. ) ;
#8924 = EDGE_CURVE ( 'NONE', #3797, #3074, #6407, .T. ) ;
#8925 = PERSON_AND_ORGANIZATION ( #11298, #2484 ) ;
#8926 = ORIENTED_EDGE ( 'NONE', *, *, #8425, .T. ) ;
#8927 = EDGE_LOOP ( 'NONE', ( #5531, #6538 ) ) ;
#8928 = FACE_BOUND ( 'NONE', #1922, .T. ) ;
#8929 = ORIENTED_EDGE ( 'NONE', *, *, #4527, .T. ) ;
#8930 = DIRECTION ( 'NONE',  ( 0.000000000000000000, 0.000000000000000000, 1.000000000000000000 ) ) ;
#8931 = DIRECTION ( 'NONE',  ( 0.000000000000000000, 0.000000000000000000, 1.000000000000000000 ) ) ;
#8932 = DIRECTION ( 'NONE',  ( 0.000000000000000000, 0.000000000000000000, -1.000000000000000000 ) ) ;
#8933 = CARTESIAN_POINT ( 'NONE',  ( 0.000000000000000000, 30.00000000000000000, 0.000000000000000000 ) ) ;
#8934 = FACE_BOUND ( 'NONE', #681, .T. ) ;
#8935 = DIRECTION ( 'NONE',  ( 0.000000000000000000, 0.000000000000000000, -1.000000000000000000 ) ) ;
#8936 = PERSON_AND_ORGANIZATION ( #10860, #8800 ) ;
#8937 = CARTESIAN_POINT ( 'NONE',  ( 25.22242005078195248, 260.0000000000000000, -83.78591484719798643 ) ) ;
#8938 = ORIENTED_EDGE ( 'NONE', *, *, #1185, .T. ) ;
#8939 = CIRCLE ( 'NONE', #34, 8.999999999999994671 ) ;
#8940 = ORIENTED_EDGE ( 'NONE', *, *, #6969, .T. ) ;
#8941 = LINE ( 'NONE', #11684, #3954 ) ;
#8942 = DIRECTION ( 'NONE',  ( 0.000000000000000000, -0.000000000000000000, -1.000000000000000000 ) ) ;
#8943 = CIRCLE ( 'NONE', #5462, 8.000000000000010658 ) ;
#8944 = DIRECTION ( 'NONE',  ( -0.000000000000000000, -1.000000000000000000, -0.000000000000000000 ) ) ;
#8945 = CARTESIAN_POINT ( 'NONE',  ( 75.00000000000000000, 12.00000000000000000, -12.00000000000000000 ) ) ;
#8946 = CARTESIAN_POINT ( 'NONE',  ( 245.0000000000000000, 20.00000000000000000, 64.00000000000000000 ) ) ;
#8947 = VECTOR ( 'NONE', #9352, 1000.000000000000000 ) ;
#8948 = COORDINATED_UNIVERSAL_TIME_OFFSET ( 8, 0, .AHEAD. ) ;
#8949 = COORDINATED_UNIVERSAL_TIME_OFFSET ( 8, 0, .AHEAD. ) ;
#8950 = EDGE_CURVE ( 'NONE', #6694, #355, #7314, .T. ) ;
#8951 = CIRCLE ( 'NONE', #3715, 7.999999999999996447 ) ;
#8952 = COORDINATED_UNIVERSAL_TIME_OFFSET ( 8, 0, .AHEAD. ) ;
#8953 = CIRCLE ( 'NONE', #1004, 4.500000000000007105 ) ;
#8954 = CARTESIAN_POINT ( 'NONE',  ( -110.0000000000000000, 28.00000000000000000, 24.00000000000000000 ) ) ;
#8955 = AXIS2_PLACEMENT_3D ( 'NONE', #10364, #4852, #7446 ) ;
#8956 = ORIENTED_EDGE ( 'NONE', *, *, #4725, .F. ) ;
#8957 = EDGE_CURVE ( 'NONE', #4979, #7528, #6526, .T. ) ;
#8958 = ORIENTED_EDGE ( 'NONE', *, *, #3478, .T. ) ;
#8959 = DIRECTION ( 'NONE',  ( -0.000000000000000000, -1.000000000000000000, -0.000000000000000000 ) ) ;
#8960 = AXIS2_PLACEMENT_3D ( 'NONE', #11229, #3020, #8666 ) ;
#8961 = ORIENTED_EDGE ( 'NONE', *, *, #6846, .T. ) ;
#8962 = FACE_OUTER_BOUND ( 'NONE', #6816, .T. ) ;
#8963 = DIRECTION ( 'NONE',  ( 0.000000000000000000, -1.000000000000000000, 0.000000000000000000 ) ) ;
#8964 = DIRECTION ( 'NONE',  ( 0.000000000000000000, 1.000000000000000000, 0.000000000000000000 ) ) ;
#8965 = SHAPE_REPRESENTATION_RELATIONSHIP ( 'NONE' , 'NONE' ,  #11893, #3772 ) ;
#8966 = CALENDAR_DATE ( 2026, 29, 7 ) ;
#8967 = DIRECTION ( 'NONE',  ( -0.000000000000000000, -1.000000000000000000, -0.000000000000000000 ) ) ;
#8968 = EDGE_CURVE ( 'NONE', #4268, #28, #3675, .T. ) ;
#8969 = CIRCLE ( 'NONE', #5297, 39.00000000000000000 ) ;
#8970 = VECTOR ( 'NONE', #4188, 1000.000000000000000 ) ;
#8971 = EDGE_CURVE ( 'NONE', #8363, #1752, #5509, .T. ) ;
#8972 = EDGE_LOOP ( 'NONE', ( #10384, #8495, #5568, #8341, #9666, #3, #4003, #6861 ) ) ;
#8973 = ORIENTED_EDGE ( 'NONE', *, *, #1209, .F. ) ;
#8974 = DIRECTION ( 'NONE',  ( 0.000000000000000000, 1.000000000000000000, 0.000000000000000000 ) ) ;
#8975 = AXIS2_PLACEMENT_3D ( 'NONE', #5775, #9476, #6787 ) ;
#8976 = ORIENTED_EDGE ( 'NONE', *, *, #8425, .F. ) ;
#8977 = CARTESIAN_POINT ( 'NONE',  ( -135.0000000000000000, 28.00000000000000000, 95.99999999999998579 ) ) ;
#8978 = CARTESIAN_POINT ( 'NONE',  ( 0.000000000000000000, 30.00000000000000000, 0.000000000000000000 ) ) ;
#8979 = VECTOR ( 'NONE', #2554, 1000.000000000000000 ) ;
#8980 = CC_DESIGN_DATE_AND_TIME_ASSIGNMENT ( #9293, #8371, ( #10610 ) ) ;
#8981 = SHAPE_REPRESENTATION_RELATIONSHIP ( 'NONE' , 'NONE' ,  #1113, #10434 ) ;
#8982 = EDGE_CURVE ( 'NONE', #8367, #3509, #2709, .T. ) ;
#8983 = CARTESIAN_POINT ( 'NONE',  ( 140.0000000000000000, 12.00000000000000000, 42.50000000000000000 ) ) ;
#8984 = APPROVAL_ROLE ( '' ) ;
#8985 = CIRCLE ( 'NONE', #3748, 57.99999999999999289 ) ;
#8986 = ORIENTED_EDGE ( 'NONE', *, *, #1445, .T. ) ;
#8987 = CC_DESIGN_PERSON_AND_ORGANIZATION_ASSIGNMENT ( #8925, #2431, ( #545 ) ) ;
#8988 = ORIENTED_EDGE ( 'NONE', *, *, #8770, .F. ) ;
#8989 = CIRCLE ( 'NONE', #3172, 46.00000000000000000 ) ;
#8990 = DIRECTION ( 'NONE',  ( -0.000000000000000000, 1.000000000000000000, -0.000000000000000000 ) ) ;
#8991 = ORIENTED_EDGE ( 'NONE', *, *, #11564, .F. ) ;
#8992 = DIRECTION ( 'NONE',  ( -0.000000000000000000, -0.000000000000000000, 1.000000000000000000 ) ) ;
#8993 = EDGE_CURVE ( 'NONE', #3311, #7891, #956, .T. ) ;
#8994 = CARTESIAN_POINT ( 'NONE',  ( -272.5000000000000000, 22.00000000000000000, 0.000000000000000000 ) ) ;
#8995 = DIRECTION ( 'NONE',  ( 0.000000000000000000, 0.000000000000000000, 1.000000000000000000 ) ) ;
#8997 = DIRECTION ( 'NONE',  ( 0.000000000000000000, 1.000000000000000000, 0.000000000000000000 ) ) ;
#8996 = AXIS2_PLACEMENT_3D ( 'NONE', #5332, #7018, #11707 ) ;
#8998 = CARTESIAN_POINT ( 'NONE',  ( 0.000000000000000000, 260.0000000000000000, 0.000000000000000000 ) ) ;
#8999 = CARTESIAN_POINT ( 'NONE',  ( 7.347880794884118356E-15, 48.00000000000000000, 60.00000000000000000 ) ) ;
#9000 = SECURITY_CLASSIFICATION_LEVEL ( 'unclassified' ) ;
#9001 = DIRECTION ( 'NONE',  ( -0.000000000000000000, 1.000000000000000000, -0.000000000000000000 ) ) ;
#9002 = EDGE_LOOP ( 'NONE', ( #2661, #4290, #2970, #7265 ) ) ;
#9003 = EDGE_CURVE ( 'NONE', #7313, #419, #163, .T. ) ;
#9004 = CC_DESIGN_APPROVAL ( #517, ( #4747 ) ) ;
#9005 = ORIENTED_EDGE ( 'NONE', *, *, #3126, .F. ) ;
#9006 = VECTOR ( 'NONE', #2016, 1000.000000000000000 ) ;
#9007 = DIRECTION ( 'NONE',  ( 1.000000000000000000, 0.000000000000000000, -0.000000000000000000 ) ) ;
#9008 = EDGE_CURVE ( 'NONE', #4928, #1638, #10172, .T. ) ;
#9009 = CARTESIAN_POINT ( 'NONE',  ( -55.48909769293801020, 30.00000000000000000, -133.9625322141365871 ) ) ;
#9010 = DIRECTION ( 'NONE',  ( 0.000000000000000000, 1.000000000000000000, 0.000000000000000000 ) ) ;
#9011 = CARTESIAN_POINT ( 'NONE',  ( -83.78591484719798643, 142.5000000000000000, 25.22242005078197025 ) ) ;
#9012 = DIRECTION ( 'NONE',  ( 0.000000000000000000, 0.000000000000000000, -1.000000000000000000 ) ) ;
#9013 = DIRECTION ( 'NONE',  ( -0.000000000000000000, -1.000000000000000000, -0.000000000000000000 ) ) ;
#9014 = CIRCLE ( 'NONE', #8416, 9.000000000000007105 ) ;
#9015 = CALENDAR_DATE ( 2026, 29, 7 ) ;
#9016 = APPROVAL_ROLE ( '' ) ;
#9017 = DATE_TIME_ROLE ( 'classification_date' ) ;
#9018 = CARTESIAN_POINT ( 'NONE',  ( -330.0000000000000000, 22.00000000000000000, 75.00000000000000000 ) ) ;
#9019 = EDGE_LOOP ( 'NONE', ( #1068, #3939, #7324, #2941, #9963, #4726, #939, #9120 ) ) ;
#9020 = EDGE_LOOP ( 'NONE', ( #10431, #5624, #7379, #5645, #4801, #8464, #3059, #10064 ) ) ;
#9021 = DIRECTION ( 'NONE',  ( 0.000000000000000000, 0.000000000000000000, 1.000000000000000000 ) ) ;
#9022 = EDGE_CURVE ( 'NONE', #4367, #6175, #11602, .T. ) ;
#9023 = ORIENTED_EDGE ( 'NONE', *, *, #9152, .T. ) ;
#9024 = CARTESIAN_POINT ( 'NONE',  ( 20.18428497440905645, 122.5000000000000000, 69.63364589099039392 ) ) ;
#9025 = CARTESIAN_POINT ( 'NONE',  ( -66.51932634081263984, 220.0000000000000000, -27.55320713028646296 ) ) ;
#9026 = LOCAL_TIME ( 1, 43, 37.00000000000000000, #5823 ) ;
#9027 = FACE_OUTER_BOUND ( 'NONE', #4400, .T. ) ;
#9028 = DIRECTION ( 'NONE',  ( 1.000000000000000000, 0.000000000000000000, 0.000000000000000000 ) ) ;
#9029 = DATE_AND_TIME ( #8113, #3988 ) ;
#9030 = DIRECTION ( 'NONE',  ( 0.000000000000000000, 0.000000000000000000, 1.000000000000000000 ) ) ;
#9031 = AXIS2_PLACEMENT_3D ( 'NONE', #3032, #2975, #5773 ) ;
#9032 = ORIENTED_EDGE ( 'NONE', *, *, #339, .F. ) ;
#9033 = EDGE_CURVE ( 'NONE', #8315, #2885, #10112, .T. ) ;
#9034 = CC_DESIGN_APPROVAL ( #7188, ( #9615 ) ) ;
#9035 = ORIENTED_EDGE ( 'NONE', *, *, #3855, .F. ) ;
#9036 = ORIENTED_EDGE ( 'NONE', *, *, #4557, .T. ) ;
#9037 = PRODUCT_DEFINITION_SHAPE ( 'NONE', 'NONE',  #12013 ) ;
#9038 = DIRECTION ( 'NONE',  ( 0.000000000000000000, 1.000000000000000000, 0.000000000000000000 ) ) ;
#9039 = EDGE_CURVE ( 'NONE', #3199, #1751, #3255, .T. ) ;
#9040 = ORIENTED_EDGE ( 'NONE', *, *, #4254, .F. ) ;
#9041 = AXIS2_PLACEMENT_3D ( 'NONE', #10475, #9399, #8599 ) ;
#9042 = LINE ( 'NONE', #11835, #11569 ) ;
#9043 = CARTESIAN_POINT ( 'NONE',  ( -165.0000000000000000, 0.000000000000000000, 12.00000000000000711 ) ) ;
#9044 = DIRECTION ( 'NONE',  ( 1.000000000000000000, 0.000000000000000000, 0.000000000000000000 ) ) ;
#9045 = ORGANIZATION ( 'NAUO-ORG14', 'UNSPECIFIED', 'UNSPECIFIED' ) ;
#9046 = LOCAL_TIME ( 1, 43, 37.00000000000000000, #2641 ) ;
#9047 = DIRECTION ( 'NONE',  ( -0.000000000000000000, -1.000000000000000000, -0.000000000000000000 ) ) ;
#9048 = ORIENTED_EDGE ( 'NONE', *, *, #8523, .T. ) ;
#9049 = ORIENTED_EDGE ( 'NONE', *, *, #5009, .T. ) ;
#9050 = VECTOR ( 'NONE', #9386, 1000.000000000000000 ) ;
#9051 = EDGE_LOOP ( 'NONE', ( #9200, #3228, #11234, #533, #8485, #11023, #488, #2952, #129, #11454, #6638, #10368 ) ) ;
#9052 = CARTESIAN_POINT ( 'NONE',  ( -330.0000000000000000, 0.000000000000000000, 75.00000000000000000 ) ) ;
#9053 = APPROVAL ( #6457, 'æœª' ) ;
#9054 = EDGE_CURVE ( 'NONE', #7944, #7682, #11202, .T. ) ;
#9055 = ORIENTED_EDGE ( 'NONE', *, *, #1961, .F. ) ;
#9056 = DIRECTION ( 'NONE',  ( 0.000000000000000000, 1.000000000000000000, 0.000000000000000000 ) ) ;
#9057 = LOCAL_TIME ( 1, 43, 37.00000000000000000, #6329 ) ;
#9058 = CYLINDRICAL_SURFACE ( 'NONE', #7081, 72.50000000000000000 ) ;
#9059 = DIRECTION ( 'NONE',  ( 0.000000000000000000, 0.000000000000000000, 1.000000000000000000 ) ) ;
#9060 = LINE ( 'NONE', #984, #10830 ) ;
#9061 = DIRECTION ( 'NONE',  ( 0.000000000000000000, 0.000000000000000000, 1.000000000000000000 ) ) ;
#9062 = VECTOR ( 'NONE', #2650, 1000.000000000000000 ) ;
#9063 = APPROVAL ( #3517, 'UNKNOWN' ) ;
#9064 = CYLINDRICAL_SURFACE ( 'NONE', #5696, 38.00000000000000000 ) ;
#9065 = COORDINATED_UNIVERSAL_TIME_OFFSET ( 8, 0, .AHEAD. ) ;
#9066 = DIRECTION ( 'NONE',  ( -0.000000000000000000, -1.000000000000000000, -0.000000000000000000 ) ) ;
#9067 = ORIENTED_EDGE ( 'NONE', *, *, #479, .T. ) ;
#9068 = LOCAL_TIME ( 1, 43, 37.00000000000000000, #8734 ) ;
#9069 = ORIENTED_EDGE ( 'NONE', *, *, #2892, .T. ) ;
#9070 = CIRCLE ( 'NONE', #4234, 36.00000000000000000 ) ;
#9071 = VECTOR ( 'NONE', #2215, 1000.000000000000000 ) ;
#9072 = EDGE_CURVE ( 'NONE', #11321, #8754, #5971, .T. ) ;
#9073 = CARTESIAN_POINT ( 'NONE',  ( 0.000000000000000000, 0.000000000000000000, 0.000000000000000000 ) ) ;
#9074 = FACE_BOUND ( 'NONE', #1938, .T. ) ;
#9075 = CARTESIAN_POINT ( 'NONE',  ( 0.000000000000000000, 42.00000000000000000, -59.00000000000000711 ) ) ;
#9076 = DIRECTION ( 'NONE',  ( 0.000000000000000000, 1.000000000000000000, 0.000000000000000000 ) ) ;
#9077 = EDGE_CURVE ( 'NONE', #6738, #2551, #11942, .T. ) ;
#9078 = PLANE ( 'NONE',  #8869 ) ;
#9079 = CARTESIAN_POINT ( 'NONE',  ( 0.000000000000000000, 245.0000000000000000, 0.000000000000000000 ) ) ;
#9080 = APPLICATION_PROTOCOL_DEFINITION ( 'international standard', 'config_control_design', 1994, #6341 ) ;
#9081 = AXIS2_PLACEMENT_3D ( 'NONE', #2397, #10825, #8093 ) ;
#9082 = PERSON_AND_ORGANIZATION ( #10860, #8800 ) ;
#9083 = ORIENTED_EDGE ( 'NONE', *, *, #6253, .F. ) ;
#9084 = CONTEXT_DEPENDENT_SHAPE_REPRESENTATION ( #2088, #1479 ) ;
#9085 = EDGE_CURVE ( 'NONE', #5235, #648, #8670, .T. ) ;
#9086 = DIRECTION ( 'NONE',  ( -0.000000000000000000, -1.000000000000000000, -0.000000000000000000 ) ) ;
#9087 = ORIENTED_EDGE ( 'NONE', *, *, #10689, .T. ) ;
#9088 = VERTEX_POINT ( 'NONE', #6465 ) ;
#9089 = FACE_OUTER_BOUND ( 'NONE', #604, .T. ) ;
#9090 = VERTEX_POINT ( 'NONE', #1977 ) ;
#9091 = FACE_BOUND ( 'NONE', #3817, .T. ) ;
#9092 = CARTESIAN_POINT ( 'NONE',  ( 75.75812166592551478, 30.00000000000000000, -24.38004145393736621 ) ) ;
#9093 = DIRECTION ( 'NONE',  ( 0.000000000000000000, 0.000000000000000000, 1.000000000000000000 ) ) ;
#9094 = PERSON_AND_ORGANIZATION_ROLE ( 'design_owner' ) ;
#9095 = VECTOR ( 'NONE', #571, 1000.000000000000000 ) ;
#9096 = ORIENTED_EDGE ( 'NONE', *, *, #5764, .T. ) ;
#9097 = ORIENTED_EDGE ( 'NONE', *, *, #4161, .F. ) ;
#9098 = VERTEX_POINT ( 'NONE', #1860 ) ;
#9099 = DIRECTION ( 'NONE',  ( 0.000000000000000000, 0.000000000000000000, 1.000000000000000000 ) ) ;
#9100 = ORIENTED_EDGE ( 'NONE', *, *, #11062, .T. ) ;
#9101 = LINE ( 'NONE', #8178, #7088 ) ;
#9102 = DIRECTION ( 'NONE',  ( 0.000000000000000000, 0.000000000000000000, -1.000000000000000000 ) ) ;
#9103 = DIRECTION ( 'NONE',  ( 1.000000000000000000, 0.000000000000000000, -0.000000000000000000 ) ) ;
#9104 = EDGE_LOOP ( 'NONE', ( #11580, #1304 ) ) ;
#9105 = COORDINATED_UNIVERSAL_TIME_OFFSET ( 8, 0, .AHEAD. ) ;
#9106 = EDGE_CURVE ( 'NONE', #10382, #737, #9851, .T. ) ;
#9107 = ORIENTED_EDGE ( 'NONE', *, *, #10017, .T. ) ;
#9108 = VERTEX_POINT ( 'NONE', #9142 ) ;
#9109 = LINE ( 'NONE', #8479, #2966 ) ;
#9110 = EDGE_LOOP ( 'NONE', ( #7787, #1489 ) ) ;
#9111 = CARTESIAN_POINT ( 'NONE',  ( -165.0000000000000000, 22.00000000000000000, -29.00000000000000000 ) ) ;
#9112 = CARTESIAN_POINT ( 'NONE',  ( -75.00000000000000000, 12.00000000000000000, 12.00000000000000000 ) ) ;
#9113 = DIRECTION ( 'NONE',  ( -0.000000000000000000, -1.000000000000000000, -0.000000000000000000 ) ) ;
#9114 = FACE_OUTER_BOUND ( 'NONE', #3645, .T. ) ;
#9115 = LINE ( 'NONE', #5482, #1035 ) ;
#9116 = CARTESIAN_POINT ( 'NONE',  ( -180.0000000000000000, 34.00000000000000000, -12.00000000000000000 ) ) ;
#9117 = APPROVAL_DATE_TIME ( #692, #8683 ) ;
#9119 = DIRECTION ( 'NONE',  ( 0.000000000000000000, 0.000000000000000000, -1.000000000000000000 ) ) ;
#9118 = CC_DESIGN_DATE_AND_TIME_ASSIGNMENT ( #4218, #333, ( #3552 ) ) ;
#9120 = ORIENTED_EDGE ( 'NONE', *, *, #11394, .F. ) ;
#9121 = EDGE_CURVE ( 'NONE', #7255, #10012, #10228, .T. ) ;
#9122 = ORIENTED_EDGE ( 'NONE', *, *, #5512, .F. ) ;
#9123 = DIRECTION ( 'NONE',  ( -0.000000000000000000, -1.000000000000000000, -0.000000000000000000 ) ) ;
#9124 = DIRECTION ( 'NONE',  ( 0.000000000000000000, 1.000000000000000000, 0.000000000000000000 ) ) ;
#9125 = FACE_OUTER_BOUND ( 'NONE', #4278, .T. ) ;
#9126 = ADVANCED_BREP_SHAPE_REPRESENTATION ( '', ( #3878, #10725 ), #3369 ) ;
#9127 = CARTESIAN_POINT ( 'NONE',  ( 0.000000000000000000, 48.00000000000000000, 0.000000000000000000 ) ) ;
#9128 = CARTESIAN_POINT ( 'NONE',  ( 0.000000000000000000, 260.0000000000000000, 0.000000000000000000 ) ) ;
#9129 = AXIS2_PLACEMENT_3D ( 'NONE', #94, #2634, #10098 ) ;
#9130 = DIRECTION ( 'NONE',  ( 0.000000000000000000, 0.000000000000000000, 1.000000000000000000 ) ) ;
#9131 = PERSON_AND_ORGANIZATION_ROLE ( 'creator' ) ;
#9132 = CC_DESIGN_DATE_AND_TIME_ASSIGNMENT ( #9270, #8528, ( #10970 ) ) ;
#9133 = DATE_AND_TIME ( #5442, #9828 ) ;
#9134 = ADVANCED_FACE ( 'NONE', ( #3796 ), #5679, .F. ) ;
#9135 = SECURITY_CLASSIFICATION_LEVEL ( 'unclassified' ) ;
#9136 = ORIENTED_EDGE ( 'NONE', *, *, #9898, .T. ) ;
#9137 = APPLICATION_CONTEXT ( 'configuration controlled 3d designs of mechanical parts and assemblies' ) ;
#9138 = VECTOR ( 'NONE', #3824, 1000.000000000000000 ) ;
#9139 = DIRECTION ( 'NONE',  ( 0.000000000000000000, -0.000000000000000000, 1.000000000000000000 ) ) ;
#9140 = ORIENTED_EDGE ( 'NONE', *, *, #11685, .T. ) ;
#9141 = ORIENTED_EDGE ( 'NONE', *, *, #7498, .F. ) ;
#9142 = CARTESIAN_POINT ( 'NONE',  ( 101.0000000000000000, 42.00000000000000000, 24.00000000000000000 ) ) ;
#9143 = VERTEX_POINT ( 'NONE', #7253 ) ;
#9144 = EDGE_CURVE ( 'NONE', #8141, #7905, #3833, .T. ) ;
#9145 = FACE_BOUND ( 'NONE', #8177, .T. ) ;
#9146 = CARTESIAN_POINT ( 'NONE',  ( 75.75812166592551478, 30.00000000000000000, 31.38004145393735200 ) ) ;
#9147 = CARTESIAN_POINT ( 'NONE',  ( 117.5000000000000000, 0.000000000000000000, 11.00000000000000000 ) ) ;
#9148 = CIRCLE ( 'NONE', #8173, 7.999999999999996447 ) ;
#9149 = APPROVAL_ROLE ( '' ) ;
#9150 = AXIS2_PLACEMENT_3D ( 'NONE', #3198, #11455, #6960 ) ;
#9151 = AXIS2_PLACEMENT_3D ( 'NONE', #8552, #6733, #10436 ) ;
#9152 = EDGE_CURVE ( 'NONE', #974, #11605, #8522, .T. ) ;
#9153 = EDGE_LOOP ( 'NONE', ( #6460, #2490, #1197, #4708 ) ) ;
#9154 = AXIS2_PLACEMENT_3D ( 'NONE', #8023, #9732, #3298 ) ;
#9155 = ORIENTED_EDGE ( 'NONE', *, *, #879, .T. ) ;
#9156 = CARTESIAN_POINT ( 'NONE',  ( -135.0000000000000000, 28.00000000000000000, 105.0000000000000000 ) ) ;
#9157 = VERTEX_POINT ( 'NONE', #11260 ) ;
#9158 = CARTESIAN_POINT ( 'NONE',  ( 0.000000000000000000, 12.00000000000000000, 8.000000000000000000 ) ) ;
#9159 = DIRECTION ( 'NONE',  ( 0.000000000000000000, 0.000000000000000000, 1.000000000000000000 ) ) ;
#9160 = AXIS2_PLACEMENT_3D ( 'NONE', #7510, #3872, #4733 ) ;
#9161 = CARTESIAN_POINT ( 'NONE',  ( 0.000000000000000000, 30.00000000000000000, 0.000000000000000000 ) ) ;
#9162 = FACE_BOUND ( 'NONE', #3115, .T. ) ;
#9163 = VECTOR ( 'NONE', #2632, 1000.000000000000000 ) ;
#9164 = AXIS2_PLACEMENT_3D ( 'NONE', #10132, #3691, #9103 ) ;
#9165 = DATE_AND_TIME ( #4784, #3997 ) ;
#9166 = VERTEX_POINT ( 'NONE', #1312 ) ;
#9167 = VECTOR ( 'NONE', #9672, 1000.000000000000000 ) ;
#9168 = VERTEX_POINT ( 'NONE', #6762 ) ;
#9169 = LINE ( 'NONE', #2498, #6453 ) ;
#9170 = ORIENTED_EDGE ( 'NONE', *, *, #2948, .T. ) ;
#9171 = FACE_BOUND ( 'NONE', #4303, .T. ) ;
#9172 = AXIS2_PLACEMENT_3D ( 'NONE', #11269, #2951, #8712 ) ;
#9173 = AXIS2_PLACEMENT_3D ( 'NONE', #6516, #4590, #11254 ) ;
#9174 = LINE ( 'NONE', #7395, #4957 ) ;
#9175 = FACE_BOUND ( 'NONE', #1019, .T. ) ;
#9176 = EDGE_CURVE ( 'NONE', #9328, #2120, #5014, .T. ) ;
#9177 = CARTESIAN_POINT ( 'NONE',  ( 75.75812166592551478, 30.00000000000000000, -31.38004145393736266 ) ) ;
#9178 = PLANE ( 'NONE',  #10138 ) ;
#9179 = DIRECTION ( 'NONE',  ( -0.000000000000000000, -1.000000000000000000, -0.000000000000000000 ) ) ;
#9180 = AXIS2_PLACEMENT_3D ( 'NONE', #2737, #21, #6561 ) ;
#9181 = CARTESIAN_POINT ( 'NONE',  ( 105.0000000000000000, 220.0000000000000000, -95.00000000000000000 ) ) ;
#9182 = VERTEX_POINT ( 'NONE', #278 ) ;
#9183 = AXIS2_PLACEMENT_3D ( 'NONE', #4239, #8039, #1682 ) ;
#9184 = ORIENTED_EDGE ( 'NONE', *, *, #2348, .F. ) ;
#9185 = EDGE_CURVE ( 'NONE', #7297, #8342, #11505, .T. ) ;
#9186 = CARTESIAN_POINT ( 'NONE',  ( 95.00000000000000000, 95.00000000000000000, -65.00000000000000000 ) ) ;
#9187 = LINE ( 'NONE', #10156, #990 ) ;
#9188 = DIRECTION ( 'NONE',  ( 0.000000000000000000, 0.000000000000000000, -1.000000000000000000 ) ) ;
#9189 = EDGE_CURVE ( 'NONE', #4354, #8654, #3857, .T. ) ;
#9190 = LINE ( 'NONE', #1845, #7895 ) ;
#9191 = LINE ( 'NONE', #10160, #8227 ) ;
#9192 = PERSON_AND_ORGANIZATION_ROLE ( 'creator' ) ;
#9193 = DATE_AND_TIME ( #5502, #9046 ) ;
#9194 = CC_DESIGN_APPROVAL ( #10095, ( #868 ) ) ;
#9195 = EDGE_CURVE ( 'NONE', #230, #10071, #11396, .T. ) ;
#9196 = CALENDAR_DATE ( 2026, 29, 7 ) ;
#9197 = AXIS2_PLACEMENT_3D ( 'NONE', #11527, #140, #8785 ) ;
#9198 = EDGE_LOOP ( 'NONE', ( #146, #2691 ) ) ;
#9199 = FACE_BOUND ( 'NONE', #3130, .T. ) ;
#9200 = ORIENTED_EDGE ( 'NONE', *, *, #6894, .F. ) ;
#9201 = CC_DESIGN_DATE_AND_TIME_ASSIGNMENT ( #38, #8335, ( #6134 ) ) ;
#9202 = CC_DESIGN_DATE_AND_TIME_ASSIGNMENT ( #4172, #5923, ( #868 ) ) ;
#9203 = ORIENTED_EDGE ( 'NONE', *, *, #11062, .F. ) ;
#9204 = DIRECTION ( 'NONE',  ( 0.000000000000000000, 0.000000000000000000, 1.000000000000000000 ) ) ;
#9205 = VECTOR ( 'NONE', #9013, 1000.000000000000000 ) ;
#9206 = EDGE_LOOP ( 'NONE', ( #10849, #7153 ) ) ;
#9207 = CARTESIAN_POINT ( 'NONE',  ( -31.38004145393735911, 30.00000000000000000, -68.75812166592551478 ) ) ;
#9208 = DIRECTION ( 'NONE',  ( -0.000000000000000000, -1.000000000000000000, -0.000000000000000000 ) ) ;
#9209 = DIRECTION ( 'NONE',  ( -0.000000000000000000, -1.000000000000000000, -0.000000000000000000 ) ) ;
#9210 = AXIS2_PLACEMENT_3D ( 'NONE', #7535, #7651, #11250 ) ;
#9211 = PERSON_AND_ORGANIZATION ( #10860, #8800 ) ;
#9212 = PRODUCT_RELATED_PRODUCT_CATEGORY ( 'detail', '', ( #2156 ) ) ;
#9213 = ORIENTED_EDGE ( 'NONE', *, *, #6003, .F. ) ;
#9214 = VERTEX_POINT ( 'NONE', #2102 ) ;
#9215 = EDGE_LOOP ( 'NONE', ( #910, #9107 ) ) ;
#9216 = CARTESIAN_POINT ( 'NONE',  ( 59.00000000000000000, 42.00000000000000000, 24.00000000000000000 ) ) ;
#9217 = LOCAL_TIME ( 1, 43, 37.00000000000000000, #11495 ) ;
#9218 = ORIENTED_EDGE ( 'NONE', *, *, #6524, .T. ) ;
#9219 = DIRECTION ( 'NONE',  ( 0.000000000000000000, 0.000000000000000000, 1.000000000000000000 ) ) ;
#9220 = CARTESIAN_POINT ( 'NONE',  ( 70.00000000000000000, 0.000000000000000000, 50.50000000000000000 ) ) ;
#9221 = CARTESIAN_POINT ( 'NONE',  ( 0.000000000000000000, 0.000000000000000000, 0.000000000000000000 ) ) ;
#9222 = EDGE_CURVE ( 'NONE', #6553, #5223, #7505, .T. ) ;
#9223 = VECTOR ( 'NONE', #9592, 1000.000000000000000 ) ;
#9224 = CYLINDRICAL_SURFACE ( 'NONE', #10500, 6.999999999999999112 ) ;
#9225 = PRODUCT_DEFINITION_FORMATION_WITH_SPECIFIED_SOURCE ( 'ä»', '', #7003, .NOT_KNOWN. ) ;
#9226 = EDGE_CURVE ( 'NONE', #3684, #3851, #6639, .T. ) ;
#9227 = ORIENTED_EDGE ( 'NONE', *, *, #4561, .T. ) ;
#9228 = ORIENTED_EDGE ( 'NONE', *, *, #10951, .T. ) ;
#9229 = ORIENTED_EDGE ( 'NONE', *, *, #366, .F. ) ;
#9230 = DIRECTION ( 'NONE',  ( 0.000000000000000000, -0.000000000000000000, -1.000000000000000000 ) ) ;
#9231 = CARTESIAN_POINT ( 'NONE',  ( 75.75812166592551478, 0.000000000000000000, 24.38004145393735200 ) ) ;
#9232 = LOCAL_TIME ( 1, 43, 37.00000000000000000, #4048 ) ;
#9233 = CARTESIAN_POINT ( 'NONE',  ( 31.38004145393736266, 0.000000000000000000, -82.75812166592552899 ) ) ;
#9234 = LOCAL_TIME ( 1, 43, 37.00000000000000000, #4526 ) ;
#9235 = CARTESIAN_POINT ( 'NONE',  ( -272.5000000000000000, 38.00000000000000000, 0.000000000000000000 ) ) ;
#9236 = CARTESIAN_POINT ( 'NONE',  ( -75.00000000000000000, 12.00000000000000000, -12.00000000000000000 ) ) ;
#9237 = DIRECTION ( 'NONE',  ( 0.000000000000000000, 0.000000000000000000, -1.000000000000000000 ) ) ;
#9238 = AXIS2_PLACEMENT_3D ( 'NONE', #173, #4657, #11324 ) ;
#9239 = CALENDAR_DATE ( 2026, 29, 7 ) ;
#9240 = DIRECTION ( 'NONE',  ( 0.000000000000000000, 0.000000000000000000, 1.000000000000000000 ) ) ;
#9241 = APPROVAL_PERSON_ORGANIZATION ( #7364, #4083, #4351 ) ;
#9242 = LOCAL_TIME ( 1, 43, 37.00000000000000000, #3592 ) ;
#9243 = ADVANCED_FACE ( 'NONE', ( #7605 ), #8705, .T. ) ;
#9244 = ORIENTED_EDGE ( 'NONE', *, *, #3720, .T. ) ;
#9245 = CARTESIAN_POINT ( 'NONE',  ( 117.5000000000000000, 20.00000000000000000, 24.00000000000000000 ) ) ;
#9246 = VECTOR ( 'NONE', #9879, 1000.000000000000000 ) ;
#9247 = FACE_OUTER_BOUND ( 'NONE', #11535, .T. ) ;
#9248 = FACE_OUTER_BOUND ( 'NONE', #7073, .T. ) ;
#9249 = CARTESIAN_POINT ( 'NONE',  ( -245.0000000000000000, 20.00000000000000000, 64.00000000000000000 ) ) ;
#9250 = ORGANIZATION ( 'NAUO-ORG11', 'UNSPECIFIED', 'UNSPECIFIED' ) ;
#9251 = LINE ( 'NONE', #4702, #6487 ) ;
#9252 = PERSON_AND_ORGANIZATION ( #10860, #8800 ) ;
#9253 = CALENDAR_DATE ( 2026, 29, 7 ) ;
#9254 = DIRECTION ( 'NONE',  ( -1.000000000000000000, 0.000000000000000000, 0.000000000000000000 ) ) ;
#9255 = VECTOR ( 'NONE', #10582, 1000.000000000000000 ) ;
#9256 = VECTOR ( 'NONE', #7964, 1000.000000000000000 ) ;
#9257 = EDGE_CURVE ( 'NONE', #5692, #7597, #10581, .T. ) ;
#9258 = ORIENTED_EDGE ( 'NONE', *, *, #7730, .F. ) ;
#9259 = CC_DESIGN_SECURITY_CLASSIFICATION ( #6161, ( #12006 ) ) ;
#9260 = LINE ( 'NONE', #5444, #8591 ) ;
#9261 = VERTEX_POINT ( 'NONE', #169 ) ;
#9262 = ORIENTED_EDGE ( 'NONE', *, *, #2504, .T. ) ;
#9263 = DIRECTION ( 'NONE',  ( -0.000000000000000000, -1.000000000000000000, -0.000000000000000000 ) ) ;
#9264 = ORIENTED_EDGE ( 'NONE', *, *, #6285, .T. ) ;
#9265 = VECTOR ( 'NONE', #10391, 1000.000000000000000 ) ;
#9266 = CYLINDRICAL_SURFACE ( 'NONE', #8069, 4.500000000000003553 ) ;
#9267 = LINE ( 'NONE', #7717, #5100 ) ;
#9268 = DIRECTION ( 'NONE',  ( 0.000000000000000000, 0.000000000000000000, -1.000000000000000000 ) ) ;
#9269 = APPROVAL_DATE_TIME ( #6766, #2225 ) ;
#9270 = DATE_AND_TIME ( #9325, #513 ) ;
#9271 = CC_DESIGN_PERSON_AND_ORGANIZATION_ASSIGNMENT ( #3826, #10314, ( #11345 ) ) ;
#9272 = EDGE_CURVE ( 'NONE', #652, #1743, #7664, .T. ) ;
#9273 = ORIENTED_EDGE ( 'NONE', *, *, #808, .T. ) ;
#9274 = AXIS2_PLACEMENT_3D ( 'NONE', #11129, #8390, #11930 ) ;
#9275 = ORIENTED_EDGE ( 'NONE', *, *, #373, .T. ) ;
#9276 = EDGE_LOOP ( 'NONE', ( #2660, #2522 ) ) ;
#9277 = DIRECTION ( 'NONE',  ( -1.000000000000000000, 0.000000000000000000, -0.000000000000000000 ) ) ;
#9278 = CC_DESIGN_PERSON_AND_ORGANIZATION_ASSIGNMENT ( #10295, #11330, ( #6161 ) ) ;
#9279 = ORIENTED_EDGE ( 'NONE', *, *, #4222, .F. ) ;
#9280 = CARTESIAN_POINT ( 'NONE',  ( 55.48909769293802441, 0.000000000000000000, 133.9625322141365871 ) ) ;
#9281 = CARTESIAN_POINT ( 'NONE',  ( -55.48909769293801020, 30.00000000000000000, -133.9625322141365871 ) ) ;
#9282 = PERSON ( 'NAUO-PER7', 'UNSPECIFIED', 'UNSPECIFIED', ('UNSPECIFIED'), ('UNSPECIFIED'), ('UNSPECIFIED') ) ;
#9283 = CARTESIAN_POINT ( 'NONE',  ( 0.000000000000000000, 520.0000000000000000, -152.5000000000000000 ) ) ;
#9284 = DIRECTION ( 'NONE',  ( 0.000000000000000000, 1.000000000000000000, 0.000000000000000000 ) ) ;
#9285 = AXIS2_PLACEMENT_3D ( 'NONE', #1833, #7167, #4451 ) ;
#9286 = EDGE_LOOP ( 'NONE', ( #11993, #7452, #4914, #64 ) ) ;
#9287 = EDGE_CURVE ( 'NONE', #10362, #663, #5918, .T. ) ;
#9288 = ORIENTED_EDGE ( 'NONE', *, *, #927, .T. ) ;
#9289 = ORIENTED_EDGE ( 'NONE', *, *, #8329, .T. ) ;
#9290 = EDGE_CURVE ( 'NONE', #2496, #3299, #940, .T. ) ;
#9291 = ORIENTED_EDGE ( 'NONE', *, *, #8957, .T. ) ;
#9292 = DIRECTION ( 'NONE',  ( -0.000000000000000000, 1.000000000000000000, -0.000000000000000000 ) ) ;
#9293 = DATE_AND_TIME ( #1214, #9799 ) ;
#9294 = LINE ( 'NONE', #3526, #7655 ) ;
#9295 = CARTESIAN_POINT ( 'NONE',  ( -105.0000000000000000, 0.000000000000000000, 95.00000000000000000 ) ) ;
#9296 = DIRECTION ( 'NONE',  ( 1.000000000000000000, 0.000000000000000000, 0.000000000000000000 ) ) ;
#9297 = ADVANCED_FACE ( 'NONE', ( #344 ), #5854, .F. ) ;
#9298 = LINE ( 'NONE', #7399, #8579 ) ;
#9299 = DIRECTION ( 'NONE',  ( 1.000000000000000000, -0.000000000000000000, 0.000000000000000000 ) ) ;
#9300 = CALENDAR_DATE ( 2026, 29, 7 ) ;
#9301 = DIRECTION ( 'NONE',  ( 0.000000000000000000, 0.000000000000000000, 1.000000000000000000 ) ) ;
#9302 = VERTEX_POINT ( 'NONE', #9557 ) ;
#9303 = ORIENTED_EDGE ( 'NONE', *, *, #6003, .T. ) ;
#9304 = EDGE_CURVE ( 'NONE', #5697, #11600, #6935, .T. ) ;
#9305 = CARTESIAN_POINT ( 'NONE',  ( -135.0000000000000000, 28.00000000000000000, -95.99999999999998579 ) ) ;
#9306 = CYLINDRICAL_SURFACE ( 'NONE', #9514, 25.00000000000000000 ) ;
#9307 = FACE_BOUND ( 'NONE', #9206, .T. ) ;
#9308 = CARTESIAN_POINT ( 'NONE',  ( 78.52976026345936589, 260.0000000000000000, -41.52809175103262618 ) ) ;
#9309 = DIRECTION ( 'NONE',  ( -0.000000000000000000, -1.000000000000000000, -0.000000000000000000 ) ) ;
#9310 = DATE_TIME_ROLE ( 'classification_date' ) ;
#9311 = PERSON_AND_ORGANIZATION ( #10860, #8800 ) ;
#9312 = CARTESIAN_POINT ( 'NONE',  ( 0.000000000000000000, 285.0000000000000000, -36.00000000000000000 ) ) ;
#9313 = ORIENTED_EDGE ( 'NONE', *, *, #7354, .T. ) ;
#9314 = ORIENTED_EDGE ( 'NONE', *, *, #3876, .T. ) ;
#9315 = CARTESIAN_POINT ( 'NONE',  ( 0.000000000000000000, 220.0000000000000000, 0.000000000000000000 ) ) ;
#9316 = ORIENTED_EDGE ( 'NONE', *, *, #6913, .T. ) ;
#9317 = ORIENTED_EDGE ( 'NONE', *, *, #2619, .T. ) ;
#9318 = CARTESIAN_POINT ( 'NONE',  ( 25.22242005078195248, 142.5000000000000000, -83.78591484719798643 ) ) ;
#9319 = AXIS2_PLACEMENT_3D ( 'NONE', #8273, #9124, #7356 ) ;
#9320 = EDGE_LOOP ( 'NONE', ( #8758, #11049, #5508, #8202 ) ) ;
#9321 = DIRECTION ( 'NONE',  ( -1.000000000000000000, -0.000000000000000000, -0.000000000000000000 ) ) ;
#9322 = DIRECTION ( 'NONE',  ( -0.000000000000000000, -1.000000000000000000, -0.000000000000000000 ) ) ;
#9323 = EDGE_CURVE ( 'NONE', #8403, #4532, #10519, .T. ) ;
#9324 = PERSON_AND_ORGANIZATION ( #10860, #8800 ) ;
#9325 = CALENDAR_DATE ( 2026, 29, 7 ) ;
#9326 = CIRCLE ( 'NONE', #6606, 9.000000000000007105 ) ;
#9327 = EDGE_CURVE ( 'NONE', #10093, #5897, #3116, .T. ) ;
#9328 = VERTEX_POINT ( 'NONE', #2276 ) ;
#9329 = ORIENTED_EDGE ( 'NONE', *, *, #8028, .T. ) ;
#9330 = ORIENTED_EDGE ( 'NONE', *, *, #5882, .T. ) ;
#9331 = DIRECTION ( 'NONE',  ( 0.000000000000000000, 1.000000000000000000, 0.000000000000000000 ) ) ;
#9332 = ORIENTED_EDGE ( 'NONE', *, *, #7214, .F. ) ;
#9333 = CARTESIAN_POINT ( 'NONE',  ( 75.75812166592551478, 30.00000000000000000, -38.38004145393736621 ) ) ;
#9334 = DIRECTION ( 'NONE',  ( 0.000000000000000000, 1.000000000000000000, 0.000000000000000000 ) ) ;
#9335 = AXIS2_PLACEMENT_3D ( 'NONE', #9917, #8716, #8781 ) ;
#9336 = EDGE_CURVE ( 'NONE', #8339, #1960, #7786, .T. ) ;
#9337 = DIRECTION ( 'NONE',  ( 1.000000000000000000, 0.000000000000000000, 0.000000000000000000 ) ) ;
#9338 = AXIS2_PLACEMENT_3D ( 'NONE', #4746, #2916, #11354 ) ;
#9339 = ORIENTED_EDGE ( 'NONE', *, *, #11951, .T. ) ;
#9340 = EDGE_CURVE ( 'NONE', #3746, #10743, #700, .T. ) ;
#9341 = AXIS2_PLACEMENT_3D ( 'NONE', #7402, #937, #9240 ) ;
#9342 = VERTEX_POINT ( 'NONE', #8893 ) ;
#9343 = AXIS2_PLACEMENT_3D ( 'NONE', #8092, #3987, #2230 ) ;
#9344 = ORIENTED_EDGE ( 'NONE', *, *, #8088, .F. ) ;
#9345 = ORIENTED_EDGE ( 'NONE', *, *, #7280, .T. ) ;
#9346 = CYLINDRICAL_SURFACE ( 'NONE', #10875, 9.000000000000007105 ) ;
#9348 = AXIS2_PLACEMENT_3D ( 'NONE', #1330, #5331, #8165 ) ;
#9347 = APPROVAL_DATE_TIME ( #5649, #4075 ) ;
#9349 = CC_DESIGN_PERSON_AND_ORGANIZATION_ASSIGNMENT ( #3862, #9451, ( #10970 ) ) ;
#9350 = DIRECTION ( 'NONE',  ( 0.000000000000000000, 0.000000000000000000, -1.000000000000000000 ) ) ;
#9351 = EDGE_CURVE ( 'NONE', #6417, #7814, #2478, .T. ) ;
#9352 = DIRECTION ( 'NONE',  ( -0.000000000000000000, -1.000000000000000000, -0.000000000000000000 ) ) ;
#9353 = AXIS2_PLACEMENT_3D ( 'NONE', #673, #4377, #1402 ) ;
#9354 = DIRECTION ( 'NONE',  ( 0.000000000000000000, 0.000000000000000000, -1.000000000000000000 ) ) ;
#9355 = DIRECTION ( 'NONE',  ( 0.000000000000000000, 0.000000000000000000, 1.000000000000000000 ) ) ;
#9356 = CARTESIAN_POINT ( 'NONE',  ( -272.5000000000000000, 22.00000000000000000, 0.000000000000000000 ) ) ;
#9357 = APPROVAL_ROLE ( '' ) ;
#9358 = APPROVAL ( #9547, 'æœª' ) ;
#9359 = VECTOR ( 'NONE', #10115, 1000.000000000000000 ) ;
#9360 = EDGE_LOOP ( 'NONE', ( #8130, #10975, #3316, #9899 ) ) ;
#9361 = ORIENTED_EDGE ( 'NONE', *, *, #11937, .F. ) ;
#9362 = VECTOR ( 'NONE', #4164, 1000.000000000000000 ) ;
#9363 = VECTOR ( 'NONE', #6844, 1000.000000000000000 ) ;
#9364 = LINE ( 'NONE', #1291, #2768 ) ;
#9365 = LINE ( 'NONE', #2989, #7568 ) ;
#9366 = LINE ( 'NONE', #4873, #11018 ) ;
#9367 = VECTOR ( 'NONE', #6677, 1000.000000000000000 ) ;
#9368 = DIRECTION ( 'NONE',  ( -0.000000000000000000, -1.000000000000000000, -0.000000000000000000 ) ) ;
#9369 = CARTESIAN_POINT ( 'NONE',  ( 101.0000000000000000, 42.00000000000000000, -24.00000000000000000 ) ) ;
#9370 = VECTOR ( 'NONE', #11974, 1000.000000000000000 ) ;
#9371 = DATE_TIME_ROLE ( 'creation_date' ) ;
#9372 = EDGE_CURVE ( 'NONE', #11379, #5456, #5250, .T. ) ;
#9373 = DATE_AND_TIME ( #11312, #7668 ) ;
#9374 = DIRECTION ( 'NONE',  ( -1.000000000000000000, -0.000000000000000000, -0.000000000000000000 ) ) ;
#9375 = ORIENTED_EDGE ( 'NONE', *, *, #9222, .F. ) ;
#9376 = AXIS2_PLACEMENT_3D ( 'NONE', #5411, #1644, #8123 ) ;
#9377 = ORIENTED_EDGE ( 'NONE', *, *, #10033, .F. ) ;
#9378 = AXIS2_PLACEMENT_3D ( 'NONE', #8568, #7653, #11372 ) ;
#9379 = EDGE_CURVE ( 'NONE', #4420, #5290, #2458, .T. ) ;
#9380 = CYLINDRICAL_SURFACE ( 'NONE', #9382, 9.000000000000035527 ) ;
#9381 = ORIENTED_EDGE ( 'NONE', *, *, #203, .F. ) ;
#9382 = AXIS2_PLACEMENT_3D ( 'NONE', #11257, #2999, #10515 ) ;
#9383 = EDGE_LOOP ( 'NONE', ( #3853, #6761, #10181, #11160 ) ) ;
#9384 = CARTESIAN_POINT ( 'NONE',  ( -105.0000000000000000, 20.00000000000000000, 8.000000000000000000 ) ) ;
#9385 = ORIENTED_EDGE ( 'NONE', *, *, #5764, .F. ) ;
#9386 = DIRECTION ( 'NONE',  ( 0.000000000000000000, 0.000000000000000000, 1.000000000000000000 ) ) ;
#9387 = DESIGN_CONTEXT ( 'detailed design', #4, 'design' ) ;
#9388 = DIRECTION ( 'NONE',  ( 1.000000000000000000, 0.000000000000000000, -0.000000000000000000 ) ) ;
#9389 = AXIS2_PLACEMENT_3D ( 'NONE', #3860, #8295, #5452 ) ;
#9390 = PERSON_AND_ORGANIZATION_ROLE ( 'design_owner' ) ;
#9391 = APPROVAL_STATUS ( 'not_yet_approved' ) ;
#9392 = DIRECTION ( 'NONE',  ( 0.000000000000000000, 0.000000000000000000, -1.000000000000000000 ) ) ;
#9393 = EDGE_CURVE ( 'NONE', #9261, #2911, #5398, .T. ) ;
#9394 = ORIENTED_EDGE ( 'NONE', *, *, #6760, .F. ) ;
#9395 = VECTOR ( 'NONE', #5989, 1000.000000000000000 ) ;
#9396 = ORIENTED_EDGE ( 'NONE', *, *, #6119, .T. ) ;
#9397 = FACE_BOUND ( 'NONE', #10894, .T. ) ;
#9398 = ORIENTED_EDGE ( 'NONE', *, *, #6392, .T. ) ;
#9399 = DIRECTION ( 'NONE',  ( 0.000000000000000000, 1.000000000000000000, 0.000000000000000000 ) ) ;
#9400 = CARTESIAN_POINT ( 'NONE',  ( 85.00000000000000000, 0.000000000000000000, 60.00000000000000000 ) ) ;
#9401 = DIRECTION ( 'NONE',  ( 0.000000000000000000, 0.000000000000000000, 1.000000000000000000 ) ) ;
#9402 = ORIENTED_EDGE ( 'NONE', *, *, #11374, .F. ) ;
#9403 = AXIS2_PLACEMENT_3D ( 'NONE', #1231, #6570, #6625 ) ;
#9404 = ORIENTED_EDGE ( 'NONE', *, *, #3737, .T. ) ;
#9405 = ADVANCED_FACE ( 'NONE', ( #4165, #9738, #11809, #3485, #6948 ), #10765, .T. ) ;
#9406 = VERTEX_POINT ( 'NONE', #3429 ) ;
#9407 = ORIENTED_EDGE ( 'NONE', *, *, #5465, .T. ) ;
#9408 = DIRECTION ( 'NONE',  ( 0.000000000000000000, 0.000000000000000000, 1.000000000000000000 ) ) ;
#9409 = CALENDAR_DATE ( 2026, 29, 7 ) ;
#9410 = LINE ( 'NONE', #1162, #3601 ) ;
#9411 = DIRECTION ( 'NONE',  ( 0.000000000000000000, 0.000000000000000000, 1.000000000000000000 ) ) ;
#9412 = CARTESIAN_POINT ( 'NONE',  ( 0.000000000000000000, 225.0000000000000000, 0.000000000000000000 ) ) ;
#9413 = DIRECTION ( 'NONE',  ( 0.000000000000000000, 0.000000000000000000, 1.000000000000000000 ) ) ;
#9414 = APPROVAL_PERSON_ORGANIZATION ( #11349, #2681, #6555 ) ;
#9415 = LINE ( 'NONE', #8616, #11714 ) ;
#9416 = COORDINATED_UNIVERSAL_TIME_OFFSET ( 8, 0, .AHEAD. ) ;
#9417 = CC_DESIGN_PERSON_AND_ORGANIZATION_ASSIGNMENT ( #4285, #10772, ( #3806 ) ) ;
#9418 = ORIENTED_EDGE ( 'NONE', *, *, #10261, .F. ) ;
#9419 = CIRCLE ( 'NONE', #7281, 9.000000000000007105 ) ;
#9420 = EDGE_CURVE ( 'NONE', #7631, #5310, #2334, .T. ) ;
#9421 = VERTEX_POINT ( 'NONE', #1429 ) ;
#9422 = DIRECTION ( 'NONE',  ( 0.000000000000000000, 0.000000000000000000, -1.000000000000000000 ) ) ;
#9423 = LOCAL_TIME ( 1, 43, 37.00000000000000000, #1334 ) ;
#9424 = DIRECTION ( 'NONE',  ( 0.000000000000000000, 1.000000000000000000, 0.000000000000000000 ) ) ;
#9425 = DIRECTION ( 'NONE',  ( 0.000000000000000000, -1.000000000000000000, 0.000000000000000000 ) ) ;
#9426 = CC_DESIGN_PERSON_AND_ORGANIZATION_ASSIGNMENT ( #9873, #10058, ( #8852 ) ) ;
#9427 = CARTESIAN_POINT ( 'NONE',  ( -165.0000000000000000, 22.00000000000000000, 29.00000000000000000 ) ) ;
#9428 = VECTOR ( 'NONE', #1449, 1000.000000000000000 ) ;
#9429 = DIRECTION ( 'NONE',  ( 0.000000000000000000, 0.000000000000000000, -1.000000000000000000 ) ) ;
#9430 = APPLICATION_PROTOCOL_DEFINITION ( 'international standard', 'config_control_design', 1994, #1467 ) ;
#9431 = COORDINATED_UNIVERSAL_TIME_OFFSET ( 8, 0, .AHEAD. ) ;
#9432 = LOCAL_TIME ( 1, 43, 37.00000000000000000, #5748 ) ;
#9433 = DIRECTION ( 'NONE',  ( 0.000000000000000000, 0.000000000000000000, 1.000000000000000000 ) ) ;
#9434 = CC_DESIGN_APPROVAL ( #818, ( #4209 ) ) ;
#9435 = EDGE_CURVE ( 'NONE', #1564, #4432, #1900, .T. ) ;
#9436 = ORIENTED_EDGE ( 'NONE', *, *, #8473, .T. ) ;
#9437 = CIRCLE ( 'NONE', #4215, 6.999999999999999112 ) ;
#9438 = CARTESIAN_POINT ( 'NONE',  ( -52.50000000000000000, 28.00000000000000000, 131.0000000000000000 ) ) ;
#9439 = EDGE_LOOP ( 'NONE', ( #6185, #4977, #9752, #7039 ) ) ;
#9440 = ADVANCED_FACE ( 'NONE', ( #637, #8030 ), #1492, .T. ) ;
#9441 = ORIENTED_EDGE ( 'NONE', *, *, #10428, .T. ) ;
#9442 = DIRECTION ( 'NONE',  ( -0.000000000000000000, -1.000000000000000000, -0.000000000000000000 ) ) ;
#9443 = CC_DESIGN_SECURITY_CLASSIFICATION ( #4610, ( #11995 ) ) ;
#9444 = EDGE_LOOP ( 'NONE', ( #3628, #594, #9291, #7268, #10359, #5795, #11271, #1919, #3507, #860, #11093, #5447, #9040, #2707, #9481, #1762, #3856, #11236, #1624, #3571 ) ) ;
#9445 = DIRECTION ( 'NONE',  ( -1.000000000000000000, -0.000000000000000000, -0.000000000000000000 ) ) ;
#9446 = CARTESIAN_POINT ( 'NONE',  ( 0.000000000000000000, 48.00000000000000000, 0.000000000000000000 ) ) ;
#9447 = CARTESIAN_POINT ( 'NONE',  ( 0.000000000000000000, 0.000000000000000000, 0.000000000000000000 ) ) ;
#9448 = EDGE_CURVE ( 'NONE', #10853, #5765, #8879, .T. ) ;
#9449 = CIRCLE ( 'NONE', #5766, 7.000000000000006217 ) ;
#9450 = AXIS2_PLACEMENT_3D ( 'NONE', #347, #4168, #3185 ) ;
#9451 = PERSON_AND_ORGANIZATION_ROLE ( 'classification_officer' ) ;
#9452 = APPROVAL_ROLE ( '' ) ;
#9453 = LOCAL_TIME ( 1, 43, 37.00000000000000000, #10441 ) ;
#9454 = ORIENTED_EDGE ( 'NONE', *, *, #6085, .F. ) ;
#9455 = CARTESIAN_POINT ( 'NONE',  ( 7.347880794884118356E-15, 30.00000000000000000, 60.00000000000000000 ) ) ;
#9456 = VERTEX_POINT ( 'NONE', #1608 ) ;
#9457 = VECTOR ( 'NONE', #6214, 1000.000000000000000 ) ;
#9458 = VECTOR ( 'NONE', #9497, 1000.000000000000000 ) ;
#9459 = ORIENTED_EDGE ( 'NONE', *, *, #5919, .F. ) ;
#9460 = DIRECTION ( 'NONE',  ( 0.000000000000000000, 1.000000000000000000, 0.000000000000000000 ) ) ;
#9461 = EDGE_LOOP ( 'NONE', ( #1741, #5373, #2810, #7203 ) ) ;
#9462 = FACE_BOUND ( 'NONE', #11418, .T. ) ;
#9463 = CARTESIAN_POINT ( 'NONE',  ( 0.000000000000000000, 42.00000000000000000, 0.000000000000000000 ) ) ;
#9464 =( LENGTH_UNIT ( ) NAMED_UNIT ( * ) SI_UNIT ( .MILLI., .METRE. ) );
#9465 = LINE ( 'NONE', #4971, #9948 ) ;
#9466 = ORIENTED_EDGE ( 'NONE', *, *, #10149, .F. ) ;
#9467 = AXIS2_PLACEMENT_3D ( 'NONE', #2136, #8509, #11489 ) ;
#9468 = ORIENTED_EDGE ( 'NONE', *, *, #10070, .F. ) ;
#9469 = EDGE_LOOP ( 'NONE', ( #7722, #11347, #7779, #6369 ) ) ;
#9470 = ORIENTED_EDGE ( 'NONE', *, *, #5495, .T. ) ;
#9471 = CARTESIAN_POINT ( 'NONE',  ( 83.78591484719800064, 142.5000000000000000, 25.22242005078194182 ) ) ;
#9472 = PERSON_AND_ORGANIZATION ( #10860, #8800 ) ;
#9473 = CYLINDRICAL_SURFACE ( 'NONE', #893, 5.500000000000005329 ) ;
#9474 = CARTESIAN_POINT ( 'NONE',  ( 0.000000000000000000, 260.0000000000000000, 0.000000000000000000 ) ) ;
#9475 = CIRCLE ( 'NONE', #6564, 8.000000000000021316 ) ;
#9476 = DIRECTION ( 'NONE',  ( 0.000000000000000000, 1.000000000000000000, 0.000000000000000000 ) ) ;
#9477 = DIRECTION ( 'NONE',  ( 0.000000000000000000, 0.000000000000000000, 1.000000000000000000 ) ) ;
#9478 = EDGE_CURVE ( 'NONE', #10071, #230, #3447, .T. ) ;
#9479 = SECURITY_CLASSIFICATION_LEVEL ( 'unclassified' ) ;
#9480 = EDGE_LOOP ( 'NONE', ( #9949, #7889 ) ) ;
#9481 = ORIENTED_EDGE ( 'NONE', *, *, #8590, .F. ) ;
#9482 = ADVANCED_FACE ( 'NONE', ( #5133 ), #3370, .F. ) ;
#9483 = CARTESIAN_POINT ( 'NONE',  ( -95.00000000000000000, 0.000000000000000000, -65.00000000000000000 ) ) ;
#9484 = DIRECTION ( 'NONE',  ( 0.000000000000000000, 1.000000000000000000, 0.000000000000000000 ) ) ;
#9485 = DIRECTION ( 'NONE',  ( 0.000000000000000000, 0.000000000000000000, -1.000000000000000000 ) ) ;
#9486 = CARTESIAN_POINT ( 'NONE',  ( -32.52809175103262618, 0.000000000000000000, -78.52976026345936589 ) ) ;
#9487 = CARTESIAN_POINT ( 'NONE',  ( 0.000000000000000000, 0.000000000000000000, 0.000000000000000000 ) ) ;
#9488 = CARTESIAN_POINT ( 'NONE',  ( -52.50000000000000000, 28.00000000000000000, 131.0000000000000000 ) ) ;
#9489 = ADVANCED_FACE ( 'NONE', ( #8823 ), #6038, .T. ) ;
#9490 = DATE_AND_TIME ( #7360, #6498 ) ;
#9491 = APPLICATION_PROTOCOL_DEFINITION ( 'international standard', 'config_control_design', 1994, #460 ) ;
#9492 = DIRECTION ( 'NONE',  ( 0.000000000000000000, 0.000000000000000000, -1.000000000000000000 ) ) ;
#9493 = ORIENTED_EDGE ( 'NONE', *, *, #5547, .F. ) ;
#9494 = ORIENTED_EDGE ( 'NONE', *, *, #6796, .F. ) ;
#9495 = DIRECTION ( 'NONE',  ( 0.000000000000000000, 1.000000000000000000, 0.000000000000000000 ) ) ;
#9496 = ORIENTED_EDGE ( 'NONE', *, *, #5209, .T. ) ;
#9497 = DIRECTION ( 'NONE',  ( 1.000000000000000000, 0.000000000000000000, 0.000000000000000000 ) ) ;
#9498 = CARTESIAN_POINT ( 'NONE',  ( -85.00000000000000000, 120.0000000000000000, 53.00000000000000000 ) ) ;
#9499 = CC_DESIGN_PERSON_AND_ORGANIZATION_ASSIGNMENT ( #3389, #2418, ( #8831 ) ) ;
#9500 = DIRECTION ( 'NONE',  ( -1.000000000000000000, -0.000000000000000000, -0.000000000000000000 ) ) ;
#9501 = EDGE_CURVE ( 'NONE', #6912, #10298, #7124, .T. ) ;
#9502 = CARTESIAN_POINT ( 'NONE',  ( -140.0000000000000000, 12.00000000000000000, 42.50000000000000000 ) ) ;
#9503 = APPROVAL_STATUS ( 'not_yet_approved' ) ;
#9504 = DATE_AND_TIME ( #1190, #4389 ) ;
#9505 = DATE_TIME_ROLE ( 'classification_date' ) ;
#9506 = DIRECTION ( 'NONE',  ( 0.000000000000000000, 1.000000000000000000, 0.000000000000000000 ) ) ;
#9507 = EDGE_LOOP ( 'NONE', ( #4511, #3535, #1826, #8988 ) ) ;
#9508 = EDGE_CURVE ( 'NONE', #9421, #989, #6100, .T. ) ;
#9509 = ORIENTED_EDGE ( 'NONE', *, *, #8486, .T. ) ;
#9510 = FACE_BOUND ( 'NONE', #2548, .T. ) ;
#9511 = ORIENTED_EDGE ( 'NONE', *, *, #8779, .T. ) ;
#9512 = DIRECTION ( 'NONE',  ( 0.000000000000000000, -1.000000000000000000, 0.000000000000000000 ) ) ;
#9513 = DIRECTION ( 'NONE',  ( -0.000000000000000000, -1.000000000000000000, -0.000000000000000000 ) ) ;
#9514 = AXIS2_PLACEMENT_3D ( 'NONE', #2874, #10049, #4698 ) ;
#9515 = DIRECTION ( 'NONE',  ( -0.000000000000000000, -0.000000000000000000, 1.000000000000000000 ) ) ;
#9516 = ORIENTED_EDGE ( 'NONE', *, *, #7700, .F. ) ;
#9517 = ADVANCED_FACE ( 'NONE', ( #3779 ), #8331, .F. ) ;
#9518 = ADVANCED_FACE ( 'NONE', ( #9307, #9125 ), #6395, .T. ) ;
#9519 = PRODUCT ( 'MKH-001_foundation_flange', 'MKH-001_foundation_flange', '', ( #6154 ) ) ;
#9520 = ORIENTED_EDGE ( 'NONE', *, *, #7473, .F. ) ;
#9521 = ORIENTED_EDGE ( 'NONE', *, *, #9393, .T. ) ;
#9522 = EDGE_CURVE ( 'NONE', #9586, #8672, #8210, .T. ) ;
#9523 = EDGE_LOOP ( 'NONE', ( #10171, #4563, #846 ) ) ;
#9524 = CIRCLE ( 'NONE', #6427, 6.999999999999999112 ) ;
#9525 = LINE ( 'NONE', #11411, #1582 ) ;
#9526 = APPROVAL_DATE_TIME ( #6731, #4534 ) ;
#9527 = DIRECTION ( 'NONE',  ( -0.000000000000000000, 1.000000000000000000, -0.000000000000000000 ) ) ;
#9528 = CARTESIAN_POINT ( 'NONE',  ( 75.75812166592551478, 0.000000000000000000, -38.38004145393736621 ) ) ;
#9529 = AXIS2_PLACEMENT_3D ( 'NONE', #3884, #1951, #7523 ) ;
#9530 = LINE ( 'NONE', #4071, #10516 ) ;
#9531 = LINE ( 'NONE', #3834, #8563 ) ;
#9532 = AXIS2_PLACEMENT_3D ( 'NONE', #24, #3708, #10211 ) ;
#9533 = COORDINATED_UNIVERSAL_TIME_OFFSET ( 8, 0, .AHEAD. ) ;
#9534 = AXIS2_PLACEMENT_3D ( 'NONE', #10796, #6189, #7204 ) ;
#9535 = ORIENTED_EDGE ( 'NONE', *, *, #3921, .T. ) ;
#9536 = ORIENTED_EDGE ( 'NONE', *, *, #7943, .T. ) ;
#9537 = DIRECTION ( 'NONE',  ( 0.000000000000000000, 0.000000000000000000, -1.000000000000000000 ) ) ;
#9538 = EDGE_CURVE ( 'NONE', #4663, #11938, #816, .T. ) ;
#9539 = AXIS2_PLACEMENT_3D ( 'NONE', #6135, #494, #1533 ) ;
#9540 = DIRECTION ( 'NONE',  ( 0.000000000000000000, 1.000000000000000000, 0.000000000000000000 ) ) ;
#9541 = FACE_OUTER_BOUND ( 'NONE', #5735, .T. ) ;
#9542 = CARTESIAN_POINT ( 'NONE',  ( 0.000000000000000000, 225.0000000000000000, -44.00000000000000000 ) ) ;
#9543 = LINE ( 'NONE', #2834, #9167 ) ;
#9544 = CARTESIAN_POINT ( 'NONE',  ( -52.50000000000000000, 28.00000000000000000, 131.0000000000000000 ) ) ;
#9545 = AXIS2_PLACEMENT_3D ( 'NONE', #5181, #7052, #6989 ) ;
#9546 = MECHANICAL_CONTEXT ( 'NONE', #11299, 'mechanical' ) ;
#9547 = APPROVAL_STATUS ( 'not_yet_approved' ) ;
#9548 = DIRECTION ( 'NONE',  ( -0.000000000000000000, -1.000000000000000000, -0.000000000000000000 ) ) ;
#9549 = ORIENTED_EDGE ( 'NONE', *, *, #11120, .T. ) ;
#9550 = AXIS2_PLACEMENT_3D ( 'NONE', #5794, #11313, #10574 ) ;
#9551 = ORIENTED_EDGE ( 'NONE', *, *, #6354, .F. ) ;
#9552 = DIRECTION ( 'NONE',  ( -0.000000000000000000, -1.000000000000000000, -0.000000000000000000 ) ) ;
#9553 = CIRCLE ( 'NONE', #11107, 65.00000000000000000 ) ;
#9554 = EDGE_CURVE ( 'NONE', #2272, #2005, #4035, .T. ) ;
#9555 = PERSON ( 'NAUO-PER20', 'UNSPECIFIED', 'UNSPECIFIED', ('UNSPECIFIED'), ('UNSPECIFIED'), ('UNSPECIFIED') ) ;
#9556 = EDGE_LOOP ( 'NONE', ( #10061, #11787, #11342, #5393 ) ) ;
#9557 = CARTESIAN_POINT ( 'NONE',  ( 5.388445916248353619E-15, 42.00000000000000711, 44.00000000000000000 ) ) ;
#9558 = AXIS2_PLACEMENT_3D ( 'NONE', #5418, #8072, #11788 ) ;
#9559 = CIRCLE ( 'NONE', #1810, 4.500000000000003553 ) ;
#9560 = DIRECTION ( 'NONE',  ( 0.000000000000000000, 0.000000000000000000, 1.000000000000000000 ) ) ;
#9561 = DIRECTION ( 'NONE',  ( 0.000000000000000000, 0.000000000000000000, 1.000000000000000000 ) ) ;
#9562 = CYLINDRICAL_SURFACE ( 'NONE', #683, 7.999999999999996447 ) ;
#9563 = COORDINATED_UNIVERSAL_TIME_OFFSET ( 8, 0, .AHEAD. ) ;
#9564 = APPROVAL_STATUS ( 'not_yet_approved' ) ;
#9565 = AXIS2_PLACEMENT_3D ( 'NONE', #1388, #4185, #5032 ) ;
#9566 = APPROVAL_DATE_TIME ( #3342, #9063 ) ;
#9567 = VECTOR ( 'NONE', #3180, 1000.000000000000000 ) ;
#9568 = APPROVAL ( #771, 'æœª' ) ;
#9569 = EDGE_CURVE ( 'NONE', #5470, #4243, #10427, .T. ) ;
#9570 = CARTESIAN_POINT ( 'NONE',  ( 0.000000000000000000, 0.000000000000000000, -46.00000000000000000 ) ) ;
#9571 = ORIENTED_EDGE ( 'NONE', *, *, #4430, .T. ) ;
#9572 = ORIENTED_EDGE ( 'NONE', *, *, #11583, .F. ) ;
#9573 = FACE_BOUND ( 'NONE', #4310, .T. ) ;
#9574 = LOCAL_TIME ( 1, 43, 37.00000000000000000, #1128 ) ;
#9575 = AXIS2_PLACEMENT_3D ( 'NONE', #689, #5183, #11798 ) ;
#9576 = ORIENTED_EDGE ( 'NONE', *, *, #3367, .T. ) ;
#9577 = CARTESIAN_POINT ( 'NONE',  ( -75.75812166592551478, 0.000000000000000000, -24.38004145393736621 ) ) ;
#9578 = LINE ( 'NONE', #2170, #3534 ) ;
#9579 = CC_DESIGN_PERSON_AND_ORGANIZATION_ASSIGNMENT ( #4201, #8067, ( #7890 ) ) ;
#9580 =( NAMED_UNIT ( * ) PLANE_ANGLE_UNIT ( ) SI_UNIT ( $, .RADIAN. ) );
#9581 = APPROVAL_STATUS ( 'not_yet_approved' ) ;
#9582 = FACE_OUTER_BOUND ( 'NONE', #10286, .T. ) ;
#9583 = ORIENTED_EDGE ( 'NONE', *, *, #11975, .T. ) ;
#9584 = LOCAL_TIME ( 1, 43, 37.00000000000000000, #8948 ) ;
#9585 = VECTOR ( 'NONE', #6823, 1000.000000000000000 ) ;
#9586 = VERTEX_POINT ( 'NONE', #9075 ) ;
#9587 = EDGE_LOOP ( 'NONE', ( #10736, #3393, #11220, #6321 ) ) ;
#9588 = VERTEX_POINT ( 'NONE', #7357 ) ;
#9589 = CARTESIAN_POINT ( 'NONE',  ( -85.00000000000000000, 120.0000000000000000, 60.00000000000000000 ) ) ;
#9590 = CARTESIAN_POINT ( 'NONE',  ( -245.0000000000000000, 20.00000000000000000, 64.00000000000000000 ) ) ;
#9591 = ADVANCED_FACE ( 'NONE', ( #4645 ), #2814, .F. ) ;
#9592 = DIRECTION ( 'NONE',  ( -0.000000000000000000, -1.000000000000000000, -0.000000000000000000 ) ) ;
#9593 = LINE ( 'NONE', #8375, #11082 ) ;
#9594 = CIRCLE ( 'NONE', #4368, 25.00000000000000000 ) ;
#9595 = CARTESIAN_POINT ( 'NONE',  ( 135.0000000000000000, 28.00000000000000000, 114.0000000000000000 ) ) ;
#9596 = DIRECTION ( 'NONE',  ( -0.000000000000000000, -1.000000000000000000, -0.000000000000000000 ) ) ;
#9597 = EDGE_CURVE ( 'NONE', #1525, #3074, #4819, .T. ) ;
#9598 = APPROVAL_DATE_TIME ( #11358, #4907 ) ;
#9599 = EDGE_LOOP ( 'NONE', ( #8161, #7749 ) ) ;
#9600 = ORIENTED_EDGE ( 'NONE', *, *, #1332, .F. ) ;
#9601 = FACE_OUTER_BOUND ( 'NONE', #7087, .T. ) ;
#9602 = DIRECTION ( 'NONE',  ( 0.000000000000000000, 1.000000000000000000, 0.000000000000000000 ) ) ;
#9603 = DIRECTION ( 'NONE',  ( 0.000000000000000000, 0.000000000000000000, -1.000000000000000000 ) ) ;
#9604 = CARTESIAN_POINT ( 'NONE',  ( 0.000000000000000000, 120.0000000000000000, 0.000000000000000000 ) ) ;
#9605 = LOCAL_TIME ( 1, 43, 37.00000000000000000, #36 ) ;
#9606 = CARTESIAN_POINT ( 'NONE',  ( 115.0000000000000000, 12.00000000000000000, -23.49999999999999645 ) ) ;
#9607 = DIRECTION ( 'NONE',  ( -0.000000000000000000, -1.000000000000000000, -0.000000000000000000 ) ) ;
#9608 = CARTESIAN_POINT ( 'NONE',  ( -31.38004145393735911, 30.00000000000000000, 75.75812166592551478 ) ) ;
#9609 = PERSON_AND_ORGANIZATION ( #10860, #8800 ) ;
#9610 = AXIS2_PLACEMENT_3D ( 'NONE', #5889, #6609, #7522 ) ;
#9611 = COORDINATED_UNIVERSAL_TIME_OFFSET ( 8, 0, .AHEAD. ) ;
#9612 = CARTESIAN_POINT ( 'NONE',  ( 75.00000000000000000, 12.00000000000000000, 12.00000000000000000 ) ) ;
#9613 = ORIENTED_EDGE ( 'NONE', *, *, #9741, .F. ) ;
#9614 = EDGE_CURVE ( 'NONE', #6928, #8187, #5611, .T. ) ;
#9615 = SECURITY_CLASSIFICATION ( '', '', #785 ) ;
#9616 = ORIENTED_EDGE ( 'NONE', *, *, #4076, .T. ) ;
#9617 = CARTESIAN_POINT ( 'NONE',  ( -85.00000000000000000, 120.0000000000000000, -52.99999999999999289 ) ) ;
#9618 = CIRCLE ( 'NONE', #7867, 9.000000000000007105 ) ;
#9619 = ORIENTED_EDGE ( 'NONE', *, *, #1943, .T. ) ;
#9620 = DIRECTION ( 'NONE',  ( -0.000000000000000000, -1.000000000000000000, -0.000000000000000000 ) ) ;
#9621 = CARTESIAN_POINT ( 'NONE',  ( -330.0000000000000000, 22.00000000000000000, -75.00000000000000000 ) ) ;
#9622 = CARTESIAN_POINT ( 'NONE',  ( 101.0000000000000000, 28.00000000000000355, -24.00000000000000000 ) ) ;
#9623 = SECURITY_CLASSIFICATION ( '', '', #3008 ) ;
#9624 = APPROVAL_PERSON_ORGANIZATION ( #6283, #818, #4413 ) ;
#9625 = LINE ( 'NONE', #10586, #9395 ) ;
#9626 = PRODUCT_DEFINITION_SHAPE ( 'NONE', 'NONE',  #12001 ) ;
#9627 = DATE_AND_TIME ( #1318, #4548 ) ;
#9628 = PERSON_AND_ORGANIZATION_ROLE ( 'design_owner' ) ;
#9629 = ADVANCED_FACE ( 'NONE', ( #11193 ), #2875, .F. ) ;
#9630 = APPROVAL_STATUS ( 'not_yet_approved' ) ;
#9631 = AXIS2_PLACEMENT_3D ( 'NONE', #3448, #5399, #2591 ) ;
#9632 = SECURITY_CLASSIFICATION ( '', '', #5245 ) ;
#9633 = CARTESIAN_POINT ( 'NONE',  ( 120.0000000000000000, 260.0000000000000000, -110.0000000000000000 ) ) ;
#9634 = ORIENTED_EDGE ( 'NONE', *, *, #696, .T. ) ;
#9635 = VERTEX_POINT ( 'NONE', #764 ) ;
#9636 = DIRECTION ( 'NONE',  ( 0.000000000000000000, 0.000000000000000000, 1.000000000000000000 ) ) ;
#9637 = ORIENTED_EDGE ( 'NONE', *, *, #6665, .F. ) ;
#9638 = VECTOR ( 'NONE', #8959, 1000.000000000000000 ) ;
#9639 = CARTESIAN_POINT ( 'NONE',  ( 105.0000000000000000, 20.00000000000000000, 8.000000000000000000 ) ) ;
#9640 = DIRECTION ( 'NONE',  ( 0.000000000000000000, 1.000000000000000000, 0.000000000000000000 ) ) ;
#9641 = FACE_OUTER_BOUND ( 'NONE', #11941, .T. ) ;
#9642 = PERSON_AND_ORGANIZATION ( #10860, #8800 ) ;
#9643 = CC_DESIGN_PERSON_AND_ORGANIZATION_ASSIGNMENT ( #5256, #6218, ( #9981 ) ) ;
#9644 = DIRECTION ( 'NONE',  ( 0.000000000000000000, 0.000000000000000000, -1.000000000000000000 ) ) ;
#9645 = CARTESIAN_POINT ( 'NONE',  ( -52.50000000000000000, 0.000000000000000000, 131.0000000000000000 ) ) ;
#9646 = EDGE_CURVE ( 'NONE', #2540, #11882, #2697, .T. ) ;
#9647 = ORIENTED_EDGE ( 'NONE', *, *, #7140, .T. ) ;
#9648 = CIRCLE ( 'NONE', #10418, 165.0000000000000000 ) ;
#9649 = VECTOR ( 'NONE', #4787, 1000.000000000000000 ) ;
#9650 = ORIENTED_EDGE ( 'NONE', *, *, #3152, .T. ) ;
#9651 = ORIENTED_EDGE ( 'NONE', *, *, #8063, .T. ) ;
#9652 = DIRECTION ( 'NONE',  ( 0.000000000000000000, -0.000000000000000000, 1.000000000000000000 ) ) ;
#9653 = CYLINDRICAL_SURFACE ( 'NONE', #8471, 6.999999999999999112 ) ;
#9654 = LINE ( 'NONE', #1343, #5169 ) ;
#9655 = DIRECTION ( 'NONE',  ( -1.000000000000000000, 0.000000000000000000, 0.000000000000000000 ) ) ;
#9656 = CC_DESIGN_PERSON_AND_ORGANIZATION_ASSIGNMENT ( #6671, #10433, ( #4411 ) ) ;
#9657 = VECTOR ( 'NONE', #1543, 1000.000000000000000 ) ;
#9658 = EDGE_CURVE ( 'NONE', #1239, #1575, #4582, .T. ) ;
#9659 = LINE ( 'NONE', #8983, #8768 ) ;
#9660 = SECURITY_CLASSIFICATION_LEVEL ( 'unclassified' ) ;
#9661 = EDGE_CURVE ( 'NONE', #6259, #1258, #8248, .T. ) ;
#9662 = VERTEX_POINT ( 'NONE', #5378 ) ;
#9663 = ORIENTED_EDGE ( 'NONE', *, *, #10895, .T. ) ;
#9664 = CYLINDRICAL_SURFACE ( 'NONE', #3132, 9.000000000000035527 ) ;
#9665 = PRODUCT_DEFINITION_FORMATION_WITH_SPECIFIED_SOURCE ( 'ä»', '', #6798, .NOT_KNOWN. ) ;
#9666 = ORIENTED_EDGE ( 'NONE', *, *, #37, .F. ) ;
#9667 = DIRECTION ( 'NONE',  ( -0.000000000000000000, -1.000000000000000000, -0.000000000000000000 ) ) ;
#9668 = EDGE_CURVE ( 'NONE', #7816, #1158, #2104, .T. ) ;
#9669 = CARTESIAN_POINT ( 'NONE',  ( 135.0000000000000000, 31.00000000000000000, 11.00000000000000000 ) ) ;
#9670 = FACE_OUTER_BOUND ( 'NONE', #1392, .T. ) ;
#9671 = DIRECTION ( 'NONE',  ( 0.000000000000000000, 1.000000000000000000, 0.000000000000000000 ) ) ;
#9672 = DIRECTION ( 'NONE',  ( -0.000000000000000000, -1.000000000000000000, -0.000000000000000000 ) ) ;
#9673 = CARTESIAN_POINT ( 'NONE',  ( -117.5000000000000000, 20.00000000000000000, 24.00000000000000000 ) ) ;
#9674 = PERSON_AND_ORGANIZATION ( #10860, #8800 ) ;
#9675 = PERSON_AND_ORGANIZATION ( #10860, #8800 ) ;
#9676 = CARTESIAN_POINT ( 'NONE',  ( -25.22242005078192406, 260.0000000000000000, 83.78591484719800064 ) ) ;
#9677 = ORIENTED_EDGE ( 'NONE', *, *, #3676, .T. ) ;
#9678 = VECTOR ( 'NONE', #4634, 1000.000000000000000 ) ;
#9679 = EDGE_CURVE ( 'NONE', #1337, #11379, #1733, .T. ) ;
#9680 = ORIENTED_EDGE ( 'NONE', *, *, #10629, .T. ) ;
#9681 = DIRECTION ( 'NONE',  ( -0.000000000000000000, -1.000000000000000000, -0.000000000000000000 ) ) ;
#9682 = CARTESIAN_POINT ( 'NONE',  ( -27.55320713028645940, 0.000000000000000000, -66.51932634081263984 ) ) ;
#9683 = CARTESIAN_POINT ( 'NONE',  ( 0.000000000000000000, 330.0000000000000000, 0.000000000000000000 ) ) ;
#9684 = LINE ( 'NONE', #1373, #11984 ) ;
#9685 = CARTESIAN_POINT ( 'NONE',  ( 2.204364238465235033E-15, 180.0000000000000000, 18.00000000000000000 ) ) ;
#9686 = COORDINATED_UNIVERSAL_TIME_OFFSET ( 8, 0, .AHEAD. ) ;
#9687 = CALENDAR_DATE ( 2026, 29, 7 ) ;
#9688 = APPROVAL_DATE_TIME ( #6108, #8746 ) ;
#9689 = DIRECTION ( 'NONE',  ( 0.000000000000000000, 0.000000000000000000, 1.000000000000000000 ) ) ;
#9690 = ORIENTED_EDGE ( 'NONE', *, *, #2064, .F. ) ;
#9691 = ORIENTED_EDGE ( 'NONE', *, *, #1943, .F. ) ;
#9692 = LINE ( 'NONE', #4180, #7755 ) ;
#9693 = ADVANCED_FACE ( 'NONE', ( #9248 ), #9986, .T. ) ;
#9694 = ORIENTED_EDGE ( 'NONE', *, *, #4625, .F. ) ;
#9695 = DIRECTION ( 'NONE',  ( 0.000000000000000000, 0.000000000000000000, -1.000000000000000000 ) ) ;
#9696 = DIRECTION ( 'NONE',  ( 0.000000000000000000, 0.000000000000000000, 1.000000000000000000 ) ) ;
#9697 = DIRECTION ( 'NONE',  ( -0.000000000000000000, -1.000000000000000000, -0.000000000000000000 ) ) ;
#9698 = PERSON_AND_ORGANIZATION ( #10860, #8800 ) ;
#9699 = CARTESIAN_POINT ( 'NONE',  ( 1.163414459189985485E-14, 410.0000000000000000, 95.00000000000001421 ) ) ;
#9700 = VERTEX_POINT ( 'NONE', #3717 ) ;
#9701 = EDGE_LOOP ( 'NONE', ( #7750, #6794 ) ) ;
#9702 = VERTEX_POINT ( 'NONE', #6685 ) ;
#9703 = DIRECTION ( 'NONE',  ( -0.000000000000000000, -1.000000000000000000, -0.000000000000000000 ) ) ;
#9704 = ADVANCED_FACE ( 'NONE', ( #5663 ), #8565, .F. ) ;
#9705 = ADVANCED_BREP_SHAPE_REPRESENTATION ( '', ( #7908, #10725 ), #10731 ) ;
#9706 = DIRECTION ( 'NONE',  ( 0.000000000000000000, 0.000000000000000000, 1.000000000000000000 ) ) ;
#9707 = CARTESIAN_POINT ( 'NONE',  ( 0.000000000000000000, 30.00000000000000000, 0.000000000000000000 ) ) ;
#9708 = CIRCLE ( 'NONE', #3505, 72.50000000000000000 ) ;
#9709 = DESIGN_CONTEXT ( 'detailed design', #1467, 'design' ) ;
#9710 =( NAMED_UNIT ( * ) SI_UNIT ( $, .STERADIAN. ) SOLID_ANGLE_UNIT ( ) );
#9711 = DIRECTION ( 'NONE',  ( 0.000000000000000000, 0.000000000000000000, -1.000000000000000000 ) ) ;
#9712 = EDGE_CURVE ( 'NONE', #5096, #3891, #7768, .T. ) ;
#9713 = APPROVAL_DATE_TIME ( #3222, #1869 ) ;
#9714 = VERTEX_POINT ( 'NONE', #10334 ) ;
#9715 = CIRCLE ( 'NONE', #8548, 52.49999999999997868 ) ;
#9716 = ORIENTED_EDGE ( 'NONE', *, *, #9554, .F. ) ;
#9717 = LINE ( 'NONE', #4078, #10888 ) ;
#9718 = CC_DESIGN_PERSON_AND_ORGANIZATION_ASSIGNMENT ( #6412, #1103, ( #5576 ) ) ;
#9719 = SHAPE_REPRESENTATION ( 'MKH-006_upper_arm_link', ( #10725 ), #2019 ) ;
#9720 = EDGE_CURVE ( 'NONE', #2060, #1271, #8690, .T. ) ;
#9721 = ORIENTED_EDGE ( 'NONE', *, *, #3288, .T. ) ;
#9722 = DIRECTION ( 'NONE',  ( -0.000000000000000000, -1.000000000000000000, -0.000000000000000000 ) ) ;
#9723 = PRODUCT ( 'MKH-005_j2_output_shaft', 'MKH-005_j2_output_shaft', '', ( #9991 ) ) ;
#9724 = CARTESIAN_POINT ( 'NONE',  ( 15.00000000000000000, 28.00000000000000000, -7.500000000000000000 ) ) ;
#9725 = DIRECTION ( 'NONE',  ( -0.000000000000000000, -1.000000000000000000, -0.000000000000000000 ) ) ;
#9726 = CARTESIAN_POINT ( 'NONE',  ( -42.00000000000000000, 0.000000000000000000, 0.000000000000000000 ) ) ;
#9727 = CARTESIAN_POINT ( 'NONE',  ( -83.78591484719797222, 0.000000000000000000, -25.22242005078197735 ) ) ;
#9728 = CC_DESIGN_PERSON_AND_ORGANIZATION_ASSIGNMENT ( #2142, #4939, ( #9830 ) ) ;
#9729 = DIRECTION ( 'NONE',  ( -0.000000000000000000, -1.000000000000000000, -0.000000000000000000 ) ) ;
#9730 = APPROVAL_ROLE ( '' ) ;
#9731 = PERSON_AND_ORGANIZATION_ROLE ( 'design_supplier' ) ;
#9732 = DIRECTION ( 'NONE',  ( 0.000000000000000000, 1.000000000000000000, 0.000000000000000000 ) ) ;
#9733 = ORIENTED_EDGE ( 'NONE', *, *, #9420, .T. ) ;
#9734 = AXIS2_PLACEMENT_3D ( 'NONE', #7033, #11657, #3398 ) ;
#9735 = ORIENTED_EDGE ( 'NONE', *, *, #5495, .F. ) ;
#9736 = FACE_OUTER_BOUND ( 'NONE', #1287, .T. ) ;
#9737 = ADVANCED_FACE ( 'NONE', ( #5725, #9541, #2028, #2199, #8447, #11368 ), #10448, .F. ) ;
#9738 = FACE_BOUND ( 'NONE', #4803, .T. ) ;
#9739 = VECTOR ( 'NONE', #9821, 1000.000000000000000 ) ;
#9740 = LINE ( 'NONE', #5134, #7504 ) ;
#9741 = EDGE_CURVE ( 'NONE', #9143, #1423, #4082, .T. ) ;
#9742 = DIRECTION ( 'NONE',  ( 0.000000000000000000, -0.000000000000000000, 1.000000000000000000 ) ) ;
#9743 = DIRECTION ( 'NONE',  ( 0.000000000000000000, 0.000000000000000000, -1.000000000000000000 ) ) ;
#9744 = AXIS2_PLACEMENT_3D ( 'NONE', #579, #1606, #7842 ) ;
#9745 = AXIS2_PLACEMENT_3D ( 'NONE', #9, #7386, #11102 ) ;
#9746 = PERSON_AND_ORGANIZATION ( #10860, #8800 ) ;
#9747 = APPROVAL_STATUS ( 'not_yet_approved' ) ;
#9748 = APPROVAL_STATUS ( 'not_yet_approved' ) ;
#9749 = EDGE_CURVE ( 'NONE', #9586, #11410, #748, .T. ) ;
#9750 = CIRCLE ( 'NONE', #8569, 30.00000000000000000 ) ;
#9751 = CARTESIAN_POINT ( 'NONE',  ( -117.5000000000000000, 20.00000000000000000, 24.00000000000000000 ) ) ;
#9752 = ORIENTED_EDGE ( 'NONE', *, *, #618, .F. ) ;
#9753 = VECTOR ( 'NONE', #3521, 1000.000000000000000 ) ;
#9754 = VECTOR ( 'NONE', #11530, 1000.000000000000000 ) ;
#9755 = EDGE_CURVE ( 'NONE', #3850, #9796, #6800, .T. ) ;
#9756 = EDGE_LOOP ( 'NONE', ( #5674, #9136, #6668, #11873, #11258, #11038, #847, #2525 ) ) ;
#9757 = ORIENTED_EDGE ( 'NONE', *, *, #11438, .T. ) ;
#9758 = DIRECTION ( 'NONE',  ( 0.000000000000000000, 1.000000000000000000, 0.000000000000000000 ) ) ;
#9759 = CARTESIAN_POINT ( 'NONE',  ( 105.0000000000000000, 20.00000000000000000, 8.000000000000000000 ) ) ;
#9760 = LINE ( 'NONE', #6611, #7723 ) ;
#9761 = DIRECTION ( 'NONE',  ( 0.000000000000000000, -1.000000000000000000, 6.123233995736766036E-17 ) ) ;
#9762 = APPLICATION_CONTEXT ( 'configuration controlled 3d designs of mechanical parts and assemblies' ) ;
#9763 = CALENDAR_DATE ( 2026, 29, 7 ) ;
#9764 = DIRECTION ( 'NONE',  ( -0.000000000000000000, -1.000000000000000000, -0.000000000000000000 ) ) ;
#9765 = AXIS2_PLACEMENT_3D ( 'NONE', #11436, #11503, #5249 ) ;
#9766 = EDGE_CURVE ( 'NONE', #5763, #2039, #5208, .T. ) ;
#9767 = ORIENTED_EDGE ( 'NONE', *, *, #319, .F. ) ;
#9768 = ORIENTED_EDGE ( 'NONE', *, *, #1488, .F. ) ;
#9769 = AXIS2_PLACEMENT_3D ( 'NONE', #3296, #6206, #8935 ) ;
#9770 = VERTEX_POINT ( 'NONE', #6569 ) ;
#9771 = FACE_BOUND ( 'NONE', #1326, .T. ) ;
#9772 = CIRCLE ( 'NONE', #4546, 4.500000000000007105 ) ;
#9773 = ORIENTED_EDGE ( 'NONE', *, *, #7406, .T. ) ;
#9774 = CYLINDRICAL_SURFACE ( 'NONE', #4968, 7.000000000000020428 ) ;
#9775 = PLANE ( 'NONE',  #9734 ) ;
#9776 =( LENGTH_UNIT ( ) NAMED_UNIT ( * ) SI_UNIT ( .MILLI., .METRE. ) );
#9777 = PLANE ( 'NONE',  #6436 ) ;
#9778 = AXIS2_PLACEMENT_3D ( 'NONE', #4780, #1928, #2277 ) ;
#9779 = DATE_AND_TIME ( #796, #8286 ) ;
#9780 = ADVANCED_FACE ( 'NONE', ( #10273 ), #205, .F. ) ;
#9781 = ORIENTED_EDGE ( 'NONE', *, *, #9003, .T. ) ;
#9782 = ORIENTED_EDGE ( 'NONE', *, *, #2897, .F. ) ;
#9783 = CARTESIAN_POINT ( 'NONE',  ( 0.000000000000000000, 20.00000000000000000, 11.00000000000000000 ) ) ;
#9784 = EDGE_LOOP ( 'NONE', ( #5408, #6429, #6190, #9934 ) ) ;
#9785 = LINE ( 'NONE', #5969, #10484 ) ;
#9786 = AXIS2_PLACEMENT_3D ( 'NONE', #8213, #5613, #7416 ) ;
#9787 = DIRECTION ( 'NONE',  ( 0.000000000000000000, -0.000000000000000000, 1.000000000000000000 ) ) ;
#9788 = LINE ( 'NONE', #1475, #1336 ) ;
#9789 = DIRECTION ( 'NONE',  ( 0.000000000000000000, 0.000000000000000000, 1.000000000000000000 ) ) ;
#9790 = DIRECTION ( 'NONE',  ( 1.000000000000000000, -0.000000000000000000, 0.000000000000000000 ) ) ;
#9791 = DIRECTION ( 'NONE',  ( 0.000000000000000000, 0.000000000000000000, -1.000000000000000000 ) ) ;
#9792 = DATE_AND_TIME ( #6269, #3243 ) ;
#9794 = EDGE_CURVE ( 'NONE', #6380, #6828, #7515, .T. ) ;
#9793 = DIRECTION ( 'NONE',  ( 0.000000000000000000, 1.000000000000000000, 0.000000000000000000 ) ) ;
#9795 = EDGE_CURVE ( 'NONE', #3837, #10548, #9366, .T. ) ;
#9796 = VERTEX_POINT ( 'NONE', #329 ) ;
#9797 = CC_DESIGN_PERSON_AND_ORGANIZATION_ASSIGNMENT ( #224, #3918, ( #9623 ) ) ;
#9798 = LINE ( 'NONE', #9862, #4533 ) ;
#9799 = LOCAL_TIME ( 1, 43, 37.00000000000000000, #2069 ) ;
#9800 = CARTESIAN_POINT ( 'NONE',  ( 0.000000000000000000, 30.00000000000000000, 0.000000000000000000 ) ) ;
#9801 = DIRECTION ( 'NONE',  ( 0.000000000000000000, 0.000000000000000000, 1.000000000000000000 ) ) ;
#9803 = CIRCLE ( 'NONE', #3009, 9.000000000000007105 ) ;
#9802 = FACE_BOUND ( 'NONE', #2725, .T. ) ;
#9804 = DIRECTION ( 'NONE',  ( 1.000000000000000000, -0.000000000000000000, 0.000000000000000000 ) ) ;
#9805 = CALENDAR_DATE ( 2026, 29, 7 ) ;
#9806 = CALENDAR_DATE ( 2026, 29, 7 ) ;
#9807 = EDGE_CURVE ( 'NONE', #11273, #3972, #4760, .T. ) ;
#9808 = APPROVAL_PERSON_ORGANIZATION ( #5554, #8900, #8451 ) ;
#9809 = CONTEXT_DEPENDENT_SHAPE_REPRESENTATION ( #2315, #7184 ) ;
#9810 = VERTEX_POINT ( 'NONE', #2085 ) ;
#9811 = EDGE_CURVE ( 'NONE', #8654, #5371, #7534, .T. ) ;
#9812 = AXIS2_PLACEMENT_3D ( 'NONE', #3689, #4491, #4436 ) ;
#9813 = LINE ( 'NONE', #9751, #11711 ) ;
#9814 = ORIENTED_EDGE ( 'NONE', *, *, #8500, .F. ) ;
#9815 = LOCAL_TIME ( 1, 43, 37.00000000000000000, #6347 ) ;
#9816 = EDGE_LOOP ( 'NONE', ( #7506, #9218 ) ) ;
#9817 = CC_DESIGN_APPROVAL ( #5207, ( #8053 ) ) ;
#9818 = EDGE_LOOP ( 'NONE', ( #424, #10960, #6426, #11382, #1793, #11096, #3749, #4629 ) ) ;
#9819 = ADVANCED_FACE ( 'NONE', ( #7590 ), #7715, .F. ) ;
#9820 = FACE_OUTER_BOUND ( 'NONE', #3516, .T. ) ;
#9821 = DIRECTION ( 'NONE',  ( -0.000000000000000000, -0.000000000000000000, 1.000000000000000000 ) ) ;
#9822 = DIRECTION ( 'NONE',  ( 1.000000000000000000, 0.000000000000000000, 0.000000000000000000 ) ) ;
#9823 = CARTESIAN_POINT ( 'NONE',  ( 505.3152007388991365, 724.1605934116720391, -135.0000000000000000 ) ) ;
#9824 = VECTOR ( 'NONE', #6308, 1000.000000000000000 ) ;
#9825 = PERSON_AND_ORGANIZATION ( #10860, #8800 ) ;
#9826 = DIRECTION ( 'NONE',  ( 0.000000000000000000, 0.000000000000000000, 1.000000000000000000 ) ) ;
#9827 = CC_DESIGN_APPROVAL ( #5863, ( #522 ) ) ;
#9828 = LOCAL_TIME ( 1, 43, 37.00000000000000000, #1739 ) ;
#9829 = ORIENTED_EDGE ( 'NONE', *, *, #9749, .F. ) ;
#9830 = PRODUCT ( 'MKH-002_base_column', 'MKH-002_base_column', '', ( #5844 ) ) ;
#9831 = ORIENTED_EDGE ( 'NONE', *, *, #9668, .T. ) ;
#9832 = ORIENTED_EDGE ( 'NONE', *, *, #10503, .F. ) ;
#9833 = VECTOR ( 'NONE', #4479, 1000.000000000000000 ) ;
#9834 = ORIENTED_EDGE ( 'NONE', *, *, #8892, .T. ) ;
#9835 = FACE_BOUND ( 'NONE', #8742, .T. ) ;
#9836 = EDGE_LOOP ( 'NONE', ( #2473, #2238, #1273, #5281, #258, #10863, #7058, #4910, #4334, #5657, #3641, #10024, #3996, #9184, #3457, #11759, #11061, #4550, #6227, #9258 ) ) ;
#9837 = APPLICATION_CONTEXT ( 'configuration controlled 3d designs of mechanical parts and assemblies' ) ;
#9838 = LINE ( 'NONE', #5226, #903 ) ;
#9839 = CARTESIAN_POINT ( 'NONE',  ( -133.9625322141365871, 30.00000000000000000, -64.48909769293800309 ) ) ;
#9840 = LOCAL_TIME ( 1, 43, 37.00000000000000000, #10040 ) ;
#9841 = FACE_BOUND ( 'NONE', #4140, .T. ) ;
#9842 = CLOSED_SHELL ( 'NONE', ( #214, #8820, #3586, #2037, #10110, #633, #9629, #1730, #2873, #4111, #10611, #2818, #2937, #4593, #2312, #920, #11477, #3259, #3539, #5275, #4954, #7547, #11227, #9872, #3400 ) ) ;
#9843 = CIRCLE ( 'NONE', #10999, 46.00000000000000000 ) ;
#9844 = CALENDAR_DATE ( 2026, 29, 7 ) ;
#9845 = ORIENTED_EDGE ( 'NONE', *, *, #11510, .T. ) ;
#9846 = ORGANIZATION ( 'NAUO-ORG12', 'UNSPECIFIED', 'UNSPECIFIED' ) ;
#9847 = VERTEX_POINT ( 'NONE', #10502 ) ;
#9848 = CARTESIAN_POINT ( 'NONE',  ( 0.000000000000000000, 0.000000000000000000, 0.000000000000000000 ) ) ;
#9849 = ORIENTED_EDGE ( 'NONE', *, *, #601, .F. ) ;
#9850 = CYLINDRICAL_SURFACE ( 'NONE', #7185, 9.000000000000007105 ) ;
#9851 = CIRCLE ( 'NONE', #1130, 7.000000000000006217 ) ;
#9852 = DIRECTION ( 'NONE',  ( 0.000000000000000000, -0.000000000000000000, 1.000000000000000000 ) ) ;
#9853 = DIRECTION ( 'NONE',  ( 0.000000000000000000, 0.000000000000000000, 1.000000000000000000 ) ) ;
#9854 = EDGE_CURVE ( 'NONE', #5223, #5592, #7129, .T. ) ;
#9855 = FACE_BOUND ( 'NONE', #11300, .T. ) ;
#9856 = CARTESIAN_POINT ( 'NONE',  ( 115.0000000000000000, 12.00000000000000000, -28.00000000000000000 ) ) ;
#9857 = FACE_OUTER_BOUND ( 'NONE', #4902, .T. ) ;
#9858 = APPROVAL_STATUS ( 'not_yet_approved' ) ;
#9859 = CYLINDRICAL_SURFACE ( 'NONE', #8759, 57.99999999999999289 ) ;
#9860 = ADVANCED_FACE ( 'NONE', ( #4271 ), #5973, .F. ) ;
#9861 = ORIENTED_EDGE ( 'NONE', *, *, #8325, .T. ) ;
#9862 = CARTESIAN_POINT ( 'NONE',  ( -105.0000000000000000, 0.000000000000000000, 95.00000000000000000 ) ) ;
#9863 = CARTESIAN_POINT ( 'NONE',  ( 1.592040838891559135E-14, 360.0000000000000000, 130.0000000000000000 ) ) ;
#9864 = ADVANCED_FACE ( 'NONE', ( #2261 ), #10566, .F. ) ;
#9865 = PERSON ( 'NAUO-PER3', 'UNSPECIFIED', 'UNSPECIFIED', ('UNSPECIFIED'), ('UNSPECIFIED'), ('UNSPECIFIED') ) ;
#9866 = DIRECTION ( 'NONE',  ( 1.000000000000000000, 0.000000000000000000, 0.000000000000000000 ) ) ;
#9867 = DIRECTION ( 'NONE',  ( -0.000000000000000000, -1.000000000000000000, -0.000000000000000000 ) ) ;
#9868 = AXIS2_PLACEMENT_3D ( 'NONE', #11115, #10996, #2736 ) ;
#9869 = CARTESIAN_POINT ( 'NONE',  ( -180.0000000000000000, 34.00000000000000000, 12.00000000000000000 ) ) ;
#9870 = DATE_AND_TIME ( #7128, #10545 ) ;
#9871 = COORDINATED_UNIVERSAL_TIME_OFFSET ( 8, 0, .AHEAD. ) ;
#9872 = ADVANCED_FACE ( 'NONE', ( #9670, #2503 ), #3412, .T. ) ;
#9873 = PERSON_AND_ORGANIZATION ( #1310, #335 ) ;
#9874 = CARTESIAN_POINT ( 'NONE',  ( 85.00000000000000000, 120.0000000000000000, -60.00000000000000000 ) ) ;
#9875 = ORIENTED_EDGE ( 'NONE', *, *, #3938, .F. ) ;
#9876 = CC_DESIGN_PERSON_AND_ORGANIZATION_ASSIGNMENT ( #7259, #9094, ( #7872 ) ) ;
#9877 = EDGE_CURVE ( 'NONE', #5342, #4731, #9906, .T. ) ;
#9878 = ORIENTED_EDGE ( 'NONE', *, *, #9379, .F. ) ;
#9879 = DIRECTION ( 'NONE',  ( -0.000000000000000000, -1.000000000000000000, -0.000000000000000000 ) ) ;
#9880 = ORIENTED_EDGE ( 'NONE', *, *, #3720, .F. ) ;
#9881 = CARTESIAN_POINT ( 'NONE',  ( 165.0000000000000000, 0.000000000000000000, 29.00000000000000000 ) ) ;
#9882 = FACE_OUTER_BOUND ( 'NONE', #9933, .T. ) ;
#9883 = CARTESIAN_POINT ( 'NONE',  ( -66.51932634081263984, 220.0000000000000000, 27.55320713028645585 ) ) ;
#9884 =( LENGTH_UNIT ( ) NAMED_UNIT ( * ) SI_UNIT ( .MILLI., .METRE. ) );
#9885 = CALENDAR_DATE ( 2026, 29, 7 ) ;
#9886 = DIRECTION ( 'NONE',  ( 0.000000000000000000, 0.000000000000000000, -1.000000000000000000 ) ) ;
#9887 = EDGE_CURVE ( 'NONE', #3851, #4354, #4328, .T. ) ;
#9888 = ORIENTED_EDGE ( 'NONE', *, *, #5147, .T. ) ;
#9889 = ORIENTED_EDGE ( 'NONE', *, *, #6246, .F. ) ;
#9890 = DIRECTION ( 'NONE',  ( 0.000000000000000000, 0.000000000000000000, 1.000000000000000000 ) ) ;
#9891 = ORIENTED_EDGE ( 'NONE', *, *, #1933, .T. ) ;
#9892 = CARTESIAN_POINT ( 'NONE',  ( 0.000000000000000000, 0.000000000000000000, 0.000000000000000000 ) ) ;
#9893 = LINE ( 'NONE', #492, #8553 ) ;
#9894 = SHAPE_REPRESENTATION_RELATIONSHIP ( 'NONE' , 'NONE' ,  #10643, #8267 ) ;
#9895 = EDGE_CURVE ( 'NONE', #9302, #11956, #10236, .T. ) ;
#9896 = CARTESIAN_POINT ( 'NONE',  ( 15.00000000000000000, 0.000000000000000000, -7.500000000000000000 ) ) ;
#9897 = COORDINATED_UNIVERSAL_TIME_OFFSET ( 8, 0, .AHEAD. ) ;
#9898 = EDGE_CURVE ( 'NONE', #6981, #5532, #8077, .T. ) ;
#9899 = ORIENTED_EDGE ( 'NONE', *, *, #327, .F. ) ;
#9900 = ORIENTED_EDGE ( 'NONE', *, *, #3985, .F. ) ;
#9901 = CARTESIAN_POINT ( 'NONE',  ( 0.000000000000000000, 28.00000000000000000, 0.000000000000000000 ) ) ;
#9902 = EDGE_LOOP ( 'NONE', ( #3021, #10283, #3693, #2427 ) ) ;
#9903 = AXIS2_PLACEMENT_3D ( 'NONE', #880, #4462, #8144 ) ;
#9904 = DIRECTION ( 'NONE',  ( 0.000000000000000000, 1.000000000000000000, 0.000000000000000000 ) ) ;
#9905 = DIRECTION ( 'NONE',  ( 0.000000000000000000, 1.000000000000000000, 0.000000000000000000 ) ) ;
#9906 = LINE ( 'NONE', #570, #8889 ) ;
#9907 = CARTESIAN_POINT ( 'NONE',  ( 117.5000000000000000, 0.000000000000000000, -24.00000000000000000 ) ) ;
#9908 = CARTESIAN_POINT ( 'NONE',  ( -75.00000000000000000, 12.00000000000000000, 12.00000000000000000 ) ) ;
#9909 = CARTESIAN_POINT ( 'NONE',  ( 272.5000000000000000, 22.00000000000000000, -68.99999999999997158 ) ) ;
#9910 = APPROVAL_ROLE ( '' ) ;
#9911 = DIRECTION ( 'NONE',  ( 0.000000000000000000, 0.000000000000000000, -1.000000000000000000 ) ) ;
#9912 = ORIENTED_EDGE ( 'NONE', *, *, #5179, .F. ) ;
#9913 = AXIS2_PLACEMENT_3D ( 'NONE', #4859, #5822, #1039 ) ;
#9914 = EDGE_CURVE ( 'NONE', #7696, #7597, #4431, .T. ) ;
#9915 = ORIENTED_EDGE ( 'NONE', *, *, #3196, .T. ) ;
#9916 = DIRECTION ( 'NONE',  ( 1.000000000000000000, 0.000000000000000000, 0.000000000000000000 ) ) ;
#9917 = CARTESIAN_POINT ( 'NONE',  ( 0.000000000000000000, 305.0000000000000000, 0.000000000000000000 ) ) ;
#9918 = DIRECTION ( 'NONE',  ( 0.000000000000000000, 1.000000000000000000, 0.000000000000000000 ) ) ;
#9919 = AXIS2_PLACEMENT_3D ( 'NONE', #11036, #3927, #9277 ) ;
#9920 = DIRECTION ( 'NONE',  ( 0.000000000000000000, 1.000000000000000000, 0.000000000000000000 ) ) ;
#9921 = DIRECTION ( 'NONE',  ( 1.000000000000000000, -0.000000000000000000, 0.000000000000000000 ) ) ;
#9922 = DIRECTION ( 'NONE',  ( 0.000000000000000000, 0.000000000000000000, 1.000000000000000000 ) ) ;
#9923 = AXIS2_PLACEMENT_3D ( 'NONE', #9474, #5774, #3034 ) ;
#9924 = PRODUCT_DEFINITION_SHAPE ( 'NONE', 'NONE',  #11995 ) ;
#9925 = CALENDAR_DATE ( 2026, 29, 7 ) ;
#9926 = APPROVAL_DATE_TIME ( #3492, #8148 ) ;
#9927 = AXIS2_PLACEMENT_3D ( 'NONE', #11185, #3658, #6330 ) ;
#9928 = DATE_AND_TIME ( #4528, #916 ) ;
#9929 = CIRCLE ( 'NONE', #5664, 4.500000000000007105 ) ;
#9930 = EDGE_CURVE ( 'NONE', #28, #10298, #6024, .T. ) ;
#9931 = DIRECTION ( 'NONE',  ( 0.000000000000000000, 0.000000000000000000, -1.000000000000000000 ) ) ;
#9932 = CIRCLE ( 'NONE', #6249, 59.00000000000000711 ) ;
#9933 = EDGE_LOOP ( 'NONE', ( #9404, #2908, #5449, #2065 ) ) ;
#9934 = ORIENTED_EDGE ( 'NONE', *, *, #479, .F. ) ;
#9935 = CARTESIAN_POINT ( 'NONE',  ( -115.0000000000000000, 12.00000000000000000, -28.00000000000000000 ) ) ;
#9936 = CIRCLE ( 'NONE', #3537, 8.000000000000010658 ) ;
#9937 = ORIENTED_EDGE ( 'NONE', *, *, #6665, .T. ) ;
#9938 = FACE_BOUND ( 'NONE', #9215, .T. ) ;
#9939 = CARTESIAN_POINT ( 'NONE',  ( 272.5000000000000000, 0.000000000000000000, 52.49999999999997868 ) ) ;
#9940 = FACE_OUTER_BOUND ( 'NONE', #10821, .T. ) ;
#9941 = CARTESIAN_POINT ( 'NONE',  ( 1068.500283685594695, 645.6047378353264321, -38.00000000000000000 ) ) ;
#9942 = COORDINATED_UNIVERSAL_TIME_OFFSET ( 8, 0, .AHEAD. ) ;
#9943 = CARTESIAN_POINT ( 'NONE',  ( 75.75812166592551478, 0.000000000000000000, -31.38004145393736266 ) ) ;
#9944 = AXIS2_PLACEMENT_3D ( 'NONE', #2263, #1360, #6469 ) ;
#9945 = CC_DESIGN_PERSON_AND_ORGANIZATION_ASSIGNMENT ( #8649, #10652, ( #5176 ) ) ;
#9946 = CC_DESIGN_PERSON_AND_ORGANIZATION_ASSIGNMENT ( #114, #2046, ( #421 ) ) ;
#9947 = AXIS2_PLACEMENT_3D ( 'NONE', #5238, #8808, #441 ) ;
#9948 = VECTOR ( 'NONE', #11166, 1000.000000000000000 ) ;
#9949 = ORIENTED_EDGE ( 'NONE', *, *, #11909, .F. ) ;
#9950 = VERTEX_POINT ( 'NONE', #6084 ) ;
#9951 = CARTESIAN_POINT ( 'NONE',  ( 0.000000000000000000, 0.000000000000000000, 0.000000000000000000 ) ) ;
#9952 = APPROVAL ( #1222, 'UNKNOWN' ) ;
#9953 = VECTOR ( 'NONE', #1281, 1000.000000000000000 ) ;
#9954 = EDGE_LOOP ( 'NONE', ( #1011, #1378, #5259, #5008 ) ) ;
#9955 = DIRECTION ( 'NONE',  ( -1.000000000000000000, 0.000000000000000000, -0.000000000000000000 ) ) ;
#9956 = CARTESIAN_POINT ( 'NONE',  ( -70.00000000000000000, 95.00000000000000000, -39.49999999999999289 ) ) ;
#9957 = AXIS2_PLACEMENT_3D ( 'NONE', #4444, #4789, #7102 ) ;
#9958 = DIRECTION ( 'NONE',  ( 0.000000000000000000, 0.000000000000000000, 1.000000000000000000 ) ) ;
#9959 = CYLINDRICAL_SURFACE ( 'NONE', #4709, 59.00000000000000711 ) ;
#9960 = ORIENTED_EDGE ( 'NONE', *, *, #972, .F. ) ;
#9961 = DATE_AND_TIME ( #2371, #11780 ) ;
#9962 = VECTOR ( 'NONE', #3591, 1000.000000000000000 ) ;
#9963 = ORIENTED_EDGE ( 'NONE', *, *, #2728, .F. ) ;
#9964 = ORIENTED_EDGE ( 'NONE', *, *, #3504, .T. ) ;
#9965 = AXIS2_PLACEMENT_3D ( 'NONE', #8637, #11319, #166 ) ;
#9966 = CARTESIAN_POINT ( 'NONE',  ( 6.429395695523603956E-15, 260.0000000000000000, 52.50000000000000000 ) ) ;
#9967 = EDGE_CURVE ( 'NONE', #1764, #11729, #5240, .T. ) ;
#9968 = ORIENTED_EDGE ( 'NONE', *, *, #227, .F. ) ;
#9969 = DIRECTION ( 'NONE',  ( -0.000000000000000000, 1.000000000000000000, -0.000000000000000000 ) ) ;
#9970 = FACE_OUTER_BOUND ( 'NONE', #9444, .T. ) ;
#9971 = CARTESIAN_POINT ( 'NONE',  ( -165.0000000000000000, 22.00000000000000000, 29.00000000000000000 ) ) ;
#9972 = APPROVAL_PERSON_ORGANIZATION ( #7181, #2298, #5441 ) ;
#9974 = CARTESIAN_POINT ( 'NONE',  ( -42.00000000000000000, 28.00000000000000000, 0.000000000000000000 ) ) ;
#9973 = VECTOR ( 'NONE', #9822, 1000.000000000000000 ) ;
#9975 = EDGE_CURVE ( 'NONE', #7486, #2601, #947, .T. ) ;
#9976 = LINE ( 'NONE', #1660, #2575 ) ;
#9977 = CARTESIAN_POINT ( 'NONE',  ( 34.96597842945571699, 0.000000000000000000, -63.51086798706845116 ) ) ;
#9978 = DATE_TIME_ROLE ( 'classification_date' ) ;
#9979 = DIRECTION ( 'NONE',  ( 0.000000000000000000, 0.000000000000000000, 1.000000000000000000 ) ) ;
#9980 = ORIENTED_EDGE ( 'NONE', *, *, #9222, .T. ) ;
#9981 = PRODUCT_DEFINITION_FORMATION_WITH_SPECIFIED_SOURCE ( 'ä»', '', #5384, .NOT_KNOWN. ) ;
#9982 = ORIENTED_EDGE ( 'NONE', *, *, #1095, .T. ) ;
#9983 = VECTOR ( 'NONE', #7915, 1000.000000000000000 ) ;
#9984 = DIRECTION ( 'NONE',  ( 0.000000000000000000, 0.000000000000000000, -1.000000000000000000 ) ) ;
#9985 = CYLINDRICAL_SURFACE ( 'NONE', #4497, 8.999999999999994671 ) ;
#9986 = CYLINDRICAL_SURFACE ( 'NONE', #3651, 34.00000000000000000 ) ;
#9987 = DIRECTION ( 'NONE',  ( 0.000000000000000000, 0.000000000000000000, -1.000000000000000000 ) ) ;
#9988 = CARTESIAN_POINT ( 'NONE',  ( -105.0000000000000000, 220.0000000000000000, 95.00000000000000000 ) ) ;
#9989 = DIRECTION ( 'NONE',  ( -0.000000000000000000, -1.000000000000000000, -0.000000000000000000 ) ) ;
#9990 = CALENDAR_DATE ( 2026, 29, 7 ) ;
#9991 = MECHANICAL_CONTEXT ( 'NONE', #10285, 'mechanical' ) ;
#9992 = VECTOR ( 'NONE', #4874, 1000.000000000000000 ) ;
#9993 = PERSON_AND_ORGANIZATION_ROLE ( 'classification_officer' ) ;
#9994 = CARTESIAN_POINT ( 'NONE',  ( 330.0000000000000000, 38.00000000000000000, 38.14118508908706673 ) ) ;
#9995 = ORIENTED_EDGE ( 'NONE', *, *, #3044, .F. ) ;
#9996 = ORIENTED_EDGE ( 'NONE', *, *, #4664, .T. ) ;
#9997 = CARTESIAN_POINT ( 'NONE',  ( 83.78591484719800064, 260.0000000000000000, -25.22242005078197380 ) ) ;
#9998 = EDGE_LOOP ( 'NONE', ( #9551, #3870, #1112, #4277 ) ) ;
#9999 = CARTESIAN_POINT ( 'NONE',  ( -196.0000000000000000, 34.00000000000000000, -43.99999999999997158 ) ) ;
#10000 = CYLINDRICAL_SURFACE ( 'NONE', #3542, 5.500000000000005329 ) ;
#10001 = LOCAL_TIME ( 1, 43, 37.00000000000000000, #3030 ) ;
#10002 = PLANE ( 'NONE',  #1057 ) ;
#10003 = EDGE_CURVE ( 'NONE', #2272, #1713, #9788, .T. ) ;
#10004 = SHAPE_DEFINITION_REPRESENTATION ( #5835, #10957 ) ;
#10005 = CIRCLE ( 'NONE', #6320, 5.500000000000005329 ) ;
#10006 = ORIENTED_EDGE ( 'NONE', *, *, #3452, .F. ) ;
#10007 = CC_DESIGN_APPROVAL ( #905, ( #5576 ) ) ;
#10008 = ORIENTED_EDGE ( 'NONE', *, *, #6193, .T. ) ;
#10009 = ORIENTED_EDGE ( 'NONE', *, *, #4885, .T. ) ;
#10010 = CARTESIAN_POINT ( 'NONE',  ( 66.51932634081263984, 220.0000000000000000, 27.55320713028645585 ) ) ;
#10011 = EDGE_CURVE ( 'NONE', #9810, #4831, #3463, .T. ) ;
#10012 = VERTEX_POINT ( 'NONE', #1416 ) ;
#10013 = CIRCLE ( 'NONE', #10393, 30.00000000000000000 ) ;
#10014 = CARTESIAN_POINT ( 'NONE',  ( 196.0000000000000000, 0.000000000000000000, -43.99999999999997158 ) ) ;
#10015 = CC_DESIGN_DATE_AND_TIME_ASSIGNMENT ( #11252, #5790, ( #4468 ) ) ;
#10016 = DIRECTION ( 'NONE',  ( -0.000000000000000000, -1.000000000000000000, -0.000000000000000000 ) ) ;
#10017 = EDGE_CURVE ( 'NONE', #8685, #10185, #5596, .T. ) ;
#10018 = SHAPE_REPRESENTATION_RELATIONSHIP ( 'NONE' , 'NONE' ,  #4765, #6956 ) ;
#10019 = CC_DESIGN_APPROVAL ( #828, ( #11573 ) ) ;
#10020 = LOCAL_TIME ( 1, 43, 37.00000000000000000, #510 ) ;
#10021 = DIRECTION ( 'NONE',  ( 0.000000000000000000, 0.000000000000000000, -1.000000000000000000 ) ) ;
#10022 = ORIENTED_EDGE ( 'NONE', *, *, #7262, .F. ) ;
#10023 = APPROVAL_ROLE ( '' ) ;
#10024 = ORIENTED_EDGE ( 'NONE', *, *, #1023, .F. ) ;
#10025 = AXIS2_PLACEMENT_3D ( 'NONE', #5135, #2279, #2217 ) ;
#10026 = ORIENTED_EDGE ( 'NONE', *, *, #5079, .F. ) ;
#10027 = CARTESIAN_POINT ( 'NONE',  ( -120.0000000000000000, 0.000000000000000000, 90.00000000000000000 ) ) ;
#10028 = ORIENTED_EDGE ( 'NONE', *, *, #738, .F. ) ;
#10029 = DIRECTION ( 'NONE',  ( 0.000000000000000000, 0.000000000000000000, -1.000000000000000000 ) ) ;
#10030 = LOCAL_TIME ( 1, 43, 37.00000000000000000, #9065 ) ;
#10031 = CC_DESIGN_PERSON_AND_ORGANIZATION_ASSIGNMENT ( #2403, #6105, ( #8025 ) ) ;
#10032 = CARTESIAN_POINT ( 'NONE',  ( -31.38004145393735911, 0.000000000000000000, 82.75812166592554320 ) ) ;
#10033 = EDGE_CURVE ( 'NONE', #10, #9421, #5016, .T. ) ;
#10034 = FACE_OUTER_BOUND ( 'NONE', #5308, .T. ) ;
#10035 = CARTESIAN_POINT ( 'NONE',  ( 0.000000000000000000, 28.00000000000000000, 0.000000000000000000 ) ) ;
#10036 = DIRECTION ( 'NONE',  ( 0.000000000000000000, 1.000000000000000000, 0.000000000000000000 ) ) ;
#10037 = VECTOR ( 'NONE', #3372, 1000.000000000000000 ) ;
#10038 = VECTOR ( 'NONE', #9867, 1000.000000000000000 ) ;
#10039 = CARTESIAN_POINT ( 'NONE',  ( -117.5000000000000000, 20.00000000000000000, -24.00000000000000000 ) ) ;
#10040 = COORDINATED_UNIVERSAL_TIME_OFFSET ( 8, 0, .AHEAD. ) ;
#10041 = DIRECTION ( 'NONE',  ( 9.570888143320315888E-16, 0.000000000000000000, -1.000000000000000000 ) ) ;
#10042 = ORIENTED_EDGE ( 'NONE', *, *, #8646, .T. ) ;
#10043 = LOCAL_TIME ( 1, 43, 37.00000000000000000, #9533 ) ;
#10044 = EDGE_LOOP ( 'NONE', ( #965, #11876 ) ) ;
#10045 = EDGE_CURVE ( 'NONE', #10, #800, #7951, .T. ) ;
#10046 = CIRCLE ( 'NONE', #162, 68.99999999999998579 ) ;
#10047 = AXIS2_PLACEMENT_3D ( 'NONE', #7429, #4716, #4600 ) ;
#10048 = DIRECTION ( 'NONE',  ( 0.000000000000000000, 0.000000000000000000, 1.000000000000000000 ) ) ;
#10049 = DIRECTION ( 'NONE',  ( -0.000000000000000000, -1.000000000000000000, -0.000000000000000000 ) ) ;
#10050 = DIRECTION ( 'NONE',  ( 0.000000000000000000, 1.000000000000000000, 0.000000000000000000 ) ) ;
#10051 = PLANE ( 'NONE',  #550 ) ;
#10052 = DIRECTION ( 'NONE',  ( -0.000000000000000000, -1.000000000000000000, -0.000000000000000000 ) ) ;
#10053 = DIRECTION ( 'NONE',  ( 0.000000000000000000, 0.000000000000000000, -1.000000000000000000 ) ) ;
#10054 = APPROVAL_ROLE ( '' ) ;
#10055 = EDGE_CURVE ( 'NONE', #5765, #10853, #5987, .T. ) ;
#10056 = PERSON_AND_ORGANIZATION ( #10860, #8800 ) ;
#10057 = ORIENTED_EDGE ( 'NONE', *, *, #8373, .T. ) ;
#10058 = PERSON_AND_ORGANIZATION_ROLE ( 'classification_officer' ) ;
#10059 = ORIENTED_EDGE ( 'NONE', *, *, #1669, .F. ) ;
#10060 = CARTESIAN_POINT ( 'NONE',  ( -115.0000000000000000, 0.000000000000000000, 28.00000000000000000 ) ) ;
#10061 = ORIENTED_EDGE ( 'NONE', *, *, #10914, .F. ) ;
#10062 = ORIENTED_EDGE ( 'NONE', *, *, #1445, .F. ) ;
#10063 = CARTESIAN_POINT ( 'NONE',  ( 330.0000000000000000, 22.00000000000000000, -75.00000000000000000 ) ) ;
#10064 = ORIENTED_EDGE ( 'NONE', *, *, #5547, .T. ) ;
#10065 = CARTESIAN_POINT ( 'NONE',  ( -110.0000000000000000, 0.000000000000000000, -24.00000000000000000 ) ) ;
#10066 = CARTESIAN_POINT ( 'NONE',  ( -117.5000000000000000, 0.000000000000000000, 11.00000000000000000 ) ) ;
#10067 = FACE_OUTER_BOUND ( 'NONE', #4178, .T. ) ;
#10068 = APPROVAL_DATE_TIME ( #2532, #7188 ) ;
#10069 = ORIENTED_EDGE ( 'NONE', *, *, #1241, .F. ) ;
#10070 = EDGE_CURVE ( 'NONE', #6651, #6355, #2323, .T. ) ;
#10071 = VERTEX_POINT ( 'NONE', #2441 ) ;
#10072 = EDGE_LOOP ( 'NONE', ( #10168, #4265, #8875, #7933 ) ) ;
#10073 = DIRECTION ( 'NONE',  ( 0.000000000000000000, 1.000000000000000000, 0.000000000000000000 ) ) ;
#10074 = ORIENTED_EDGE ( 'NONE', *, *, #1209, .T. ) ;
#10075 = DIRECTION ( 'NONE',  ( 0.000000000000000000, 0.000000000000000000, 1.000000000000000000 ) ) ;
#10076 = DIRECTION ( 'NONE',  ( 0.000000000000000000, 0.000000000000000000, 1.000000000000000000 ) ) ;
#10077 = FACE_BOUND ( 'NONE', #4817, .T. ) ;
#10078 = COORDINATED_UNIVERSAL_TIME_OFFSET ( 8, 0, .AHEAD. ) ;
#10079 = ORIENTED_EDGE ( 'NONE', *, *, #4291, .T. ) ;
#10080 = EDGE_CURVE ( 'NONE', #1976, #5999, #759, .T. ) ;
#10081 = ORIENTED_EDGE ( 'NONE', *, *, #7690, .F. ) ;
#10082 = CARTESIAN_POINT ( 'NONE',  ( 196.0000000000000000, 34.00000000000000000, 57.99999999999999289 ) ) ;
#10083 = VERTEX_POINT ( 'NONE', #9233 ) ;
#10084 = CARTESIAN_POINT ( 'NONE',  ( -165.0000000000000000, 22.00000000000000000, 12.00000000000000000 ) ) ;
#10085 = DIRECTION ( 'NONE',  ( 0.000000000000000000, 0.000000000000000000, -1.000000000000000000 ) ) ;
#10086 = LINE ( 'NONE', #3588, #8362 ) ;
#10087 = EDGE_CURVE ( 'NONE', #1729, #6828, #8318, .T. ) ;
#10088 = CARTESIAN_POINT ( 'NONE',  ( -180.0000000000000000, 0.000000000000000000, 155.0000000000000000 ) ) ;
#10089 = DIRECTION ( 'NONE',  ( 0.000000000000000000, 0.000000000000000000, -1.000000000000000000 ) ) ;
#10090 = CARTESIAN_POINT ( 'NONE',  ( -196.0000000000000000, 0.000000000000000000, 0.000000000000000000 ) ) ;
#10091 = DATE_AND_TIME ( #8381, #4409 ) ;
#10092 = CARTESIAN_POINT ( 'NONE',  ( 0.000000000000000000, 0.000000000000000000, 0.000000000000000000 ) ) ;
#10093 = VERTEX_POINT ( 'NONE', #10868 ) ;
#10094 = CC_DESIGN_PERSON_AND_ORGANIZATION_ASSIGNMENT ( #11446, #352, ( #9225 ) ) ;
#10095 = APPROVAL ( #6825, 'æœª' ) ;
#10096 = ORIENTED_EDGE ( 'NONE', *, *, #1669, .T. ) ;
#10097 = CYLINDRICAL_SURFACE ( 'NONE', #5868, 60.00000000000000000 ) ;
#10098 = DIRECTION ( 'NONE',  ( 0.000000000000000000, 0.000000000000000000, 1.000000000000000000 ) ) ;
#10099 = CARTESIAN_POINT ( 'NONE',  ( 0.000000000000000000, 180.0000000000000000, -18.00000000000000000 ) ) ;
#10100 = APPROVAL ( #5368, 'æœª' ) ;
#10101 = CARTESIAN_POINT ( 'NONE',  ( 0.000000000000000000, 260.0000000000000000, 0.000000000000000000 ) ) ;
#10102 = CIRCLE ( 'NONE', #9319, 57.99999999999999289 ) ;
#10103 = FACE_OUTER_BOUND ( 'NONE', #1085, .T. ) ;
#10104 = COORDINATED_UNIVERSAL_TIME_OFFSET ( 8, 0, .AHEAD. ) ;
#10105 = CALENDAR_DATE ( 2026, 29, 7 ) ;
#10106 = COORDINATED_UNIVERSAL_TIME_OFFSET ( 8, 0, .AHEAD. ) ;
#10107 = ORIENTED_EDGE ( 'NONE', *, *, #10689, .F. ) ;
#10108 = CARTESIAN_POINT ( 'NONE',  ( -55.48909769293801020, 0.000000000000000000, -124.9625322141365871 ) ) ;
#10109 = EDGE_LOOP ( 'NONE', ( #2781, #3790, #4848, #6630 ) ) ;
#10110 = ADVANCED_FACE ( 'NONE', ( #4686 ), #867, .F. ) ;
#10111 = VERTEX_POINT ( 'NONE', #5479 ) ;
#10112 = LINE ( 'NONE', #10063, #7704 ) ;
#10113 = VERTEX_POINT ( 'NONE', #2734 ) ;
#10114 = CARTESIAN_POINT ( 'NONE',  ( -27.55320713028645940, 0.000000000000000000, 66.51932634081265405 ) ) ;
#10115 = DIRECTION ( 'NONE',  ( -0.000000000000000000, -1.000000000000000000, -0.000000000000000000 ) ) ;
#10116 = CARTESIAN_POINT ( 'NONE',  ( 180.0000000000000000, 28.00000000000000000, -155.0000000000000000 ) ) ;
#10117 = AXIS2_PLACEMENT_3D ( 'NONE', #9848, #6982, #1353 ) ;
#10118 = EDGE_CURVE ( 'NONE', #7449, #2496, #10145, .T. ) ;
#10119 = DATE_AND_TIME ( #3622, #5745 ) ;
#10120 = VECTOR ( 'NONE', #5039, 1000.000000000000000 ) ;
#10121 = AXIS2_PLACEMENT_3D ( 'NONE', #1940, #5937, #5088 ) ;
#10122 = ORIENTED_EDGE ( 'NONE', *, *, #9646, .T. ) ;
#10123 = ORIENTED_EDGE ( 'NONE', *, *, #3957, .T. ) ;
#10124 = AXIS2_PLACEMENT_3D ( 'NONE', #8867, #5231, #9711 ) ;
#10125 = ORIENTED_EDGE ( 'NONE', *, *, #11343, .F. ) ;
#10126 = CARTESIAN_POINT ( 'NONE',  ( -75.75812166592551478, 0.000000000000000000, 31.38004145393735200 ) ) ;
#10127 = ORIENTED_EDGE ( 'NONE', *, *, #2433, .F. ) ;
#10128 = CARTESIAN_POINT ( 'NONE',  ( -105.0000000000000000, 220.0000000000000000, 95.00000000000000000 ) ) ;
#10129 = LINE ( 'NONE', #1706, #6618 ) ;
#10130 = VECTOR ( 'NONE', #10997, 1000.000000000000000 ) ;
#10131 =( LENGTH_UNIT ( ) NAMED_UNIT ( * ) SI_UNIT ( .MILLI., .METRE. ) );
#10132 = CARTESIAN_POINT ( 'NONE',  ( -110.0000000000000000, 28.00000000000000000, -24.00000000000000000 ) ) ;
#10133 = ADVANCED_FACE ( 'NONE', ( #10034 ), #8258, .F. ) ;
#10134 = ORIENTED_EDGE ( 'NONE', *, *, #1023, .T. ) ;
#10135 = VECTOR ( 'NONE', #324, 1000.000000000000000 ) ;
#10136 = CIRCLE ( 'NONE', #2003, 36.00000000000000000 ) ;
#10137 = ORIENTED_EDGE ( 'NONE', *, *, #1317, .T. ) ;
#10138 = AXIS2_PLACEMENT_3D ( 'NONE', #3655, #871, #5601 ) ;
#10139 = EDGE_LOOP ( 'NONE', ( #7312, #5642, #4207, #8289 ) ) ;
#10140 = VERTEX_POINT ( 'NONE', #4633 ) ;
#10141 = DIRECTION ( 'NONE',  ( 0.000000000000000000, 0.000000000000000000, 1.000000000000000000 ) ) ;
#10142 = AXIS2_PLACEMENT_3D ( 'NONE', #439, #4144, #2318 ) ;
#10143 = VECTOR ( 'NONE', #2208, 1000.000000000000000 ) ;
#10144 = CARTESIAN_POINT ( 'NONE',  ( -135.0000000000000000, 0.000000000000000000, 114.0000000000000000 ) ) ;
#10145 = LINE ( 'NONE', #6324, #367 ) ;
#10146 = CARTESIAN_POINT ( 'NONE',  ( 0.000000000000000000, 360.0000000000000000, 0.000000000000000000 ) ) ;
#10147 = LINE ( 'NONE', #3530, #3940 ) ;
#10148 = CARTESIAN_POINT ( 'NONE',  ( 135.0000000000000000, 31.00000000000000000, -11.00000000000000000 ) ) ;
#10149 = EDGE_CURVE ( 'NONE', #4380, #1538, #10995, .T. ) ;
#10150 = CARTESIAN_POINT ( 'NONE',  ( 120.0000000000000000, 260.0000000000000000, 110.0000000000000000 ) ) ;
#10151 = AXIS2_PLACEMENT_3D ( 'NONE', #6350, #5391, #9139 ) ;
#10152 = ORIENTED_EDGE ( 'NONE', *, *, #1196, .F. ) ;
#10153 = CARTESIAN_POINT ( 'NONE',  ( 0.000000000000000000, 0.000000000000000000, 0.000000000000000000 ) ) ;
#10154 = LOCAL_TIME ( 1, 43, 37.00000000000000000, #466 ) ;
#10155 = AXIS2_PLACEMENT_3D ( 'NONE', #3358, #9729, #5121 ) ;
#10156 = CARTESIAN_POINT ( 'NONE',  ( 120.0000000000000000, 120.0000000000000000, 90.00000000000000000 ) ) ;
#10157 = DIRECTION ( 'NONE',  ( 0.000000000000000000, 0.000000000000000000, 1.000000000000000000 ) ) ;
#10158 = DIRECTION ( 'NONE',  ( -0.000000000000000000, -1.000000000000000000, -0.000000000000000000 ) ) ;
#10159 = CC_DESIGN_DATE_AND_TIME_ASSIGNMENT ( #7636, #8610, ( #7491 ) ) ;
#10160 = CARTESIAN_POINT ( 'NONE',  ( -95.00000000000000000, 0.000000000000000000, 65.00000000000000000 ) ) ;
#10161 = ADVANCED_FACE ( 'NONE', ( #2560, #19, #9175, #6434 ), #11114, .T. ) ;
#10162 = COORDINATED_UNIVERSAL_TIME_OFFSET ( 8, 0, .AHEAD. ) ;
#10163 = DATE_TIME_ROLE ( 'creation_date' ) ;
#10164 = CARTESIAN_POINT ( 'NONE',  ( 117.5000000000000000, 20.00000000000000000, 11.00000000000000000 ) ) ;
#10165 = APPROVAL_PERSON_ORGANIZATION ( #1501, #11353, #6886 ) ;
#10166 = AXIS2_PLACEMENT_3D ( 'NONE', #5515, #900, #4605 ) ;
#10167 = CC_DESIGN_DATE_AND_TIME_ASSIGNMENT ( #2286, #8832, ( #3605 ) ) ;
#10168 = ORIENTED_EDGE ( 'NONE', *, *, #2300, .F. ) ;
#10169 = DIRECTION ( 'NONE',  ( -0.000000000000000000, 1.000000000000000000, -0.000000000000000000 ) ) ;
#10170 = ORIENTED_EDGE ( 'NONE', *, *, #1289, .F. ) ;
#10171 = ORIENTED_EDGE ( 'NONE', *, *, #9597, .F. ) ;
#10172 = LINE ( 'NONE', #8343, #4813 ) ;
#10173 = CIRCLE ( 'NONE', #877, 87.50000000000000000 ) ;
#10174 = EDGE_LOOP ( 'NONE', ( #5677, #7454 ) ) ;
#10175 = DIRECTION ( 'NONE',  ( 0.000000000000000000, 0.000000000000000000, -1.000000000000000000 ) ) ;
#10176 = ADVANCED_FACE ( 'NONE', ( #7286 ), #6384, .F. ) ;
#10177 = DIRECTION ( 'NONE',  ( -1.000000000000000000, -0.000000000000000000, -0.000000000000000000 ) ) ;
#10178 = CARTESIAN_POINT ( 'NONE',  ( -70.00000000000000000, 0.000000000000000000, 45.00000000000000000 ) ) ;
#10179 = APPROVAL_DATE_TIME ( #8588, #8603 ) ;
#10180 = EDGE_CURVE ( 'NONE', #7045, #5382, #3527, .T. ) ;
#10181 = ORIENTED_EDGE ( 'NONE', *, *, #9794, .F. ) ;
#10182 = SHAPE_REPRESENTATION ( 'MKH-002_base_column', ( #10725 ), #265 ) ;
#10183 = ORIENTED_EDGE ( 'NONE', *, *, #7969, .T. ) ;
#10184 = EDGE_CURVE ( 'NONE', #5755, #7696, #10086, .T. ) ;
#10185 = VERTEX_POINT ( 'NONE', #1830 ) ;
#10186 = CARTESIAN_POINT ( 'NONE',  ( 20.18428497440903158, 0.000000000000000000, 69.63364589099039392 ) ) ;
#10187 = CC_DESIGN_APPROVAL ( #3695, ( #9665 ) ) ;
#10188 = EDGE_LOOP ( 'NONE', ( #3384, #2677, #4293, #8056 ) ) ;
#10189 = DIRECTION ( 'NONE',  ( 1.000000000000000000, 0.000000000000000000, 0.000000000000000000 ) ) ;
#10190 = LINE ( 'NONE', #8537, #4122 ) ;
#10191 = CIRCLE ( 'NONE', #125, 44.00000000000000000 ) ;
#10192 = DIRECTION ( 'NONE',  ( 0.000000000000000000, -0.000000000000000000, 1.000000000000000000 ) ) ;
#10193 = EDGE_CURVE ( 'NONE', #555, #11336, #6264, .T. ) ;
#10194 = APPROVAL_PERSON_ORGANIZATION ( #6120, #2012, #5216 ) ;
#10195 = VERTEX_POINT ( 'NONE', #6494 ) ;
#10196 = ORIENTED_EDGE ( 'NONE', *, *, #280, .F. ) ;
#10197 = VECTOR ( 'NONE', #7154, 1000.000000000000000 ) ;
#10198 = ORIENTED_EDGE ( 'NONE', *, *, #10231, .F. ) ;
#10199 = FACE_BOUND ( 'NONE', #7229, .T. ) ;
#10200 = DATE_AND_TIME ( #11238, #5925 ) ;
#10201 = CARTESIAN_POINT ( 'NONE',  ( 59.00000000000000000, 28.00000000000000000, 0.000000000000000000 ) ) ;
#10202 = ORGANIZATION ( 'NAUO-ORG18', 'UNSPECIFIED', 'UNSPECIFIED' ) ;
#10203 = CARTESIAN_POINT ( 'NONE',  ( -31.38004145393735911, 30.00000000000000000, -82.75812166592552899 ) ) ;
#10204 = LOCAL_TIME ( 1, 43, 37.00000000000000000, #7973 ) ;
#10205 = DESIGN_CONTEXT ( 'detailed design', #6649, 'design' ) ;
#10206 = FACE_BOUND ( 'NONE', #788, .T. ) ;
#10207 = DIRECTION ( 'NONE',  ( 0.000000000000000000, -1.000000000000000000, 0.000000000000000000 ) ) ;
#10208 = CARTESIAN_POINT ( 'NONE',  ( -135.0000000000000000, 28.00000000000000000, 105.0000000000000000 ) ) ;
#10209 = CIRCLE ( 'NONE', #11767, 8.000000000000021316 ) ;
#10210 = PERSON_AND_ORGANIZATION_ROLE ( 'classification_officer' ) ;
#10211 = DIRECTION ( 'NONE',  ( 0.000000000000000000, 0.000000000000000000, 1.000000000000000000 ) ) ;
#10212 = ORIENTED_EDGE ( 'NONE', *, *, #6924, .T. ) ;
#10213 = CC_DESIGN_APPROVAL ( #96, ( #531 ) ) ;
#10214 = ORIENTED_EDGE ( 'NONE', *, *, #2892, .F. ) ;
#10215 = CARTESIAN_POINT ( 'NONE',  ( -117.5000000000000000, 20.00000000000000000, 24.00000000000000000 ) ) ;
#10216 = EDGE_CURVE ( 'NONE', #10382, #4243, #11980, .T. ) ;
#10217 = AXIS2_PLACEMENT_3D ( 'NONE', #7752, #6917, #5887 ) ;
#10218 = DIRECTION ( 'NONE',  ( -0.000000000000000000, -1.000000000000000000, -0.000000000000000000 ) ) ;
#10219 = DIRECTION ( 'NONE',  ( 0.000000000000000000, 0.000000000000000000, -1.000000000000000000 ) ) ;
#10220 = CARTESIAN_POINT ( 'NONE',  ( 133.9625322141365871, 30.00000000000000000, -46.48909769293801020 ) ) ;
#10221 = APPLICATION_CONTEXT ( 'configuration controlled 3d designs of mechanical parts and assemblies' ) ;
#10222 = CC_DESIGN_APPROVAL ( #9063, ( #6730 ) ) ;
#10223 = CARTESIAN_POINT ( 'NONE',  ( 55.48909769293802441, 30.00000000000000000, -142.9625322141365871 ) ) ;
#10224 = DATE_AND_TIME ( #10395, #4953 ) ;
#10225 = DATE_TIME_ROLE ( 'classification_date' ) ;
#10226 = FACE_OUTER_BOUND ( 'NONE', #11832, .T. ) ;
#10227 = AXIS2_PLACEMENT_3D ( 'NONE', #8641, #346, #7729 ) ;
#10228 = CIRCLE ( 'NONE', #6735, 7.499999999999999112 ) ;
#10229 = ORIENTED_EDGE ( 'NONE', *, *, #3938, .T. ) ;
#10230 = DIRECTION ( 'NONE',  ( -0.000000000000000000, -1.000000000000000000, -0.000000000000000000 ) ) ;
#10232 = ORIENTED_EDGE ( 'NONE', *, *, #5695, .F. ) ;
#10231 = EDGE_CURVE ( 'NONE', #3941, #4623, #11053, .T. ) ;
#10233 = ORIENTED_EDGE ( 'NONE', *, *, #5563, .T. ) ;
#10234 = CARTESIAN_POINT ( 'NONE',  ( -196.0000000000000000, 34.00000000000000000, -57.99999999999999289 ) ) ;
#10235 = VERTEX_POINT ( 'NONE', #9295 ) ;
#10236 = CIRCLE ( 'NONE', #3065, 44.00000000000000000 ) ;
#10237 = DIRECTION ( 'NONE',  ( 0.000000000000000000, 0.000000000000000000, -1.000000000000000000 ) ) ;
#10238 = CARTESIAN_POINT ( 'NONE',  ( -133.9625322141365871, 30.00000000000000000, -46.48909769293803151 ) ) ;
#10239 = DESIGN_CONTEXT ( 'detailed design', #8285, 'design' ) ;
#10240 = DIRECTION ( 'NONE',  ( 0.000000000000000000, 0.000000000000000000, 1.000000000000000000 ) ) ;
#10241 = EDGE_CURVE ( 'NONE', #3363, #1960, #49, .T. ) ;
#10242 = CALENDAR_DATE ( 2026, 29, 7 ) ;
#10243 = PERSON_AND_ORGANIZATION ( #10860, #8800 ) ;
#10244 = PRODUCT_DEFINITION ( 'æœ', '', #11751, #10239 ) ;
#10245 = AXIS2_PLACEMENT_3D ( 'NONE', #8015, #8881, #8995 ) ;
#10246 = EDGE_CURVE ( 'NONE', #11344, #440, #7165, .T. ) ;
#10247 = ORIENTED_EDGE ( 'NONE', *, *, #10920, .F. ) ;
#10248 = ORIENTED_EDGE ( 'NONE', *, *, #11636, .F. ) ;
#10249 = LINE ( 'NONE', #7507, #5080 ) ;
#10250 = ORIENTED_EDGE ( 'NONE', *, *, #972, .T. ) ;
#10251 = FACE_BOUND ( 'NONE', #7388, .T. ) ;
#10252 = FACE_OUTER_BOUND ( 'NONE', #4775, .T. ) ;
#10253 = CC_DESIGN_PERSON_AND_ORGANIZATION_ASSIGNMENT ( #7038, #6137, ( #3825 ) ) ;
#10254 = CARTESIAN_POINT ( 'NONE',  ( 0.000000000000000000, 0.000000000000000000, 0.000000000000000000 ) ) ;
#10255 = EDGE_LOOP ( 'NONE', ( #8940, #4079, #11843, #10134 ) ) ;
#10256 = EDGE_LOOP ( 'NONE', ( #11404, #3795, #2555, #6197, #4786, #695, #2783, #4477 ) ) ;
#10257 = ORIENTED_EDGE ( 'NONE', *, *, #8982, .T. ) ;
#10258 = ORIENTED_EDGE ( 'NONE', *, *, #4919, .T. ) ;
#10259 = DIRECTION ( 'NONE',  ( 0.000000000000000000, -0.000000000000000000, 1.000000000000000000 ) ) ;
#10260 = COORDINATED_UNIVERSAL_TIME_OFFSET ( 8, 0, .AHEAD. ) ;
#10261 = EDGE_CURVE ( 'NONE', #5474, #4420, #5712, .T. ) ;
#10262 = DIRECTION ( 'NONE',  ( 0.000000000000000000, 1.000000000000000000, 0.000000000000000000 ) ) ;
#10263 = DIRECTION ( 'NONE',  ( 0.000000000000000000, 0.000000000000000000, -1.000000000000000000 ) ) ;
#10264 = DIRECTION ( 'NONE',  ( -0.000000000000000000, -1.000000000000000000, -0.000000000000000000 ) ) ;
#10265 = DIRECTION ( 'NONE',  ( 0.000000000000000000, 0.000000000000000000, -1.000000000000000000 ) ) ;
#10266 = DIRECTION ( 'NONE',  ( 0.000000000000000000, 0.000000000000000000, -1.000000000000000000 ) ) ;
#10267 = EDGE_CURVE ( 'NONE', #6300, #3773, #6422, .T. ) ;
#10268 = DATE_AND_TIME ( #9239, #8276 ) ;
#10269 = ORIENTED_EDGE ( 'NONE', *, *, #7643, .F. ) ;
#10270 = VERTEX_POINT ( 'NONE', #9528 ) ;
#10271 = PLANE ( 'NONE',  #1799 ) ;
#10272 = CARTESIAN_POINT ( 'NONE',  ( 0.000000000000000000, 48.00000000000000000, -60.00000000000000000 ) ) ;
#10273 = FACE_OUTER_BOUND ( 'NONE', #7938, .T. ) ;
#10274 = CARTESIAN_POINT ( 'NONE',  ( 272.5000000000000000, 22.00000000000000000, 0.000000000000000000 ) ) ;
#10275 = CARTESIAN_POINT ( 'NONE',  ( 330.0000000000000000, 0.000000000000000000, 75.00000000000000000 ) ) ;
#10276 = PERSON_AND_ORGANIZATION_ROLE ( 'creator' ) ;
#10277 = PERSON_AND_ORGANIZATION ( #10860, #8800 ) ;
#10278 = LINE ( 'NONE', #949, #5500 ) ;
#10279 = ORIENTED_EDGE ( 'NONE', *, *, #3787, .T. ) ;
#10280 = ADVANCED_FACE ( 'NONE', ( #10488 ), #7458, .T. ) ;
#10281 = ORIENTED_EDGE ( 'NONE', *, *, #11878, .F. ) ;
#10282 = CARTESIAN_POINT ( 'NONE',  ( 59.00000000000000000, 42.00000000000000000, -24.00000000000000000 ) ) ;
#10283 = ORIENTED_EDGE ( 'NONE', *, *, #8968, .F. ) ;
#10284 = PERSON ( 'NAUO-PER1', 'UNSPECIFIED', 'UNSPECIFIED', ('UNSPECIFIED'), ('UNSPECIFIED'), ('UNSPECIFIED') ) ;
#10285 = APPLICATION_CONTEXT ( 'configuration controlled 3d designs of mechanical parts and assemblies' ) ;
#10286 = EDGE_LOOP ( 'NONE', ( #4181, #8346 ) ) ;
#10287 = CARTESIAN_POINT ( 'NONE',  ( -120.0000000000000000, 120.0000000000000000, 90.00000000000000000 ) ) ;
#10288 = CIRCLE ( 'NONE', #4484, 8.999999999999994671 ) ;
#10289 = ORIENTED_EDGE ( 'NONE', *, *, #6924, .F. ) ;
#10290 = CYLINDRICAL_SURFACE ( 'NONE', #8859, 9.000000000000021316 ) ;
#10291 = DIRECTION ( 'NONE',  ( 0.000000000000000000, 1.000000000000000000, 0.000000000000000000 ) ) ;
#10292 = DIRECTION ( 'NONE',  ( 1.000000000000000000, 0.000000000000000000, 0.000000000000000000 ) ) ;
#10293 = PERSON_AND_ORGANIZATION ( #10860, #8800 ) ;
#10294 = ADVANCED_FACE ( 'NONE', ( #11240 ), #8433, .F. ) ;
#10295 = PERSON_AND_ORGANIZATION ( #8694, #6515 ) ;
#10296 = DIRECTION ( 'NONE',  ( 0.000000000000000000, 0.000000000000000000, -1.000000000000000000 ) ) ;
#10297 = ORIENTED_EDGE ( 'NONE', *, *, #1393, .F. ) ;
#10298 = VERTEX_POINT ( 'NONE', #2126 ) ;
#10299 = CARTESIAN_POINT ( 'NONE',  ( 0.000000000000000000, 30.00000000000000000, -180.0000000000000284 ) ) ;
#10300 = ORIENTED_EDGE ( 'NONE', *, *, #8169, .F. ) ;
#10301 = CARTESIAN_POINT ( 'NONE',  ( -27.55320713028645940, 220.0000000000000000, -66.51932634081263984 ) ) ;
#10302 = DIRECTION ( 'NONE',  ( 0.000000000000000000, 1.000000000000000000, 0.000000000000000000 ) ) ;
#10303 = AXIS2_PLACEMENT_3D ( 'NONE', #11896, #7152, #3572 ) ;
#10304 = CC_DESIGN_PERSON_AND_ORGANIZATION_ASSIGNMENT ( #6169, #4349, ( #3425 ) ) ;
#10305 = EDGE_CURVE ( 'NONE', #4244, #3582, #4302, .T. ) ;
#10306 = CARTESIAN_POINT ( 'NONE',  ( -196.0000000000000000, 34.00000000000000000, 0.000000000000000000 ) ) ;
#10307 = AXIS2_PLACEMENT_3D ( 'NONE', #4312, #11541, #2429 ) ;
#10308 = VERTEX_POINT ( 'NONE', #5651 ) ;
#10309 = CIRCLE ( 'NONE', #7588, 72.50000000000000000 ) ;
#10310 = ORIENTED_EDGE ( 'NONE', *, *, #4628, .T. ) ;
#10311 = EDGE_LOOP ( 'NONE', ( #1411, #7369, #8636, #2710 ) ) ;
#10312 = ORIENTED_EDGE ( 'NONE', *, *, #6793, .T. ) ;
#10313 = PLANE ( 'NONE',  #7965 ) ;
#10314 = PERSON_AND_ORGANIZATION_ROLE ( 'design_supplier' ) ;
#10315 = DIRECTION ( 'NONE',  ( 0.000000000000000000, 0.000000000000000000, -1.000000000000000000 ) ) ;
#10316 = CYLINDRICAL_SURFACE ( 'NONE', #7970, 18.00000000000000000 ) ;
#10317 = UNCERTAINTY_MEASURE_WITH_UNIT (LENGTH_MEASURE( 1.000000000000000082E-05 ), #10903, 'distance_accuracy_value', 'NONE');
#10318 = CIRCLE ( 'NONE', #1413, 7.000000000000006217 ) ;
#10319 = VECTOR ( 'NONE', #299, 1000.000000000000000 ) ;
#10320 = FACE_OUTER_BOUND ( 'NONE', #8327, .T. ) ;
#10321 = CARTESIAN_POINT ( 'NONE',  ( -272.5000000000000000, 38.00000000000000000, -68.99999999999998579 ) ) ;
#10322 = EDGE_CURVE ( 'NONE', #4536, #10941, #430, .T. ) ;
#10323 = DIRECTION ( 'NONE',  ( 0.000000000000000000, 0.000000000000000000, -1.000000000000000000 ) ) ;
#10324 = APPROVAL_ROLE ( '' ) ;
#10325 = AXIS2_PLACEMENT_3D ( 'NONE', #4027, #2772, #7432 ) ;
#10326 = ADVANCED_FACE ( 'NONE', ( #1104 ), #10316, .T. ) ;
#10327 = ORIENTED_EDGE ( 'NONE', *, *, #7911, .T. ) ;
#10328 = VERTEX_POINT ( 'NONE', #2072 ) ;
#10329 = AXIS2_PLACEMENT_3D ( 'NONE', #228, #9506, #8592 ) ;
#10330 = VECTOR ( 'NONE', #7540, 1000.000000000000000 ) ;
#10331 = DIRECTION ( 'NONE',  ( 0.000000000000000000, 1.000000000000000000, 0.000000000000000000 ) ) ;
#10332 = EDGE_CURVE ( 'NONE', #5949, #8890, #2162, .T. ) ;
#10333 = CARTESIAN_POINT ( 'NONE',  ( -330.0000000000000000, 22.00000000000000000, 75.00000000000000000 ) ) ;
#10334 = CARTESIAN_POINT ( 'NONE',  ( -75.00000000000000000, 0.000000000000000000, 8.000000000000000000 ) ) ;
#10335 = CIRCLE ( 'NONE', #2776, 44.00000000000000000 ) ;
#10336 = CARTESIAN_POINT ( 'NONE',  ( -165.0000000000000000, 0.000000000000000000, -29.00000000000000000 ) ) ;
#10337 = CYLINDRICAL_SURFACE ( 'NONE', #5338, 95.00000000000001421 ) ;
#10338 = AXIS2_PLACEMENT_3D ( 'NONE', #178, #2110, #1257 ) ;
#10339 = APPROVAL_DATE_TIME ( #2933, #8900 ) ;
#10340 = DATE_AND_TIME ( #11694, #10204 ) ;
#10341 = LINE ( 'NONE', #7676, #8386 ) ;
#10342 = ORIENTED_EDGE ( 'NONE', *, *, #1696, .T. ) ;
#10343 = CIRCLE ( 'NONE', #10528, 72.50000000000000000 ) ;
#10344 = DIRECTION ( 'NONE',  ( 0.000000000000000000, 0.000000000000000000, 1.000000000000000000 ) ) ;
#10345 = ORIENTED_EDGE ( 'NONE', *, *, #7700, .T. ) ;
#10346 = AXIS2_PLACEMENT_3D ( 'NONE', #276, #6758, #10460 ) ;
#10347 = ORIENTED_EDGE ( 'NONE', *, *, #2925, .F. ) ;
#10348 = CARTESIAN_POINT ( 'NONE',  ( 85.00000000000000000, 120.0000000000000000, -53.00000000000000000 ) ) ;
#10349 = CARTESIAN_POINT ( 'NONE',  ( 105.0000000000000000, 20.00000000000000000, -8.000000000000000000 ) ) ;
#10350 = DIRECTION ( 'NONE',  ( 0.000000000000000000, 1.000000000000000000, 0.000000000000000000 ) ) ;
#10351 = FACE_OUTER_BOUND ( 'NONE', #6809, .T. ) ;
#10352 = APPROVAL_PERSON_ORGANIZATION ( #6532, #2225, #1189 ) ;
#10353 = AXIS2_PLACEMENT_3D ( 'NONE', #10724, #11765, #7195 ) ;
#10354 = APPROVAL_STATUS ( 'not_yet_approved' ) ;
#10355 = DATE_AND_TIME ( #6374, #9432 ) ;
#10356 = CARTESIAN_POINT ( 'NONE',  ( 110.0000000000000000, 28.00000000000000000, 24.00000000000000000 ) ) ;
#10357 = ORIENTED_EDGE ( 'NONE', *, *, #3436, .T. ) ;
#10358 = AXIS2_PLACEMENT_3D ( 'NONE', #2517, #6951, #8897 ) ;
#10359 = ORIENTED_EDGE ( 'NONE', *, *, #5432, .F. ) ;
#10360 = PLANE ( 'NONE',  #2171 ) ;
#10361 = EDGE_CURVE ( 'NONE', #4929, #1158, #4810, .T. ) ;
#10362 = VERTEX_POINT ( 'NONE', #137 ) ;
#10363 = LINE ( 'NONE', #9333, #3224 ) ;
#10364 = CARTESIAN_POINT ( 'NONE',  ( 133.9625322141365871, 30.00000000000000000, 55.48909769293800309 ) ) ;
#10365 =( NAMED_UNIT ( * ) SI_UNIT ( $, .STERADIAN. ) SOLID_ANGLE_UNIT ( ) );
#10366 = FACE_OUTER_BOUND ( 'NONE', #8337, .T. ) ;
#10367 = VERTEX_POINT ( 'NONE', #4921 ) ;
#10368 = ORIENTED_EDGE ( 'NONE', *, *, #3838, .F. ) ;
#10369 = EDGE_LOOP ( 'NONE', ( #6716, #10615 ) ) ;
#10370 =( REPRESENTATION_RELATIONSHIP ('NONE','NONE', #6922, #5230 ) REPRESENTATION_RELATIONSHIP_WITH_TRANSFORMATION ( #6440 )SHAPE_REPRESENTATION_RELATIONSHIP( ) );
#10371 = PRODUCT_RELATED_PRODUCT_CATEGORY ( 'detail', '', ( #5384 ) ) ;
#10372 = ORIENTED_EDGE ( 'NONE', *, *, #1961, .T. ) ;
#10373 = FACE_OUTER_BOUND ( 'NONE', #602, .T. ) ;
#10374 = PERSON_AND_ORGANIZATION ( #10860, #8800 ) ;
#10375 = EDGE_CURVE ( 'NONE', #4074, #5583, #2744, .T. ) ;
#10376 = CARTESIAN_POINT ( 'NONE',  ( -20.18428497440904934, 122.5000000000000000, 69.63364589099039392 ) ) ;
#10377 = CARTESIAN_POINT ( 'NONE',  ( 272.5000000000000000, 0.000000000000000000, 0.000000000000000000 ) ) ;
#10378 = LINE ( 'NONE', #6613, #1808 ) ;
#10379 = LOCAL_TIME ( 1, 43, 37.00000000000000000, #363 ) ;
#10380 = DIRECTION ( 'NONE',  ( -0.000000000000000000, -1.000000000000000000, -0.000000000000000000 ) ) ;
#10381 = APPROVAL_STATUS ( 'not_yet_approved' ) ;
#10382 = VERTEX_POINT ( 'NONE', #2864 ) ;
#10383 = AXIS2_PLACEMENT_3D ( 'NONE', #8994, #4147, #684 ) ;
#10384 = ORIENTED_EDGE ( 'NONE', *, *, #5027, .T. ) ;
#10385 = PRODUCT_DEFINITION ( 'æœ', '', #5165, #10963 ) ;
#10386 = CARTESIAN_POINT ( 'NONE',  ( 2.204364238465236138E-14, 0.000000000000000000, 180.0000000000000284 ) ) ;
#10387 = EDGE_CURVE ( 'NONE', #11098, #1338, #9593, .T. ) ;
#10388 = DIRECTION ( 'NONE',  ( 0.000000000000000000, 0.000000000000000000, 1.000000000000000000 ) ) ;
#10389 = LOCAL_TIME ( 1, 43, 37.00000000000000000, #4104 ) ;
#10390 = DIRECTION ( 'NONE',  ( 1.000000000000000000, 0.000000000000000000, 0.000000000000000000 ) ) ;
#10391 = DIRECTION ( 'NONE',  ( 1.000000000000000000, 0.000000000000000000, 0.000000000000000000 ) ) ;
#10392 = PLANE ( 'NONE',  #2673 ) ;
#10393 = AXIS2_PLACEMENT_3D ( 'NONE', #3871, #11274, #11337 ) ;
#10394 = LINE ( 'NONE', #1121, #11516 ) ;
#10395 = CALENDAR_DATE ( 2026, 29, 7 ) ;
#10396 = COORDINATED_UNIVERSAL_TIME_OFFSET ( 8, 0, .AHEAD. ) ;
#10397 = CARTESIAN_POINT ( 'NONE',  ( 85.00000000000000000, 120.0000000000000000, -60.00000000000000000 ) ) ;
#10398 = CARTESIAN_POINT ( 'NONE',  ( 0.000000000000000000, 285.0000000000000000, 0.000000000000000000 ) ) ;
#10399 = ORIENTED_EDGE ( 'NONE', *, *, #3022, .T. ) ;
#10400 = APPROVAL_PERSON_ORGANIZATION ( #2267, #1132, #1237 ) ;
#10401 = EDGE_CURVE ( 'NONE', #6417, #1409, #11291, .T. ) ;
#10402 = ORIENTED_EDGE ( 'NONE', *, *, #8950, .T. ) ;
#10403 = CIRCLE ( 'NONE', #4002, 72.50000000000000000 ) ;
#10404 = CYLINDRICAL_SURFACE ( 'NONE', #8203, 87.50000000000000000 ) ;
#10405 = ORIENTED_EDGE ( 'NONE', *, *, #1584, .T. ) ;
#10406 = DIRECTION ( 'NONE',  ( 0.000000000000000000, 0.000000000000000000, 1.000000000000000000 ) ) ;
#10407 = LOCAL_TIME ( 1, 43, 37.00000000000000000, #5184 ) ;
#10408 = CARTESIAN_POINT ( 'NONE',  ( -330.0000000000000000, 22.00000000000000000, 75.00000000000000000 ) ) ;
#10409 = EDGE_CURVE ( 'NONE', #3614, #5768, #1591, .T. ) ;
#10410 = FACE_OUTER_BOUND ( 'NONE', #5524, .T. ) ;
#10411 = CARTESIAN_POINT ( 'NONE',  ( -135.0000000000000000, 31.00000000000000000, -11.00000000000000000 ) ) ;
#10412 = CIRCLE ( 'NONE', #11191, 39.00000000000000000 ) ;
#10413 = DATE_AND_TIME ( #6587, #11954 ) ;
#10414 = CONTEXT_DEPENDENT_SHAPE_REPRESENTATION ( #225, #8834 ) ;
#10415 = LOCAL_TIME ( 1, 43, 37.00000000000000000, #11784 ) ;
#10416 = DIRECTION ( 'NONE',  ( 0.000000000000000000, 0.000000000000000000, 1.000000000000000000 ) ) ;
#10417 = VERTEX_POINT ( 'NONE', #1044 ) ;
#10418 = AXIS2_PLACEMENT_3D ( 'NONE', #7358, #9076, #3780 ) ;
#10419 = VECTOR ( 'NONE', #7549, 1000.000000000000000 ) ;
#10420 = ORIENTED_EDGE ( 'NONE', *, *, #4314, .T. ) ;
#10421 = LINE ( 'NONE', #11097, #6046 ) ;
#10422 = ORIENTED_EDGE ( 'NONE', *, *, #11228, .F. ) ;
#10423 = FACE_OUTER_BOUND ( 'NONE', #1405, .T. ) ;
#10424 = LINE ( 'NONE', #11163, #7978 ) ;
#10425 = DIRECTION ( 'NONE',  ( 0.000000000000000000, 0.000000000000000000, -1.000000000000000000 ) ) ;
#10426 = EDGE_LOOP ( 'NONE', ( #5186, #6654, #8480, #5682 ) ) ;
#10427 = CIRCLE ( 'NONE', #9274, 7.000000000000006217 ) ;
#10428 = EDGE_CURVE ( 'NONE', #833, #11186, #3902, .T. ) ;
#10429 = ORIENTED_EDGE ( 'NONE', *, *, #7581, .F. ) ;
#10430 = ORIENTED_EDGE ( 'NONE', *, *, #6805, .F. ) ;
#10431 = ORIENTED_EDGE ( 'NONE', *, *, #3360, .F. ) ;
#10432 = DIRECTION ( 'NONE',  ( 0.000000000000000000, 0.000000000000000000, -1.000000000000000000 ) ) ;
#10433 = PERSON_AND_ORGANIZATION_ROLE ( 'design_owner' ) ;
#10434 = ADVANCED_BREP_SHAPE_REPRESENTATION ( '', ( #7962, #10725 ), #7612 ) ;
#10435 = PLANE ( 'NONE',  #9610 ) ;
#10436 = DIRECTION ( 'NONE',  ( 0.000000000000000000, 0.000000000000000000, -1.000000000000000000 ) ) ;
#10437 = AXIS2_PLACEMENT_3D ( 'NONE', #11674, #6204, #1417 ) ;
#10438 = ADVANCED_FACE ( 'NONE', ( #7702 ), #4862, .F. ) ;
#10439 = CARTESIAN_POINT ( 'NONE',  ( 0.000000000000000000, 95.00000000000000000, -18.00000000000000000 ) ) ;
#10440 = DIRECTION ( 'NONE',  ( -0.000000000000000000, -1.000000000000000000, -0.000000000000000000 ) ) ;
#10441 = COORDINATED_UNIVERSAL_TIME_OFFSET ( 8, 0, .AHEAD. ) ;
#10442 = ADVANCED_FACE ( 'NONE', ( #312 ), #11414, .F. ) ;
#10443 = APPLICATION_CONTEXT ( 'configuration controlled 3d designs of mechanical parts and assemblies' ) ;
#10444 = EDGE_LOOP ( 'NONE', ( #6479, #6669, #1852, #2845 ) ) ;
#10445 = VERTEX_POINT ( 'NONE', #8798 ) ;
#10446 = CARTESIAN_POINT ( 'NONE',  ( 4.776122516674677878E-15, 260.0000000000000000, 39.00000000000000000 ) ) ;
#10447 = LINE ( 'NONE', #5724, #3111 ) ;
#10448 = PLANE ( 'NONE',  #4042 ) ;
#10449 = DIRECTION ( 'NONE',  ( 1.609018876268343450E-15, 0.000000000000000000, -1.000000000000000000 ) ) ;
#10450 = FACE_BOUND ( 'NONE', #10745, .T. ) ;
#10451 = CYLINDRICAL_SURFACE ( 'NONE', #11543, 7.000000000000020428 ) ;
#10452 = CALENDAR_DATE ( 2026, 29, 7 ) ;
#10453 = PRODUCT_DEFINITION ( 'æœ', '', #3425, #1981 ) ;
#10454 = PERSON_AND_ORGANIZATION_ROLE ( 'design_supplier' ) ;
#10456 = EDGE_CURVE ( 'NONE', #7802, #5737, #8001, .T. ) ;
#10455 = FACE_OUTER_BOUND ( 'NONE', #7049, .T. ) ;
#10457 = VERTEX_POINT ( 'NONE', #557 ) ;
#10458 = ORIENTED_EDGE ( 'NONE', *, *, #8014, .T. ) ;
#10459 = CC_DESIGN_DATE_AND_TIME_ASSIGNMENT ( #6874, #10573, ( #2234 ) ) ;
#10460 = DIRECTION ( 'NONE',  ( 0.000000000000000000, -0.000000000000000000, 1.000000000000000000 ) ) ;
#10461 = EDGE_LOOP ( 'NONE', ( #864, #11990 ) ) ;
#10462 = DIRECTION ( 'NONE',  ( 0.000000000000000000, 0.000000000000000000, 1.000000000000000000 ) ) ;
#10463 = DIRECTION ( 'NONE',  ( 0.000000000000000000, 1.000000000000000000, 0.000000000000000000 ) ) ;
#10464 = LINE ( 'NONE', #6950, #2857 ) ;
#10465 = DIRECTION ( 'NONE',  ( 0.000000000000000000, 0.000000000000000000, 1.000000000000000000 ) ) ;
#10466 = PERSON_AND_ORGANIZATION_ROLE ( 'classification_officer' ) ;
#10467 = APPROVAL_ROLE ( '' ) ;
#10468 = ADVANCED_FACE ( 'NONE', ( #10621 ), #9775, .T. ) ;
#10469 = CARTESIAN_POINT ( 'NONE',  ( 196.0000000000000000, 34.00000000000000000, 0.000000000000000000 ) ) ;
#10470 = ORIENTED_EDGE ( 'NONE', *, *, #8724, .F. ) ;
#10471 = ORIENTED_EDGE ( 'NONE', *, *, #7691, .T. ) ;
#10472 = FACE_BOUND ( 'NONE', #4739, .T. ) ;
#10473 = ORIENTED_EDGE ( 'NONE', *, *, #7354, .F. ) ;
#10474 = EDGE_CURVE ( 'NONE', #8701, #7518, #6048, .T. ) ;
#10475 = CARTESIAN_POINT ( 'NONE',  ( -31.38004145393735911, 0.000000000000000000, 75.75812166592551478 ) ) ;
#10476 = PLANE ( 'NONE',  #9348 ) ;
#10477 = AXIS2_PLACEMENT_3D ( 'NONE', #5903, #6623, #1294 ) ;
#10478 = LINE ( 'NONE', #1941, #261 ) ;
#10479 = ORIENTED_EDGE ( 'NONE', *, *, #794, .T. ) ;
#10480 = PRODUCT_DEFINITION_SHAPE ( 'NONE', 'NONE',  #10517 ) ;
#10481 = ORIENTED_EDGE ( 'NONE', *, *, #1812, .F. ) ;
#10482 = ORIENTED_EDGE ( 'NONE', *, *, #2367, .F. ) ;
#10483 = EDGE_LOOP ( 'NONE', ( #10986, #10183 ) ) ;
#10484 = VECTOR ( 'NONE', #10748, 1000.000000000000000 ) ;
#10485 = DIRECTION ( 'NONE',  ( -0.000000000000000000, -1.000000000000000000, -0.000000000000000000 ) ) ;
#10486 = DIRECTION ( 'NONE',  ( 0.000000000000000000, 0.000000000000000000, 1.000000000000000000 ) ) ;
#10487 = DIRECTION ( 'NONE',  ( -0.000000000000000000, -1.000000000000000000, -0.000000000000000000 ) ) ;
#10488 = FACE_OUTER_BOUND ( 'NONE', #11894, .T. ) ;
#10489 = ADVANCED_FACE ( 'NONE', ( #3337 ), #375, .F. ) ;
#10490 = AXIS2_PLACEMENT_3D ( 'NONE', #6920, #8678, #7880 ) ;
#10491 = CARTESIAN_POINT ( 'NONE',  ( 85.00000000000000000, 120.0000000000000000, -60.00000000000000000 ) ) ;
#10492 = CARTESIAN_POINT ( 'NONE',  ( -196.0000000000000000, 20.00000000000000000, -57.99999999999999289 ) ) ;
#10493 = VECTOR ( 'NONE', #6141, 1000.000000000000000 ) ;
#10494 = VECTOR ( 'NONE', #2, 1000.000000000000000 ) ;
#10495 = ORIENTED_EDGE ( 'NONE', *, *, #848, .T. ) ;
#10496 = AXIS2_PLACEMENT_3D ( 'NONE', #9281, #9513, #185 ) ;
#10497 = ORIENTED_EDGE ( 'NONE', *, *, #9351, .F. ) ;
#10498 = LINE ( 'NONE', #8686, #7389 ) ;
#10499 = CYLINDRICAL_SURFACE ( 'NONE', #7220, 9.000000000000007105 ) ;
#10500 = AXIS2_PLACEMENT_3D ( 'NONE', #5464, #1708, #10021 ) ;
#10501 = CARTESIAN_POINT ( 'NONE',  ( 196.0000000000000000, 34.00000000000000000, -43.99999999999997158 ) ) ;
#10502 = CARTESIAN_POINT ( 'NONE',  ( 85.00000000000000000, 120.0000000000000000, 67.00000000000000000 ) ) ;
#10503 = EDGE_CURVE ( 'NONE', #11344, #5619, #1399, .T. ) ;
#10504 = DIRECTION ( 'NONE',  ( 0.000000000000000000, -0.000000000000000000, -1.000000000000000000 ) ) ;
#10505 = DIRECTION ( 'NONE',  ( 0.000000000000000000, 1.000000000000000000, 0.000000000000000000 ) ) ;
#10506 = CARTESIAN_POINT ( 'NONE',  ( -140.0000000000000000, 0.000000000000000000, 42.50000000000000000 ) ) ;
#10507 = VECTOR ( 'NONE', #7319, 1000.000000000000000 ) ;
#10508 = DATE_AND_TIME ( #7654, #3014 ) ;
#10509 = PERSON_AND_ORGANIZATION ( #10860, #8800 ) ;
#10510 = DIRECTION ( 'NONE',  ( 0.000000000000000000, 1.000000000000000000, 0.000000000000000000 ) ) ;
#10511 = EDGE_LOOP ( 'NONE', ( #2613, #3025, #923, #9314, #7907, #5457, #2853, #4053 ) ) ;
#10512 = AXIS2_PLACEMENT_3D ( 'NONE', #5434, #814, #4516 ) ;
#10513 = AXIS2_PLACEMENT_3D ( 'NONE', #7363, #3669, #3786 ) ;
#10514 = ORIENTED_EDGE ( 'NONE', *, *, #6565, .T. ) ;
#10515 = DIRECTION ( 'NONE',  ( 0.000000000000000000, 0.000000000000000000, -1.000000000000000000 ) ) ;
#10516 = VECTOR ( 'NONE', #7640, 1000.000000000000000 ) ;
#10517 = PRODUCT_DEFINITION ( 'æœ', '', #9981, #7882 ) ;
#10518 = ORIENTED_EDGE ( 'NONE', *, *, #189, .F. ) ;
#10519 = LINE ( 'NONE', #8640, #9071 ) ;
#10520 = EDGE_CURVE ( 'NONE', #9588, #8821, #10799, .T. ) ;
#10521 = AXIS2_PLACEMENT_3D ( 'NONE', #6319, #3469, #7279 ) ;
#10522 = CARTESIAN_POINT ( 'NONE',  ( -85.00000000000000000, 120.0000000000000000, 60.00000000000000000 ) ) ;
#10523 = CARTESIAN_POINT ( 'NONE',  ( 0.000000000000000000, 42.00000000000000000, 0.000000000000000000 ) ) ;
#10524 = PLANE ( 'NONE',  #3765 ) ;
#10525 = COORDINATED_UNIVERSAL_TIME_OFFSET ( 8, 0, .AHEAD. ) ;
#10526 = DATE_AND_TIME ( #6887, #1498 ) ;
#10527 = APPROVAL_DATE_TIME ( #4174, #6903 ) ;
#10528 = AXIS2_PLACEMENT_3D ( 'NONE', #2564, #507, #1599 ) ;
#10529 = ORIENTED_EDGE ( 'NONE', *, *, #2546, .F. ) ;
#10530 = VECTOR ( 'NONE', #11698, 1000.000000000000000 ) ;
#10531 = CARTESIAN_POINT ( 'NONE',  ( -75.00000000000000000, 12.00000000000000000, -8.000000000000000000 ) ) ;
#10532 = VERTEX_POINT ( 'NONE', #9839 ) ;
#10533 = EDGE_CURVE ( 'NONE', #10532, #6525, #609, .T. ) ;
#10534 = ORIENTED_EDGE ( 'NONE', *, *, #221, .T. ) ;
#10535 = DIRECTION ( 'NONE',  ( 0.000000000000000000, 1.000000000000000000, 0.000000000000000000 ) ) ;
#10536 = APPROVAL_PERSON_ORGANIZATION ( #3788, #5863, #4767 ) ;
#10537 = VECTOR ( 'NONE', #11885, 1000.000000000000000 ) ;
#10538 = EDGE_LOOP ( 'NONE', ( #6138, #1456 ) ) ;
#10539 = DIRECTION ( 'NONE',  ( -0.000000000000000000, -1.000000000000000000, -0.000000000000000000 ) ) ;
#10540 = DIRECTION ( 'NONE',  ( -0.000000000000000000, -1.000000000000000000, -0.000000000000000000 ) ) ;
#10541 = DIRECTION ( 'NONE',  ( -0.000000000000000000, -1.000000000000000000, -0.000000000000000000 ) ) ;
#10542 = EDGE_CURVE ( 'NONE', #1311, #7407, #2366, .T. ) ;
#10543 = COORDINATED_UNIVERSAL_TIME_OFFSET ( 8, 0, .AHEAD. ) ;
#10544 = FACE_OUTER_BOUND ( 'NONE', #10444, .T. ) ;
#10545 = LOCAL_TIME ( 1, 43, 37.00000000000000000, #3122 ) ;
#10546 = CIRCLE ( 'NONE', #5328, 87.50000000000000000 ) ;
#10547 = EDGE_CURVE ( 'NONE', #4458, #8105, #9893, .T. ) ;
#10548 = VERTEX_POINT ( 'NONE', #5956 ) ;
#10549 = ORIENTED_EDGE ( 'NONE', *, *, #9679, .F. ) ;
#10550 = VERTEX_POINT ( 'NONE', #6069 ) ;
#10551 = CARTESIAN_POINT ( 'NONE',  ( 75.75812166592551478, 0.000000000000000000, 31.38004145393735200 ) ) ;
#10552 = PLANE ( 'NONE',  #2274 ) ;
#10553 = DIRECTION ( 'NONE',  ( 0.000000000000000000, 0.000000000000000000, -1.000000000000000000 ) ) ;
#10554 = PLANE ( 'NONE',  #6237 ) ;
#10555 = AXIS2_PLACEMENT_3D ( 'NONE', #282, #3253, #3978 ) ;
#10556 = DIRECTION ( 'NONE',  ( -1.000000000000000000, -0.000000000000000000, -0.000000000000000000 ) ) ;
#10557 = ADVANCED_FACE ( 'NONE', ( #1463 ), #5043, .T. ) ;
#10558 = DIRECTION ( 'NONE',  ( 0.000000000000000000, -0.000000000000000000, 1.000000000000000000 ) ) ;
#10559 = PERSON ( 'NAUO-PER5', 'UNSPECIFIED', 'UNSPECIFIED', ('UNSPECIFIED'), ('UNSPECIFIED'), ('UNSPECIFIED') ) ;
#10560 = VERTEX_POINT ( 'NONE', #2494 ) ;
#10561 = ORIENTED_EDGE ( 'NONE', *, *, #7346, .F. ) ;
#10562 = CARTESIAN_POINT ( 'NONE',  ( 196.0000000000000000, 34.00000000000000000, 0.000000000000000000 ) ) ;
#10563 = EDGE_LOOP ( 'NONE', ( #5155, #1167, #10471, #10495 ) ) ;
#10564 = DIRECTION ( 'NONE',  ( 0.000000000000000000, 0.000000000000000000, 1.000000000000000000 ) ) ;
#10565 = DIRECTION ( 'NONE',  ( 0.000000000000000000, 1.000000000000000000, 0.000000000000000000 ) ) ;
#10566 = PLANE ( 'NONE',  #1907 ) ;
#10567 = SECURITY_CLASSIFICATION ( '', '', #3783 ) ;
#10568 = FACE_OUTER_BOUND ( 'NONE', #6723, .T. ) ;
#10569 = DIRECTION ( 'NONE',  ( 0.000000000000000000, 0.000000000000000000, 1.000000000000000000 ) ) ;
#10570 = DIRECTION ( 'NONE',  ( -0.000000000000000000, -1.000000000000000000, -0.000000000000000000 ) ) ;
#10571 = PERSON_AND_ORGANIZATION ( #10860, #8800 ) ;
#10572 = VECTOR ( 'NONE', #2070, 1000.000000000000000 ) ;
#10573 = DATE_TIME_ROLE ( 'creation_date' ) ;
#10574 = DIRECTION ( 'NONE',  ( 0.000000000000000000, 0.000000000000000000, 1.000000000000000000 ) ) ;
#10575 = ORIENTED_EDGE ( 'NONE', *, *, #8702, .T. ) ;
#10576 = APPROVAL_PERSON_ORGANIZATION ( #2597, #3043, #6298 ) ;
#10577 = ADVANCED_FACE ( 'NONE', ( #2307 ), #11609, .F. ) ;
#10578 = ORIENTED_EDGE ( 'NONE', *, *, #3903, .F. ) ;
#10579 = DIRECTION ( 'NONE',  ( 0.000000000000000000, 0.000000000000000000, 1.000000000000000000 ) ) ;
#10580 = VECTOR ( 'NONE', #8358, 1000.000000000000000 ) ;
#10581 = LINE ( 'NONE', #10348, #11992 ) ;
#10582 = DIRECTION ( 'NONE',  ( -0.000000000000000000, -1.000000000000000000, -0.000000000000000000 ) ) ;
#10583 = CARTESIAN_POINT ( 'NONE',  ( 105.0000000000000000, 220.0000000000000000, 95.00000000000000000 ) ) ;
#10584 = ORGANIZATION ( 'NAUO-ORG17', 'UNSPECIFIED', 'UNSPECIFIED' ) ;
#10585 = APPROVAL_PERSON_ORGANIZATION ( #4952, #3637, #6768 ) ;
#10586 = CARTESIAN_POINT ( 'NONE',  ( -165.0000000000000000, 22.00000000000000000, 29.00000000000000000 ) ) ;
#10587 = PRODUCT_DEFINITION_SHAPE ( 'NONE', 'NONE',  #1497 ) ;
#10588 = CALENDAR_DATE ( 2026, 29, 7 ) ;
#10589 = PERSON_AND_ORGANIZATION ( #10860, #8800 ) ;
#10590 = COORDINATED_UNIVERSAL_TIME_OFFSET ( 8, 0, .AHEAD. ) ;
#10591 = CIRCLE ( 'NONE', #9238, 72.50000000000000000 ) ;
#10592 = EDGE_CURVE ( 'NONE', #11208, #1890, #10674, .T. ) ;
#10593 = SECURITY_CLASSIFICATION ( '', '', #9000 ) ;
#10594 = DIRECTION ( 'NONE',  ( 0.000000000000000000, 1.000000000000000000, 0.000000000000000000 ) ) ;
#10595 = ORIENTED_EDGE ( 'NONE', *, *, #8036, .T. ) ;
#10596 = ORIENTED_EDGE ( 'NONE', *, *, #4892, .T. ) ;
#10597 = DIRECTION ( 'NONE',  ( -0.000000000000000000, -1.000000000000000000, -0.000000000000000000 ) ) ;
#10598 = ADVANCED_FACE ( 'NONE', ( #4070 ), #10554, .F. ) ;
#10599 = ORIENTED_EDGE ( 'NONE', *, *, #7647, .T. ) ;
#10600 = AXIS2_PLACEMENT_3D ( 'NONE', #399, #4098, #10707 ) ;
#10601 = AXIS2_PLACEMENT_3D ( 'NONE', #6164, #3544, #1673 ) ;
#10602 = CARTESIAN_POINT ( 'NONE',  ( 110.0000000000000000, 28.00000000000000000, 24.00000000000000000 ) ) ;
#10603 = CARTESIAN_POINT ( 'NONE',  ( -110.0000000000000000, 28.00000000000000000, 24.00000000000000000 ) ) ;
#10604 = DIRECTION ( 'NONE',  ( 0.000000000000000000, 0.000000000000000000, -1.000000000000000000 ) ) ;
#10605 = DIRECTION ( 'NONE',  ( 1.000000000000000000, 0.000000000000000000, 0.000000000000000000 ) ) ;
#10606 =( REPRESENTATION_RELATIONSHIP ('NONE','NONE', #5684, #7231 ) REPRESENTATION_RELATIONSHIP_WITH_TRANSFORMATION ( #2447 )SHAPE_REPRESENTATION_RELATIONSHIP( ) );
#10607 = COORDINATED_UNIVERSAL_TIME_OFFSET ( 8, 0, .AHEAD. ) ;
#10608 = APPROVAL_PERSON_ORGANIZATION ( #8925, #7784, #8984 ) ;
#10609 = CARTESIAN_POINT ( 'NONE',  ( 75.00000000000000000, 0.000000000000000000, 12.00000000000000000 ) ) ;
#10610 = PRODUCT_DEFINITION ( 'æœ', '', #8831, #6559 ) ;
#10611 = ADVANCED_FACE ( 'NONE', ( #6013 ), #3151, .T. ) ;
#10612 = ORIENTED_EDGE ( 'NONE', *, *, #1812, .T. ) ;
#10613 = AXIS2_PLACEMENT_3D ( 'NONE', #5251, #7966, #4345 ) ;
#10614 = VECTOR ( 'NONE', #9010, 1000.000000000000000 ) ;
#10615 = ORIENTED_EDGE ( 'NONE', *, *, #1526, .F. ) ;
#10616 = VERTEX_POINT ( 'NONE', #8730 ) ;
#10617 = CARTESIAN_POINT ( 'NONE',  ( 117.5000000000000000, 0.000000000000000000, 24.00000000000000000 ) ) ;
#10618 = CC_DESIGN_DATE_AND_TIME_ASSIGNMENT ( #317, #6859, ( #5567 ) ) ;
#10619 = CARTESIAN_POINT ( 'NONE',  ( 0.000000000000000000, 0.000000000000000000, 0.000000000000000000 ) ) ;
#10620 = DIRECTION ( 'NONE',  ( -1.000000000000000000, 0.000000000000000000, -0.000000000000000000 ) ) ;
#10621 = FACE_OUTER_BOUND ( 'NONE', #9002, .T. ) ;
#10622 = AXIS2_PLACEMENT_3D ( 'NONE', #1171, #3100, #1964 ) ;
#10623 = FACE_BOUND ( 'NONE', #724, .T. ) ;
#10624 = PERSON_AND_ORGANIZATION ( #10559, #3250 ) ;
#10625 = EDGE_CURVE ( 'NONE', #2120, #7187, #8755, .T. ) ;
#10626 = ORIENTED_EDGE ( 'NONE', *, *, #1983, .T. ) ;
#10627 = ORIENTED_EDGE ( 'NONE', *, *, #1954, .F. ) ;
#10628 = LINE ( 'NONE', #5049, #5280 ) ;
#10629 = EDGE_CURVE ( 'NONE', #9406, #3550, #10129, .T. ) ;
#10630 = AXIS2_PLACEMENT_3D ( 'NONE', #5536, #5422, #929 ) ;
#10631 = ORIENTED_EDGE ( 'NONE', *, *, #5742, .F. ) ;
#10632 = CARTESIAN_POINT ( 'NONE',  ( 75.00000000000000000, 12.00000000000000000, -8.000000000000000000 ) ) ;
#10633 = DIRECTION ( 'NONE',  ( 0.000000000000000000, 0.000000000000000000, -1.000000000000000000 ) ) ;
#10634 = DIRECTION ( 'NONE',  ( 0.000000000000000000, 1.000000000000000000, 0.000000000000000000 ) ) ;
#10635 = CARTESIAN_POINT ( 'NONE',  ( -95.00000000000000000, 95.00000000000000000, 65.00000000000000000 ) ) ;
#10636 = EDGE_CURVE ( 'NONE', #10797, #3112, #10885, .T. ) ;
#10637 = DIRECTION ( 'NONE',  ( 0.000000000000000000, 0.000000000000000000, -1.000000000000000000 ) ) ;
#10638 = LINE ( 'NONE', #7955, #7423 ) ;
#10639 = PERSON_AND_ORGANIZATION ( #10860, #8800 ) ;
#10640 = DATE_AND_TIME ( #3107, #5175 ) ;
#10641 = FACE_OUTER_BOUND ( 'NONE', #9784, .T. ) ;
#10642 = ORIENTED_EDGE ( 'NONE', *, *, #11818, .F. ) ;
#10643 = SHAPE_REPRESENTATION ( 'MKH-001_foundation_flange', ( #10725 ), #2191 ) ;
#10644 = ORIENTED_EDGE ( 'NONE', *, *, #4885, .F. ) ;
#10645 = CARTESIAN_POINT ( 'NONE',  ( 75.75812166592551478, 30.00000000000000000, 24.38004145393735200 ) ) ;
#10646 = CARTESIAN_POINT ( 'NONE',  ( -85.00000000000000000, 120.0000000000000000, 60.00000000000000000 ) ) ;
#10647 = DIRECTION ( 'NONE',  ( 0.000000000000000000, 0.000000000000000000, 1.000000000000000000 ) ) ;
#10648 = DIRECTION ( 'NONE',  ( -0.000000000000000000, -1.000000000000000000, -0.000000000000000000 ) ) ;
#10649 = CARTESIAN_POINT ( 'NONE',  ( 196.0000000000000000, 34.00000000000000000, -57.99999999999999289 ) ) ;
#10650 = EDGE_CURVE ( 'NONE', #6362, #6694, #822, .T. ) ;
#10651 = CALENDAR_DATE ( 2026, 29, 7 ) ;
#10652 = PERSON_AND_ORGANIZATION_ROLE ( 'design_owner' ) ;
#10653 = ITEM_DEFINED_TRANSFORMATION ( 'NONE', 'NONE', #2595,  #10725 ) ;
#10654 = VERTEX_POINT ( 'NONE', #9220 ) ;
#10655 = DIRECTION ( 'NONE',  ( 0.000000000000000000, -1.000000000000000000, 0.000000000000000000 ) ) ;
#10656 = ORIENTED_EDGE ( 'NONE', *, *, #2175, .F. ) ;
#10657 = VERTEX_POINT ( 'NONE', #9043 ) ;
#10658 = FACE_OUTER_BOUND ( 'NONE', #10255, .T. ) ;
#10659 = ORIENTED_EDGE ( 'NONE', *, *, #11, .F. ) ;
#10660 = CYLINDRICAL_SURFACE ( 'NONE', #144, 43.99999999999997158 ) ;
#10661 = DIRECTION ( 'NONE',  ( 0.000000000000000000, 0.000000000000000000, -1.000000000000000000 ) ) ;
#10662 = CARTESIAN_POINT ( 'NONE',  ( 0.000000000000000000, 22.00000000000000000, -12.00000000000000000 ) ) ;
#10663 = EDGE_CURVE ( 'NONE', #2900, #4679, #5658, .T. ) ;
#10664 = DIRECTION ( 'NONE',  ( -0.1391731009600654378, -0.9902680687415703620, 6.123233995736766036E-17 ) ) ;
#10665 = PERSON_AND_ORGANIZATION_ROLE ( 'classification_officer' ) ;
#10666 = DIRECTION ( 'NONE',  ( 0.000000000000000000, 0.000000000000000000, 1.000000000000000000 ) ) ;
#10667 = ORIENTED_EDGE ( 'NONE', *, *, #3500, .F. ) ;
#10668 = ORIENTED_EDGE ( 'NONE', *, *, #3579, .T. ) ;
#10669 = VERTEX_POINT ( 'NONE', #9956 ) ;
#10670 = PRODUCT_DEFINITION_SHAPE ( 'NONE', 'NONE',  #12005 ) ;
#10671 = CYLINDRICAL_SURFACE ( 'NONE', #57, 6.999999999999999112 ) ;
#10672 = CYLINDRICAL_SURFACE ( 'NONE', #3027, 9.000000000000007105 ) ;
#10673 = EDGE_CURVE ( 'NONE', #12, #5968, #670, .T. ) ;
#10674 = LINE ( 'NONE', #6131, #11866 ) ;
#10675 = VECTOR ( 'NONE', #1228, 1000.000000000000000 ) ;
#10676 = ADVANCED_FACE ( 'NONE', ( #8122 ), #10855, .F. ) ;
#10677 = DIRECTION ( 'NONE',  ( -0.000000000000000000, -1.000000000000000000, -0.000000000000000000 ) ) ;
#10678 = CARTESIAN_POINT ( 'NONE',  ( -117.5000000000000000, 20.00000000000000000, -11.00000000000000355 ) ) ;
#10679 = DATE_TIME_ROLE ( 'classification_date' ) ;
#10680 = ORIENTED_EDGE ( 'NONE', *, *, #2524, .T. ) ;
#10681 = AXIS2_PLACEMENT_3D ( 'NONE', #3698, #6260, #5420 ) ;
#10682 = ORIENTED_EDGE ( 'NONE', *, *, #1933, .F. ) ;
#10683 = DIRECTION ( 'NONE',  ( 0.000000000000000000, 0.000000000000000000, -1.000000000000000000 ) ) ;
#10684 = ORIENTED_EDGE ( 'NONE', *, *, #5496, .F. ) ;
#10685 = DIRECTION ( 'NONE',  ( 0.000000000000000000, 0.000000000000000000, -1.000000000000000000 ) ) ;
#10686 = AXIS2_PLACEMENT_3D ( 'NONE', #250, #6610, #7578 ) ;
#10687 = PRODUCT_DEFINITION_SHAPE ( 'NONE', 'NONE',  #10610 ) ;
#10688 = DIRECTION ( 'NONE',  ( 0.000000000000000000, 0.000000000000000000, 1.000000000000000000 ) ) ;
#10689 = EDGE_CURVE ( 'NONE', #6351, #9098, #8179, .T. ) ;
#10690 = CARTESIAN_POINT ( 'NONE',  ( 120.0000000000000000, 0.000000000000000000, 90.00000000000000000 ) ) ;
#10691 = CIRCLE ( 'NONE', #5469, 130.0000000000000000 ) ;
#10692 = CARTESIAN_POINT ( 'NONE',  ( 70.00000000000000000, 0.000000000000000000, -45.00000000000000000 ) ) ;
#10693 = CARTESIAN_POINT ( 'NONE',  ( -77.08053281221580733, 0.000000000000000000, 41.41064430052884404 ) ) ;
#10694 = VECTOR ( 'NONE', #6009, 1000.000000000000000 ) ;
#10695 = CYLINDRICAL_SURFACE ( 'NONE', #9769, 8.000000000000014211 ) ;
#10696 = ADVANCED_FACE ( 'NONE', ( #2722, #6419 ), #4555, .T. ) ;
#10697 = APPROVAL_DATE_TIME ( #5979, #9358 ) ;
#10698 = CARTESIAN_POINT ( 'NONE',  ( 0.000000000000000000, 30.00000000000000000, -115.0000000000000000 ) ) ;
#10699 = VERTEX_POINT ( 'NONE', #6 ) ;
#10700 = AXIS2_PLACEMENT_3D ( 'NONE', #6001, #4057, #9696 ) ;
#10701 = ORIENTED_EDGE ( 'NONE', *, *, #6448, .T. ) ;
#10702 = VECTOR ( 'NONE', #1646, 1000.000000000000000 ) ;
#10703 = EDGE_CURVE ( 'NONE', #9342, #7841, #7593, .T. ) ;
#10704 = LINE ( 'NONE', #10645, #862 ) ;
#10705 = DIRECTION ( 'NONE',  ( 0.000000000000000000, 0.000000000000000000, 1.000000000000000000 ) ) ;
#10706 = AXIS2_PLACEMENT_3D ( 'NONE', #360, #9640, #1386 ) ;
#10707 = DIRECTION ( 'NONE',  ( 0.000000000000000000, 0.000000000000000000, -1.000000000000000000 ) ) ;
#10708 = CARTESIAN_POINT ( 'NONE',  ( -110.0000000000000000, 0.000000000000000000, 24.00000000000000000 ) ) ;
#10709 = FACE_OUTER_BOUND ( 'NONE', #9998, .T. ) ;
#10710 = CIRCLE ( 'NONE', #6833, 115.0000000000000000 ) ;
#10711 = VECTOR ( 'NONE', #6073, 1000.000000000000000 ) ;
#10712 = PERSON_AND_ORGANIZATION_ROLE ( 'design_supplier' ) ;
#10713 = PERSON_AND_ORGANIZATION ( #10860, #8800 ) ;
#10714 = APPROVAL_ROLE ( '' ) ;
#10715 = AXIS2_PLACEMENT_3D ( 'NONE', #8998, #5303, #7900 ) ;
#10716 = DIRECTION ( 'NONE',  ( 0.000000000000000000, -0.000000000000000000, -1.000000000000000000 ) ) ;
#10717 = ORIENTED_EDGE ( 'NONE', *, *, #3873, .T. ) ;
#10718 = CIRCLE ( 'NONE', #2587, 9.000000000000007105 ) ;
#10719 = CIRCLE ( 'NONE', #5869, 5.500000000000005329 ) ;
#10720 = ORIENTED_EDGE ( 'NONE', *, *, #8761, .T. ) ;
#10721 = VERTEX_POINT ( 'NONE', #4375 ) ;
#10722 = CARTESIAN_POINT ( 'NONE',  ( 75.00000000000000000, 0.000000000000000000, 12.00000000000000000 ) ) ;
#10723 = FACE_OUTER_BOUND ( 'NONE', #11222, .T. ) ;
#10724 = CARTESIAN_POINT ( 'NONE',  ( 0.000000000000000000, 120.0000000000000000, 0.000000000000000000 ) ) ;
#10725 = AXIS2_PLACEMENT_3D ( 'NONE', #1401, #2311, #6072 ) ;
#10726 = DIRECTION ( 'NONE',  ( 0.000000000000000000, -1.000000000000000000, 6.123233995736766036E-17 ) ) ;
#10727 = CALENDAR_DATE ( 2026, 29, 7 ) ;
#10728 = DIRECTION ( 'NONE',  ( 0.000000000000000000, 0.000000000000000000, 1.000000000000000000 ) ) ;
#10729 = AXIS2_PLACEMENT_3D ( 'NONE', #9018, #4353, #11819 ) ;
#10730 = ORIENTED_EDGE ( 'NONE', *, *, #6740, .T. ) ;
#10731 =( GEOMETRIC_REPRESENTATION_CONTEXT ( 3 ) GLOBAL_UNCERTAINTY_ASSIGNED_CONTEXT ( ( #139 ) ) GLOBAL_UNIT_ASSIGNED_CONTEXT ( ( #124, #8787, #1452 ) ) REPRESENTATION_CONTEXT ( 'NONE', 'WORKASPACE' ) );
#10732 = ADVANCED_FACE ( 'NONE', ( #11100 ), #4437, .F. ) ;
#10733 = ORIENTED_EDGE ( 'NONE', *, *, #9569, .T. ) ;
#10734 = ORIENTED_EDGE ( 'NONE', *, *, #4505, .F. ) ;
#10735 = CARTESIAN_POINT ( 'NONE',  ( 272.5000000000000000, 0.000000000000000000, 0.000000000000000000 ) ) ;
#10736 = ORIENTED_EDGE ( 'NONE', *, *, #11327, .T. ) ;
#10737 = FACE_OUTER_BOUND ( 'NONE', #2871, .T. ) ;
#10738 = DIRECTION ( 'NONE',  ( 0.000000000000000000, 0.000000000000000000, 1.000000000000000000 ) ) ;
#10739 = DIRECTION ( 'NONE',  ( 0.000000000000000000, 0.000000000000000000, 1.000000000000000000 ) ) ;
#10740 = LOCAL_TIME ( 1, 43, 37.00000000000000000, #7004 ) ;
#10741 = AXIS2_PLACEMENT_3D ( 'NONE', #5571, #5685, #9388 ) ;
#10742 = CALENDAR_DATE ( 2026, 29, 7 ) ;
#10743 = VERTEX_POINT ( 'NONE', #5528 ) ;
#10744 = EDGE_CURVE ( 'NONE', #10669, #616, #239, .T. ) ;
#10745 = EDGE_LOOP ( 'NONE', ( #2131, #188 ) ) ;
#10746 = LINE ( 'NONE', #8741, #11478 ) ;
#10747 = ORIENTED_EDGE ( 'NONE', *, *, #273, .F. ) ;
#10748 = DIRECTION ( 'NONE',  ( -0.000000000000000000, -1.000000000000000000, -0.000000000000000000 ) ) ;
#10749 = AXIS2_PLACEMENT_3D ( 'NONE', #2337, #6042, #9743 ) ;
#10750 = CARTESIAN_POINT ( 'NONE',  ( -85.00000000000000000, 120.0000000000000000, -60.00000000000000000 ) ) ;
#10751 = DIRECTION ( 'NONE',  ( 0.000000000000000000, 0.000000000000000000, 1.000000000000000000 ) ) ;
#10752 = EDGE_CURVE ( 'NONE', #7802, #5691, #58, .T. ) ;
#10753 = AXIS2_PLACEMENT_3D ( 'NONE', #11308, #11490, #1119 ) ;
#10754 = CARTESIAN_POINT ( 'NONE',  ( -180.0000000000000000, 28.00000000000000000, -155.0000000000000000 ) ) ;
#10755 = CARTESIAN_POINT ( 'NONE',  ( -31.38004145393735911, 30.00000000000000000, 68.75812166592550057 ) ) ;
#10756 = CARTESIAN_POINT ( 'NONE',  ( 31.38004145393736266, 30.00000000000000000, -68.75812166592551478 ) ) ;
#10757 = DATE_AND_TIME ( #8138, #10030 ) ;
#10758 = CARTESIAN_POINT ( 'NONE',  ( 196.0000000000000000, 34.00000000000000000, 0.000000000000000000 ) ) ;
#10759 = ORIENTED_EDGE ( 'NONE', *, *, #10003, .T. ) ;
#10760 = CC_DESIGN_DATE_AND_TIME_ASSIGNMENT ( #1570, #5271, ( #5576 ) ) ;
#10761 = EDGE_CURVE ( 'NONE', #588, #5659, #1581, .T. ) ;
#10762 = EDGE_LOOP ( 'NONE', ( #8655, #2652, #6592, #11483 ) ) ;
#10763 = CARTESIAN_POINT ( 'NONE',  ( 245.0000000000000000, 34.00000000000000000, 31.03224129836581469 ) ) ;
#10764 = CC_DESIGN_SECURITY_CLASSIFICATION ( #5156, ( #4378 ) ) ;
#10765 = PLANE ( 'NONE',  #551 ) ;
#10766 = LINE ( 'NONE', #11810, #150 ) ;
#10768 = VECTOR ( 'NONE', #6493, 1000.000000000000000 ) ;
#10767 = CARTESIAN_POINT ( 'NONE',  ( 0.000000000000000000, 360.0000000000000000, 0.000000000000000000 ) ) ;
#10769 = PLANE ( 'NONE',  #3188 ) ;
#10770 = APPLICATION_PROTOCOL_DEFINITION ( 'international standard', 'config_control_design', 1994, #7113 ) ;
#10771 = EDGE_CURVE ( 'NONE', #4495, #5352, #3575, .T. ) ;
#10772 = PERSON_AND_ORGANIZATION_ROLE ( 'classification_officer' ) ;
#10773 = APPROVAL_PERSON_ORGANIZATION ( #4662, #6094, #4722 ) ;
#10774 = CONTEXT_DEPENDENT_SHAPE_REPRESENTATION ( #853, #2538 ) ;
#10775 = CIRCLE ( 'NONE', #516, 7.000000000000006217 ) ;
#10776 = CARTESIAN_POINT ( 'NONE',  ( -140.0000000000000000, 0.000000000000000000, 42.50000000000000000 ) ) ;
#10777 = ORIENTED_EDGE ( 'NONE', *, *, #2765, .T. ) ;
#10778 = EDGE_CURVE ( 'NONE', #4736, #10417, #5855, .T. ) ;
#10779 = CC_DESIGN_SECURITY_CLASSIFICATION ( #2256, ( #12009 ) ) ;
#10780 = ORIENTED_EDGE ( 'NONE', *, *, #11221, .T. ) ;
#10781 = APPROVAL_PERSON_ORGANIZATION ( #8279, #600, #2756 ) ;
#10782 = ORIENTED_EDGE ( 'NONE', *, *, #2179, .F. ) ;
#10783 = DIRECTION ( 'NONE',  ( -0.000000000000000000, 1.000000000000000000, -0.000000000000000000 ) ) ;
#10784 = DIRECTION ( 'NONE',  ( -0.000000000000000000, -1.000000000000000000, -0.000000000000000000 ) ) ;
#10785 = LINE ( 'NONE', #6297, #10537 ) ;
#10786 =( NAMED_UNIT ( * ) PLANE_ANGLE_UNIT ( ) SI_UNIT ( $, .RADIAN. ) );
#10787 = EDGE_CURVE ( 'NONE', #11938, #1602, #8763, .T. ) ;
#10788 = VECTOR ( 'NONE', #8409, 1000.000000000000000 ) ;
#10789 = APPROVAL_ROLE ( '' ) ;
#10790 = CYLINDRICAL_SURFACE ( 'NONE', #6641, 7.000000000000006217 ) ;
#10791 = LOCAL_TIME ( 1, 43, 37.00000000000000000, #10106 ) ;
#10792 = CC_DESIGN_APPROVAL ( #9952, ( #5567 ) ) ;
#10793 = VERTEX_POINT ( 'NONE', #5287 ) ;
#10794 = VECTOR ( 'NONE', #10947, 1000.000000000000000 ) ;
#10795 = ORIENTED_EDGE ( 'NONE', *, *, #5196, .T. ) ;
#10796 = CARTESIAN_POINT ( 'NONE',  ( 0.000000000000000000, 220.0000000000000000, 0.000000000000000000 ) ) ;
#10797 = VERTEX_POINT ( 'NONE', #236 ) ;
#10798 = CARTESIAN_POINT ( 'NONE',  ( 31.38004145393736266, 30.00000000000000000, 75.75812166592551478 ) ) ;
#10799 = LINE ( 'NONE', #2365, #7199 ) ;
#10800 = ORGANIZATION ( 'NAUO-ORG8', 'UNSPECIFIED', 'UNSPECIFIED' ) ;
#10801 = FACE_OUTER_BOUND ( 'NONE', #1339, .T. ) ;
#10802 = EDGE_CURVE ( 'NONE', #10270, #5510, #1603, .T. ) ;
#10803 = CLOSED_SHELL ( 'NONE', ( #2071, #4384, #5990, #3844, #11568, #1436, #9693, #5386, #6767, #8540 ) ) ;
#10804 = VECTOR ( 'NONE', #8762, 1000.000000000000000 ) ;
#10805 = CONTEXT_DEPENDENT_SHAPE_REPRESENTATION ( #4956, #5364 ) ;
#10806 = ORIENTED_EDGE ( 'NONE', *, *, #10954, .T. ) ;
#10807 = CC_DESIGN_APPROVAL ( #6903, ( #5751 ) ) ;
#10808 = EDGE_LOOP ( 'NONE', ( #10127, #201, #2081, #11284 ) ) ;
#10809 = DIRECTION ( 'NONE',  ( -0.000000000000000000, -1.000000000000000000, -0.000000000000000000 ) ) ;
#10810 = ORIENTED_EDGE ( 'NONE', *, *, #8429, .T. ) ;
#10811 = CYLINDRICAL_SURFACE ( 'NONE', #4493, 9.000000000000007105 ) ;
#10812 = VECTOR ( 'NONE', #388, 1000.000000000000000 ) ;
#10813 = CARTESIAN_POINT ( 'NONE',  ( -117.5000000000000000, 20.00000000000000000, 24.00000000000000000 ) ) ;
#10814 = CARTESIAN_POINT ( 'NONE',  ( 120.0000000000000000, 260.0000000000000000, 110.0000000000000000 ) ) ;
#10815 = DIRECTION ( 'NONE',  ( -0.000000000000000000, -1.000000000000000000, -0.000000000000000000 ) ) ;
#10816 = DIRECTION ( 'NONE',  ( -1.000000000000000000, 0.000000000000000000, -0.000000000000000000 ) ) ;
#10817 = DIRECTION ( 'NONE',  ( -0.000000000000000000, -1.000000000000000000, -0.000000000000000000 ) ) ;
#10818 = EDGE_CURVE ( 'NONE', #9662, #6413, #297, .T. ) ;
#10819 = APPROVAL_ROLE ( '' ) ;
#10820 = DIRECTION ( 'NONE',  ( -0.000000000000000000, -1.000000000000000000, -0.000000000000000000 ) ) ;
#10821 = EDGE_LOOP ( 'NONE', ( #8871, #795, #2229, #4565 ) ) ;
#10822 = AXIS2_PLACEMENT_3D ( 'NONE', #4504, #982, #3474 ) ;
#10823 = EDGE_LOOP ( 'NONE', ( #9600, #5065, #499, #11566 ) ) ;
#10824 = DIRECTION ( 'NONE',  ( -0.000000000000000000, -1.000000000000000000, -0.000000000000000000 ) ) ;
#10825 = DIRECTION ( 'NONE',  ( -0.000000000000000000, -1.000000000000000000, -0.000000000000000000 ) ) ;
#10826 = CARTESIAN_POINT ( 'NONE',  ( 85.00000000000000000, 0.000000000000000000, 67.00000000000000000 ) ) ;
#10827 = PRODUCT_DEFINITION ( 'æœ', '', #4601, #9387 ) ;
#10828 = CARTESIAN_POINT ( 'NONE',  ( -245.0000000000000000, 20.00000000000000000, 64.00000000000000000 ) ) ;
#10829 = EDGE_CURVE ( 'NONE', #4498, #1337, #1026, .T. ) ;
#10830 = VECTOR ( 'NONE', #9296, 1000.000000000000000 ) ;
#10831 = CARTESIAN_POINT ( 'NONE',  ( 31.38004145393736266, 30.00000000000000000, -68.75812166592551478 ) ) ;
#10832 = APPROVAL_DATE_TIME ( #9870, #2816 ) ;
#10833 = DATE_AND_TIME ( #2519, #5558 ) ;
#10834 = APPROVAL_DATE_TIME ( #5388, #4083 ) ;
#10835 = APPROVAL ( #3835, 'UNKNOWN' ) ;
#10836 = DIRECTION ( 'NONE',  ( 0.000000000000000000, 1.000000000000000000, 0.000000000000000000 ) ) ;
#10837 = ORIENTED_EDGE ( 'NONE', *, *, #7262, .T. ) ;
#10838 = ORIENTED_EDGE ( 'NONE', *, *, #3031, .F. ) ;
#10839 = CARTESIAN_POINT ( 'NONE',  ( 0.000000000000000000, 330.0000000000000000, -36.00000000000000000 ) ) ;
#10840 = ORIENTED_EDGE ( 'NONE', *, *, #4062, .T. ) ;
#10841 = DIRECTION ( 'NONE',  ( 0.000000000000000000, 1.000000000000000000, 0.000000000000000000 ) ) ;
#10842 = DIRECTION ( 'NONE',  ( -0.000000000000000000, -1.000000000000000000, -0.000000000000000000 ) ) ;
#10843 = CARTESIAN_POINT ( 'NONE',  ( -120.0000000000000000, 0.000000000000000000, 110.0000000000000000 ) ) ;
#10844 = DIRECTION ( 'NONE',  ( 0.000000000000000000, 0.000000000000000000, 1.000000000000000000 ) ) ;
#10845 = DATE_AND_TIME ( #902, #1094 ) ;
#10846 = DIRECTION ( 'NONE',  ( 0.000000000000000000, 0.000000000000000000, -1.000000000000000000 ) ) ;
#10847 = ADVANCED_FACE ( 'NONE', ( #4906 ), #1997, .F. ) ;
#10848 = ORIENTED_EDGE ( 'NONE', *, *, #706, .F. ) ;
#10849 = ORIENTED_EDGE ( 'NONE', *, *, #1115, .T. ) ;
#10850 = ADVANCED_FACE ( 'NONE', ( #1090 ), #6719, .F. ) ;
#10851 = VERTEX_POINT ( 'NONE', #4671 ) ;
#10852 = FACE_OUTER_BOUND ( 'NONE', #9019, .T. ) ;
#10853 = VERTEX_POINT ( 'NONE', #1202 ) ;
#10854 = PLANE ( 'NONE',  #131 ) ;
#10855 = CYLINDRICAL_SURFACE ( 'NONE', #5288, 4.500000000000003553 ) ;
#10856 = DIRECTION ( 'NONE',  ( -1.000000000000000000, -0.000000000000000000, -0.000000000000000000 ) ) ;
#10857 = ORIENTED_EDGE ( 'NONE', *, *, #11001, .F. ) ;
#10858 = APPROVAL_STATUS ( 'not_yet_approved' ) ;
#10859 = ORIENTED_EDGE ( 'NONE', *, *, #4826, .F. ) ;
#10860 = PERSON ( 'æœª', 'æœª', 'æœª', ('æœª'), ('æœª'), ('æœª') ) ;
#10861 = ORIENTED_EDGE ( 'NONE', *, *, #3755, .F. ) ;
#10862 = DIRECTION ( 'NONE',  ( 0.000000000000000000, 1.000000000000000000, 0.000000000000000000 ) ) ;
#10863 = ORIENTED_EDGE ( 'NONE', *, *, #5465, .F. ) ;
#10864 = AXIS2_PLACEMENT_3D ( 'NONE', #621, #10867, #4211 ) ;
#10865 = CARTESIAN_POINT ( 'NONE',  ( 69.63364589099039392, 0.000000000000000000, 20.18428497440902802 ) ) ;
#10866 = ADVANCED_FACE ( 'NONE', ( #11401 ), #6597, .F. ) ;
#10867 = DIRECTION ( 'NONE',  ( 0.000000000000000000, 1.000000000000000000, 0.000000000000000000 ) ) ;
#10868 = CARTESIAN_POINT ( 'NONE',  ( 0.000000000000000000, 48.00000000000000000, -110.0000000000000000 ) ) ;
#10869 = DIRECTION ( 'NONE',  ( 0.000000000000000000, 0.000000000000000000, 1.000000000000000000 ) ) ;
#10870 = FACE_OUTER_BOUND ( 'NONE', #3647, .T. ) ;
#10871 = CARTESIAN_POINT ( 'NONE',  ( 115.0000000000000000, 12.00000000000000000, 32.50000000000000711 ) ) ;
#10872 = PERSON_AND_ORGANIZATION ( #10860, #8800 ) ;
#10873 = DIRECTION ( 'NONE',  ( 0.000000000000000000, 0.000000000000000000, 1.000000000000000000 ) ) ;
#10874 = EDGE_LOOP ( 'NONE', ( #8773, #10137, #3145, #9691, #7586, #7012, #5024, #8887 ) ) ;
#10875 = AXIS2_PLACEMENT_3D ( 'NONE', #1397, #9703, #2362 ) ;
#10876 = ORIENTED_EDGE ( 'NONE', *, *, #4685, .T. ) ;
#10877 = DIRECTION ( 'NONE',  ( -6.217248937900875838E-15, 0.000000000000000000, -1.000000000000000000 ) ) ;
#10878 = EDGE_CURVE ( 'NONE', #11280, #5279, #2173, .T. ) ;
#10879 = DIRECTION ( 'NONE',  ( 0.000000000000000000, 1.000000000000000000, 0.000000000000000000 ) ) ;
#10880 = DIRECTION ( 'NONE',  ( -0.000000000000000000, -1.000000000000000000, -0.000000000000000000 ) ) ;
#10881 = AXIS2_PLACEMENT_3D ( 'NONE', #6244, #10073, #3686 ) ;
#10882 = DIRECTION ( 'NONE',  ( -0.000000000000000000, -1.000000000000000000, -0.000000000000000000 ) ) ;
#10883 = LINE ( 'NONE', #8032, #2083 ) ;
#10884 = DIRECTION ( 'NONE',  ( 0.000000000000000000, 1.000000000000000000, 0.000000000000000000 ) ) ;
#10885 = CIRCLE ( 'NONE', #5276, 8.999999999999994671 ) ;
#10886 = APPROVAL_STATUS ( 'not_yet_approved' ) ;
#10887 = COORDINATED_UNIVERSAL_TIME_OFFSET ( 8, 0, .AHEAD. ) ;
#10888 = VECTOR ( 'NONE', #1537, 1000.000000000000000 ) ;
#10889 = DATE_TIME_ROLE ( 'classification_date' ) ;
#10890 = CIRCLE ( 'NONE', #11480, 8.999999999999994671 ) ;
#10891 = CC_DESIGN_PERSON_AND_ORGANIZATION_ASSIGNMENT ( #11017, #2700, ( #8756 ) ) ;
#10892 = CARTESIAN_POINT ( 'NONE',  ( -110.0000000000000000, 0.000000000000000000, 24.00000000000000000 ) ) ;
#10893 = AXIS2_PLACEMENT_3D ( 'NONE', #3991, #8359, #2850 ) ;
#10895 = EDGE_CURVE ( 'NONE', #7814, #6417, #3338, .T. ) ;
#10894 = EDGE_LOOP ( 'NONE', ( #8634, #4695 ) ) ;
#10896 = EDGE_LOOP ( 'NONE', ( #8024, #6837 ) ) ;
#10897 = PLANE ( 'NONE',  #10217 ) ;
#10898 = CIRCLE ( 'NONE', #11095, 87.50000000000000000 ) ;
#10899 = ORIENTED_EDGE ( 'NONE', *, *, #4711, .F. ) ;
#10900 = FACE_BOUND ( 'NONE', #9954, .T. ) ;
#10901 = CARTESIAN_POINT ( 'NONE',  ( 0.000000000000000000, 28.00000000000000000, 0.000000000000000000 ) ) ;
#10902 = CARTESIAN_POINT ( 'NONE',  ( -85.00000000000000000, 0.000000000000000000, -52.99999999999999289 ) ) ;
#10903 =( LENGTH_UNIT ( ) NAMED_UNIT ( * ) SI_UNIT ( .MILLI., .METRE. ) );
#10904 = PERSON_AND_ORGANIZATION_ROLE ( 'creator' ) ;
#10905 = VECTOR ( 'NONE', #5976, 1000.000000000000000 ) ;
#10906 = AXIS2_PLACEMENT_3D ( 'NONE', #7531, #2926, #5784 ) ;
#10907 = AXIS2_PLACEMENT_3D ( 'NONE', #101, #4766, #1633 ) ;
#10908 = CC_DESIGN_DATE_AND_TIME_ASSIGNMENT ( #5200, #8898, ( #8025 ) ) ;
#10909 = EDGE_CURVE ( 'NONE', #904, #11314, #3079, .T. ) ;
#10910 = ORIENTED_EDGE ( 'NONE', *, *, #18, .T. ) ;
#10911 = ORIENTED_EDGE ( 'NONE', *, *, #2433, .T. ) ;
#10912 = CARTESIAN_POINT ( 'NONE',  ( -95.00000000000000000, 0.000000000000000000, 65.00000000000000000 ) ) ;
#10913 = CIRCLE ( 'NONE', #9180, 110.0000000000000000 ) ;
#10914 = EDGE_CURVE ( 'NONE', #11410, #9586, #9932, .T. ) ;
#10915 = ORIENTED_EDGE ( 'NONE', *, *, #11267, .T. ) ;
#10916 = CARTESIAN_POINT ( 'NONE',  ( 120.0000000000000000, 120.0000000000000000, 90.00000000000000000 ) ) ;
#10917 = DIRECTION ( 'NONE',  ( 0.000000000000000000, 1.000000000000000000, 0.000000000000000000 ) ) ;
#10918 = AXIS2_PLACEMENT_3D ( 'NONE', #1380, #3865, #9689 ) ;
#10919 = CARTESIAN_POINT ( 'NONE',  ( 272.5000000000000000, 22.00000000000000000, 52.49999999999997868 ) ) ;
#10920 = EDGE_CURVE ( 'NONE', #1638, #240, #3920, .T. ) ;
#10921 = SECURITY_CLASSIFICATION_LEVEL ( 'unclassified' ) ;
#10922 = AXIS2_PLACEMENT_3D ( 'NONE', #11708, #3139, #3388 ) ;
#10923 = CIRCLE ( 'NONE', #1992, 87.50000000000000000 ) ;
#10924 = ORIENTED_EDGE ( 'NONE', *, *, #5071, .F. ) ;
#10925 = VERTEX_POINT ( 'NONE', #2959 ) ;
#10926 = VECTOR ( 'NONE', #11078, 1000.000000000000000 ) ;
#10927 = LINE ( 'NONE', #5690, #8979 ) ;
#10928 = ORIENTED_EDGE ( 'NONE', *, *, #9766, .F. ) ;
#10929 = LINE ( 'NONE', #10084, #2544 ) ;
#10930 = ADVANCED_FACE ( 'NONE', ( #10252 ), #6659, .F. ) ;
#10931 = LINE ( 'NONE', #2622, #3408 ) ;
#10932 = DIRECTION ( 'NONE',  ( -0.000000000000000000, -1.000000000000000000, -0.000000000000000000 ) ) ;
#10933 = AXIS2_PLACEMENT_3D ( 'NONE', #8527, #285, #3861 ) ;
#10935 = PLANE ( 'NONE',  #5796 ) ;
#10934 = AXIS2_PLACEMENT_3D ( 'NONE', #3740, #7374, #7433 ) ;
#10936 = DIRECTION ( 'NONE',  ( -1.000000000000000000, -0.000000000000000000, -0.000000000000000000 ) ) ;
#10937 = FACE_OUTER_BOUND ( 'NONE', #9360, .T. ) ;
#10938 = APPROVAL_STATUS ( 'not_yet_approved' ) ;
#10939 = CARTESIAN_POINT ( 'NONE',  ( 140.0000000000000000, 12.00000000000000000, 42.50000000000000000 ) ) ;
#10940 = ORIENTED_EDGE ( 'NONE', *, *, #8021, .T. ) ;
#10941 = VERTEX_POINT ( 'NONE', #970 ) ;
#10942 = VECTOR ( 'NONE', #5073, 1000.000000000000000 ) ;
#10943 = DIRECTION ( 'NONE',  ( -0.000000000000000000, -1.000000000000000000, -0.000000000000000000 ) ) ;
#10944 = FACE_OUTER_BOUND ( 'NONE', #5544, .T. ) ;
#10945 = CARTESIAN_POINT ( 'NONE',  ( -110.0000000000000000, 28.00000000000000000, -24.00000000000000000 ) ) ;
#10946 = DIRECTION ( 'NONE',  ( -0.000000000000000000, -1.000000000000000000, -0.000000000000000000 ) ) ;
#10947 = DIRECTION ( 'NONE',  ( 0.000000000000000000, 0.000000000000000000, -1.000000000000000000 ) ) ;
#10948 = CARTESIAN_POINT ( 'NONE',  ( -245.0000000000000000, 0.000000000000000000, 64.00000000000000000 ) ) ;
#10949 = PERSON_AND_ORGANIZATION ( #10860, #8800 ) ;
#10950 = PERSON_AND_ORGANIZATION_ROLE ( 'creator' ) ;
#10951 = EDGE_CURVE ( 'NONE', #11955, #3242, #10190, .T. ) ;
#10952 = DATE_TIME_ROLE ( 'classification_date' ) ;
#10953 = EDGE_LOOP ( 'NONE', ( #894, #3879, #9832, #4159, #231, #7453, #3793, #2827, #2425, #619, #9613, #4836 ) ) ;
#10954 = EDGE_CURVE ( 'NONE', #2358, #2922, #10424, .T. ) ;
#10955 = LINE ( 'NONE', #7250, #3371 ) ;
#10956 = EDGE_LOOP ( 'NONE', ( #5631, #3866, #6173, #4854 ) ) ;
#10957 = SHAPE_REPRESENTATION ( 'MKH-008_forearm_link', ( #10725 ), #3951 ) ;
#10958 = VERTEX_POINT ( 'NONE', #3018 ) ;
#10959 = DIRECTION ( 'NONE',  ( 0.000000000000000000, 0.000000000000000000, 1.000000000000000000 ) ) ;
#10960 = ORIENTED_EDGE ( 'NONE', *, *, #1885, .F. ) ;
#10961 = CARTESIAN_POINT ( 'NONE',  ( -117.5000000000000000, 0.000000000000000000, 24.00000000000000000 ) ) ;
#10962 = CARTESIAN_POINT ( 'NONE',  ( 165.0000000000000000, 0.000000000000000000, -11.99999999999998579 ) ) ;
#10963 = DESIGN_CONTEXT ( 'detailed design', #5427, 'design' ) ;
#10964 = APPROVAL_PERSON_ORGANIZATION ( #6455, #6589, #4827 ) ;
#10965 = CARTESIAN_POINT ( 'NONE',  ( 133.9625322141365871, 30.00000000000000000, -46.48909769293801020 ) ) ;
#10966 = DATE_TIME_ROLE ( 'creation_date' ) ;
#10967 = ADVANCED_FACE ( 'NONE', ( #5815 ), #8600, .F. ) ;
#10968 = AXIS2_PLACEMENT_3D ( 'NONE', #10813, #3353, #10633 ) ;
#10969 = ORIENTED_EDGE ( 'NONE', *, *, #10625, .F. ) ;
#10970 = SECURITY_CLASSIFICATION ( '', '', #11090 ) ;
#10971 = ADVANCED_FACE ( 'NONE', ( #7685 ), #6545, .T. ) ;
#10972 = ORIENTED_EDGE ( 'NONE', *, *, #72, .T. ) ;
#10973 = VERTEX_POINT ( 'NONE', #5030 ) ;
#10974 = DIRECTION ( 'NONE',  ( 0.000000000000000000, 0.000000000000000000, -1.000000000000000000 ) ) ;
#10975 = ORIENTED_EDGE ( 'NONE', *, *, #5446, .T. ) ;
#10976 = DIRECTION ( 'NONE',  ( 0.000000000000000000, 1.000000000000000000, 0.000000000000000000 ) ) ;
#10977 = CARTESIAN_POINT ( 'NONE',  ( 4.776122516674677878E-15, 305.0000000000000000, 39.00000000000000000 ) ) ;
#10978 = CC_DESIGN_DATE_AND_TIME_ASSIGNMENT ( #4297, #7988, ( #8053 ) ) ;
#10979 =( NAMED_UNIT ( * ) PLANE_ANGLE_UNIT ( ) SI_UNIT ( $, .RADIAN. ) );
#10980 = APPROVAL_PERSON_ORGANIZATION ( #8217, #828, #6220 ) ;
#10981 = EDGE_CURVE ( 'NONE', #6928, #8440, #4116, .T. ) ;
#10982 = PRODUCT_DEFINITION_FORMATION_WITH_SPECIFIED_SOURCE ( 'ä»', '', #9723, .NOT_KNOWN. ) ;
#10983 = CYLINDRICAL_SURFACE ( 'NONE', #241, 95.00000000000001421 ) ;
#10984 = VERTEX_POINT ( 'NONE', #6115 ) ;
#10985 = CALENDAR_DATE ( 2026, 29, 7 ) ;
#10986 = ORIENTED_EDGE ( 'NONE', *, *, #10920, .T. ) ;
#10987 = AXIS2_PLACEMENT_3D ( 'NONE', #6701, #6643, #10237 ) ;
#10988 = CC_DESIGN_PERSON_AND_ORGANIZATION_ASSIGNMENT ( #11375, #9731, ( #5957 ) ) ;
#10989 = VERTEX_POINT ( 'NONE', #6902 ) ;
#10990 = CARTESIAN_POINT ( 'NONE',  ( -75.75812166592551478, 0.000000000000000000, -38.38004145393736621 ) ) ;
#10991 = VERTEX_POINT ( 'NONE', #9759 ) ;
#10992 = CARTESIAN_POINT ( 'NONE',  ( 31.38004145393736266, 0.000000000000000000, 75.75812166592551478 ) ) ;
#10993 = DIRECTION ( 'NONE',  ( 0.000000000000000000, 1.000000000000000000, 0.000000000000000000 ) ) ;
#10994 = LINE ( 'NONE', #9112, #8631 ) ;
#10995 = LINE ( 'NONE', #5360, #7136 ) ;
#10996 = DIRECTION ( 'NONE',  ( 0.000000000000000000, 1.000000000000000000, 0.000000000000000000 ) ) ;
#10997 = DIRECTION ( 'NONE',  ( -0.000000000000000000, -1.000000000000000000, -0.000000000000000000 ) ) ;
#10998 = CLOSED_SHELL ( 'NONE', ( #3811, #1054, #3804, #8078, #11728, #5247, #11067, #7097, #2129, #1740, #6689, #11703, #1181, #4512, #180, #5721, #3339, #2466, #2363, #7681, #11536, #9440, #4064, #892, #7013, #10850, #6201, #10598, #535 ) ) ;
#10999 = AXIS2_PLACEMENT_3D ( 'NONE', #5381, #7064, #4346 ) ;
#11000 = LINE ( 'NONE', #934, #7236 ) ;
#11001 = EDGE_CURVE ( 'NONE', #5290, #2847, #9578, .T. ) ;
#11002 =( REPRESENTATION_RELATIONSHIP ('NONE','NONE', #6922, #11893 ) REPRESENTATION_RELATIONSHIP_WITH_TRANSFORMATION ( #2314 )SHAPE_REPRESENTATION_RELATIONSHIP( ) );
#11003 = APPROVAL_DATE_TIME ( #7170, #2905 ) ;
#11004 = CARTESIAN_POINT ( 'NONE',  ( 0.000000000000000000, 145.0000000000000000, 0.000000000000000000 ) ) ;
#11005 = EDGE_LOOP ( 'NONE', ( #7216, #8052, #891, #991 ) ) ;
#11006 = CARTESIAN_POINT ( 'NONE',  ( -55.48909769293801020, 0.000000000000000000, 124.9625322141365587 ) ) ;
#11007 = EDGE_CURVE ( 'NONE', #2112, #4106, #1786, .T. ) ;
#11008 = EDGE_LOOP ( 'NONE', ( #3011, #5820, #2822 ) ) ;
#11009 = AXIS2_PLACEMENT_3D ( 'NONE', #11931, #33, #4464 ) ;
#11010 = AXIS2_PLACEMENT_3D ( 'NONE', #4776, #1136, #10462 ) ;
#11011 = DIRECTION ( 'NONE',  ( 0.000000000000000000, 0.000000000000000000, 1.000000000000000000 ) ) ;
#11012 = EDGE_CURVE ( 'NONE', #368, #5370, #5093, .T. ) ;
#11013 = CARTESIAN_POINT ( 'NONE',  ( -85.00000000000000000, 0.000000000000000000, 60.00000000000000000 ) ) ;
#11014 = CARTESIAN_POINT ( 'NONE',  ( 0.000000000000000000, 225.0000000000000000, 0.000000000000000000 ) ) ;
#11015 = DIRECTION ( 'NONE',  ( 1.000000000000000000, -0.000000000000000000, 0.000000000000000000 ) ) ;
#11016 = DIRECTION ( 'NONE',  ( 0.000000000000000000, 0.000000000000000000, 1.000000000000000000 ) ) ;
#11017 = PERSON_AND_ORGANIZATION ( #10860, #8800 ) ;
#11018 = VECTOR ( 'NONE', #1059, 1000.000000000000000 ) ;
#11019 = CALENDAR_DATE ( 2026, 29, 7 ) ;
#11020 = DATE_AND_TIME ( #11817, #7675 ) ;
#11021 = ORIENTED_EDGE ( 'NONE', *, *, #5496, .T. ) ;
#11022 = CARTESIAN_POINT ( 'NONE',  ( 69.63364589099039392, 0.000000000000000000, -20.18428497440903513 ) ) ;
#11023 = ORIENTED_EDGE ( 'NONE', *, *, #4337, .F. ) ;
#11024 = ORIENTED_EDGE ( 'NONE', *, *, #11670, .T. ) ;
#11025 = DIRECTION ( 'NONE',  ( 1.000000000000000000, 0.000000000000000000, 0.000000000000000000 ) ) ;
#11026 = AXIS2_PLACEMENT_3D ( 'NONE', #2352, #415, #10604 ) ;
#11027 = EDGE_CURVE ( 'NONE', #1150, #117, #8372, .T. ) ;
#11028 = VERTEX_POINT ( 'NONE', #8660 ) ;
#11029 = DIRECTION ( 'NONE',  ( -0.000000000000000000, 1.000000000000000000, -0.000000000000000000 ) ) ;
#11030 = CARTESIAN_POINT ( 'NONE',  ( 0.000000000000000000, 0.000000000000000000, 0.000000000000000000 ) ) ;
#11031 = DIRECTION ( 'NONE',  ( 1.000000000000000000, 0.000000000000000000, 0.000000000000000000 ) ) ;
#11032 = COORDINATED_UNIVERSAL_TIME_OFFSET ( 8, 0, .AHEAD. ) ;
#11033 = EDGE_LOOP ( 'NONE', ( #10642, #3745, #5705, #3818 ) ) ;
#11034 = ORIENTED_EDGE ( 'NONE', *, *, #2978, .F. ) ;
#11035 = ORIENTED_EDGE ( 'NONE', *, *, #420, .T. ) ;
#11036 = CARTESIAN_POINT ( 'NONE',  ( -110.0000000000000000, 28.00000000000000000, 24.00000000000000000 ) ) ;
#11037 = EDGE_CURVE ( 'NONE', #6848, #295, #7805, .T. ) ;
#11038 = ORIENTED_EDGE ( 'NONE', *, *, #10149, .T. ) ;
#11039 = CARTESIAN_POINT ( 'NONE',  ( -78.00000000000000000, 28.00000000000000000, 7.499999999999999112 ) ) ;
#11040 = DIRECTION ( 'NONE',  ( 0.000000000000000000, 0.000000000000000000, -1.000000000000000000 ) ) ;
#11041 = DIRECTION ( 'NONE',  ( 1.000000000000000000, 0.000000000000000000, 0.000000000000000000 ) ) ;
#11042 = DIRECTION ( 'NONE',  ( -0.000000000000000000, -1.000000000000000000, -0.000000000000000000 ) ) ;
#11043 = ORIENTED_EDGE ( 'NONE', *, *, #5416, .T. ) ;
#11044 = DATE_AND_TIME ( #177, #4018 ) ;
#11045 = ORIENTED_EDGE ( 'NONE', *, *, #10914, .T. ) ;
#11046 = EDGE_LOOP ( 'NONE', ( #2288, #11952, #9375, #4882 ) ) ;
#11047 = DIRECTION ( 'NONE',  ( 0.000000000000000000, 0.000000000000000000, 1.000000000000000000 ) ) ;
#11048 = CC_DESIGN_PERSON_AND_ORGANIZATION_ASSIGNMENT ( #1847, #2031, ( #5278 ) ) ;
#11049 = ORIENTED_EDGE ( 'NONE', *, *, #1357, .F. ) ;
#11050 = FACE_OUTER_BOUND ( 'NONE', #9836, .T. ) ;
#11051 = EDGE_CURVE ( 'NONE', #10743, #6052, #1450, .T. ) ;
#11052 = LINE ( 'NONE', #2798, #10768 ) ;
#11053 = LINE ( 'NONE', #5598, #8170 ) ;
#11054 = UNCERTAINTY_MEASURE_WITH_UNIT (LENGTH_MEASURE( 1.000000000000000082E-05 ), #9776, 'distance_accuracy_value', 'NONE');
#11055 = FACE_BOUND ( 'NONE', #4360, .T. ) ;
#11056 = FACE_BOUND ( 'NONE', #9051, .T. ) ;
#11057 = CC_DESIGN_PERSON_AND_ORGANIZATION_ASSIGNMENT ( #3191, #5077, ( #2256 ) ) ;
#11058 = DIRECTION ( 'NONE',  ( 0.000000000000000000, 1.000000000000000000, 0.000000000000000000 ) ) ;
#11059 = DATE_AND_TIME ( #4752, #7303 ) ;
#11060 = CARTESIAN_POINT ( 'NONE',  ( 0.000000000000000000, 41.99999999999997868, 0.000000000000000000 ) ) ;
#11061 = ORIENTED_EDGE ( 'NONE', *, *, #9597, .T. ) ;
#11062 = EDGE_CURVE ( 'NONE', #3891, #9456, #11526, .T. ) ;
#11063 = LINE ( 'NONE', #3538, #9163 ) ;
#11064 = CARTESIAN_POINT ( 'NONE',  ( -115.0000000000000000, 12.00000000000000000, 23.49999999999999645 ) ) ;
#11065 = DIRECTION ( 'NONE',  ( 1.000000000000000000, 0.000000000000000000, 0.000000000000000000 ) ) ;
#11066 = DIRECTION ( 'NONE',  ( 0.000000000000000000, 0.000000000000000000, 1.000000000000000000 ) ) ;
#11067 = ADVANCED_FACE ( 'NONE', ( #4183 ), #11458, .T. ) ;
#11068 = APPLICATION_CONTEXT ( 'configuration controlled 3d designs of mechanical parts and assemblies' ) ;
#11069 = CIRCLE ( 'NONE', #5253, 8.999999999999994671 ) ;
#11070 = DIRECTION ( 'NONE',  ( -0.000000000000000000, -1.000000000000000000, -0.000000000000000000 ) ) ;
#11071 = CALENDAR_DATE ( 2026, 29, 7 ) ;
#11072 = PERSON_AND_ORGANIZATION ( #10860, #8800 ) ;
#11073 = DIRECTION ( 'NONE',  ( 0.000000000000000000, 0.000000000000000000, -1.000000000000000000 ) ) ;
#11074 = APPROVAL_DATE_TIME ( #3438, #4617 ) ;
#11075 = ADVANCED_FACE ( 'NONE', ( #7743 ), #11593, .T. ) ;
#11076 = ORIENTED_EDGE ( 'NONE', *, *, #11681, .F. ) ;
#11077 = CIRCLE ( 'NONE', #6039, 7.000000000000020428 ) ;
#11078 = DIRECTION ( 'NONE',  ( -0.000000000000000000, -1.000000000000000000, -0.000000000000000000 ) ) ;
#11079 = ORIENTED_EDGE ( 'NONE', *, *, #9185, .F. ) ;
#11080 = EDGE_LOOP ( 'NONE', ( #2486, #5417, #4433, #10730 ) ) ;
#11081 = CARTESIAN_POINT ( 'NONE',  ( 2.204364238465236138E-14, 30.00000000000000000, 180.0000000000000284 ) ) ;
#11082 = VECTOR ( 'NONE', #10263, 1000.000000000000000 ) ;
#11083 = ORIENTED_EDGE ( 'NONE', *, *, #3964, .F. ) ;
#11084 = CARTESIAN_POINT ( 'NONE',  ( 1.408343819019456097E-14, 30.00000000000000000, 115.0000000000000000 ) ) ;
#11085 = CARTESIAN_POINT ( 'NONE',  ( 115.0000000000000000, 12.00000000000000000, 32.50000000000000711 ) ) ;
#11086 = DESIGN_CONTEXT ( 'detailed design', #11852, 'design' ) ;
#11087 = FACE_OUTER_BOUND ( 'NONE', #11485, .T. ) ;
#11088 = VECTOR ( 'NONE', #9793, 1000.000000000000000 ) ;
#11089 = SHAPE_REPRESENTATION_RELATIONSHIP ( 'NONE' , 'NONE' ,  #5230, #6522 ) ;
#11090 = SECURITY_CLASSIFICATION_LEVEL ( 'unclassified' ) ;
#11091 = AXIS2_PLACEMENT_3D ( 'NONE', #9216, #4489, #8057 ) ;
#11092 = AXIS2_PLACEMENT_3D ( 'NONE', #11901, #7207, #2610 ) ;
#11093 = ORIENTED_EDGE ( 'NONE', *, *, #11848, .F. ) ;
#11094 = ORIENTED_EDGE ( 'NONE', *, *, #5453, .T. ) ;
#11095 = AXIS2_PLACEMENT_3D ( 'NONE', #6978, #2495, #5289 ) ;
#11096 = ORIENTED_EDGE ( 'NONE', *, *, #8036, .F. ) ;
#11097 = CARTESIAN_POINT ( 'NONE',  ( 135.0000000000000000, 31.00000000000000000, 11.00000000000000000 ) ) ;
#11098 = VERTEX_POINT ( 'NONE', #5213 ) ;
#11099 = DIRECTION ( 'NONE',  ( 0.000000000000000000, 0.000000000000000000, 1.000000000000000000 ) ) ;
#11100 = FACE_OUTER_BOUND ( 'NONE', #7074, .T. ) ;
#11101 = AXIS2_PLACEMENT_3D ( 'NONE', #9146, #11826, #11884 ) ;
#11102 = DIRECTION ( 'NONE',  ( 0.000000000000000000, -0.000000000000000000, 1.000000000000000000 ) ) ;
#11103 = AXIS2_PLACEMENT_3D ( 'NONE', #9073, #1840, #11011 ) ;
#11104 = AXIS2_PLACEMENT_3D ( 'NONE', #2118, #7569, #1205 ) ;
#11105 = ADVANCED_FACE ( 'NONE', ( #481 ), #7017, .F. ) ;
#11106 = ORIENTED_EDGE ( 'NONE', *, *, #1954, .T. ) ;
#11107 = AXIS2_PLACEMENT_3D ( 'NONE', #11295, #11416, #3155 ) ;
#11108 = ORIENTED_EDGE ( 'NONE', *, *, #641, .T. ) ;
#11109 = ORIENTED_EDGE ( 'NONE', *, *, #11660, .F. ) ;
#11110 = CARTESIAN_POINT ( 'NONE',  ( 85.00000000000000000, 120.0000000000000000, -67.00000000000000000 ) ) ;
#11111 = CIRCLE ( 'NONE', #5880, 6.999999999999999112 ) ;
#11112 = ADVANCED_FACE ( 'NONE', ( #10723 ), #2351, .F. ) ;
#11113 = DIRECTION ( 'NONE',  ( 0.000000000000000000, 1.000000000000000000, 0.000000000000000000 ) ) ;
#11114 = PLANE ( 'NONE',  #2879 ) ;
#11115 = CARTESIAN_POINT ( 'NONE',  ( 0.000000000000000000, 0.000000000000000000, 0.000000000000000000 ) ) ;
#11116 = LINE ( 'NONE', #753, #459 ) ;
#11117 = PLANE ( 'NONE',  #4150 ) ;
#11118 = COORDINATED_UNIVERSAL_TIME_OFFSET ( 8, 0, .AHEAD. ) ;
#11119 = CARTESIAN_POINT ( 'NONE',  ( -140.0000000000000000, 12.00000000000000000, -42.50000000000000000 ) ) ;
#11120 = EDGE_CURVE ( 'NONE', #10445, #2423, #6431, .T. ) ;
#11121 = VECTOR ( 'NONE', #1508, 1000.000000000000000 ) ;
#11122 = ORIENTED_EDGE ( 'NONE', *, *, #8858, .F. ) ;
#11123 = VERTEX_POINT ( 'NONE', #4246 ) ;
#11124 = LINE ( 'NONE', #6393, #7798 ) ;
#11125 = AXIS2_PLACEMENT_3D ( 'NONE', #1141, #7671, #8412 ) ;
#11126 = ADVANCED_FACE ( 'NONE', ( #596 ), #4295, .F. ) ;
#11127 = AXIS2_PLACEMENT_3D ( 'NONE', #9673, #157, #4216 ) ;
#11128 = DIRECTION ( 'NONE',  ( 0.000000000000000000, 0.000000000000000000, -1.000000000000000000 ) ) ;
#11129 = CARTESIAN_POINT ( 'NONE',  ( -31.38004145393735911, 0.000000000000000000, -75.75812166592551478 ) ) ;
#11130 = DIRECTION ( 'NONE',  ( 0.000000000000000000, 1.000000000000000000, 0.000000000000000000 ) ) ;
#11131 = DIRECTION ( 'NONE',  ( -0.000000000000000000, -1.000000000000000000, -0.000000000000000000 ) ) ;
#11132 = COORDINATED_UNIVERSAL_TIME_OFFSET ( 8, 0, .AHEAD. ) ;
#11133 = CC_DESIGN_DATE_AND_TIME_ASSIGNMENT ( #6907, #2297, ( #5350 ) ) ;
#11134 = COORDINATED_UNIVERSAL_TIME_OFFSET ( 8, 0, .AHEAD. ) ;
#11136 = ADVANCED_FACE ( 'NONE', ( #2233 ), #10476, .T. ) ;
#11135 = CARTESIAN_POINT ( 'NONE',  ( -196.0000000000000000, 20.00000000000000000, 0.000000000000000000 ) ) ;
#11137 = ORIENTED_EDGE ( 'NONE', *, *, #4263, .F. ) ;
#11138 = LOCAL_TIME ( 1, 43, 37.00000000000000000, #9563 ) ;
#11139 = AXIS2_PLACEMENT_3D ( 'NONE', #2417, #2481, #2530 ) ;
#11140 = EDGE_LOOP ( 'NONE', ( #1906, #11840 ) ) ;
#11141 = LINE ( 'NONE', #6520, #11902 ) ;
#11142 = VERTEX_POINT ( 'NONE', #1748 ) ;
#11143 = ORIENTED_EDGE ( 'NONE', *, *, #10409, .F. ) ;
#11144 = DIRECTION ( 'NONE',  ( 0.000000000000000000, 0.000000000000000000, 1.000000000000000000 ) ) ;
#11145 = VECTOR ( 'NONE', #821, 1000.000000000000000 ) ;
#11146 = VERTEX_POINT ( 'NONE', #6359 ) ;
#11147 = ADVANCED_FACE ( 'NONE', ( #9882 ), #11945, .F. ) ;
#11148 = FACE_OUTER_BOUND ( 'NONE', #4090, .T. ) ;
#11149 = DIRECTION ( 'NONE',  ( 0.000000000000000000, 1.000000000000000000, 0.000000000000000000 ) ) ;
#11150 = DIRECTION ( 'NONE',  ( 0.000000000000000000, 0.000000000000000000, 1.000000000000000000 ) ) ;
#11151 = VECTOR ( 'NONE', #8511, 1000.000000000000000 ) ;
#11152 = DIRECTION ( 'NONE',  ( 0.000000000000000000, 0.000000000000000000, 1.000000000000000000 ) ) ;
#11153 = PERSON_AND_ORGANIZATION ( #10860, #8800 ) ;
#11154 = ADVANCED_BREP_SHAPE_REPRESENTATION ( '', ( #8142, #10725 ), #8400 ) ;
#11155 = EDGE_CURVE ( 'NONE', #6186, #2039, #4540, .T. ) ;
#11156 = ORIENTED_EDGE ( 'NONE', *, *, #9646, .F. ) ;
#11157 = ORIENTED_EDGE ( 'NONE', *, *, #7712, .F. ) ;
#11158 = LINE ( 'NONE', #2846, #8168 ) ;
#11159 = APPROVAL_PERSON_ORGANIZATION ( #9609, #6222, #393 ) ;
#11160 = ORIENTED_EDGE ( 'NONE', *, *, #8125, .T. ) ;
#11161 = ADVANCED_FACE ( 'NONE', ( #2712, #719, #654 ), #2480, .F. ) ;
#11162 = CARTESIAN_POINT ( 'NONE',  ( -52.50000000000000000, 28.00000000000000000, 99.00000000000000000 ) ) ;
#11163 = CARTESIAN_POINT ( 'NONE',  ( -180.0000000000000000, 34.00000000000000000, -12.00000000000000000 ) ) ;
#11164 = SHAPE_REPRESENTATION_RELATIONSHIP ( 'NONE' , 'NONE' ,  #9719, #11890 ) ;
#11165 = AXIS2_PLACEMENT_3D ( 'NONE', #8132, #4503, #866 ) ;
#11166 = DIRECTION ( 'NONE',  ( 0.000000000000000000, 0.000000000000000000, -1.000000000000000000 ) ) ;
#11167 = ORIENTED_EDGE ( 'NONE', *, *, #6253, .T. ) ;
#11168 = PRODUCT_DEFINITION_FORMATION_WITH_SPECIFIED_SOURCE ( 'ä»', '', #725, .NOT_KNOWN. ) ;
#11169 = ORIENTED_EDGE ( 'NONE', *, *, #4210, .F. ) ;
#11170 = ORIENTED_EDGE ( 'NONE', *, *, #3294, .F. ) ;
#11171 = AXIS2_PLACEMENT_3D ( 'NONE', #3017, #9512, #6658 ) ;
#11172 = ORIENTED_EDGE ( 'NONE', *, *, #11394, .T. ) ;
#11173 = DIRECTION ( 'NONE',  ( -0.000000000000000000, -0.000000000000000000, 1.000000000000000000 ) ) ;
#11174 = COORDINATED_UNIVERSAL_TIME_OFFSET ( 8, 0, .AHEAD. ) ;
#11175 = FACE_OUTER_BOUND ( 'NONE', #2527, .T. ) ;
#11176 = CC_DESIGN_APPROVAL ( #8746, ( #3605 ) ) ;
#11177 = DIRECTION ( 'NONE',  ( 0.000000000000000000, 1.000000000000000000, 0.000000000000000000 ) ) ;
#11178 = CC_DESIGN_APPROVAL ( #89, ( #6134 ) ) ;
#11179 = EDGE_CURVE ( 'NONE', #3614, #1728, #6296, .T. ) ;
#11180 = LINE ( 'NONE', #6840, #4447 ) ;
#11181 = CARTESIAN_POINT ( 'NONE',  ( -70.00000000000000000, 0.000000000000000000, -39.49999999999999289 ) ) ;
#11182 = CARTESIAN_POINT ( 'NONE',  ( 70.00000000000000000, 95.00000000000000000, 45.00000000000000000 ) ) ;
#11183 = CIRCLE ( 'NONE', #5560, 57.99999999999999289 ) ;
#11184 = APPROVAL_STATUS ( 'not_yet_approved' ) ;
#11185 = CARTESIAN_POINT ( 'NONE',  ( 0.000000000000000000, 36.00000000000000000, 0.000000000000000000 ) ) ;
#11186 = VERTEX_POINT ( 'NONE', #9939 ) ;
#11187 = LOCAL_TIME ( 1, 43, 37.00000000000000000, #11118 ) ;
#11188 = ORIENTED_EDGE ( 'NONE', *, *, #3070, .T. ) ;
#11189 = DIRECTION ( 'NONE',  ( 0.000000000000000000, 0.000000000000000000, 1.000000000000000000 ) ) ;
#11190 = AXIS2_PLACEMENT_3D ( 'NONE', #11571, #7846, #5197 ) ;
#11191 = AXIS2_PLACEMENT_3D ( 'NONE', #9128, #1554, #6215 ) ;
#11192 = CARTESIAN_POINT ( 'NONE',  ( -117.5000000000000000, 20.00000000000000000, 24.00000000000000000 ) ) ;
#11193 = FACE_OUTER_BOUND ( 'NONE', #2825, .T. ) ;
#11194 = ADVANCED_FACE ( 'NONE', ( #2654 ), #10000, .F. ) ;
#11195 = DIRECTION ( 'NONE',  ( -0.000000000000000000, -1.000000000000000000, -0.000000000000000000 ) ) ;
#11196 = APPROVAL_PERSON_ORGANIZATION ( #10624, #9952, #11479 ) ;
#11197 = DIRECTION ( 'NONE',  ( 0.000000000000000000, 0.000000000000000000, 1.000000000000000000 ) ) ;
#11198 = PERSON_AND_ORGANIZATION_ROLE ( 'design_supplier' ) ;
#11199 = PERSON_AND_ORGANIZATION_ROLE ( 'creator' ) ;
#11200 = CARTESIAN_POINT ( 'NONE',  ( -75.00000000000000000, 12.00000000000000000, -12.00000000000000000 ) ) ;
#11201 = CIRCLE ( 'NONE', #7316, 52.50000000000000000 ) ;
#11202 = CIRCLE ( 'NONE', #1710, 9.000000000000007105 ) ;
#11203 = VERTEX_POINT ( 'NONE', #10066 ) ;
#11204 = CARTESIAN_POINT ( 'NONE',  ( 135.0000000000000000, 28.00000000000000000, -95.99999999999998579 ) ) ;
#11205 = ORIENTED_EDGE ( 'NONE', *, *, #4740, .T. ) ;
#11206 = CC_DESIGN_DATE_AND_TIME_ASSIGNMENT ( #9193, #6346, ( #8306 ) ) ;
#11207 = EDGE_CURVE ( 'NONE', #8890, #5949, #448, .T. ) ;
#11208 = VERTEX_POINT ( 'NONE', #5451 ) ;
#11209 = CARTESIAN_POINT ( 'NONE',  ( 0.000000000000000000, 145.0000000000000000, 0.000000000000000000 ) ) ;
#11210 = CIRCLE ( 'NONE', #11791, 4.500000000000003553 ) ;
#11211 = ORIENTED_EDGE ( 'NONE', *, *, #10017, .F. ) ;
#11212 = VECTOR ( 'NONE', #1782, 1000.000000000000000 ) ;
#11213 = CARTESIAN_POINT ( 'NONE',  ( 59.00000000000000000, 28.00000000000000000, 0.000000000000000000 ) ) ;
#11214 = DESIGN_CONTEXT ( 'detailed design', #11235, 'design' ) ;
#11215 = DIRECTION ( 'NONE',  ( 0.000000000000000000, 1.000000000000000000, 0.000000000000000000 ) ) ;
#11216 = DATE_AND_TIME ( #3917, #4779 ) ;
#11217 = CC_DESIGN_PERSON_AND_ORGANIZATION_ASSIGNMENT ( #1192, #8247, ( #6730 ) ) ;
#11218 = ORIENTED_EDGE ( 'NONE', *, *, #2728, .T. ) ;
#11219 = AXIS2_PLACEMENT_3D ( 'NONE', #3166, #6869, #686 ) ;
#11220 = ORIENTED_EDGE ( 'NONE', *, *, #4240, .F. ) ;
#11221 = EDGE_CURVE ( 'NONE', #3582, #5510, #6179, .T. ) ;
#11222 = EDGE_LOOP ( 'NONE', ( #8862, #3584, #9716, #10759 ) ) ;
#11223 = DIRECTION ( 'NONE',  ( 0.000000000000000000, 1.000000000000000000, 0.000000000000000000 ) ) ;
#11224 = VERTEX_POINT ( 'NONE', #1628 ) ;
#11225 = CARTESIAN_POINT ( 'NONE',  ( 0.000000000000000000, 0.000000000000000000, 0.000000000000000000 ) ) ;
#11226 = CARTESIAN_POINT ( 'NONE',  ( -115.0000000000000000, 12.00000000000000000, 32.50000000000000711 ) ) ;
#11227 = ADVANCED_FACE ( 'NONE', ( #4426 ), #8109, .F. ) ;
#11228 = EDGE_CURVE ( 'NONE', #2101, #5812, #8294, .T. ) ;
#11229 = CARTESIAN_POINT ( 'NONE',  ( -32.52809175103262618, 260.0000000000000000, -78.52976026345936589 ) ) ;
#11230 = CIRCLE ( 'NONE', #6666, 32.50000000000000000 ) ;
#11231 = VERTEX_POINT ( 'NONE', #8230 ) ;
#11232 = EDGE_CURVE ( 'NONE', #6403, #5339, #4362, .T. ) ;
#11233 = ORIENTED_EDGE ( 'NONE', *, *, #7391, .T. ) ;
#11234 = ORIENTED_EDGE ( 'NONE', *, *, #11785, .F. ) ;
#11235 = APPLICATION_CONTEXT ( 'configuration controlled 3d designs of mechanical parts and assemblies' ) ;
#11236 = ORIENTED_EDGE ( 'NONE', *, *, #2962, .T. ) ;
#11237 = CARTESIAN_POINT ( 'NONE',  ( 70.00000000000000000, 95.00000000000000000, 39.49999999999999289 ) ) ;
#11238 = CALENDAR_DATE ( 2026, 29, 7 ) ;
#11239 = DIRECTION ( 'NONE',  ( 0.000000000000000000, 1.000000000000000000, 0.000000000000000000 ) ) ;
#11240 = FACE_OUTER_BOUND ( 'NONE', #8819, .T. ) ;
#11241 = LINE ( 'NONE', #8661, #8115 ) ;
#11242 = DIRECTION ( 'NONE',  ( 0.000000000000000000, 1.000000000000000000, 0.000000000000000000 ) ) ;
#11243 = CARTESIAN_POINT ( 'NONE',  ( 0.000000000000000000, 0.000000000000000000, 0.000000000000000000 ) ) ;
#11244 = DATE_AND_TIME ( #7527, #7687 ) ;
#11245 = VERTEX_POINT ( 'NONE', #3619 ) ;
#11246 = ORIENTED_EDGE ( 'NONE', *, *, #4552, .T. ) ;
#11247 = CARTESIAN_POINT ( 'NONE',  ( -75.75812166592551478, 30.00000000000000000, 31.38004145393735200 ) ) ;
#11248 = LINE ( 'NONE', #328, #10675 ) ;
#11249 = CARTESIAN_POINT ( 'NONE',  ( -120.0000000000000000, 0.000000000000000000, -110.0000000000000000 ) ) ;
#11250 = DIRECTION ( 'NONE',  ( 0.000000000000000000, 0.000000000000000000, -1.000000000000000000 ) ) ;
#11251 = CARTESIAN_POINT ( 'NONE',  ( -272.5000000000000000, 38.00000000000000000, 0.000000000000000000 ) ) ;
#11252 = DATE_AND_TIME ( #4763, #5734 ) ;
#11253 = CALENDAR_DATE ( 2026, 29, 7 ) ;
#11254 = DIRECTION ( 'NONE',  ( 0.000000000000000000, 0.000000000000000000, -1.000000000000000000 ) ) ;
#11255 = EDGE_CURVE ( 'NONE', #7025, #46, #7142, .T. ) ;
#11256 = EDGE_LOOP ( 'NONE', ( #9571, #4772 ) ) ;
#11257 = CARTESIAN_POINT ( 'NONE',  ( -55.48909769293801020, 30.00000000000000000, 133.9625322141365871 ) ) ;
#11258 = ORIENTED_EDGE ( 'NONE', *, *, #2983, .F. ) ;
#11259 = EDGE_LOOP ( 'NONE', ( #8524, #6914, #2998, #5173 ) ) ;
#11260 = CARTESIAN_POINT ( 'NONE',  ( 3.673940397442059178E-15, 245.0000000000000000, 30.00000000000000000 ) ) ;
#11261 = CARTESIAN_POINT ( 'NONE',  ( 0.000000000000000000, 360.0000000000000000, -130.0000000000000000 ) ) ;
#11262 = DIRECTION ( 'NONE',  ( -0.000000000000000000, -1.000000000000000000, -0.000000000000000000 ) ) ;
#11263 = CARTESIAN_POINT ( 'NONE',  ( 95.00000000000000000, 0.000000000000000000, 65.00000000000000000 ) ) ;
#11264 = COORDINATED_UNIVERSAL_TIME_OFFSET ( 8, 0, .AHEAD. ) ;
#11265 = APPROVAL ( #8816, 'æœª' ) ;
#11266 = AXIS2_PLACEMENT_3D ( 'NONE', #2732, #1766, #10029 ) ;
#11267 = EDGE_CURVE ( 'NONE', #6380, #6828, #4129, .T. ) ;
#11268 = EDGE_LOOP ( 'NONE', ( #11534, #7739, #9782, #4127 ) ) ;
#11269 = CARTESIAN_POINT ( 'NONE',  ( -32.52809175103262618, 260.0000000000000000, 78.52976026345938010 ) ) ;
#11270 = EDGE_LOOP ( 'NONE', ( #6366, #2302, #5983, #1664 ) ) ;
#11271 = ORIENTED_EDGE ( 'NONE', *, *, #11294, .F. ) ;
#11272 = DIRECTION ( 'NONE',  ( 0.000000000000000000, -0.000000000000000000, 1.000000000000000000 ) ) ;
#11273 = VERTEX_POINT ( 'NONE', #10962 ) ;
#11274 = DIRECTION ( 'NONE',  ( -0.000000000000000000, -1.000000000000000000, -0.000000000000000000 ) ) ;
#11275 = DIRECTION ( 'NONE',  ( 0.000000000000000000, 0.000000000000000000, 1.000000000000000000 ) ) ;
#11276 = CIRCLE ( 'NONE', #434, 110.0000000000000000 ) ;
#11277 = SHAPE_REPRESENTATION_RELATIONSHIP ( 'NONE' , 'NONE' ,  #11422, #5954 ) ;
#11278 = DIRECTION ( 'NONE',  ( 0.000000000000000000, 1.000000000000000000, 0.000000000000000000 ) ) ;
#11279 = AXIS2_PLACEMENT_3D ( 'NONE', #8133, #10932, #11794 ) ;
#11280 = VERTEX_POINT ( 'NONE', #898 ) ;
#11281 = CC_DESIGN_PERSON_AND_ORGANIZATION_ASSIGNMENT ( #194, #6492, ( #6116 ) ) ;
#11282 = EDGE_CURVE ( 'NONE', #1813, #4642, #4604, .T. ) ;
#11283 = AXIS2_PLACEMENT_3D ( 'NONE', #10092, #5486, #8323 ) ;
#11284 = ORIENTED_EDGE ( 'NONE', *, *, #8604, .F. ) ;
#11285 = ORIENTED_EDGE ( 'NONE', *, *, #2925, .T. ) ;
#11286 = ORIENTED_EDGE ( 'NONE', *, *, #5260, .T. ) ;
#11287 = FACE_OUTER_BOUND ( 'NONE', #2001, .T. ) ;
#11289 = AXIS2_PLACEMENT_3D ( 'NONE', #7864, #541, #3136 ) ;
#11288 = COORDINATED_UNIVERSAL_TIME_OFFSET ( 8, 0, .AHEAD. ) ;
#11290 = CARTESIAN_POINT ( 'NONE',  ( 75.00000000000000000, 12.00000000000000000, 12.00000000000000000 ) ) ;
#11291 = LINE ( 'NONE', #3947, #8947 ) ;
#11292 = CIRCLE ( 'NONE', #3536, 110.0000000000000000 ) ;
#11293 = VECTOR ( 'NONE', #8601, 1000.000000000000000 ) ;
#11294 = EDGE_CURVE ( 'NONE', #11520, #5592, #3386, .T. ) ;
#11295 = CARTESIAN_POINT ( 'NONE',  ( 0.000000000000000000, 30.00000000000000000, 0.000000000000000000 ) ) ;
#11296 = DIRECTION ( 'NONE',  ( 0.000000000000000000, 1.000000000000000000, 0.000000000000000000 ) ) ;
#11297 = AXIS2_PLACEMENT_3D ( 'NONE', #3501, #5400, #781 ) ;
#11298 = PERSON ( 'NAUO-PER10', 'UNSPECIFIED', 'UNSPECIFIED', ('UNSPECIFIED'), ('UNSPECIFIED'), ('UNSPECIFIED') ) ;
#11299 = APPLICATION_CONTEXT ( 'configuration controlled 3d designs of mechanical parts and assemblies' ) ;
#11300 = EDGE_LOOP ( 'NONE', ( #4036, #5704 ) ) ;
#11301 = EDGE_LOOP ( 'NONE', ( #11435, #9398, #2148, #6780 ) ) ;
#11302 = CIRCLE ( 'NONE', #6845, 7.500000000000000000 ) ;
#11303 = AXIS2_PLACEMENT_3D ( 'NONE', #2356, #6058, #9030 ) ;
#11304 = EDGE_CURVE ( 'NONE', #2163, #10793, #2763, .T. ) ;
#11305 = LINE ( 'NONE', #3840, #11499 ) ;
#11306 = DIRECTION ( 'NONE',  ( -1.000000000000000000, 0.000000000000000000, 0.000000000000000000 ) ) ;
#11307 = DIRECTION ( 'NONE',  ( -0.000000000000000000, -1.000000000000000000, -0.000000000000000000 ) ) ;
#11308 = CARTESIAN_POINT ( 'NONE',  ( 0.000000000000000000, 20.00000000000000000, 0.000000000000000000 ) ) ;
#11309 = CYLINDRICAL_SURFACE ( 'NONE', #6877, 8.000000000000007105 ) ;
#11310 = VECTOR ( 'NONE', #1920, 1000.000000000000000 ) ;
#11311 = SECURITY_CLASSIFICATION_LEVEL ( 'unclassified' ) ;
#11312 = CALENDAR_DATE ( 2026, 29, 7 ) ;
#11313 = DIRECTION ( 'NONE',  ( 0.000000000000000000, 1.000000000000000000, 0.000000000000000000 ) ) ;
#11314 = VERTEX_POINT ( 'NONE', #3679 ) ;
#11315 = PERSON_AND_ORGANIZATION_ROLE ( 'classification_officer' ) ;
#11316 = AXIS2_PLACEMENT_3D ( 'NONE', #9283, #857, #4673 ) ;
#11317 = EDGE_LOOP ( 'NONE', ( #1351, #811 ) ) ;
#11318 = VECTOR ( 'NONE', #9179, 1000.000000000000000 ) ;
#11319 = DIRECTION ( 'NONE',  ( 0.000000000000000000, 1.000000000000000000, 0.000000000000000000 ) ) ;
#11320 = CIRCLE ( 'NONE', #7022, 72.50000000000000000 ) ;
#11321 = VERTEX_POINT ( 'NONE', #6748 ) ;
#11322 = CARTESIAN_POINT ( 'NONE',  ( -272.5000000000000000, 22.00000000000000000, 0.000000000000000000 ) ) ;
#11323 = LINE ( 'NONE', #10408, #350 ) ;
#11324 = DIRECTION ( 'NONE',  ( 0.000000000000000000, 0.000000000000000000, -1.000000000000000000 ) ) ;
#11325 = CARTESIAN_POINT ( 'NONE',  ( 41.41064430052899326, 0.000000000000000000, -77.08053281221573627 ) ) ;
#11326 = AXIS2_PLACEMENT_3D ( 'NONE', #6705, #7435, #3915 ) ;
#11327 = EDGE_CURVE ( 'NONE', #7518, #8701, #7021, .T. ) ;
#11328 = CIRCLE ( 'NONE', #284, 5.500000000000005329 ) ;
#11329 = PERSON_AND_ORGANIZATION_ROLE ( 'design_supplier' ) ;
#11330 = PERSON_AND_ORGANIZATION_ROLE ( 'classification_officer' ) ;
#11331 = CARTESIAN_POINT ( 'NONE',  ( -42.00000000000000000, 0.000000000000000000, 0.000000000000000000 ) ) ;
#11332 = EDGE_LOOP ( 'NONE', ( #1052, #7725 ) ) ;
#11333 = EDGE_LOOP ( 'NONE', ( #213, #6714 ) ) ;
#11334 = CARTESIAN_POINT ( 'NONE',  ( 3.980102097228898626E-15, 225.0000000000000000, 32.50000000000000000 ) ) ;
#11335 = CIRCLE ( 'NONE', #6304, 9.000000000000007105 ) ;
#11336 = VERTEX_POINT ( 'NONE', #1298 ) ;
#11337 = DIRECTION ( 'NONE',  ( 0.000000000000000000, 0.000000000000000000, 1.000000000000000000 ) ) ;
#11338 = CARTESIAN_POINT ( 'NONE',  ( 0.000000000000000000, 48.00000000000000000, 0.000000000000000000 ) ) ;
#11339 = ADVANCED_FACE ( 'NONE', ( #3170, #11491, #52, #267, #10450, #3739 ), #6871, .F. ) ;
#11340 = SHAPE_REPRESENTATION_RELATIONSHIP ( 'NONE' , 'NONE' ,  #10957, #2040 ) ;
#11341 = DIRECTION ( 'NONE',  ( 0.000000000000000000, 0.000000000000000000, 1.000000000000000000 ) ) ;
#11342 = ORIENTED_EDGE ( 'NONE', *, *, #8888, .T. ) ;
#11343 = EDGE_CURVE ( 'NONE', #2252, #1754, #5907, .T. ) ;
#11344 = VERTEX_POINT ( 'NONE', #11370 ) ;
#11345 = PRODUCT_DEFINITION_FORMATION_WITH_SPECIFIED_SOURCE ( 'ä»', '', #4411, .NOT_KNOWN. ) ;
#11346 = EDGE_LOOP ( 'NONE', ( #6335, #9264, #132, #7139 ) ) ;
#11347 = ORIENTED_EDGE ( 'NONE', *, *, #2367, .T. ) ;
#11348 = DIRECTION ( 'NONE',  ( 0.000000000000000000, 0.000000000000000000, 1.000000000000000000 ) ) ;
#11349 = PERSON_AND_ORGANIZATION ( #10860, #8800 ) ;
#11350 = CC_DESIGN_PERSON_AND_ORGANIZATION_ASSIGNMENT ( #2880, #5669, ( #4601 ) ) ;
#11351 = CIRCLE ( 'NONE', #10383, 68.99999999999998579 ) ;
#11352 = CARTESIAN_POINT ( 'NONE',  ( 31.38004145393736266, 0.000000000000000000, 82.75812166592554320 ) ) ;
#11353 = APPROVAL ( #3189, 'æœª' ) ;
#11354 = DIRECTION ( 'NONE',  ( 0.000000000000000000, 0.000000000000000000, 1.000000000000000000 ) ) ;
#11355 = LINE ( 'NONE', #6856, #11697 ) ;
#11356 = APPROVAL_PERSON_ORGANIZATION ( #7437, #2896, #6953 ) ;
#11357 = CYLINDRICAL_SURFACE ( 'NONE', #8185, 68.99999999999998579 ) ;
#11358 = DATE_AND_TIME ( #5896, #9068 ) ;
#11359 = CC_DESIGN_PERSON_AND_ORGANIZATION_ASSIGNMENT ( #3240, #7720, ( #2742 ) ) ;
#11360 = ORIENTED_EDGE ( 'NONE', *, *, #9189, .T. ) ;
#11361 = CIRCLE ( 'NONE', #2446, 9.000000000000035527 ) ;
#11362 = VERTEX_POINT ( 'NONE', #5570 ) ;
#11363 = CC_DESIGN_SECURITY_CLASSIFICATION ( #5164, ( #12012 ) ) ;
#11364 = CARTESIAN_POINT ( 'NONE',  ( 5.633375276077824704E-15, 36.00000000000000000, 46.00000000000000000 ) ) ;
#11365 = LOCAL_TIME ( 1, 43, 37.00000000000000000, #3682 ) ;
#11366 = PRODUCT_DEFINITION_SHAPE ( 'NONE', 'NONE',  #7566 ) ;
#11367 = DIRECTION ( 'NONE',  ( 0.000000000000000000, 0.000000000000000000, 1.000000000000000000 ) ) ;
#11368 = FACE_BOUND ( 'NONE', #10174, .T. ) ;
#11369 = DIRECTION ( 'NONE',  ( -0.000000000000000000, -1.000000000000000000, -0.000000000000000000 ) ) ;
#11370 = CARTESIAN_POINT ( 'NONE',  ( 165.0000000000000000, 22.00000000000000000, -29.00000000000000000 ) ) ;
#11371 = VECTOR ( 'NONE', #1862, 1000.000000000000000 ) ;
#11372 = DIRECTION ( 'NONE',  ( 0.000000000000000000, 0.000000000000000000, 1.000000000000000000 ) ) ;
#11373 = SECURITY_CLASSIFICATION_LEVEL ( 'unclassified' ) ;
#11374 = EDGE_CURVE ( 'NONE', #9635, #5846, #5488, .T. ) ;
#11375 = PERSON_AND_ORGANIZATION ( #10860, #8800 ) ;
#11376 = ORGANIZATION ( 'NAUO-ORG23', 'UNSPECIFIED', 'UNSPECIFIED' ) ;
#11377 = DIRECTION ( 'NONE',  ( 0.000000000000000000, 0.000000000000000000, -1.000000000000000000 ) ) ;
#11378 = LOCAL_TIME ( 1, 43, 37.00000000000000000, #9431 ) ;
#11379 = VERTEX_POINT ( 'NONE', #2841 ) ;
#11380 = EDGE_CURVE ( 'NONE', #2163, #46, #8383, .T. ) ;
#11381 = LINE ( 'NONE', #7545, #9567 ) ;
#11382 = ORIENTED_EDGE ( 'NONE', *, *, #4286, .F. ) ;
#11383 = DIRECTION ( 'NONE',  ( -0.000000000000000000, 1.000000000000000000, -0.000000000000000000 ) ) ;
#11384 = LOCAL_TIME ( 1, 43, 37.00000000000000000, #9416 ) ;
#11385 = DIRECTION ( 'NONE',  ( -0.000000000000000000, -1.000000000000000000, 0.000000000000000000 ) ) ;
#11386 = LINE ( 'NONE', #7000, #4416 ) ;
#11387 = LINE ( 'NONE', #5018, #9585 ) ;
#11388 = CARTESIAN_POINT ( 'NONE',  ( 0.000000000000000000, 0.000000000000000000, 0.000000000000000000 ) ) ;
#11389 = AXIS2_PLACEMENT_3D ( 'NONE', #4356, #11539, #10486 ) ;
#11390 = PERSON_AND_ORGANIZATION ( #10860, #8800 ) ;
#11391 = APPROVAL_DATE_TIME ( #5468, #1191 ) ;
#11392 = APPROVAL_PERSON_ORGANIZATION ( #1192, #9063, #2726 ) ;
#11393 = CARTESIAN_POINT ( 'NONE',  ( -165.0000000000000000, 22.00000000000000000, 29.00000000000000000 ) ) ;
#11394 = EDGE_CURVE ( 'NONE', #2345, #8405, #5003, .T. ) ;
#11395 = ORIENTED_EDGE ( 'NONE', *, *, #2348, .T. ) ;
#11396 = CIRCLE ( 'NONE', #7896, 52.49999999999997868 ) ;
#11397 = ORIENTED_EDGE ( 'NONE', *, *, #950, .T. ) ;
#11398 = DIRECTION ( 'NONE',  ( 0.000000000000000000, 0.000000000000000000, -1.000000000000000000 ) ) ;
#11399 = ORIENTED_EDGE ( 'NONE', *, *, #3288, .F. ) ;
#11400 = CARTESIAN_POINT ( 'NONE',  ( 32.52809175103263328, 260.0000000000000000, -78.52976026345936589 ) ) ;
#11401 = FACE_OUTER_BOUND ( 'NONE', #1827, .T. ) ;
#11402 =( NAMED_UNIT ( * ) PLANE_ANGLE_UNIT ( ) SI_UNIT ( $, .RADIAN. ) );
#11403 = LINE ( 'NONE', #2059, #11293 ) ;
#11404 = ORIENTED_EDGE ( 'NONE', *, *, #4705, .T. ) ;
#11405 = ADVANCED_FACE ( 'NONE', ( #8567 ), #5840, .F. ) ;
#11406 = AXIS2_PLACEMENT_3D ( 'NONE', #5837, #8624, #4934 ) ;
#11407 = EDGE_LOOP ( 'NONE', ( #292, #5526, #11167, #7233 ) ) ;
#11408 = EDGE_CURVE ( 'NONE', #6052, #2060, #9267, .T. ) ;
#11409 = EDGE_LOOP ( 'NONE', ( #4194, #2394, #6486, #7026 ) ) ;
#11410 = VERTEX_POINT ( 'NONE', #331 ) ;
#11411 = CARTESIAN_POINT ( 'NONE',  ( 66.51932634081263984, 220.0000000000000000, -35.55320713028647361 ) ) ;
#11412 = CARTESIAN_POINT ( 'NONE',  ( 70.00000000000000000, 95.00000000000000000, -50.50000000000000000 ) ) ;
#11413 = LINE ( 'NONE', #7701, #6893 ) ;
#11414 = PLANE ( 'NONE',  #11669 ) ;
#11415 = UNCERTAINTY_MEASURE_WITH_UNIT (LENGTH_MEASURE( 1.000000000000000082E-05 ), #222, 'distance_accuracy_value', 'NONE');
#11416 = DIRECTION ( 'NONE',  ( -0.000000000000000000, -1.000000000000000000, -0.000000000000000000 ) ) ;
#11417 = DIRECTION ( 'NONE',  ( -0.000000000000000000, -1.000000000000000000, -0.000000000000000000 ) ) ;
#11418 = EDGE_LOOP ( 'NONE', ( #4993, #478, #2077, #11537 ) ) ;
#11419 = CC_DESIGN_DATE_AND_TIME_ASSIGNMENT ( #6572, #999, ( #10567 ) ) ;
#11420 = EDGE_CURVE ( 'NONE', #5968, #1538, #9543, .T. ) ;
#11421 = ORIENTED_EDGE ( 'NONE', *, *, #5414, .T. ) ;
#11422 = SHAPE_REPRESENTATION ( 'MKH-010_j2_j3_drive', ( #10725 ), #1230 ) ;
#11423 = CARTESIAN_POINT ( 'NONE',  ( 75.00000000000000000, 12.00000000000000000, -12.00000000000000000 ) ) ;
#11424 = LINE ( 'NONE', #10333, #1765 ) ;
#11425 = CARTESIAN_POINT ( 'NONE',  ( 1.163414459189985485E-14, 42.00000000000000000, 95.00000000000001421 ) ) ;
#11426 = CC_DESIGN_PERSON_AND_ORGANIZATION_ASSIGNMENT ( #3466, #1711, ( #1892 ) ) ;
#11427 = CARTESIAN_POINT ( 'NONE',  ( 15.00000000000000000, 0.000000000000000000, 7.500000000000000000 ) ) ;
#11428 = CARTESIAN_POINT ( 'NONE',  ( -133.9625322141365871, 0.000000000000000000, -55.48909769293801730 ) ) ;
#11429 = DIRECTION ( 'NONE',  ( -0.000000000000000000, -1.000000000000000000, -0.000000000000000000 ) ) ;
#11430 = COORDINATED_UNIVERSAL_TIME_OFFSET ( 8, 0, .AHEAD. ) ;
#11431 = DATE_TIME_ROLE ( 'classification_date' ) ;
#11432 = FACE_OUTER_BOUND ( 'NONE', #1097, .T. ) ;
#11433 = ORIENTED_EDGE ( 'NONE', *, *, #11862, .T. ) ;
#11434 = EDGE_CURVE ( 'NONE', #6617, #3234, #67, .T. ) ;
#11435 = ORIENTED_EDGE ( 'NONE', *, *, #726, .F. ) ;
#11436 = CARTESIAN_POINT ( 'NONE',  ( -180.0000000000000000, 28.00000000000000000, 155.0000000000000000 ) ) ;
#11437 = EDGE_CURVE ( 'NONE', #1485, #3594, #9750, .T. ) ;
#11438 = EDGE_CURVE ( 'NONE', #3511, #3808, #1863, .T. ) ;
#11439 = ORIENTED_EDGE ( 'NONE', *, *, #927, .F. ) ;
#11440 = DIRECTION ( 'NONE',  ( -0.000000000000000000, -1.000000000000000000, -0.000000000000000000 ) ) ;
#11441 = PLANE ( 'NONE',  #5579 ) ;
#11442 = LINE ( 'NONE', #2153, #11774 ) ;
#11443 = DIRECTION ( 'NONE',  ( 0.000000000000000000, 0.000000000000000000, -1.000000000000000000 ) ) ;
#11444 = APPROVAL_STATUS ( 'not_yet_approved' ) ;
#11445 = EDGE_CURVE ( 'NONE', #3808, #6525, #11889, .T. ) ;
#11446 = PERSON_AND_ORGANIZATION ( #10860, #8800 ) ;
#11447 = SECURITY_CLASSIFICATION_LEVEL ( 'unclassified' ) ;
#11448 = PRODUCT_DEFINITION_SHAPE ( 'NONE', 'NONE',  #12004 ) ;
#11449 = PERSON ( 'NAUO-PER9', 'UNSPECIFIED', 'UNSPECIFIED', ('UNSPECIFIED'), ('UNSPECIFIED'), ('UNSPECIFIED') ) ;
#11450 = AXIS2_PLACEMENT_3D ( 'NONE', #5435, #4581, #6568 ) ;
#11451 = DIRECTION ( 'NONE',  ( 0.000000000000000000, 0.000000000000000000, 1.000000000000000000 ) ) ;
#11452 = ORIENTED_EDGE ( 'NONE', *, *, #7260, .F. ) ;
#11453 = EDGE_CURVE ( 'NONE', #1573, #1602, #390, .T. ) ;
#11454 = ORIENTED_EDGE ( 'NONE', *, *, #4552, .F. ) ;
#11455 = DIRECTION ( 'NONE',  ( 0.000000000000000000, -1.000000000000000000, 0.000000000000000000 ) ) ;
#11456 = ORIENTED_EDGE ( 'NONE', *, *, #11757, .F. ) ;
#11457 = DIRECTION ( 'NONE',  ( 1.000000000000000000, 0.000000000000000000, 0.000000000000000000 ) ) ;
#11458 = PLANE ( 'NONE',  #10700 ) ;
#11459 = CARTESIAN_POINT ( 'NONE',  ( 0.000000000000000000, 270.0000000000000000, 0.000000000000000000 ) ) ;
#11460 =( NAMED_UNIT ( * ) PLANE_ANGLE_UNIT ( ) SI_UNIT ( $, .RADIAN. ) );
#11461 = PERSON_AND_ORGANIZATION_ROLE ( 'classification_officer' ) ;
#11462 = AXIS2_PLACEMENT_3D ( 'NONE', #5708, #9292, #4681 ) ;
#11463 = ORIENTED_EDGE ( 'NONE', *, *, #8298, .T. ) ;
#11464 = DIRECTION ( 'NONE',  ( -0.000000000000000000, -0.000000000000000000, 1.000000000000000000 ) ) ;
#11465 = PRODUCT_DEFINITION_SHAPE ( 'NONE', 'NONE',  #10385 ) ;
#11466 = ORIENTED_EDGE ( 'NONE', *, *, #8815, .F. ) ;
#11467 = ORIENTED_EDGE ( 'NONE', *, *, #4154, .F. ) ;
#11468 = ORIENTED_EDGE ( 'NONE', *, *, #9077, .T. ) ;
#11469 = CIRCLE ( 'NONE', #3718, 8.000000000000000000 ) ;
#11470 = CARTESIAN_POINT ( 'NONE',  ( 0.000000000000000000, 12.00000000000000000, 0.000000000000000000 ) ) ;
#11471 = DIRECTION ( 'NONE',  ( 0.000000000000000000, 1.000000000000000000, 0.000000000000000000 ) ) ;
#11472 = CARTESIAN_POINT ( 'NONE',  ( 20.18428497440907421, 122.5000000000000000, -69.63364589099039392 ) ) ;
#11473 = DIRECTION ( 'NONE',  ( -1.000000000000000000, 0.000000000000000000, -0.000000000000000000 ) ) ;
#11474 = AXIS2_PLACEMENT_3D ( 'NONE', #8864, #3281, #6975 ) ;
#11475 = LINE ( 'NONE', #10321, #2006 ) ;
#11476 = CYLINDRICAL_SURFACE ( 'NONE', #4893, 52.49999999999997868 ) ;
#11477 = ADVANCED_FACE ( 'NONE', ( #4875 ), #5057, .F. ) ;
#11478 = VECTOR ( 'NONE', #11548, 1000.000000000000000 ) ;
#11479 = APPROVAL_ROLE ( '' ) ;
#11480 = AXIS2_PLACEMENT_3D ( 'NONE', #5377, #10535, #7680 ) ;
#11481 = ORIENTED_EDGE ( 'NONE', *, *, #1551, .T. ) ;
#11482 = VECTOR ( 'NONE', #123, 1000.000000000000000 ) ;
#11483 = ORIENTED_EDGE ( 'NONE', *, *, #10246, .T. ) ;
#11484 = DIRECTION ( 'NONE',  ( 0.000000000000000000, 0.000000000000000000, -1.000000000000000000 ) ) ;
#11485 = EDGE_LOOP ( 'NONE', ( #70, #8805, #4145, #4175 ) ) ;
#11486 = CYLINDRICAL_SURFACE ( 'NONE', #5272, 44.00000000000000000 ) ;
#11487 = VECTOR ( 'NONE', #9596, 1000.000000000000000 ) ;
#11488 = CARTESIAN_POINT ( 'NONE',  ( -66.51932634081263984, 220.0000000000000000, -35.55320713028645940 ) ) ;
#11489 = DIRECTION ( 'NONE',  ( 0.000000000000000000, 0.000000000000000000, 1.000000000000000000 ) ) ;
#11490 = DIRECTION ( 'NONE',  ( 0.000000000000000000, -1.000000000000000000, 0.000000000000000000 ) ) ;
#11491 = FACE_OUTER_BOUND ( 'NONE', #4093, .T. ) ;
#11492 = DIRECTION ( 'NONE',  ( -1.000000000000000000, 0.000000000000000000, 0.000000000000000000 ) ) ;
#11493 = AXIS2_PLACEMENT_3D ( 'NONE', #11556, #9790, #10637 ) ;
#11494 = EDGE_CURVE ( 'NONE', #3509, #5948, #2960, .T. ) ;
#11495 = COORDINATED_UNIVERSAL_TIME_OFFSET ( 8, 0, .AHEAD. ) ;
#11496 = APPROVAL_ROLE ( '' ) ;
#11497 = DIRECTION ( 'NONE',  ( -1.000000000000000000, 0.000000000000000000, 0.000000000000000000 ) ) ;
#11498 = ORIENTED_EDGE ( 'NONE', *, *, #2656, .T. ) ;
#11499 = VECTOR ( 'NONE', #8622, 1000.000000000000000 ) ;
#11500 = AXIS2_PLACEMENT_3D ( 'NONE', #3272, #5217, #7020 ) ;
#11501 = ADVANCED_FACE ( 'NONE', ( #4152 ), #6939, .T. ) ;
#11502 = ORIENTED_EDGE ( 'NONE', *, *, #8627, .T. ) ;
#11503 = DIRECTION ( 'NONE',  ( 0.000000000000000000, 0.000000000000000000, -1.000000000000000000 ) ) ;
#11504 = AXIS2_PLACEMENT_3D ( 'NONE', #2687, #1771, #10089 ) ;
#11505 = LINE ( 'NONE', #3182, #8292 ) ;
#11506 = CIRCLE ( 'NONE', #10918, 9.000000000000021316 ) ;
#11507 = ORIENTED_EDGE ( 'NONE', *, *, #6674, .F. ) ;
#11508 = CC_DESIGN_PERSON_AND_ORGANIZATION_ASSIGNMENT ( #4894, #286, ( #5546 ) ) ;
#11509 = DIRECTION ( 'NONE',  ( 0.000000000000000000, 0.000000000000000000, -1.000000000000000000 ) ) ;
#11510 = EDGE_CURVE ( 'NONE', #5036, #9702, #11687, .T. ) ;
#11511 = CYLINDRICAL_SURFACE ( 'NONE', #104, 165.0000000000000000 ) ;
#11512 = MECHANICAL_CONTEXT ( 'NONE', #9837, 'mechanical' ) ;
#11513 = PERSON_AND_ORGANIZATION_ROLE ( 'creator' ) ;
#11514 = AXIS2_PLACEMENT_3D ( 'NONE', #5090, #5215, #483 ) ;
#11515 = COORDINATED_UNIVERSAL_TIME_OFFSET ( 8, 0, .AHEAD. ) ;
#11516 = VECTOR ( 'NONE', #4029, 1000.000000000000000 ) ;
#11517 = CC_DESIGN_DATE_AND_TIME_ASSIGNMENT ( #9792, #9978, ( #10593 ) ) ;
#11518 = VECTOR ( 'NONE', #5561, 1000.000000000000000 ) ;
#11519 = DIRECTION ( 'NONE',  ( 0.000000000000000000, 0.000000000000000000, -1.000000000000000000 ) ) ;
#11520 = VERTEX_POINT ( 'NONE', #8018 ) ;
#11521 = ORIENTED_EDGE ( 'NONE', *, *, #10802, .T. ) ;
#11522 = CARTESIAN_POINT ( 'NONE',  ( -135.0000000000000000, 28.00000000000000000, -105.0000000000000000 ) ) ;
#11523 = CIRCLE ( 'NONE', #10353, 57.50000000000000000 ) ;
#11524 = EDGE_LOOP ( 'NONE', ( #105, #7160, #1993, #1212 ) ) ;
#11525 = DIRECTION ( 'NONE',  ( 0.000000000000000000, 0.000000000000000000, -1.000000000000000000 ) ) ;
#11526 = LINE ( 'NONE', #2294, #9739 ) ;
#11527 = CARTESIAN_POINT ( 'NONE',  ( 133.9625322141365871, 0.000000000000000000, -55.48909769293801730 ) ) ;
#11528 = CARTESIAN_POINT ( 'NONE',  ( 505.3152007388991365, 724.1605934116720391, 72.00000000000000000 ) ) ;
#11529 = PERSON_AND_ORGANIZATION ( #10860, #8800 ) ;
#11530 = DIRECTION ( 'NONE',  ( -0.000000000000000000, -0.000000000000000000, 1.000000000000000000 ) ) ;
#11531 = ADVANCED_FACE ( 'NONE', ( #3416, #572 ), #11675, .F. ) ;
#11532 = CC_DESIGN_APPROVAL ( #2816, ( #8025 ) ) ;
#11533 = AXIS2_PLACEMENT_3D ( 'NONE', #2639, #9309, #9644 ) ;
#11534 = ORIENTED_EDGE ( 'NONE', *, *, #1541, .T. ) ;
#11535 = EDGE_LOOP ( 'NONE', ( #11650, #1211, #6593, #11079 ) ) ;
#11536 = ADVANCED_FACE ( 'NONE', ( #10870 ), #6266, .T. ) ;
#11537 = ORIENTED_EDGE ( 'NONE', *, *, #2179, .T. ) ;
#11538 = DIRECTION ( 'NONE',  ( 0.000000000000000000, 0.000000000000000000, -1.000000000000000000 ) ) ;
#11539 = DIRECTION ( 'NONE',  ( 0.000000000000000000, 1.000000000000000000, 0.000000000000000000 ) ) ;
#11540 = CARTESIAN_POINT ( 'NONE',  ( -55.48909769293801020, 0.000000000000000000, 142.9625322141366155 ) ) ;
#11541 = DIRECTION ( 'NONE',  ( 0.000000000000000000, 1.000000000000000000, 0.000000000000000000 ) ) ;
#11542 = DESIGN_CONTEXT ( 'detailed design', #1232, 'design' ) ;
#11543 = AXIS2_PLACEMENT_3D ( 'NONE', #9608, #2992, #9429 ) ;
#11544 = FACE_BOUND ( 'NONE', #5848, .T. ) ;
#11545 = PERSON_AND_ORGANIZATION_ROLE ( 'classification_officer' ) ;
#11546 = ORIENTED_EDGE ( 'NONE', *, *, #406, .F. ) ;
#11547 = EDGE_LOOP ( 'NONE', ( #2374, #10734 ) ) ;
#11548 = DIRECTION ( 'NONE',  ( -0.000000000000000000, -1.000000000000000000, -0.000000000000000000 ) ) ;
#11549 = VERTEX_POINT ( 'NONE', #688 ) ;
#11550 = DIRECTION ( 'NONE',  ( -1.000000000000000000, -0.000000000000000000, -0.000000000000000000 ) ) ;
#11551 = ADVANCED_FACE ( 'NONE', ( #4391 ), #1478, .T. ) ;
#11552 = LINE ( 'NONE', #11793, #4774 ) ;
#11553 = DIRECTION ( 'NONE',  ( 0.000000000000000000, 0.000000000000000000, 1.000000000000000000 ) ) ;
#11554 = LOCAL_TIME ( 1, 43, 37.00000000000000000, #10607 ) ;
#11555 = CARTESIAN_POINT ( 'NONE',  ( -120.0000000000000000, 260.0000000000000000, 110.0000000000000000 ) ) ;
#11556 = CARTESIAN_POINT ( 'NONE',  ( -165.0000000000000000, 22.00000000000000000, 29.00000000000000000 ) ) ;
#11557 = PRODUCT_DEFINITION_SHAPE ( 'NONE', 'NONE',  #12016 ) ;
#11558 = DIRECTION ( 'NONE',  ( 0.000000000000000000, 0.000000000000000000, -1.000000000000000000 ) ) ;
#11559 = DATE_AND_TIME ( #10452, #1476 ) ;
#11560 = VECTOR ( 'NONE', #5478, 1000.000000000000000 ) ;
#11561 = COORDINATED_UNIVERSAL_TIME_OFFSET ( 8, 0, .AHEAD. ) ;
#11562 = DIRECTION ( 'NONE',  ( 0.000000000000000000, 1.000000000000000000, 0.000000000000000000 ) ) ;
#11563 = VERTEX_POINT ( 'NONE', #10755 ) ;
#11564 = EDGE_CURVE ( 'NONE', #8776, #6050, #3476, .T. ) ;
#11565 = CC_DESIGN_APPROVAL ( #2012, ( #5165 ) ) ;
#11566 = ORIENTED_EDGE ( 'NONE', *, *, #9538, .F. ) ;
#11567 = DIRECTION ( 'NONE',  ( 0.000000000000000000, 1.000000000000000000, 0.000000000000000000 ) ) ;
#11568 = ADVANCED_FACE ( 'NONE', ( #8934, #6026 ), #7168, .T. ) ;
#11569 = VECTOR ( 'NONE', #5460, 1000.000000000000000 ) ;
#11570 = DIRECTION ( 'NONE',  ( -0.000000000000000000, -1.000000000000000000, -0.000000000000000000 ) ) ;
#11571 = CARTESIAN_POINT ( 'NONE',  ( 85.00000000000000000, 120.0000000000000000, -60.00000000000000000 ) ) ;
#11572 = CARTESIAN_POINT ( 'NONE',  ( 2.020667218593132784E-14, 42.00000000000000000, 165.0000000000000000 ) ) ;
#11573 = SECURITY_CLASSIFICATION ( '', '', #645 ) ;
#11574 = SECURITY_CLASSIFICATION ( '', '', #5203 ) ;
#11575 = DIRECTION ( 'NONE',  ( 0.000000000000000000, 0.000000000000000000, -1.000000000000000000 ) ) ;
#11576 = PRODUCT ( 'MKH-009_j4_output_shaft', 'MKH-009_j4_output_shaft', '', ( #4120 ) ) ;
#11577 = PERSON_AND_ORGANIZATION ( #10860, #8800 ) ;
#11578 = SHAPE_DEFINITION_REPRESENTATION ( #3999, #9719 ) ;
#11579 = DATE_TIME_ROLE ( 'classification_date' ) ;
#11580 = ORIENTED_EDGE ( 'NONE', *, *, #4405, .T. ) ;
#11581 = VECTOR ( 'NONE', #2528, 1000.000000000000000 ) ;
#11582 = CC_DESIGN_PERSON_AND_ORGANIZATION_ASSIGNMENT ( #7068, #10950, ( #8306 ) ) ;
#11583 = EDGE_CURVE ( 'NONE', #3746, #11123, #9976, .T. ) ;
#11584 = LOCAL_TIME ( 1, 43, 37.00000000000000000, #3174 ) ;
#11585 = DIRECTION ( 'NONE',  ( -0.000000000000000000, 1.000000000000000000, -0.000000000000000000 ) ) ;
#11586 = ORIENTED_EDGE ( 'NONE', *, *, #4773, .T. ) ;
#11587 = ORIENTED_EDGE ( 'NONE', *, *, #4725, .T. ) ;
#11588 = CYLINDRICAL_SURFACE ( 'NONE', #4107, 9.000000000000007105 ) ;
#11589 = ORIENTED_EDGE ( 'NONE', *, *, #8627, .F. ) ;
#11590 = CLOSED_SHELL ( 'NONE', ( #357, #10133, #8255, #4926, #4577, #6726, #10967, #1858, #5710, #5333, #9489, #776, #6382, #3508, #9482, #10577, #5553, #10847, #1009, #4103, #4051, #8439, #10930, #6106, #5927 ) ) ;
#11591 = VECTOR ( 'NONE', #11864, 1000.000000000000000 ) ;
#11592 = LINE ( 'NONE', #4115, #9428 ) ;
#11593 = CYLINDRICAL_SURFACE ( 'NONE', #4513, 95.00000000000001421 ) ;
#11594 = CC_DESIGN_PERSON_AND_ORGANIZATION_ASSIGNMENT ( #8711, #5993, ( #3605 ) ) ;
#11595 = CARTESIAN_POINT ( 'NONE',  ( -20.18428497440902802, 0.000000000000000000, 69.63364589099039392 ) ) ;
#11596 = CARTESIAN_POINT ( 'NONE',  ( 699.4077422122469443, 696.8826656234991788, 38.00000000000000000 ) ) ;
#11597 = APPLICATION_PROTOCOL_DEFINITION ( 'international standard', 'config_control_design', 1994, #5427 ) ;
#11598 = APPROVAL_PERSON_ORGANIZATION ( #4927, #3646, #7758 ) ;
#11599 = CARTESIAN_POINT ( 'NONE',  ( 4.163799117101000559E-15, 185.0000000000000000, 34.00000000000000000 ) ) ;
#11600 = VERTEX_POINT ( 'NONE', #10693 ) ;
#11601 = VECTOR ( 'NONE', #11863, 1000.000000000000000 ) ;
#11602 = CIRCLE ( 'NONE', #2488, 34.00000000000000000 ) ;
#11603 = EDGE_CURVE ( 'NONE', #5467, #111, #247, .T. ) ;
#11604 = EDGE_LOOP ( 'NONE', ( #3381, #7877 ) ) ;
#11605 = VERTEX_POINT ( 'NONE', #9727 ) ;
#11606 = LINE ( 'NONE', #11716, #3332 ) ;
#11607 = ADVANCED_FACE ( 'NONE', ( #2444 ), #8813, .F. ) ;
#11608 = DIRECTION ( 'NONE',  ( 0.000000000000000000, 1.000000000000000000, 0.000000000000000000 ) ) ;
#11609 = CYLINDRICAL_SURFACE ( 'NONE', #11474, 9.000000000000014211 ) ;
#11610 =( NAMED_UNIT ( * ) PLANE_ANGLE_UNIT ( ) SI_UNIT ( $, .RADIAN. ) );
#11611 = AXIS2_PLACEMENT_3D ( 'NONE', #4822, #1229, #2928 ) ;
#11612 = CYLINDRICAL_SURFACE ( 'NONE', #10124, 130.0000000000000000 ) ;
#11613 = ADVANCED_FACE ( 'NONE', ( #6088 ), #6150, .F. ) ;
#11614 = ORIENTED_EDGE ( 'NONE', *, *, #301, .T. ) ;
#11615 = ORIENTED_EDGE ( 'NONE', *, *, #1067, .F. ) ;
#11616 = CYLINDRICAL_SURFACE ( 'NONE', #2167, 57.99999999999999289 ) ;
#11617 = ORIENTED_EDGE ( 'NONE', *, *, #8982, .F. ) ;
#11618 = CARTESIAN_POINT ( 'NONE',  ( -34.96597842945570989, 0.000000000000000000, -63.51086798706846537 ) ) ;
#11619 = LINE ( 'NONE', #5116, #27 ) ;
#11620 = DIRECTION ( 'NONE',  ( -0.000000000000000000, -0.000000000000000000, 1.000000000000000000 ) ) ;
#11621 = FACE_BOUND ( 'NONE', #9816, .T. ) ;
#11622 = DIRECTION ( 'NONE',  ( -0.000000000000000000, -1.000000000000000000, -0.000000000000000000 ) ) ;
#11623 = CARTESIAN_POINT ( 'NONE',  ( -42.00000000000000000, 28.00000000000000000, -7.500000000000000000 ) ) ;
#11624 = PERSON_AND_ORGANIZATION ( #10860, #8800 ) ;
#11625 = FACE_OUTER_BOUND ( 'NONE', #11879, .T. ) ;
#11626 = ORIENTED_EDGE ( 'NONE', *, *, #2133, .F. ) ;
#11627 = ORIENTED_EDGE ( 'NONE', *, *, #4238, .T. ) ;
#11628 = CARTESIAN_POINT ( 'NONE',  ( -120.0000000000000000, 260.0000000000000000, -110.0000000000000000 ) ) ;
#11629 =( REPRESENTATION_RELATIONSHIP ('NONE','NONE', #4449, #9719 ) REPRESENTATION_RELATIONSHIP_WITH_TRANSFORMATION ( #11723 )SHAPE_REPRESENTATION_RELATIONSHIP( ) );
#11630 = DIRECTION ( 'NONE',  ( 0.000000000000000000, 1.000000000000000000, 0.000000000000000000 ) ) ;
#11631 = CYLINDRICAL_SURFACE ( 'NONE', #11190, 7.000000000000006217 ) ;
#11632 = DIRECTION ( 'NONE',  ( 0.000000000000000000, 0.000000000000000000, -1.000000000000000000 ) ) ;
#11633 = DIRECTION ( 'NONE',  ( -0.000000000000000000, -1.000000000000000000, -0.000000000000000000 ) ) ;
#11634 = SECURITY_CLASSIFICATION_LEVEL ( 'unclassified' ) ;
#11635 = APPROVAL_DATE_TIME ( #10526, #450 ) ;
#11636 = EDGE_CURVE ( 'NONE', #11028, #7925, #5243, .T. ) ;
#11637 = CALENDAR_DATE ( 2026, 29, 7 ) ;
#11638 = ORIENTED_EDGE ( 'NONE', *, *, #2213, .F. ) ;
#11639 = FACE_BOUND ( 'NONE', #7689, .T. ) ;
#11640 = ORIENTED_EDGE ( 'NONE', *, *, #7082, .F. ) ;
#11641 = ORIENTED_EDGE ( 'NONE', *, *, #9795, .F. ) ;
#11642 = VERTEX_POINT ( 'NONE', #6205 ) ;
#11643 = FACE_OUTER_BOUND ( 'NONE', #2647, .T. ) ;
#11644 = DIRECTION ( 'NONE',  ( -0.000000000000000000, -0.000000000000000000, 1.000000000000000000 ) ) ;
#11645 = LINE ( 'NONE', #3562, #6098 ) ;
#11646 = SECURITY_CLASSIFICATION_LEVEL ( 'unclassified' ) ;
#11647 = PRODUCT_RELATED_PRODUCT_CATEGORY ( 'detail', '', ( #525 ) ) ;
#11648 = CARTESIAN_POINT ( 'NONE',  ( 4.163799117101000559E-15, 36.00000000000000711, 34.00000000000000000 ) ) ;
#11649 = ADVANCED_FACE ( 'NONE', ( #1597 ), #985, .F. ) ;
#11650 = ORIENTED_EDGE ( 'NONE', *, *, #3064, .T. ) ;
#11651 = ADVANCED_FACE ( 'NONE', ( #7290 ), #2866, .F. ) ;
#11652 = VERTEX_POINT ( 'NONE', #11181 ) ;
#11653 = ORIENTED_EDGE ( 'NONE', *, *, #7149, .F. ) ;
#11654 = DIRECTION ( 'NONE',  ( 0.000000000000000000, -0.000000000000000000, 1.000000000000000000 ) ) ;
#11655 = ORIENTED_EDGE ( 'NONE', *, *, #9522, .T. ) ;
#11656 = DIRECTION ( 'NONE',  ( 1.000000000000000000, 0.000000000000000000, 0.000000000000000000 ) ) ;
#11657 = DIRECTION ( 'NONE',  ( 0.000000000000000000, 0.000000000000000000, 1.000000000000000000 ) ) ;
#11658 = AXIS2_PLACEMENT_3D ( 'NONE', #1607, #2347, #5026 ) ;
#11659 = CC_DESIGN_DATE_AND_TIME_ASSIGNMENT ( #10119, #4364, ( #9615 ) ) ;
#11660 = EDGE_CURVE ( 'NONE', #2421, #5339, #7349, .T. ) ;
#11661 = FACE_OUTER_BOUND ( 'NONE', #3210, .T. ) ;
#11662 = DATE_AND_TIME ( #9844, #10415 ) ;
#11663 = ORIENTED_EDGE ( 'NONE', *, *, #2909, .F. ) ;
#11664 = VECTOR ( 'NONE', #2009, 1000.000000000000000 ) ;
#11665 = VERTEX_POINT ( 'NONE', #8197 ) ;
#11666 = DIRECTION ( 'NONE',  ( -0.000000000000000000, -1.000000000000000000, -0.000000000000000000 ) ) ;
#11667 = VERTEX_POINT ( 'NONE', #8378 ) ;
#11668 = CARTESIAN_POINT ( 'NONE',  ( -120.0000000000000000, 120.0000000000000000, 90.00000000000000000 ) ) ;
#11669 = AXIS2_PLACEMENT_3D ( 'NONE', #3091, #429, #5163 ) ;
#11670 = EDGE_CURVE ( 'NONE', #10532, #3511, #7807, .T. ) ;
#11671 = DIRECTION ( 'NONE',  ( -0.000000000000000000, -1.000000000000000000, -0.000000000000000000 ) ) ;
#11672 = DIRECTION ( 'NONE',  ( -0.000000000000000000, -1.000000000000000000, -0.000000000000000000 ) ) ;
#11673 = CIRCLE ( 'NONE', #9154, 7.000000000000020428 ) ;
#11674 = CARTESIAN_POINT ( 'NONE',  ( 70.00000000000000000, 0.000000000000000000, 45.00000000000000000 ) ) ;
#11675 = PLANE ( 'NONE',  #10715 ) ;
#11676 = CIRCLE ( 'NONE', #3519, 7.000000000000006217 ) ;
#11677 = LINE ( 'NONE', #4274, #859 ) ;
#11678 = APPROVAL_ROLE ( '' ) ;
#11679 = CARTESIAN_POINT ( 'NONE',  ( 77.08053281221579311, 260.0000000000000000, 41.41064430052886536 ) ) ;
#11680 = ORIENTED_EDGE ( 'NONE', *, *, #4210, .T. ) ;
#11681 = EDGE_CURVE ( 'NONE', #7011, #10093, #10913, .T. ) ;
#11682 = ORIENTED_EDGE ( 'NONE', *, *, #8393, .T. ) ;
#11683 = AXIS2_PLACEMENT_3D ( 'NONE', #3221, #2368, #8066 ) ;
#11684 = CARTESIAN_POINT ( 'NONE',  ( 133.9625322141365871, 30.00000000000000000, 46.48909769293798888 ) ) ;
#11685 = EDGE_CURVE ( 'NONE', #6052, #11123, #9298, .T. ) ;
#11686 = CARTESIAN_POINT ( 'NONE',  ( -196.0000000000000000, 34.00000000000000000, 0.000000000000000000 ) ) ;
#11687 = CIRCLE ( 'NONE', #6256, 65.00000000000000000 ) ;
#11688 = CARTESIAN_POINT ( 'NONE',  ( 330.0000000000000000, 22.00000000000000000, 75.00000000000000000 ) ) ;
#11689 = CARTESIAN_POINT ( 'NONE',  ( -330.0000000000000000, 0.000000000000000000, -75.00000000000000000 ) ) ;
#11690 = CARTESIAN_POINT ( 'NONE',  ( -25.22242005078182103, 0.000000000000000000, 83.78591484719802907 ) ) ;
#11691 = AXIS2_PLACEMENT_3D ( 'NONE', #8562, #9602, #1114 ) ;
#11692 = AXIS2_PLACEMENT_3D ( 'NONE', #4158, #8698, #2268 ) ;
#11693 = APPROVAL_DATE_TIME ( #1375, #11353 ) ;
#11694 = CALENDAR_DATE ( 2026, 29, 7 ) ;
#11695 = COORDINATED_UNIVERSAL_TIME_OFFSET ( 8, 0, .AHEAD. ) ;
#11696 = ORIENTED_EDGE ( 'NONE', *, *, #11603, .F. ) ;
#11697 = VECTOR ( 'NONE', #1955, 1000.000000000000000 ) ;
#11698 = DIRECTION ( 'NONE',  ( -0.000000000000000000, -1.000000000000000000, -0.000000000000000000 ) ) ;
#11699 = VERTEX_POINT ( 'NONE', #8320 ) ;
#11700 = AXIS2_PLACEMENT_3D ( 'NONE', #6198, #8129, #9392 ) ;
#11701 = AXIS2_PLACEMENT_3D ( 'NONE', #272, #5911, #3969 ) ;
#11702 = ORIENTED_EDGE ( 'NONE', *, *, #3320, .T. ) ;
#11703 = ADVANCED_FACE ( 'NONE', ( #6386 ), #7460, .F. ) ;
#11704 = ORIENTED_EDGE ( 'NONE', *, *, #9003, .F. ) ;
#11705 = DIRECTION ( 'NONE',  ( 0.000000000000000000, 0.000000000000000000, -1.000000000000000000 ) ) ;
#11706 = DIRECTION ( 'NONE',  ( -0.000000000000000000, -1.000000000000000000, -0.000000000000000000 ) ) ;
#11707 = DIRECTION ( 'NONE',  ( 0.000000000000000000, 0.000000000000000000, -1.000000000000000000 ) ) ;
#11708 = CARTESIAN_POINT ( 'NONE',  ( 699.4077422122469443, 696.8826656234991788, -58.00000000000000000 ) ) ;
#11709 = PERSON_AND_ORGANIZATION ( #10860, #8800 ) ;
#11710 = CARTESIAN_POINT ( 'NONE',  ( -31.38004145393735911, 30.00000000000000000, -75.75812166592551478 ) ) ;
#11711 = VECTOR ( 'NONE', #3441, 1000.000000000000000 ) ;
#11712 = CC_DESIGN_APPROVAL ( #11353, ( #1497 ) ) ;
#11713 = ORIENTED_EDGE ( 'NONE', *, *, #189, .T. ) ;
#11714 = VECTOR ( 'NONE', #3887, 1000.000000000000000 ) ;
#11715 = ORIENTED_EDGE ( 'NONE', *, *, #7070, .F. ) ;
#11716 = CARTESIAN_POINT ( 'NONE',  ( 0.000000000000000000, 22.00000000000000000, -12.00000000000000000 ) ) ;
#11717 = EDGE_CURVE ( 'NONE', #4623, #11699, #9115, .T. ) ;
#11718 = ORIENTED_EDGE ( 'NONE', *, *, #3903, .T. ) ;
#11719 = CARTESIAN_POINT ( 'NONE',  ( 70.00000000000000000, 0.000000000000000000, 39.49999999999999289 ) ) ;
#11720 = DIRECTION ( 'NONE',  ( -0.000000000000000000, -1.000000000000000000, -0.000000000000000000 ) ) ;
#11721 = FACE_BOUND ( 'NONE', #8239, .T. ) ;
#11722 = LOCAL_TIME ( 1, 43, 37.00000000000000000, #4348 ) ;
#11723 = ITEM_DEFINED_TRANSFORMATION ( 'NONE', 'NONE', #9565,  #10725 ) ;
#11724 = ORIENTED_EDGE ( 'NONE', *, *, #5366, .T. ) ;
#11725 = ORIENTED_EDGE ( 'NONE', *, *, #9106, .T. ) ;
#11726 = FACE_BOUND ( 'NONE', #4530, .T. ) ;
#11727 = CC_DESIGN_PERSON_AND_ORGANIZATION_ASSIGNMENT ( #10713, #2404, ( #10453 ) ) ;
#11728 = ADVANCED_FACE ( 'NONE', ( #1898, #11056 ), #9178, .F. ) ;
#11729 = VERTEX_POINT ( 'NONE', #4570 ) ;
#11730 = DIRECTION ( 'NONE',  ( -0.000000000000000000, -1.000000000000000000, -0.000000000000000000 ) ) ;
#11731 = VECTOR ( 'NONE', #7127, 1000.000000000000000 ) ;
#11732 = CARTESIAN_POINT ( 'NONE',  ( -272.5000000000000000, 38.00000000000000000, 52.49999999999997868 ) ) ;
#11733 = CARTESIAN_POINT ( 'NONE',  ( 0.000000000000000000, 50.00000000000000000, 0.000000000000000000 ) ) ;
#11734 = CARTESIAN_POINT ( 'NONE',  ( 0.000000000000000000, 47.99999999999998579, 0.000000000000000000 ) ) ;
#11735 = DIRECTION ( 'NONE',  ( 0.000000000000000000, 0.000000000000000000, 1.000000000000000000 ) ) ;
#11736 = CC_DESIGN_DATE_AND_TIME_ASSIGNMENT ( #2981, #5779, ( #7890 ) ) ;
#11737 = CARTESIAN_POINT ( 'NONE',  ( 180.0000000000000000, 0.000000000000000000, 155.0000000000000000 ) ) ;
#11738 = PERSON_AND_ORGANIZATION_ROLE ( 'creator' ) ;
#11739 = LINE ( 'NONE', #6092, #826 ) ;
#11740 = VERTEX_POINT ( 'NONE', #7225 ) ;
#11741 = CARTESIAN_POINT ( 'NONE',  ( 41.41064430052887246, 260.0000000000000000, -77.08053281221579311 ) ) ;
#11742 = CC_DESIGN_SECURITY_CLASSIFICATION ( #2239, ( #11946 ) ) ;
#11743 = DIRECTION ( 'NONE',  ( 0.000000000000000000, 1.000000000000000000, 0.000000000000000000 ) ) ;
#11744 = CARTESIAN_POINT ( 'NONE',  ( -78.00000000000000000, 28.00000000000000000, 0.000000000000000000 ) ) ;
#11745 = EDGE_CURVE ( 'NONE', #3986, #11652, #6268, .T. ) ;
#11747 = CIRCLE ( 'NONE', #3214, 9.000000000000007105 ) ;
#11746 = DIRECTION ( 'NONE',  ( -0.000000000000000000, -1.000000000000000000, -0.000000000000000000 ) ) ;
#11748 = DIRECTION ( 'NONE',  ( 0.000000000000000000, 1.000000000000000000, 0.000000000000000000 ) ) ;
#11749 = PERSON_AND_ORGANIZATION_ROLE ( 'classification_officer' ) ;
#11750 = DATE_TIME_ROLE ( 'classification_date' ) ;
#11751 = PRODUCT_DEFINITION_FORMATION_WITH_SPECIFIED_SOURCE ( 'ä»', '', #7872, .NOT_KNOWN. ) ;
#11752 = APPROVAL_STATUS ( 'not_yet_approved' ) ;
#11753 = ADVANCED_FACE ( 'NONE', ( #82 ), #3703, .F. ) ;
#11754 = VECTOR ( 'NONE', #6130, 1000.000000000000000 ) ;
#11755 = LINE ( 'NONE', #1443, #10530 ) ;
#11756 = ORIENTED_EDGE ( 'NONE', *, *, #5945, .T. ) ;
#11757 = EDGE_CURVE ( 'NONE', #10984, #10973, #11116, .T. ) ;
#11758 = LOCAL_TIME ( 1, 43, 37.00000000000000000, #6588 ) ;
#11759 = ORIENTED_EDGE ( 'NONE', *, *, #2524, .F. ) ;
#11760 = DIRECTION ( 'NONE',  ( 0.000000000000000000, 1.000000000000000000, 0.000000000000000000 ) ) ;
#11761 = APPROVAL_PERSON_ORGANIZATION ( #10056, #4897, #7130 ) ;
#11762 = ORIENTED_EDGE ( 'NONE', *, *, #6695, .F. ) ;
#11763 = PLANE ( 'NONE',  #3812 ) ;
#11764 = DIRECTION ( 'NONE',  ( 0.000000000000000000, 0.000000000000000000, -1.000000000000000000 ) ) ;
#11765 = DIRECTION ( 'NONE',  ( -0.000000000000000000, 1.000000000000000000, -0.000000000000000000 ) ) ;
#11766 = SHAPE_REPRESENTATION_RELATIONSHIP ( 'NONE' , 'NONE' ,  #8155, #4217 ) ;
#11767 = AXIS2_PLACEMENT_3D ( 'NONE', #10114, #4603, #5511 ) ;
#11768 = COORDINATED_UNIVERSAL_TIME_OFFSET ( 8, 0, .AHEAD. ) ;
#11769 = LINE ( 'NONE', #7420, #10330 ) ;
#11770 = APPROVAL_PERSON_ORGANIZATION ( #7114, #4393, #7055 ) ;
#11771 = EDGE_CURVE ( 'NONE', #955, #7797, #1620, .T. ) ;
#11772 = EDGE_LOOP ( 'NONE', ( #3692, #2257 ) ) ;
#11773 = ORIENTED_EDGE ( 'NONE', *, *, #5876, .F. ) ;
#11774 = VECTOR ( 'NONE', #10648, 1000.000000000000000 ) ;
#11775 = ORIENTED_EDGE ( 'NONE', *, *, #2133, .T. ) ;
#11776 = LINE ( 'NONE', #8118, #10494 ) ;
#11777 = ORIENTED_EDGE ( 'NONE', *, *, #366, .T. ) ;
#11778 = DIRECTION ( 'NONE',  ( 0.000000000000000000, 0.000000000000000000, 1.000000000000000000 ) ) ;
#11779 = DIRECTION ( 'NONE',  ( 0.000000000000000000, 1.000000000000000000, 0.000000000000000000 ) ) ;
#11780 = LOCAL_TIME ( 1, 43, 37.00000000000000000, #3402 ) ;
#11781 =( NAMED_UNIT ( * ) SI_UNIT ( $, .STERADIAN. ) SOLID_ANGLE_UNIT ( ) );
#11782 = CARTESIAN_POINT ( 'NONE',  ( 0.000000000000000000, 145.0000000000000000, 0.000000000000000000 ) ) ;
#11783 = AXIS2_PLACEMENT_3D ( 'NONE', #8894, #463, #6279 ) ;
#11784 = COORDINATED_UNIVERSAL_TIME_OFFSET ( 8, 0, .AHEAD. ) ;
#11785 = EDGE_CURVE ( 'NONE', #10362, #4756, #5538, .T. ) ;
#11786 = ORIENTED_EDGE ( 'NONE', *, *, #7873, .F. ) ;
#11787 = ORIENTED_EDGE ( 'NONE', *, *, #5881, .T. ) ;
#11788 = DIRECTION ( 'NONE',  ( 0.000000000000000000, 0.000000000000000000, 1.000000000000000000 ) ) ;
#11789 = ORIENTED_EDGE ( 'NONE', *, *, #11862, .F. ) ;
#11790 = DIRECTION ( 'NONE',  ( 0.000000000000000000, 0.000000000000000000, -1.000000000000000000 ) ) ;
#11791 = AXIS2_PLACEMENT_3D ( 'NONE', #4329, #7051, #2324 ) ;
#11792 = VECTOR ( 'NONE', #3048, 1000.000000000000000 ) ;
#11793 = CARTESIAN_POINT ( 'NONE',  ( 0.000000000000000000, 20.00000000000000000, -11.00000000000000000 ) ) ;
#11794 = DIRECTION ( 'NONE',  ( 0.000000000000000000, 0.000000000000000000, 1.000000000000000000 ) ) ;
#11795 = PLANE ( 'NONE',  #8310 ) ;
#11796 = DIRECTION ( 'NONE',  ( 0.000000000000000000, 0.000000000000000000, -1.000000000000000000 ) ) ;
#11797 = MANIFOLD_SOLID_BREP ( '02_Reinforcement_Boss', #1307 ) ;
#11798 = DIRECTION ( 'NONE',  ( 0.000000000000000000, 0.000000000000000000, -1.000000000000000000 ) ) ;
#11799 = APPLICATION_PROTOCOL_DEFINITION ( 'international standard', 'config_control_design', 1994, #4804 ) ;
#11801 = FACE_OUTER_BOUND ( 'NONE', #6722, .T. ) ;
#11800 = CC_DESIGN_PERSON_AND_ORGANIZATION_ASSIGNMENT ( #3723, #4648, ( #10567 ) ) ;
#11802 = ORIENTED_EDGE ( 'NONE', *, *, #3443, .F. ) ;
#11803 = EDGE_CURVE ( 'NONE', #8440, #4547, #10147, .T. ) ;
#11804 = AXIS2_PLACEMENT_3D ( 'NONE', #1594, #5300, #8811 ) ;
#11805 = EDGE_LOOP ( 'NONE', ( #9891, #7072, #3467, #7438 ) ) ;
#11806 = CC_DESIGN_PERSON_AND_ORGANIZATION_ASSIGNMENT ( #7364, #9993, ( #11953 ) ) ;
#11807 = CARTESIAN_POINT ( 'NONE',  ( 115.0000000000000000, 12.00000000000000000, 28.00000000000000000 ) ) ;
#11808 = CARTESIAN_POINT ( 'NONE',  ( -133.9625322141365871, 30.00000000000000000, -55.48909769293801730 ) ) ;
#11809 = FACE_OUTER_BOUND ( 'NONE', #9902, .T. ) ;
#11810 = CARTESIAN_POINT ( 'NONE',  ( -75.75812166592551478, 30.00000000000000000, -38.38004145393736621 ) ) ;
#11811 = CARTESIAN_POINT ( 'NONE',  ( -196.0000000000000000, 34.00000000000000000, 43.99999999999997158 ) ) ;
#11812 = CIRCLE ( 'NONE', #4050, 68.99999999999998579 ) ;
#11813 = LINE ( 'NONE', #8097, #4559 ) ;
#11814 = PERSON_AND_ORGANIZATION_ROLE ( 'design_owner' ) ;
#11815 = SHAPE_DEFINITION_REPRESENTATION ( #7670, #7231 ) ;
#11816 = EDGE_CURVE ( 'NONE', #737, #10382, #8391, .T. ) ;
#11817 = CALENDAR_DATE ( 2026, 29, 7 ) ;
#11818 = EDGE_CURVE ( 'NONE', #11841, #8754, #3831, .T. ) ;
#11819 = DIRECTION ( 'NONE',  ( -1.000000000000000000, 0.000000000000000000, -0.000000000000000000 ) ) ;
#11820 = ORIENTED_EDGE ( 'NONE', *, *, #18, .F. ) ;
#11821 = ORIENTED_EDGE ( 'NONE', *, *, #11374, .T. ) ;
#11822 = LINE ( 'NONE', #10839, #4989 ) ;
#11823 = ORIENTED_EDGE ( 'NONE', *, *, #10542, .T. ) ;
#11824 = EDGE_CURVE ( 'NONE', #6543, #833, #141, .T. ) ;
#11825 = CARTESIAN_POINT ( 'NONE',  ( -330.0000000000000000, 22.00000000000000000, 38.14118508908709515 ) ) ;
#11826 = DIRECTION ( 'NONE',  ( -0.000000000000000000, -1.000000000000000000, -0.000000000000000000 ) ) ;
#11827 = DIRECTION ( 'NONE',  ( 0.000000000000000000, 1.000000000000000000, 0.000000000000000000 ) ) ;
#11828 = APPROVAL_DATE_TIME ( #9029, #3043 ) ;
#11829 = EDGE_LOOP ( 'NONE', ( #3989, #1648, #2984, #9619 ) ) ;
#11830 = EDGE_CURVE ( 'NONE', #6489, #6423, #10335, .T. ) ;
#11831 = VERTEX_POINT ( 'NONE', #4864 ) ;
#11832 = EDGE_LOOP ( 'NONE', ( #10214, #9273, #8494, #2770 ) ) ;
#11833 = CARTESIAN_POINT ( 'NONE',  ( -135.0000000000000000, 20.00000000000000000, 11.00000000000000000 ) ) ;
#11834 = ORIENTED_EDGE ( 'NONE', *, *, #4930, .T. ) ;
#11835 = CARTESIAN_POINT ( 'NONE',  ( -117.5000000000000000, 0.000000000000000000, 24.00000000000000000 ) ) ;
#11836 = DIRECTION ( 'NONE',  ( -0.000000000000000000, -1.000000000000000000, -0.000000000000000000 ) ) ;
#11837 = FACE_BOUND ( 'NONE', #5873, .T. ) ;
#11838 = EDGE_LOOP ( 'NONE', ( #3349, #10402, #954, #11452 ) ) ;
#11839 = DATE_AND_TIME ( #1534, #5195 ) ;
#11840 = ORIENTED_EDGE ( 'NONE', *, *, #9478, .T. ) ;
#11841 = VERTEX_POINT ( 'NONE', #9595 ) ;
#11842 = CARTESIAN_POINT ( 'NONE',  ( -31.38004145393735911, 0.000000000000000000, -82.75812166592552899 ) ) ;
#11843 = ORIENTED_EDGE ( 'NONE', *, *, #2377, .F. ) ;
#11844 = AXIS2_PLACEMENT_3D ( 'NONE', #5000, #9540, #4081 ) ;
#11845 = DIRECTION ( 'NONE',  ( 0.000000000000000000, 0.000000000000000000, -1.000000000000000000 ) ) ;
#11846 = DIRECTION ( 'NONE',  ( 0.000000000000000000, 0.000000000000000000, 1.000000000000000000 ) ) ;
#11847 = CARTESIAN_POINT ( 'NONE',  ( 165.0000000000000000, 22.00000000000000000, -29.00000000000000000 ) ) ;
#11848 = EDGE_CURVE ( 'NONE', #474, #5999, #5891, .T. ) ;
#11849 = DIRECTION ( 'NONE',  ( 0.000000000000000000, 0.000000000000000000, 1.000000000000000000 ) ) ;
#11850 = DIRECTION ( 'NONE',  ( -0.000000000000000000, -1.000000000000000000, -0.000000000000000000 ) ) ;
#11851 = DIRECTION ( 'NONE',  ( 0.000000000000000000, 0.000000000000000000, -1.000000000000000000 ) ) ;
#11852 = APPLICATION_CONTEXT ( 'configuration controlled 3d designs of mechanical parts and assemblies' ) ;
#11853 = APPROVAL_DATE_TIME ( #10757, #10100 ) ;
#11854 = CARTESIAN_POINT ( 'NONE',  ( -32.52809175103262618, 0.000000000000000000, -78.52976026345936589 ) ) ;
#11855 = ORIENTED_EDGE ( 'NONE', *, *, #10636, .F. ) ;
#11856 = AXIS2_PLACEMENT_3D ( 'NONE', #1160, #1213, #10259 ) ;
#11857 = EDGE_LOOP ( 'NONE', ( #9441, #2588 ) ) ;
#11858 = CARTESIAN_POINT ( 'NONE',  ( -133.9625322141365871, 0.000000000000000000, 46.48909769293801730 ) ) ;
#11859 = DIRECTION ( 'NONE',  ( -0.000000000000000000, -1.000000000000000000, -0.000000000000000000 ) ) ;
#11860 = DIRECTION ( 'NONE',  ( 0.000000000000000000, 1.000000000000000000, 0.000000000000000000 ) ) ;
#11861 = AXIS2_PLACEMENT_3D ( 'NONE', #1936, #232, #5811 ) ;
#11862 = EDGE_CURVE ( 'NONE', #2421, #4380, #8679, .T. ) ;
#11863 = DIRECTION ( 'NONE',  ( -0.000000000000000000, -1.000000000000000000, -0.000000000000000000 ) ) ;
#11864 = DIRECTION ( 'NONE',  ( -0.000000000000000000, -1.000000000000000000, -0.000000000000000000 ) ) ;
#11865 = DIRECTION ( 'NONE',  ( 0.000000000000000000, 1.000000000000000000, 0.000000000000000000 ) ) ;
#11866 = VECTOR ( 'NONE', #6192, 1000.000000000000000 ) ;
#11867 = APPROVAL_STATUS ( 'not_yet_approved' ) ;
#11868 = DATE_AND_TIME ( #11019, #8644 ) ;
#11869 = EDGE_LOOP ( 'NONE', ( #5170, #10596, #3223, #11715 ) ) ;
#11870 = EDGE_CURVE ( 'NONE', #11203, #7015, #1046, .T. ) ;
#11871 = VECTOR ( 'NONE', #6501, 1000.000000000000000 ) ;
#11872 = APPROVAL_DATE_TIME ( #6286, #828 ) ;
#11873 = ORIENTED_EDGE ( 'NONE', *, *, #11037, .T. ) ;
#11874 = DIRECTION ( 'NONE',  ( 0.000000000000000000, 0.000000000000000000, 1.000000000000000000 ) ) ;
#11875 = AXIS2_PLACEMENT_3D ( 'NONE', #2416, #6839, #3318 ) ;
#11876 = ORIENTED_EDGE ( 'NONE', *, *, #9304, .T. ) ;
#11877 = CC_DESIGN_PERSON_AND_ORGANIZATION_ASSIGNMENT ( #9825, #7745, ( #5165 ) ) ;
#11878 = EDGE_CURVE ( 'NONE', #117, #9342, #7703, .T. ) ;
#11879 = EDGE_LOOP ( 'NONE', ( #8191, #7084, #9996, #9049, #8236, #8043, #10123, #4475 ) ) ;
#11880 = CARTESIAN_POINT ( 'NONE',  ( 135.0000000000000000, 28.00000000000000000, -105.0000000000000000 ) ) ;
#11881 = CIRCLE ( 'NONE', #6632, 9.000000000000021316 ) ;
#11882 = VERTEX_POINT ( 'NONE', #4750 ) ;
#11883 = DIRECTION ( 'NONE',  ( 0.000000000000000000, 0.000000000000000000, -1.000000000000000000 ) ) ;
#11884 = DIRECTION ( 'NONE',  ( 0.000000000000000000, 0.000000000000000000, -1.000000000000000000 ) ) ;
#11885 = DIRECTION ( 'NONE',  ( -0.000000000000000000, -1.000000000000000000, -0.000000000000000000 ) ) ;
#11886 =( NAMED_UNIT ( * ) PLANE_ANGLE_UNIT ( ) SI_UNIT ( $, .RADIAN. ) );
#11887 = APPROVAL_STATUS ( 'not_yet_approved' ) ;
#11888 = CC_DESIGN_PERSON_AND_ORGANIZATION_ASSIGNMENT ( #7956, #4332, ( #1882 ) ) ;
#11889 = CIRCLE ( 'NONE', #8188, 8.999999999999987566 ) ;
#11890 = ADVANCED_BREP_SHAPE_REPRESENTATION ( '', ( #164, #10725 ), #2019 ) ;
#11891 = VECTOR ( 'NONE', #5293, 1000.000000000000000 ) ;
#11892 = CIRCLE ( 'NONE', #2187, 57.99999999999999289 ) ;
#11893 = SHAPE_REPRESENTATION ( 'MKH-013_heavy_finger', ( #10725 ), #8016 ) ;
#11894 = EDGE_LOOP ( 'NONE', ( #1156, #9964 ) ) ;
#11895 = ORIENTED_EDGE ( 'NONE', *, *, #760, .F. ) ;
#11896 = CARTESIAN_POINT ( 'NONE',  ( -27.55320713028645940, 220.0000000000000000, -66.51932634081263984 ) ) ;
#11897 = AXIS2_PLACEMENT_3D ( 'NONE', #1220, #11242, #9413 ) ;
#11898 = EDGE_CURVE ( 'NONE', #3803, #3275, #9530, .T. ) ;
#11899 = ORIENTED_EDGE ( 'NONE', *, *, #6448, .F. ) ;
#11900 = DIRECTION ( 'NONE',  ( 1.000000000000000000, 0.000000000000000000, -0.000000000000000000 ) ) ;
#11901 = CARTESIAN_POINT ( 'NONE',  ( -70.00000000000000000, 95.00000000000000000, -45.00000000000000000 ) ) ;
#11902 = VECTOR ( 'NONE', #7726, 1000.000000000000000 ) ;
#11903 = EDGE_CURVE ( 'NONE', #6582, #3803, #11355, .T. ) ;
#11904 = DIRECTION ( 'NONE',  ( -0.000000000000000000, -1.000000000000000000, -0.000000000000000000 ) ) ;
#11905 = ORIENTED_EDGE ( 'NONE', *, *, #3948, .F. ) ;
#11906 = APPROVAL_STATUS ( 'not_yet_approved' ) ;
#11907 = AXIS2_PLACEMENT_3D ( 'NONE', #2353, #9761, #1333 ) ;
#11908 = CIRCLE ( 'NONE', #657, 9.000000000000035527 ) ;
#11909 = EDGE_CURVE ( 'NONE', #1394, #7449, #7227, .T. ) ;
#11910 = ORIENTED_EDGE ( 'NONE', *, *, #5975, .T. ) ;
#11911 = EDGE_LOOP ( 'NONE', ( #92, #5022, #11502, #10595 ) ) ;
#11912 = AXIS2_PLACEMENT_3D ( 'NONE', #9315, #4712, #4473 ) ;
#11913 = CARTESIAN_POINT ( 'NONE',  ( 105.0000000000000000, 20.00000000000000000, -8.000000000000000000 ) ) ;
#11914 = EDGE_LOOP ( 'NONE', ( #9516, #1650, #10859, #8976 ) ) ;
#11915 = CARTESIAN_POINT ( 'NONE',  ( 66.51932634081263984, 220.0000000000000000, -27.55320713028646296 ) ) ;
#11916 = DIRECTION ( 'NONE',  ( 0.000000000000000000, 0.000000000000000000, 1.000000000000000000 ) ) ;
#11917 = CARTESIAN_POINT ( 'NONE',  ( 34.96597842945568857, 122.5000000000000000, 63.51086798706846537 ) ) ;
#11918 = PRODUCT_DEFINITION_FORMATION_WITH_SPECIFIED_SOURCE ( 'ä»', '', #421, .NOT_KNOWN. ) ;
#11920 = CYLINDRICAL_SURFACE ( 'NONE', #4641, 9.000000000000007105 ) ;
#11919 = AXIS2_PLACEMENT_3D ( 'NONE', #11947, #3620, #11150 ) ;
#11921 = DIRECTION ( 'NONE',  ( 0.000000000000000000, 0.000000000000000000, -1.000000000000000000 ) ) ;
#11922 = CARTESIAN_POINT ( 'NONE',  ( 41.41064430052897194, 0.000000000000000000, 77.08053281221573627 ) ) ;
#11923 = APPROVAL_DATE_TIME ( #1483, #4393 ) ;
#11924 = DIRECTION ( 'NONE',  ( 0.000000000000000000, 0.000000000000000000, 1.000000000000000000 ) ) ;
#11925 = ORIENTED_EDGE ( 'NONE', *, *, #9679, .T. ) ;
#11926 = EDGE_CURVE ( 'NONE', #1814, #2304, #2396, .T. ) ;
#11927 = ORIENTED_EDGE ( 'NONE', *, *, #10533, .F. ) ;
#11928 = DIRECTION ( 'NONE',  ( 0.000000000000000000, 0.000000000000000000, 1.000000000000000000 ) ) ;
#11929 = LINE ( 'NONE', #994, #2150 ) ;
#11930 = DIRECTION ( 'NONE',  ( 0.000000000000000000, 0.000000000000000000, 1.000000000000000000 ) ) ;
#11931 = CARTESIAN_POINT ( 'NONE',  ( 32.52809175103263328, 0.000000000000000000, -78.52976026345936589 ) ) ;
#11932 = FACE_OUTER_BOUND ( 'NONE', #7120, .T. ) ;
#11933 = DIRECTION ( 'NONE',  ( -0.000000000000000000, -1.000000000000000000, -0.000000000000000000 ) ) ;
#11934 = APPROVAL_ROLE ( '' ) ;
#11935 = PERSON_AND_ORGANIZATION ( #10860, #8800 ) ;
#11936 = CALENDAR_DATE ( 2026, 29, 7 ) ;
#11937 = EDGE_CURVE ( 'NONE', #10417, #7407, #7756, .T. ) ;
#11938 = VERTEX_POINT ( 'NONE', #10439 ) ;
#11939 = CARTESIAN_POINT ( 'NONE',  ( 66.51932634081263984, 220.0000000000000000, -35.55320713028647361 ) ) ;
#11940 = ORIENTED_EDGE ( 'NONE', *, *, #9287, .F. ) ;
#11941 = EDGE_LOOP ( 'NONE', ( #5114, #7764, #4419, #3129 ) ) ;
#11942 = LINE ( 'NONE', #10234, #6357 ) ;
#11943 = ORIENTED_EDGE ( 'NONE', *, *, #9967, .T. ) ;
#11944 = DIRECTION ( 'NONE',  ( -0.000000000000000000, -0.000000000000000000, 1.000000000000000000 ) ) ;
#11945 = CYLINDRICAL_SURFACE ( 'NONE', #1609, 7.999999999999996447 ) ;
#11946 = PRODUCT_DEFINITION_FORMATION_WITH_SPECIFIED_SOURCE ( 'ä»', '', #525, .NOT_KNOWN. ) ;
#11947 = CARTESIAN_POINT ( 'NONE',  ( 0.000000000000000000, 0.000000000000000000, 0.000000000000000000 ) ) ;
#11948 = PERSON_AND_ORGANIZATION ( #10860, #8800 ) ;
#11949 = CIRCLE ( 'NONE', #6697, 180.0000000000000284 ) ;
#11950 = EDGE_CURVE ( 'NONE', #779, #11665, #10378, .T. ) ;
#11951 = EDGE_CURVE ( 'NONE', #11642, #8854, #11475, .T. ) ;
#11952 = ORIENTED_EDGE ( 'NONE', *, *, #453, .T. ) ;
#11953 = SECURITY_CLASSIFICATION ( '', '', #5503 ) ;
#11954 = LOCAL_TIME ( 1, 43, 37.00000000000000000, #5687 ) ;
#11955 = VERTEX_POINT ( 'NONE', #8615 ) ;
#11956 = VERTEX_POINT ( 'NONE', #313 ) ;
#11957 = CARTESIAN_POINT ( 'NONE',  ( 3.061616997868383043E-15, 185.0000000000000000, 25.00000000000000000 ) ) ;
#11958 = CC_DESIGN_DATE_AND_TIME_ASSIGNMENT ( #8186, #9505, ( #9623 ) ) ;
#11959 = ORIENTED_EDGE ( 'NONE', *, *, #10951, .F. ) ;
#11960 = AXIS2_PLACEMENT_3D ( 'NONE', #1514, #5029, #6114 ) ;
#11961 = DIRECTION ( 'NONE',  ( 0.000000000000000000, 0.000000000000000000, 1.000000000000000000 ) ) ;
#11962 = CARTESIAN_POINT ( 'NONE',  ( 69.63364589099039392, 122.5000000000000000, 20.18428497440905645 ) ) ;
#11963 = DIRECTION ( 'NONE',  ( 1.000000000000000000, 0.000000000000000000, 0.000000000000000000 ) ) ;
#11964 = SECURITY_CLASSIFICATION ( '', '', #9135 ) ;
#11965 = CC_DESIGN_APPROVAL ( #1132, ( #8853 ) ) ;
#11966 = CARTESIAN_POINT ( 'NONE',  ( -105.0000000000000000, 220.0000000000000000, 95.00000000000000000 ) ) ;
#11967 = ORIENTED_EDGE ( 'NONE', *, *, #8445, .T. ) ;
#11968 = SECURITY_CLASSIFICATION_LEVEL ( 'unclassified' ) ;
#11969 = EDGE_CURVE ( 'NONE', #4106, #2112, #9553, .T. ) ;
#11970 = ORIENTED_EDGE ( 'NONE', *, *, #9887, .F. ) ;
#11971 = VECTOR ( 'NONE', #8229, 1000.000000000000000 ) ;
#11972 = EDGE_CURVE ( 'NONE', #6698, #904, #3743, .T. ) ;
#11973 = ORIENTED_EDGE ( 'NONE', *, *, #9336, .T. ) ;
#11974 = DIRECTION ( 'NONE',  ( -0.000000000000000000, -1.000000000000000000, -0.000000000000000000 ) ) ;
#11975 = EDGE_CURVE ( 'NONE', #9328, #438, #7414, .T. ) ;
#11976 = ORIENTED_EDGE ( 'NONE', *, *, #1151, .F. ) ;
#11977 = CYLINDRICAL_SURFACE ( 'NONE', #6420, 9.000000000000014211 ) ;
#11978 = APPROVAL_PERSON_ORGANIZATION ( #5485, #3279, #7582 ) ;
#11979 = LINE ( 'NONE', #1720, #3794 ) ;
#11980 = LINE ( 'NONE', #10203, #4502 ) ;
#11981 = DIRECTION ( 'NONE',  ( 0.000000000000000000, 1.000000000000000000, 0.000000000000000000 ) ) ;
#11982 = EDGE_CURVE ( 'NONE', #5755, #5692, #71, .T. ) ;
#11983 = DIRECTION ( 'NONE',  ( -1.000000000000000000, 0.000000000000000000, -0.000000000000000000 ) ) ;
#11984 = VECTOR ( 'NONE', #11509, 1000.000000000000000 ) ;
#11985 = MANIFOLD_SOLID_BREP ( '02_Locating_Hub', #11590 ) ;
#11986 = CARTESIAN_POINT ( 'NONE',  ( 165.0000000000000000, 22.00000000000000000, 29.00000000000000000 ) ) ;
#11987 = DATE_AND_TIME ( #8322, #6921 ) ;
#11988 = DIRECTION ( 'NONE',  ( -0.000000000000000000, -0.000000000000000000, 1.000000000000000000 ) ) ;
#11989 = APPROVAL_PERSON_ORGANIZATION ( #3466, #5952, #10023 ) ;
#11990 = ORIENTED_EDGE ( 'NONE', *, *, #6211, .T. ) ;
#11991 = CIRCLE ( 'NONE', #10613, 8.000000000000000000 ) ;
#11992 = VECTOR ( 'NONE', #9620, 1000.000000000000000 ) ;
#11993 = ORIENTED_EDGE ( 'NONE', *, *, #1618, .T. ) ;
#11994 = NEXT_ASSEMBLY_USAGE_OCCURRENCE ( 'NAUO1', ' ', ' ', #6379, #10453, $ ) ;
#11995 = NEXT_ASSEMBLY_USAGE_OCCURRENCE ( 'NAUO2', ' ', ' ', #6379, #7491, $ ) ;
#11996 = NEXT_ASSEMBLY_USAGE_OCCURRENCE ( 'NAUO3', ' ', ' ', #6379, #1497, $ ) ;
#11997 = NEXT_ASSEMBLY_USAGE_OCCURRENCE ( 'NAUO4', ' ', ' ', #1497, #3552, $ ) ;
#11998 = NEXT_ASSEMBLY_USAGE_OCCURRENCE ( 'NAUO5', ' ', ' ', #1497, #4468, $ ) ;
#11999 = NEXT_ASSEMBLY_USAGE_OCCURRENCE ( 'NAUO6', ' ', ' ', #1497, #8756, $ ) ;
#12000 = NEXT_ASSEMBLY_USAGE_OCCURRENCE ( 'NAUO7', ' ', ' ', #1497, #10517, $ ) ;
#12001 = NEXT_ASSEMBLY_USAGE_OCCURRENCE ( 'NAUO8', ' ', ' ', #1497, #10517, $ ) ;
#12002 = NEXT_ASSEMBLY_USAGE_OCCURRENCE ( 'NAUO9', ' ', ' ', #7491, #7931, $ ) ;
#12003 = NEXT_ASSEMBLY_USAGE_OCCURRENCE ( 'NAUO10', ' ', ' ', #7491, #7931, $ ) ;
#12004 = NEXT_ASSEMBLY_USAGE_OCCURRENCE ( 'NAUO11', ' ', ' ', #7491, #3273, $ ) ;
#12005 = NEXT_ASSEMBLY_USAGE_OCCURRENCE ( 'NAUO12', ' ', ' ', #7491, #5576, $ ) ;
#12006 = NEXT_ASSEMBLY_USAGE_OCCURRENCE ( 'NAUO13', ' ', ' ', #7491, #3273, $ ) ;
#12007 = NEXT_ASSEMBLY_USAGE_OCCURRENCE ( 'NAUO14', ' ', ' ', #7491, #10244, $ ) ;
#12008 = NEXT_ASSEMBLY_USAGE_OCCURRENCE ( 'NAUO15', ' ', ' ', #7491, #10244, $ ) ;
#12009 = NEXT_ASSEMBLY_USAGE_OCCURRENCE ( 'NAUO16', ' ', ' ', #7491, #10385, $ ) ;
#12010 = NEXT_ASSEMBLY_USAGE_OCCURRENCE ( 'NAUO17', ' ', ' ', #7491, #10610, $ ) ;
#12011 = NEXT_ASSEMBLY_USAGE_OCCURRENCE ( 'NAUO18', ' ', ' ', #7491, #10610, $ ) ;
#12012 = NEXT_ASSEMBLY_USAGE_OCCURRENCE ( 'NAUO19', ' ', ' ', #10453, #7566, $ ) ;
#12013 = NEXT_ASSEMBLY_USAGE_OCCURRENCE ( 'NAUO20', ' ', ' ', #10453, #2234, $ ) ;
#12014 = NEXT_ASSEMBLY_USAGE_OCCURRENCE ( 'NAUO21', ' ', ' ', #10453, #2742, $ ) ;
#12015 = NEXT_ASSEMBLY_USAGE_OCCURRENCE ( 'NAUO22', ' ', ' ', #10453, #10827, $ ) ;
#12016 = NEXT_ASSEMBLY_USAGE_OCCURRENCE ( 'NAUO23', ' ', ' ', #10453, #10827, $ ) ;
#12017 = NEXT_ASSEMBLY_USAGE_OCCURRENCE ( 'NAUO24', ' ', ' ', #10453, #8306, $ ) ;
ENDSEC;
END-ISO-10303-21;
